scroll_whole: dump=output\pherc0139_10x10x10_gpu_run_20260730\mesh\dump out=output\pherc0139_10x10x10_gpu_run_20260730\placed stage=step12_final chunk=128 pitch=auto axis=(0,3405,2878) gate=3.5 skin=4.0 concurrent=32
[cal] seed z04352_y03456_x02304: spiral a=0.378 b=11.3929 r2=0.688 sense=+1 (pitch estimated 11.393)
[pitch] auto-estimated 11.3929 vox/turn from seed z04352_y03456_x02304; rebuilding spiral schedule
[schedule] 999 cubes, 1 flood component(s), seed=z04352_y03456_x02304 r=523 pitch=11.3929 (auto)
[unwrap 25/999] z04352_y02944_x03200 status=0 nv=1134 skin=271 r2=0.565 (0.2s elapsed)
[unwrap 50/999] z04352_y02944_x02688 status=0 nv=2057 skin=429 r2=0.949 (0.3s elapsed)
[unwrap 75/999] z04352_y03712_x02560 status=0 nv=899 skin=246 r2=0.602 (0.4s elapsed)
[unwrap 100/999] z04352_y03968_x02816 status=0 nv=1806 skin=401 r2=0.644 (0.6s elapsed)
[unwrap 125/999] z04480_y03328_x03456 status=0 nv=317 skin=110 r2=0.622 (0.7s elapsed)
[unwrap 150/999] z04480_y03328_x02560 status=0 nv=1030 skin=320 r2=0.868 (0.8s elapsed)
[unwrap 175/999] z04480_y03712_x02816 status=0 nv=1100 skin=261 r2=0.854 (0.9s elapsed)
[unwrap 200/999] z04608_y02944_x03456 status=0 nv=1251 skin=63 r2=0.554 (1.1s elapsed)
[unwrap 225/999] z04608_y03328_x02944 status=0 nv=419 skin=92 r2=0.881 (1.2s elapsed)
[unwrap 250/999] z04608_y03072_x02688 status=0 nv=1775 skin=430 r2=0.979 (1.3s elapsed)
[unwrap 275/999] z04608_y03712_x02944 status=0 nv=1337 skin=337 r2=0.877 (1.4s elapsed)
[unwrap 300/999] z04736_y02944_x02560 status=0 nv=1496 skin=458 r2=0.785 (1.6s elapsed)
[unwrap 325/999] z04736_y02944_x03072 status=0 nv=1420 skin=377 r2=0.527 (1.8s elapsed)
[unwrap 350/999] z04736_y03712_x02560 status=0 nv=453 skin=91 r2=0.643 (1.9s elapsed)
[unwrap 375/999] z04736_y03712_x03072 status=0 nv=1230 skin=324 r2=0.911 (2.0s elapsed)
[unwrap 400/999] z04736_y03968_x02432 status=0 nv=1554 skin=399 r2=0.752 (2.2s elapsed)
[unwrap 425/999] z04864_y03456_x02816 status=0 nv=482 skin=19 r2=0.959 (2.3s elapsed)
[unwrap 450/999] z04864_y03712_x02560 status=0 nv=798 skin=376 r2=0.808 (2.4s elapsed)
[unwrap 475/999] z04864_y03840_x03456 status=0 nv=1214 skin=445 r2=0.758 (2.5s elapsed)
[unwrap 500/999] z04992_y03072_x03328 status=0 nv=1082 skin=17 r2=0.951 (2.6s elapsed)
[unwrap 523/999] z04992_y03456_x02816 status=-1 nv=0 skin=0 r2=0.000 (2.7s elapsed)
[unwrap 525/999] z04992_y03456_x02432 status=0 nv=237 skin=77 r2=0.867 (2.7s elapsed)
[unwrap 550/999] z04992_y03712_x02560 status=0 nv=610 skin=134 r2=0.674 (2.9s elapsed)
[unwrap 575/999] z04992_y03328_x02304 status=0 nv=1035 skin=262 r2=0.553 (3.0s elapsed)
[unwrap 600/999] z05120_y03072_x03328 status=0 nv=1175 skin=40 r2=0.989 (3.2s elapsed)
[unwrap 625/999] z05120_y03328_x03072 status=0 nv=1028 skin=75 r2=0.552 (3.5s elapsed)
[unwrap 650/999] z05120_y03328_x02432 status=0 nv=1908 skin=737 r2=0.402 (3.6s elapsed)
[unwrap 675/999] z05120_y03712_x03456 status=0 nv=1222 skin=245 r2=0.520 (3.8s elapsed)
[unwrap 700/999] z05120_y03968_x03328 status=0 nv=1205 skin=354 r2=0.803 (4.1s elapsed)
[unwrap 725/999] z05248_y03072_x02304 status=0 nv=1594 skin=466 r2=0.560 (4.3s elapsed)
[unwrap 750/999] z05248_y03584_x02816 status=0 nv=1050 skin=153 r2=0.192 (4.4s elapsed)
[unwrap 775/999] z05248_y03712_x03456 status=0 nv=1031 skin=247 r2=0.765 (4.6s elapsed)
[unwrap 800/999] z05376_y03072_x03456 status=0 nv=889 skin=26 r2=0.867 (4.9s elapsed)
[unwrap 825/999] z05376_y03456_x02688 status=0 nv=1217 skin=4 r2=0.893 (5.0s elapsed)
[unwrap 850/999] z05376_y03584_x03456 status=0 nv=390 skin=91 r2=0.919 (5.1s elapsed)
[unwrap 875/999] z05376_y03840_x03200 status=0 nv=1060 skin=400 r2=0.914 (5.4s elapsed)
[unwrap 900/999] z05504_y03072_x03456 status=0 nv=945 skin=28 r2=0.850 (5.7s elapsed)
[unwrap 925/999] z05504_y03456_x02688 status=0 nv=1343 skin=1 r2=-1.000 (5.8s elapsed)
[unwrap 950/999] z05504_y03712_x02560 status=0 nv=339 skin=112 r2=0.369 (5.9s elapsed)
[unwrap 975/999] z05504_y03072_x02816 status=0 nv=1942 skin=460 r2=0.556 (6.1s elapsed)
[unwrap] done: 999 cubes (0 reused, 1 degenerate/failed) in 6.5s
[register] 297918 skins loaded (8.0 MB)
[register] z04736_y03456_x02304: wk_cube=+0 du=-7.40 pairs=26 groups=6(direct 4) mad=0.0018/0.54 (comp 0)
[register] z04864_y03456_x02304: wk_cube=+1 du=-5.46 pairs=26 groups=10(direct 2) mad=0.0030/1.14 (comp 0)
[register] z04352_y03328_x02304: wk_cube=+5 du=-18.50 pairs=29 groups=9(direct 4) mad=0.0010/0.28 (comp 0)
[register] z04352_y03200_x02304: wk_cube=+10 du=-25.01 pairs=36 groups=12(direct 5) mad=0.0015/0.18 (comp 0)
[register] z04480_y03200_x02304: wk_cube=+10 du=-20.63 pairs=32 groups=9(direct 6) mad=0.0043/1.34 (comp 0)
[register] z04736_y03200_x02304: wk_cube=+0 du=3.30 pairs=30 groups=10(direct 6) mad=0.0036/1.29 (comp 0)
[register] z04864_y03200_x02304: wk_cube=+1 du=-8.36 pairs=31 groups=10(direct 6) mad=0.0029/1.43 (comp 0)
[register] z05120_y03200_x02304: wk_cube=+2 du=-26.82 pairs=27 groups=7(direct 5) mad=0.0037/0.73 (comp 0)
[register] z05248_y03200_x02304: wk_cube=+4 du=-30.83 pairs=39 groups=10(direct 6) mad=0.0019/0.87 (comp 0)
[register] z04480_y03328_x02304: wk_cube=+6 du=-33.66 pairs=100 groups=9(direct 9) mad=0.0022/1.56 (comp 0)
[register] z04608_y03328_x02304: wk_cube=+6 du=-32.15 pairs=85 groups=9(direct 8) mad=0.0026/1.64 (comp 0)
[register] z04736_y03328_x02304: wk_cube=-3 du=19.34 pairs=116 groups=10(direct 9) mad=0.0020/0.68 (comp 0)
[register] z04864_y03328_x02304: wk_cube=+5 du=-5.56 pairs=154 groups=15(direct 10) mad=0.0023/0.84 (comp 0)
[register] z04992_y03328_x02304: wk_cube=-3 du=1.69 pairs=57 groups=10(direct 5) mad=6.2818/3014.00 (comp 0)
[register] z05120_y03328_x02304: wk_cube=-2 du=-14.84 pairs=43 groups=9(direct 7) mad=0.0020/0.72 (comp 0)
[register] z05248_y03328_x02304: wk_cube=+0 du=-7.30 pairs=30 groups=11(direct 6) mad=0.0038/1.67 (comp 0)
[register] z05376_y03328_x02304: wk_cube=+2 du=-49.59 pairs=68 groups=11(direct 3) mad=0.0049/1.39 (comp 0)
[register] z04992_y03584_x02304: wk_cube=-1 du=6.47 pairs=24 groups=6(direct 1) mad=6.2806/3455.06 (comp 0)
[register] z04352_y03072_x02304: wk_cube=+13 du=-26.36 pairs=26 groups=8(direct 5) mad=0.0015/0.13 (comp 0)
[register] z04352_y03072_x02432: wk_cube=+14 du=-26.14 pairs=33 groups=11(direct 4) mad=0.0020/0.18 (comp 0)
[register] z04608_y02944_x02432: wk_cube=+2 du=-5.41 pairs=26 groups=7(direct 5) mad=0.0033/1.89 (comp 0)
[register] z04736_y02944_x02432: wk_cube=+4 du=-1.22 pairs=27 groups=9(direct 4) mad=0.0043/1.33 (comp 0)
[register] z04864_y02944_x02432: wk_cube=+7 du=-18.73 pairs=42 groups=8(direct 6) mad=0.0025/0.89 (comp 0)
[register] z04992_y02944_x02432: wk_cube=+9 du=-50.74 pairs=35 groups=11(direct 6) mad=0.0041/2.02 (comp 0)
[register] z05120_y02944_x02432: wk_cube=+11 du=-34.70 pairs=38 groups=10(direct 5) mad=0.0039/1.98 (comp 0)
[register] z05248_y02944_x02432: wk_cube=+13 du=-62.45 pairs=54 groups=12(direct 8) mad=0.0023/1.50 (comp 0)
[register] z05376_y02944_x02432: wk_cube=+14 du=-63.74 pairs=39 groups=9(direct 6) mad=0.0032/1.37 (comp 0)
[register] z05504_y02944_x02432: wk_cube=+19 du=-85.22 pairs=65 groups=13(direct 5) mad=0.0034/1.81 (comp 0)
[register] z04352_y02944_x02560: wk_cube=+1 du=1.62 pairs=38 groups=8(direct 4) mad=0.0018/0.26 (comp 0)
[register] z04480_y02944_x02560: wk_cube=+2 du=-1.73 pairs=41 groups=7(direct 5) mad=0.0027/1.86 (comp 0)
[register] z04608_y02944_x02560: wk_cube=+4 du=-4.26 pairs=47 groups=7(direct 6) mad=0.0022/1.94 (comp 0)
[register] z04736_y02944_x02560: wk_cube=+8 du=-1.41 pairs=124 groups=8(direct 8) mad=0.0031/1.07 (comp 0)
[register] z04864_y02944_x02560: wk_cube=+12 du=-31.59 pairs=64 groups=7(direct 7) mad=0.0018/0.83 (comp 0)
[register] z04992_y02944_x02560: wk_cube=+15 du=-79.27 pairs=70 groups=9(direct 8) mad=0.0024/1.48 (comp 0)
[register] z05120_y02944_x02560: wk_cube=+14 du=-38.72 pairs=77 groups=9(direct 8) mad=0.0017/0.69 (comp 0)
[register] z05248_y02944_x02560: wk_cube=+16 du=-62.26 pairs=82 groups=10(direct 9) mad=0.0027/2.14 (comp 0)
[register] z05376_y02944_x02560: wk_cube=+17 du=-54.32 pairs=85 groups=10(direct 8) mad=0.0014/0.92 (comp 0)
[register] z05504_y02944_x02560: wk_cube=+20 du=-74.98 pairs=99 groups=9(direct 7) mad=0.0024/1.02 (comp 0)
[register] z04480_y03072_x02432: wk_cube=+14 du=-38.33 pairs=38 groups=9(direct 5) mad=0.0057/3.21 (comp 0)
[register] z04608_y03072_x02432: wk_cube=+2 du=-6.95 pairs=64 groups=8(direct 6) mad=0.0036/0.89 (comp 0)
[register] z04736_y03072_x02432: wk_cube=+3 du=-5.90 pairs=71 groups=11(direct 5) mad=0.0021/0.64 (comp 0)
[register] z04864_y03072_x02432: wk_cube=+6 du=-32.28 pairs=53 groups=7(direct 7) mad=0.0021/1.76 (comp 0)
[register] z04992_y03072_x02432: wk_cube=+8 du=-68.23 pairs=43 groups=9(direct 8) mad=0.0031/1.61 (comp 0)
[register] z05120_y03072_x02432: wk_cube=+8 du=-35.94 pairs=64 groups=11(direct 7) mad=0.0033/1.55 (comp 0)
[register] z05248_y03072_x02432: wk_cube=+9 du=-51.81 pairs=66 groups=8(direct 8) mad=0.0028/1.67 (comp 0)
[register] z05376_y03072_x02432: wk_cube=+14 du=-55.91 pairs=40 groups=8(direct 5) mad=0.0042/3.03 (comp 0)
[register] z05504_y03072_x02432: wk_cube=+17 du=-85.52 pairs=41 groups=5(direct 5) mad=0.0032/2.14 (comp 0)
[register] z04480_y03072_x02304: wk_cube=+12 du=-22.47 pairs=41 groups=7(direct 5) mad=0.0024/1.87 (comp 0)
[register] z04608_y03072_x02304: wk_cube=+3 du=2.45 pairs=47 groups=8(direct 4) mad=0.0051/3.38 (comp 0)
[register] z04736_y03072_x02304: wk_cube=+2 du=-0.20 pairs=81 groups=7(direct 6) mad=0.0044/3.41 (comp 0)
[register] z04864_y03072_x02304: wk_cube=+3 du=-8.11 pairs=69 groups=7(direct 5) mad=0.0060/3.92 (comp 0)
[register] z04992_y03072_x02304: wk_cube=+3 du=-3.32 pairs=76 groups=8(direct 6) mad=0.0027/7.17 (comp 0)
[register] z05120_y03072_x02304: wk_cube=+6 du=-31.81 pairs=130 groups=10(direct 8) mad=0.0027/4.19 (comp 0)
[register] z05248_y03072_x02304: wk_cube=+5 du=-43.93 pairs=87 groups=9(direct 7) mad=0.0033/2.42 (comp 0)
[register] z05376_y03072_x02304: wk_cube=+7 du=-56.57 pairs=75 groups=10(direct 5) mad=0.0032/4.23 (comp 0)
[register] z05504_y03072_x02304: wk_cube=+10 du=-72.64 pairs=41 groups=10(direct 6) mad=0.0018/0.65 (comp 0)
[register] z04352_y02816_x02816: wk_cube=-1 du=-3.86 pairs=28 groups=7(direct 5) mad=0.0011/0.13 (comp 0)
[register] z04480_y02816_x02816: wk_cube=+0 du=0.28 pairs=29 groups=8(direct 5) mad=0.0033/0.97 (comp 0)
[register] z04608_y02816_x02816: wk_cube=+3 du=-2.88 pairs=36 groups=8(direct 6) mad=0.0037/1.27 (comp 0)
[register] z04736_y02816_x02816: wk_cube=+5 du=7.91 pairs=32 groups=10(direct 4) mad=0.0037/2.21 (comp 0)
[register] z04864_y02816_x02816: wk_cube=+9 du=5.60 pairs=46 groups=8(direct 8) mad=0.0036/1.51 (comp 0)
[register] z04992_y02816_x02816: wk_cube=+11 du=15.92 pairs=24 groups=8(direct 3) mad=0.0042/2.53 (comp 0)
[register] z05120_y02816_x02816: wk_cube=+9 du=10.48 pairs=44 groups=9(direct 5) mad=0.0035/1.85 (comp 0)
[register] z05248_y02816_x02816: wk_cube=+12 du=11.46 pairs=48 groups=11(direct 6) mad=0.0040/1.24 (comp 0)
[register] z05376_y02816_x02816: wk_cube=+12 du=10.18 pairs=51 groups=12(direct 7) mad=0.0027/1.53 (comp 0)
[register] z05504_y02816_x02816: wk_cube=+12 du=11.70 pairs=47 groups=12(direct 7) mad=0.0027/1.45 (comp 0)
[register] z04480_y02816_x02944: wk_cube=+0 du=-11.11 pairs=62 groups=7(direct 6) mad=0.0024/2.10 (comp 0)
[register] z04608_y02816_x02944: wk_cube=+0 du=-9.90 pairs=70 groups=7(direct 6) mad=0.0023/1.62 (comp 0)
[register] z04736_y02816_x02944: wk_cube=+3 du=-5.06 pairs=78 groups=10(direct 7) mad=0.0015/1.19 (comp 0)
[register] z04864_y02816_x02944: wk_cube=+6 du=-0.81 pairs=124 groups=10(direct 10) mad=0.0016/1.09 (comp 0)
[register] z04992_y02816_x02944: wk_cube=+7 du=19.95 pairs=81 groups=9(direct 9) mad=0.0020/1.77 (comp 0)
[register] z05120_y02816_x02944: wk_cube=+9 du=6.86 pairs=62 groups=8(direct 5) mad=0.0020/2.23 (comp 0)
[register] z05248_y02816_x02944: wk_cube=+8 du=-2.87 pairs=84 groups=8(direct 8) mad=0.0019/0.51 (comp 0)
[register] z05376_y02816_x02944: wk_cube=+9 du=-9.00 pairs=89 groups=10(direct 9) mad=0.0022/0.81 (comp 0)
[register] z05504_y02816_x02944: wk_cube=+10 du=5.04 pairs=132 groups=10(direct 8) mad=0.0038/1.17 (comp 0)
[register] z04480_y02816_x02688: wk_cube=+2 du=1.32 pairs=48 groups=7(direct 5) mad=0.0016/0.98 (comp 0)
[register] z04608_y02816_x02688: wk_cube=+4 du=-1.31 pairs=86 groups=8(direct 6) mad=0.0028/3.10 (comp 0)
[register] z04736_y02816_x02688: wk_cube=+7 du=-1.10 pairs=107 groups=10(direct 8) mad=0.0022/1.31 (comp 0)
[register] z04864_y02816_x02688: wk_cube=+10 du=-4.13 pairs=100 groups=9(direct 8) mad=0.0028/3.80 (comp 0)
[register] z04992_y02816_x02688: wk_cube=+11 du=20.41 pairs=38 groups=9(direct 5) mad=0.0016/0.93 (comp 0)
[register] z05120_y02816_x02688: wk_cube=+11 du=23.69 pairs=116 groups=11(direct 9) mad=0.0034/2.09 (comp 0)
[register] z05248_y02816_x02688: wk_cube=+13 du=9.70 pairs=118 groups=9(direct 9) mad=0.0019/1.19 (comp 0)
[register] z05376_y02816_x02688: wk_cube=+13 du=21.07 pairs=164 groups=11(direct 10) mad=0.0039/1.27 (comp 0)
[register] z05504_y02816_x02688: wk_cube=+14 du=20.83 pairs=101 groups=11(direct 9) mad=0.0017/0.69 (comp 0)
[register] z04480_y02816_x03072: wk_cube=-2 du=-22.43 pairs=63 groups=7(direct 7) mad=0.0022/1.67 (comp 0)
[register] z04608_y02816_x03072: wk_cube=-3 du=-19.05 pairs=51 groups=7(direct 7) mad=0.0020/1.91 (comp 0)
[register] z04736_y02816_x03072: wk_cube=-1 du=-8.47 pairs=55 groups=8(direct 6) mad=0.0017/0.97 (comp 0)
[register] z04864_y02816_x03072: wk_cube=+2 du=-31.28 pairs=87 groups=10(direct 9) mad=0.0018/1.16 (comp 0)
[register] z04992_y02816_x03072: wk_cube=+1 du=6.63 pairs=80 groups=10(direct 8) mad=0.0017/0.62 (comp 0)
[register] z05120_y02816_x03072: wk_cube=+1 du=2.52 pairs=143 groups=8(direct 8) mad=0.0022/1.32 (comp 0)
[register] z05248_y02816_x03072: wk_cube=+2 du=-10.36 pairs=83 groups=10(direct 8) mad=0.0020/1.10 (comp 0)
[register] z05376_y02816_x03072: wk_cube=+0 du=0.90 pairs=82 groups=9(direct 7) mad=0.0023/1.43 (comp 0)
[register] z05504_y02816_x03072: wk_cube=+3 du=-14.59 pairs=120 groups=9(direct 6) mad=0.0022/0.84 (comp 0)
[register] z04352_y02944_x03200: wk_cube=-6 du=-31.15 pairs=30 groups=9(direct 5) mad=0.0018/0.16 (comp 0)
[register] z04480_y02944_x03200: wk_cube=-4 du=-28.64 pairs=31 groups=9(direct 6) mad=0.0029/1.56 (comp 0)
[register] z04608_y02944_x03200: wk_cube=-3 du=0.11 pairs=49 groups=11(direct 8) mad=0.0032/1.13 (comp 0)
[register] z04736_y02944_x03200: wk_cube=-1 du=8.57 pairs=27 groups=9(direct 6) mad=0.0029/1.26 (comp 0)
[register] z04864_y02944_x03200: wk_cube=+1 du=13.31 pairs=33 groups=14(direct 6) mad=0.0024/1.30 (comp 0)
[register] z04480_y02944_x03072: wk_cube=+2 du=9.19 pairs=70 groups=8(direct 8) mad=0.0020/0.82 (comp 0)
[register] z04608_y02944_x03072: wk_cube=+4 du=14.44 pairs=65 groups=10(direct 10) mad=0.0022/0.70 (comp 0)
[register] z04736_y02944_x03072: wk_cube=+6 du=41.43 pairs=70 groups=11(direct 8) mad=0.0020/2.05 (comp 0)
[register] z04864_y02944_x03072: wk_cube=+7 du=50.79 pairs=91 groups=17(direct 9) mad=0.0024/1.77 (comp 0)
[register] z04992_y02944_x03072: wk_cube=+7 du=42.44 pairs=51 groups=10(direct 7) mad=0.0033/1.03 (comp 0)
[register] z05120_y02944_x03072: wk_cube=+6 du=34.65 pairs=38 groups=11(direct 6) mad=0.0031/1.33 (comp 0)
[register] z05248_y02944_x03072: wk_cube=+6 du=37.07 pairs=34 groups=6(direct 3) mad=0.0055/9.75 (comp 0)
[register] z05376_y02944_x03072: wk_cube=+5 du=40.84 pairs=47 groups=8(direct 5) mad=0.0029/4.19 (comp 0)
[register] z05504_y02944_x03072: wk_cube=+6 du=35.50 pairs=66 groups=6(direct 5) mad=0.0034/1.61 (comp 0)
[register] z05376_y03200_x03328: wk_cube=+1 du=2.15 pairs=30 groups=15(direct 4) mad=0.0022/0.64 (comp 0)
[register] z04992_y03456_x03328: wk_cube=+0 du=1.48 pairs=34 groups=4(direct 4) mad=0.0042/0.58 (comp 0)
[register] z05376_y03456_x03328: wk_cube=-1 du=1.26 pairs=28 groups=5(direct 4) mad=0.0031/0.84 (comp 0)
[register] z04480_y03328_x03328: wk_cube=+0 du=-0.20 pairs=26 groups=8(direct 4) mad=0.0017/0.78 (comp 0)
[register] z04608_y03328_x03328: wk_cube=+0 du=-3.77 pairs=68 groups=5(direct 4) mad=0.0020/3.00 (comp 0)
[register] z04736_y03328_x03328: wk_cube=-1 du=-0.19 pairs=54 groups=3(direct 3) mad=0.0023/2.41 (comp 0)
[register] z04864_y03328_x03328: wk_cube=-1 du=1.46 pairs=48 groups=4(direct 4) mad=0.0024/8.56 (comp 0)
[register] z04992_y03328_x03328: wk_cube=-1 du=3.18 pairs=31 groups=5(direct 4) mad=0.0018/1.11 (comp 0)
[register] z05248_y03328_x03328: wk_cube=+1 du=1.93 pairs=41 groups=5(direct 4) mad=0.0021/1.53 (comp 0)
[register] z05376_y03328_x03328: wk_cube=+4 du=11.33 pairs=32 groups=8(direct 5) mad=0.0014/0.39 (comp 0)
[register] z05504_y03328_x03328: wk_cube=+5 du=21.69 pairs=38 groups=7(direct 4) mad=0.0020/1.97 (comp 0)
[register] z04480_y03584_x03328: wk_cube=-2 du=13.44 pairs=69 groups=11(direct 10) mad=0.0026/2.41 (comp 0)
[register] z04608_y03584_x03328: wk_cube=-7 du=35.27 pairs=45 groups=6(direct 6) mad=0.0025/0.95 (comp 0)
[register] z04736_y03584_x03328: wk_cube=-1 du=22.55 pairs=26 groups=5(direct 5) mad=0.0029/0.77 (comp 0)
[register] z04992_y03584_x03328: wk_cube=+0 du=4.80 pairs=37 groups=5(direct 4) mad=0.0013/0.44 (comp 0)
[register] z05120_y03584_x03328: wk_cube=-3 du=19.08 pairs=41 groups=5(direct 4) mad=0.0053/0.84 (comp 0)
[register] z05248_y03584_x03328: wk_cube=-1 du=8.16 pairs=34 groups=6(direct 4) mad=0.0018/1.70 (comp 0)
[register] z05376_y03584_x03328: wk_cube=-2 du=-0.25 pairs=47 groups=7(direct 5) mad=0.0018/1.45 (comp 0)
[register] z05504_y03584_x03328: wk_cube=-3 du=-9.04 pairs=26 groups=4(direct 3) mad=0.0040/0.99 (comp 0)
[register] z04736_y03072_x03328: wk_cube=+1 du=-1.46 pairs=31 groups=8(direct 3) mad=0.0018/1.06 (comp 0)
[register] z04864_y03072_x03328: wk_cube=+0 du=3.02 pairs=26 groups=12(direct 4) mad=0.0031/1.93 (comp 0)
[register] z05504_y03072_x03328: wk_cube=+1 du=2.86 pairs=29 groups=8(direct 3) mad=0.0027/1.59 (comp 0)
[register] z04480_y03072_x03200: wk_cube=+2 du=6.76 pairs=30 groups=4(direct 4) mad=0.0027/2.63 (comp 0)
[register] z04608_y03072_x03200: wk_cube=-4 du=13.86 pairs=31 groups=5(direct 3) mad=0.0027/1.17 (comp 0)
[register] z04736_y03072_x03200: wk_cube=+6 du=17.00 pairs=26 groups=7(direct 4) mad=0.0021/0.54 (comp 0)
[register] z05504_y03072_x03200: wk_cube=+1 du=-2.18 pairs=64 groups=17(direct 8) mad=0.0033/2.03 (comp 0)
[register] z04480_y02816_x02560: wk_cube=+1 du=0.62 pairs=91 groups=8(direct 7) mad=0.0028/2.25 (comp 0)
[register] z04608_y02816_x02560: wk_cube=+3 du=3.27 pairs=88 groups=9(direct 7) mad=0.0021/1.18 (comp 0)
[register] z04736_y02816_x02560: wk_cube=+5 du=-7.27 pairs=329 groups=12(direct 9) mad=0.0040/1.18 (comp 0)
[register] z04864_y02816_x02560: wk_cube=+7 du=31.61 pairs=124 groups=10(direct 9) mad=0.0041/5.81 (comp 0)
[register] z04992_y02816_x02560: wk_cube=+9 du=-14.59 pairs=97 groups=10(direct 8) mad=0.0024/1.30 (comp 0)
[register] z05120_y02816_x02560: wk_cube=+12 du=-16.10 pairs=118 groups=10(direct 8) mad=0.0026/2.75 (comp 0)
[register] z05248_y02816_x02560: wk_cube=+15 du=2.20 pairs=112 groups=12(direct 7) mad=0.0044/5.25 (comp 0)
[register] z05376_y02816_x02560: wk_cube=+16 du=-0.50 pairs=145 groups=11(direct 10) mad=0.0032/2.38 (comp 0)
[register] z05504_y02816_x02560: wk_cube=+16 du=8.71 pairs=115 groups=12(direct 8) mad=0.0034/1.70 (comp 0)
[register] z04480_y03712_x02432: wk_cube=+0 du=-1.44 pairs=69 groups=8(direct 8) mad=0.0020/0.76 (comp 0)
[register] z04992_y03712_x02432: wk_cube=-2 du=-4.45 pairs=67 groups=6(direct 3) mad=0.0027/1.21 (comp 0)
[register] z05120_y03712_x02432: wk_cube=-5 du=-0.69 pairs=65 groups=4(direct 3) mad=0.0026/1.34 (comp 0)
[register] z04608_y03584_x02432: wk_cube=+3 du=-4.86 pairs=65 groups=3(direct 2) mad=0.0043/0.96 (comp 0)
[register] z05248_y03584_x02432: wk_cube=+0 du=4.82 pairs=24 groups=3(direct 3) mad=0.0050/1.42 (comp 0)
[register] z04352_y03712_x03200: wk_cube=-1 du=0.63 pairs=25 groups=16(direct 4) mad=0.0025/0.78 (comp 0)
[register] z04480_y03712_x03200: wk_cube=-4 du=5.05 pairs=39 groups=10(direct 5) mad=0.0032/2.04 (comp 0)
[register] z04608_y03712_x03200: wk_cube=-6 du=16.28 pairs=48 groups=9(direct 5) mad=0.0027/1.06 (comp 0)
[register] z04736_y03712_x03200: wk_cube=-7 du=14.69 pairs=44 groups=9(direct 6) mad=0.0029/1.53 (comp 0)
[register] z04864_y03712_x03200: wk_cube=-10 du=34.18 pairs=38 groups=10(direct 6) mad=0.0042/1.86 (comp 0)
[register] z04992_y03712_x03200: wk_cube=-12 du=33.16 pairs=31 groups=11(direct 3) mad=0.0039/3.64 (comp 0)
[register] z05120_y03712_x03200: wk_cube=-15 du=49.75 pairs=41 groups=8(direct 7) mad=0.0034/0.62 (comp 0)
[register] z05376_y03712_x03200: wk_cube=-3 du=0.58 pairs=29 groups=6(direct 4) mad=0.0031/1.32 (comp 0)
[register] z05504_y03712_x03200: wk_cube=-4 du=19.38 pairs=62 groups=8(direct 5) mad=0.0028/1.24 (comp 0)
[register] z04480_y03584_x03200: wk_cube=-5 du=9.50 pairs=93 groups=6(direct 5) mad=6.2812/2644.28 (comp 0)
[register] z04608_y03584_x03200: wk_cube=-1 du=28.51 pairs=45 groups=7(direct 4) mad=0.0042/4.86 (comp 0)
[register] z04736_y03584_x03200: wk_cube=-2 du=28.87 pairs=39 groups=5(direct 4) mad=0.0055/2.27 (comp 0)
[register] z04864_y03584_x03200: wk_cube=-5 du=44.34 pairs=37 groups=5(direct 3) mad=0.0092/19.38 (comp 0)
[register] z04992_y03584_x03200: wk_cube=-9 du=63.05 pairs=68 groups=7(direct 5) mad=18.8511/6383.09 (comp 0)
[register] z05120_y03584_x03200: wk_cube=-11 du=47.42 pairs=71 groups=8(direct 6) mad=0.0051/2.07 (comp 0)
[register] z05248_y03584_x03200: wk_cube=-1 du=1.73 pairs=90 groups=7(direct 6) mad=0.0047/2.34 (comp 0)
[register] z05376_y03584_x03200: wk_cube=-3 du=2.80 pairs=79 groups=7(direct 6) mad=0.0039/1.21 (comp 0)
[register] z05504_y03584_x03200: wk_cube=-2 du=-1.60 pairs=127 groups=8(direct 7) mad=0.0029/0.93 (comp 0)
[register] z04352_y03712_x03072: wk_cube=+1 du=1.69 pairs=44 groups=19(direct 4) mad=0.0030/1.31 (comp 0)
[register] z04352_y03840_x02944: wk_cube=+4 du=-1.58 pairs=27 groups=10(direct 5) mad=0.0020/0.23 (comp 0)
[register] z04480_y03840_x02944: wk_cube=+0 du=9.45 pairs=25 groups=9(direct 5) mad=0.0038/3.04 (comp 0)
[register] z04608_y03840_x02944: wk_cube=+0 du=8.66 pairs=83 groups=14(direct 7) mad=0.0027/0.83 (comp 0)
[register] z04736_y03840_x02944: wk_cube=-2 du=5.35 pairs=56 groups=13(direct 10) mad=0.0042/1.79 (comp 0)
[register] z04864_y03840_x02944: wk_cube=-6 du=12.19 pairs=129 groups=9(direct 9) mad=0.0023/1.07 (comp 0)
[register] z04992_y03840_x02944: wk_cube=-8 du=4.40 pairs=24 groups=7(direct 4) mad=0.0034/0.55 (comp 0)
[register] z05120_y03840_x02944: wk_cube=-11 du=11.89 pairs=35 groups=8(direct 6) mad=0.0045/1.74 (comp 0)
[register] z05248_y03840_x02944: wk_cube=-15 du=12.66 pairs=83 groups=6(direct 5) mad=0.0027/0.97 (comp 0)
[register] z05504_y03840_x02944: wk_cube=-2 du=5.11 pairs=25 groups=8(direct 4) mad=0.0025/1.49 (comp 0)
[register] z04352_y03840_x02816: wk_cube=+5 du=2.40 pairs=41 groups=10(direct 7) mad=0.0023/0.18 (comp 0)
[register] z04352_y03840_x02688: wk_cube=+2 du=1.28 pairs=53 groups=10(direct 7) mad=0.0021/0.19 (comp 0)
[register] z04480_y03840_x02688: wk_cube=-2 du=-16.65 pairs=34 groups=11(direct 4) mad=0.0058/2.85 (comp 0)
[register] z04608_y03840_x02688: wk_cube=-3 du=-32.01 pairs=37 groups=9(direct 5) mad=0.0022/0.96 (comp 0)
[register] z04736_y03840_x02688: wk_cube=-6 du=-39.38 pairs=48 groups=9(direct 7) mad=0.0043/2.53 (comp 0)
[register] z04864_y03840_x02688: wk_cube=-7 du=-41.78 pairs=34 groups=7(direct 6) mad=0.0027/0.85 (comp 0)
[register] z04480_y03840_x02816: wk_cube=+0 du=1.81 pairs=94 groups=10(direct 10) mad=0.0025/4.44 (comp 0)
[register] z04608_y03840_x02816: wk_cube=-1 du=-12.03 pairs=115 groups=10(direct 9) mad=0.0022/3.86 (comp 0)
[register] z04736_y03840_x02816: wk_cube=-3 du=-48.96 pairs=138 groups=11(direct 11) mad=0.0029/7.24 (comp 0)
[register] z04864_y03840_x02816: wk_cube=-4 du=-31.26 pairs=143 groups=9(direct 9) mad=0.0025/0.99 (comp 0)
[register] z04992_y03840_x02816: wk_cube=-8 du=18.35 pairs=66 groups=5(direct 5) mad=0.0047/4.80 (comp 0)
[register] z05120_y03840_x02816: wk_cube=-9 du=16.74 pairs=70 groups=7(direct 7) mad=0.0055/1.92 (comp 0)
[register] z05248_y03840_x02816: wk_cube=-10 du=15.81 pairs=59 groups=5(direct 5) mad=0.0043/3.15 (comp 0)
[register] z05376_y03840_x02816: wk_cube=-2 du=-0.69 pairs=75 groups=7(direct 7) mad=0.0044/2.08 (comp 0)
[register] z05504_y03840_x02816: wk_cube=+0 du=6.33 pairs=93 groups=8(direct 8) mad=0.0019/0.60 (comp 0)
[register] z04352_y03840_x02560: wk_cube=-3 du=-14.87 pairs=46 groups=13(direct 5) mad=0.0023/1.53 (comp 0)
[register] z04480_y03840_x02560: wk_cube=-6 du=-29.15 pairs=81 groups=11(direct 7) mad=0.0042/4.74 (comp 0)
[register] z04608_y03840_x02560: wk_cube=-8 du=-36.22 pairs=75 groups=9(direct 8) mad=0.0025/1.86 (comp 0)
[register] z04736_y03840_x02560: wk_cube=-11 du=-51.83 pairs=71 groups=9(direct 7) mad=0.0026/1.92 (comp 0)
[register] z04864_y03840_x02560: wk_cube=-10 du=-44.68 pairs=68 groups=8(direct 6) mad=0.0021/1.73 (comp 0)
[register] z04992_y03840_x02560: wk_cube=-11 du=-45.54 pairs=76 groups=9(direct 7) mad=0.0026/1.70 (comp 0)
[register] z05120_y03840_x02560: wk_cube=-6 du=2.43 pairs=51 groups=6(direct 6) mad=0.0032/1.59 (comp 0)
[register] z05248_y03840_x02560: wk_cube=-2 du=-0.11 pairs=47 groups=6(direct 5) mad=0.0046/2.43 (comp 0)
[register] z05376_y03840_x02560: wk_cube=-2 du=-1.82 pairs=49 groups=5(direct 5) mad=0.0027/1.51 (comp 0)
[register] z05504_y03840_x02560: wk_cube=-3 du=-1.56 pairs=51 groups=5(direct 5) mad=0.0046/1.19 (comp 0)
[register] z04480_y03840_x03072: wk_cube=-2 du=1.67 pairs=62 groups=10(direct 8) mad=0.0025/0.60 (comp 0)
[register] z04608_y03840_x03072: wk_cube=-3 du=17.94 pairs=83 groups=12(direct 10) mad=0.0022/0.44 (comp 0)
[register] z04736_y03840_x03072: wk_cube=-4 du=13.56 pairs=112 groups=11(direct 10) mad=0.0016/1.12 (comp 0)
[register] z04864_y03840_x03072: wk_cube=-7 du=19.93 pairs=130 groups=9(direct 9) mad=0.0014/1.59 (comp 0)
[register] z04992_y03840_x03072: wk_cube=-10 du=21.48 pairs=109 groups=10(direct 9) mad=0.0019/1.99 (comp 0)
[register] z05120_y03840_x03072: wk_cube=-13 du=25.19 pairs=75 groups=9(direct 8) mad=0.0017/1.62 (comp 0)
[register] z05248_y03840_x03072: wk_cube=-16 du=10.53 pairs=70 groups=8(direct 8) mad=0.0029/1.24 (comp 0)
[register] z05376_y03840_x03072: wk_cube=-18 du=29.78 pairs=60 groups=7(direct 6) mad=0.0043/1.26 (comp 0)
[register] z05504_y03840_x03072: wk_cube=-4 du=0.95 pairs=70 groups=8(direct 8) mad=0.0027/2.53 (comp 0)
[register] z04480_y03712_x03072: wk_cube=-2 du=-2.52 pairs=157 groups=10(direct 10) mad=0.0039/1.83 (comp 0)
[register] z04608_y03712_x03072: wk_cube=-4 du=20.74 pairs=111 groups=9(direct 7) mad=0.0038/2.02 (comp 0)
[register] z04736_y03712_x03072: wk_cube=-5 du=17.47 pairs=131 groups=8(direct 7) mad=0.0024/1.95 (comp 0)
[register] z04864_y03712_x03072: wk_cube=-6 du=24.46 pairs=81 groups=10(direct 6) mad=0.0048/4.18 (comp 0)
[register] z04992_y03712_x03072: wk_cube=-8 du=17.29 pairs=87 groups=7(direct 5) mad=0.0053/10.43 (comp 0)
[register] z05120_y03712_x03072: wk_cube=-13 du=13.05 pairs=102 groups=9(direct 7) mad=0.0059/15.52 (comp 0)
[register] z05248_y03712_x03072: wk_cube=-15 du=46.57 pairs=94 groups=9(direct 7) mad=0.0054/3.73 (comp 0)
[register] z05376_y03712_x03072: wk_cube=-2 du=4.25 pairs=73 groups=8(direct 6) mad=0.0031/2.75 (comp 0)
[register] z05504_y03712_x03072: wk_cube=-5 du=10.14 pairs=73 groups=8(direct 6) mad=0.0031/2.81 (comp 0)
[register] z04352_y03712_x02560: wk_cube=+7 du=29.35 pairs=38 groups=10(direct 5) mad=0.0024/1.68 (comp 0)
[register] z04480_y03712_x02560: wk_cube=+4 du=14.29 pairs=64 groups=7(direct 5) mad=0.0030/3.15 (comp 0)
[register] z04608_y03712_x02560: wk_cube=+3 du=-15.73 pairs=53 groups=4(direct 3) mad=0.0065/4.08 (comp 0)
[register] z04864_y03712_x02560: wk_cube=+2 du=2.44 pairs=33 groups=11(direct 4) mad=0.0050/2.37 (comp 0)
[register] z04352_y03968_x02816: wk_cube=+2 du=2.93 pairs=26 groups=15(direct 4) mad=0.0029/1.01 (comp 0)
[register] z04480_y03968_x02816: wk_cube=-2 du=10.93 pairs=45 groups=10(direct 8) mad=0.0024/1.60 (comp 0)
[register] z04608_y03968_x02816: wk_cube=-4 du=-14.99 pairs=97 groups=12(direct 8) mad=0.0021/1.15 (comp 0)
[register] z04736_y03968_x02816: wk_cube=-5 du=-10.92 pairs=76 groups=10(direct 10) mad=0.0026/1.43 (comp 0)
[register] z04864_y03968_x02816: wk_cube=-8 du=-21.26 pairs=80 groups=11(direct 11) mad=0.0029/1.27 (comp 0)
[register] z04992_y03968_x02816: wk_cube=-10 du=3.27 pairs=48 groups=9(direct 8) mad=0.0023/2.11 (comp 0)
[register] z05120_y03968_x02816: wk_cube=-11 du=-59.64 pairs=34 groups=9(direct 7) mad=0.0036/1.18 (comp 0)
[register] z05248_y03968_x02816: wk_cube=-13 du=6.08 pairs=43 groups=9(direct 8) mad=0.0021/0.71 (comp 0)
[register] z05376_y03968_x02816: wk_cube=-14 du=6.95 pairs=29 groups=10(direct 6) mad=0.0030/1.52 (comp 0)
[register] z05504_y03968_x02816: wk_cube=-15 du=7.83 pairs=35 groups=8(direct 7) mad=0.0027/0.63 (comp 0)
[register] z04352_y02944_x02688: wk_cube=+1 du=-0.65 pairs=56 groups=12(direct 6) mad=0.0018/0.39 (comp 0)
[register] z04480_y02944_x02688: wk_cube=+3 du=-5.79 pairs=96 groups=8(direct 7) mad=0.0049/2.28 (comp 0)
[register] z04608_y02944_x02688: wk_cube=+6 du=-9.74 pairs=94 groups=8(direct 6) mad=0.0018/2.26 (comp 0)
[register] z04736_y02944_x02688: wk_cube=+10 du=-13.00 pairs=96 groups=10(direct 8) mad=0.0032/3.59 (comp 0)
[register] z04864_y02944_x02688: wk_cube=+14 du=-17.04 pairs=104 groups=9(direct 9) mad=0.0039/3.55 (comp 0)
[register] z04992_y02944_x02688: wk_cube=+16 du=-41.80 pairs=83 groups=8(direct 7) mad=0.0033/5.09 (comp 0)
[register] z05120_y02944_x02688: wk_cube=+16 du=-40.80 pairs=138 groups=8(direct 8) mad=0.0026/1.27 (comp 0)
[register] z05248_y02944_x02688: wk_cube=+16 du=-56.78 pairs=101 groups=9(direct 8) mad=0.0031/3.05 (comp 0)
[register] z05376_y02944_x02688: wk_cube=+18 du=31.67 pairs=75 groups=9(direct 7) mad=0.0035/2.67 (comp 0)
[register] z05504_y02944_x02688: wk_cube=+21 du=-79.42 pairs=114 groups=12(direct 9) mad=0.0041/2.52 (comp 0)
[register] z04352_y03840_x02432: wk_cube=-3 du=-18.56 pairs=164 groups=11(direct 7) mad=0.0041/1.15 (comp 0)
[register] z04480_y03840_x02432: wk_cube=-11 du=-41.82 pairs=114 groups=9(direct 9) mad=0.0051/4.07 (comp 0)
[register] z04608_y03840_x02432: wk_cube=-13 du=-63.18 pairs=95 groups=9(direct 9) mad=0.0022/1.85 (comp 0)
[register] z04736_y03840_x02432: wk_cube=-14 du=-51.58 pairs=93 groups=10(direct 8) mad=0.0023/1.39 (comp 0)
[register] z04864_y03840_x02432: wk_cube=-9 du=-37.32 pairs=203 groups=11(direct 8) mad=0.0063/1.85 (comp 0)
[register] z04992_y03840_x02432: wk_cube=-12 du=-50.89 pairs=95 groups=9(direct 7) mad=0.0018/2.04 (comp 0)
[register] z05120_y03840_x02432: wk_cube=-7 du=38.24 pairs=98 groups=8(direct 8) mad=0.0023/0.83 (comp 0)
[register] z05248_y03840_x02432: wk_cube=-4 du=-19.60 pairs=105 groups=7(direct 7) mad=0.0015/1.38 (comp 0)
[register] z05376_y03840_x02432: wk_cube=-5 du=-11.68 pairs=65 groups=8(direct 7) mad=0.0013/1.39 (comp 0)
[register] z05504_y03840_x02432: wk_cube=-9 du=-12.21 pairs=59 groups=7(direct 5) mad=0.0018/1.35 (comp 0)
[register] z04352_y03840_x03200: wk_cube=-3 du=13.33 pairs=51 groups=8(direct 6) mad=0.0023/1.12 (comp 0)
[register] z04480_y03840_x03200: wk_cube=-5 du=21.72 pairs=85 groups=9(direct 7) mad=0.0026/2.20 (comp 0)
[register] z04608_y03840_x03200: wk_cube=-6 du=27.94 pairs=82 groups=10(direct 9) mad=0.0030/1.89 (comp 0)
[register] z04736_y03840_x03200: wk_cube=-8 du=25.59 pairs=106 groups=11(direct 10) mad=0.0021/2.09 (comp 0)
[register] z04864_y03840_x03200: wk_cube=-9 du=12.42 pairs=150 groups=12(direct 12) mad=0.0019/2.53 (comp 0)
[register] z04992_y03840_x03200: wk_cube=-12 du=8.97 pairs=113 groups=9(direct 9) mad=0.0025/3.17 (comp 0)
[register] z05120_y03840_x03200: wk_cube=-15 du=46.57 pairs=113 groups=10(direct 8) mad=0.0035/2.10 (comp 0)
[register] z05248_y03840_x03200: wk_cube=-19 du=31.60 pairs=196 groups=8(direct 8) mad=0.0066/1.96 (comp 0)
[register] z05376_y03840_x03200: wk_cube=-19 du=30.87 pairs=104 groups=10(direct 8) mad=0.0034/1.91 (comp 0)
[register] z05504_y03840_x03200: wk_cube=-6 du=9.00 pairs=53 groups=7(direct 5) mad=0.0017/0.99 (comp 0)
[register] z04352_y03712_x03328: wk_cube=+2 du=17.22 pairs=59 groups=5(direct 5) mad=0.0036/2.06 (comp 0)
[register] z04480_y03712_x03328: wk_cube=-7 du=18.01 pairs=130 groups=8(direct 8) mad=6.2841/3820.06 (comp 0)
[register] z04608_y03712_x03328: wk_cube=-12 du=68.10 pairs=152 groups=10(direct 7) mad=0.0025/2.23 (comp 0)
[register] z04736_y03712_x03328: wk_cube=-12 du=38.49 pairs=112 groups=11(direct 9) mad=0.0019/2.32 (comp 0)
[register] z04864_y03712_x03328: wk_cube=-13 du=38.49 pairs=120 groups=11(direct 9) mad=0.0023/2.01 (comp 0)
[register] z04992_y03712_x03328: wk_cube=-15 du=70.08 pairs=76 groups=10(direct 6) mad=0.0023/2.61 (comp 0)
[register] z05120_y03712_x03328: wk_cube=-18 du=45.99 pairs=73 groups=7(direct 6) mad=0.0027/2.58 (comp 0)
[register] z05248_y03712_x03328: wk_cube=-5 du=5.13 pairs=54 groups=6(direct 4) mad=0.0043/1.85 (comp 0)
[register] z05376_y03712_x03328: wk_cube=-3 du=-2.52 pairs=76 groups=5(direct 5) mad=0.0024/4.52 (comp 0)
[register] z05504_y03712_x03328: wk_cube=-7 du=0.94 pairs=43 groups=4(direct 4) mad=0.0026/2.95 (comp 0)
[register] z04352_y03712_x02304: wk_cube=+0 du=-3.62 pairs=40 groups=14(direct 6) mad=0.0021/0.63 (comp 0)
[register] z04480_y03712_x02304: wk_cube=-2 du=-3.79 pairs=73 groups=7(direct 7) mad=0.0032/2.58 (comp 0)
[register] z04608_y03712_x02304: wk_cube=+0 du=0.63 pairs=40 groups=4(direct 3) mad=6.2793/3965.11 (comp 0)
[register] z04736_y03712_x02304: wk_cube=+0 du=-0.38 pairs=44 groups=4(direct 3) mad=0.0023/0.85 (comp 0)
[register] z04864_y03712_x02304: wk_cube=-1 du=1.05 pairs=51 groups=4(direct 4) mad=0.0036/4.31 (comp 0)
[register] z04992_y03712_x02304: wk_cube=-3 du=-1.15 pairs=55 groups=6(direct 4) mad=0.0036/2.06 (comp 0)
[register] z05120_y03712_x02304: wk_cube=-3 du=-12.01 pairs=36 groups=5(direct 5) mad=0.0038/1.16 (comp 0)
[register] z05248_y03712_x02304: wk_cube=-6 du=-12.44 pairs=27 groups=4(direct 2) mad=0.0048/6.62 (comp 0)
[register] z04352_y02944_x02944: wk_cube=+5 du=14.56 pairs=36 groups=9(direct 7) mad=0.0023/0.67 (comp 0)
[register] z04480_y02944_x02944: wk_cube=+7 du=33.95 pairs=86 groups=10(direct 10) mad=0.0028/1.50 (comp 0)
[register] z04608_y02944_x02944: wk_cube=+9 du=37.71 pairs=101 groups=12(direct 10) mad=0.0025/1.08 (comp 0)
[register] z04736_y02944_x02944: wk_cube=+10 du=45.06 pairs=95 groups=10(direct 10) mad=0.0027/2.73 (comp 0)
[register] z04864_y02944_x02944: wk_cube=+11 du=49.61 pairs=124 groups=13(direct 11) mad=0.0030/2.78 (comp 0)
[register] z04992_y02944_x02944: wk_cube=+11 du=58.33 pairs=102 groups=10(direct 10) mad=0.0029/2.81 (comp 0)
[register] z05120_y02944_x02944: wk_cube=+11 du=12.19 pairs=72 groups=8(direct 8) mad=0.0027/2.74 (comp 0)
[register] z05248_y02944_x02944: wk_cube=+13 du=18.58 pairs=103 groups=9(direct 6) mad=0.0031/1.66 (comp 0)
[register] z05376_y02944_x02944: wk_cube=+10 du=63.01 pairs=42 groups=8(direct 5) mad=0.0030/1.76 (comp 0)
[register] z05504_y02944_x02944: wk_cube=+11 du=58.86 pairs=62 groups=10(direct 7) mad=0.0035/1.89 (comp 0)
[register] z04992_y03328_x03456: wk_cube=-1 du=7.08 pairs=39 groups=4(direct 3) mad=0.0024/1.19 (comp 0)
[register] z04352_y03200_x02432: wk_cube=+12 du=-26.27 pairs=76 groups=12(direct 8) mad=0.0022/0.72 (comp 0)
[register] z04480_y03200_x02432: wk_cube=+13 du=-33.38 pairs=111 groups=10(direct 10) mad=0.0045/3.12 (comp 0)
[register] z04608_y03200_x02432: wk_cube=+13 du=-37.83 pairs=83 groups=10(direct 8) mad=0.0060/3.19 (comp 0)
[register] z04736_y03200_x02432: wk_cube=+4 du=-23.81 pairs=102 groups=13(direct 9) mad=0.0050/3.42 (comp 0)
[register] z04864_y03200_x02432: wk_cube=+5 du=-29.09 pairs=94 groups=12(direct 8) mad=0.0035/2.22 (comp 0)
[register] z04992_y03200_x02432: wk_cube=+6 du=-37.61 pairs=81 groups=14(direct 11) mad=0.0043/1.37 (comp 0)
[register] z05120_y03200_x02432: wk_cube=+7 du=-59.98 pairs=179 groups=12(direct 10) mad=0.0039/1.07 (comp 0)
[register] z05248_y03200_x02432: wk_cube=+9 du=-61.52 pairs=90 groups=14(direct 10) mad=0.0039/2.16 (comp 0)
[register] z05376_y03200_x02432: wk_cube=+9 du=-61.53 pairs=110 groups=13(direct 9) mad=0.0026/1.08 (comp 0)
[register] z05504_y03200_x02432: wk_cube=+1 du=-1.05 pairs=106 groups=14(direct 9) mad=0.0031/0.84 (comp 0)
[register] z04352_y03968_x02688: wk_cube=+1 du=2.76 pairs=53 groups=18(direct 7) mad=0.0028/2.24 (comp 0)
[register] z04480_y03968_x02688: wk_cube=-2 du=12.87 pairs=127 groups=11(direct 9) mad=0.0019/1.60 (comp 0)
[register] z04608_y03968_x02688: wk_cube=-5 du=-5.51 pairs=106 groups=10(direct 10) mad=0.0032/2.53 (comp 0)
[register] z04736_y03968_x02688: wk_cube=-7 du=-13.68 pairs=135 groups=14(direct 14) mad=0.0019/1.74 (comp 0)
[register] z04864_y03968_x02688: wk_cube=-9 du=-50.02 pairs=125 groups=13(direct 11) mad=0.0027/2.45 (comp 0)
[register] z04992_y03968_x02688: wk_cube=-11 du=2.47 pairs=71 groups=9(direct 9) mad=0.0032/1.71 (comp 0)
[register] z05120_y03968_x02688: wk_cube=-12 du=2.45 pairs=59 groups=11(direct 9) mad=0.0043/2.06 (comp 0)
[register] z05248_y03968_x02688: wk_cube=-13 du=4.61 pairs=46 groups=9(direct 8) mad=0.0031/0.83 (comp 0)
[register] z05376_y03968_x02688: wk_cube=-15 du=10.14 pairs=65 groups=9(direct 8) mad=0.0019/0.75 (comp 0)
[register] z05504_y03968_x02688: wk_cube=-16 du=5.52 pairs=51 groups=9(direct 8) mad=0.0028/1.07 (comp 0)
[register] z04352_y03968_x02944: wk_cube=-1 du=7.82 pairs=70 groups=11(direct 8) mad=0.0019/1.09 (comp 0)
[register] z04480_y03968_x02944: wk_cube=+0 du=3.96 pairs=71 groups=10(direct 9) mad=0.0021/1.08 (comp 0)
[register] z04608_y03968_x02944: wk_cube=-2 du=10.02 pairs=73 groups=10(direct 8) mad=0.0021/2.60 (comp 0)
[register] z04736_y03968_x02944: wk_cube=-5 du=8.84 pairs=124 groups=10(direct 9) mad=0.0025/2.38 (comp 0)
[register] z04864_y03968_x02944: wk_cube=-7 du=-14.77 pairs=135 groups=12(direct 11) mad=0.0020/1.53 (comp 0)
[register] z04992_y03968_x02944: wk_cube=-10 du=-14.80 pairs=93 groups=9(direct 9) mad=0.0026/1.93 (comp 0)
[register] z05120_y03968_x02944: wk_cube=-13 du=12.25 pairs=96 groups=10(direct 9) mad=0.0025/2.61 (comp 0)
[register] z05248_y03968_x02944: wk_cube=-14 du=2.47 pairs=66 groups=11(direct 10) mad=0.0030/2.42 (comp 0)
[register] z05376_y03968_x02944: wk_cube=-15 du=6.01 pairs=65 groups=10(direct 9) mad=0.0021/1.63 (comp 0)
[register] z05504_y03968_x02944: wk_cube=-16 du=10.30 pairs=64 groups=8(direct 8) mad=0.0028/1.17 (comp 0)
[register] z04608_y03200_x03200: wk_cube=+2 du=10.89 pairs=38 groups=5(direct 4) mad=0.0050/4.82 (comp 0)
[register] z04736_y03200_x03200: wk_cube=+2 du=12.66 pairs=52 groups=5(direct 4) mad=0.0053/3.35 (comp 0)
[register] z05248_y03200_x03200: wk_cube=+0 du=-6.34 pairs=26 groups=10(direct 6) mad=0.0026/0.59 (comp 0)
[register] z05376_y03200_x03200: wk_cube=+2 du=26.36 pairs=42 groups=19(direct 7) mad=0.0015/0.45 (comp 0)
[register] z05504_y03200_x03200: wk_cube=+1 du=1.60 pairs=39 groups=18(direct 4) mad=0.0028/1.11 (comp 0)
[register] z04352_y02944_x03328: wk_cube=-1 du=-20.64 pairs=37 groups=9(direct 5) mad=0.0018/2.04 (comp 0)
[register] z04480_y02944_x03328: wk_cube=+1 du=-22.30 pairs=86 groups=13(direct 8) mad=0.0022/2.24 (comp 0)
[register] z04608_y02944_x03328: wk_cube=-9 du=-35.13 pairs=55 groups=16(direct 7) mad=0.0019/2.98 (comp 0)
[register] z04736_y02944_x03328: wk_cube=-7 du=-20.97 pairs=34 groups=18(direct 7) mad=0.0016/0.89 (comp 0)
[register] z04864_y02944_x03328: wk_cube=-6 du=-14.38 pairs=86 groups=10(direct 7) mad=0.0016/1.20 (comp 0)
[register] z05248_y02944_x03328: wk_cube=+2 du=25.73 pairs=25 groups=14(direct 3) mad=0.0036/3.29 (comp 0)
[register] z05504_y02944_x03328: wk_cube=+0 du=0.95 pairs=29 groups=5(direct 3) mad=0.0028/1.82 (comp 0)
[register] z04352_y02816_x03200: wk_cube=-6 du=-18.99 pairs=33 groups=6(direct 5) mad=0.0022/0.83 (comp 0)
[register] z04480_y02816_x03200: wk_cube=-4 du=-49.35 pairs=84 groups=7(direct 6) mad=0.0021/1.42 (comp 0)
[register] z04608_y02816_x03200: wk_cube=-4 du=-10.26 pairs=57 groups=6(direct 5) mad=0.0048/5.21 (comp 0)
[register] z04736_y02816_x03200: wk_cube=-6 du=-16.01 pairs=51 groups=7(direct 5) mad=0.0040/6.33 (comp 0)
[register] z04864_y02816_x03200: wk_cube=-5 du=2.39 pairs=63 groups=11(direct 8) mad=0.0029/2.24 (comp 0)
[register] z04992_y02816_x03200: wk_cube=-5 du=-34.54 pairs=61 groups=21(direct 8) mad=0.0014/1.27 (comp 0)
[register] z05120_y02816_x03200: wk_cube=-4 du=-43.84 pairs=40 groups=10(direct 6) mad=0.0023/1.54 (comp 0)
[register] z05248_y02816_x03200: wk_cube=-4 du=-36.47 pairs=82 groups=9(direct 8) mad=0.0023/0.97 (comp 0)
[register] z05376_y02816_x03200: wk_cube=-5 du=-22.46 pairs=43 groups=9(direct 6) mad=0.0016/1.05 (comp 0)
[register] z05504_y02816_x03200: wk_cube=-3 du=-53.95 pairs=68 groups=10(direct 9) mad=0.0013/0.84 (comp 0)
[register] z04608_y03456_x02432: wk_cube=+4 du=-6.83 pairs=28 groups=3(direct 3) mad=0.0020/1.12 (comp 0)
[register] z04736_y03456_x02432: wk_cube=+2 du=3.31 pairs=32 groups=3(direct 3) mad=0.0068/8.88 (comp 0)
[register] z05120_y03456_x02432: wk_cube=+1 du=-5.64 pairs=39 groups=10(direct 4) mad=0.0066/1.22 (comp 0)
[register] z05248_y03456_x02432: wk_cube=+7 du=-44.50 pairs=46 groups=8(direct 4) mad=0.0063/2.32 (comp 0)
[register] z04480_y03456_x03456: wk_cube=-2 du=25.59 pairs=50 groups=6(direct 5) mad=0.0054/2.68 (comp 0)
[register] z04608_y03456_x03456: wk_cube=-5 du=43.34 pairs=38 groups=4(direct 4) mad=0.0030/1.70 (comp 0)
[register] z04864_y03456_x03456: wk_cube=+2 du=-12.87 pairs=45 groups=4(direct 4) mad=0.0044/2.66 (comp 0)
[register] z04992_y03456_x03456: wk_cube=+2 du=7.98 pairs=31 groups=5(direct 4) mad=0.0025/2.01 (comp 0)
[register] z05120_y03456_x03456: wk_cube=-1 du=26.55 pairs=32 groups=3(direct 3) mad=0.0020/1.99 (comp 0)
[register] z05248_y03456_x03456: wk_cube=-2 du=0.85 pairs=24 groups=2(direct 2) mad=0.0018/2.68 (comp 0)
[register] z04352_y03456_x03200: wk_cube=+0 du=3.66 pairs=57 groups=10(direct 5) mad=0.0031/2.50 (comp 0)
[register] z04480_y03456_x03200: wk_cube=-1 du=9.48 pairs=38 groups=5(direct 3) mad=0.0042/7.84 (comp 0)
[register] z04608_y03456_x03200: wk_cube=-3 du=13.53 pairs=49 groups=6(direct 3) mad=12.5620/4886.10 (comp 0)
[register] z04736_y03456_x03200: wk_cube=-5 du=32.44 pairs=68 groups=6(direct 5) mad=0.0078/5.49 (comp 0)
[register] z04864_y03456_x03200: wk_cube=-7 du=41.77 pairs=73 groups=7(direct 6) mad=0.0046/2.02 (comp 0)
[register] z04992_y03456_x03200: wk_cube=-9 du=63.61 pairs=90 groups=6(direct 6) mad=0.0032/3.89 (comp 0)
[register] z05120_y03456_x03200: wk_cube=-11 du=64.48 pairs=69 groups=6(direct 4) mad=0.0029/3.14 (comp 0)
[register] z05248_y03456_x03200: wk_cube=-10 du=34.30 pairs=77 groups=6(direct 5) mad=0.0038/3.30 (comp 0)
[register] z05376_y03456_x03200: wk_cube=-1 du=-5.85 pairs=146 groups=7(direct 6) mad=0.0019/0.86 (comp 0)
[register] z05504_y03456_x03200: wk_cube=-1 du=-6.46 pairs=67 groups=7(direct 6) mad=0.0037/2.29 (comp 0)
[register] z04352_y02944_x02304: wk_cube=+12 du=-24.08 pairs=47 groups=11(direct 4) mad=0.0039/1.40 (comp 0)
[register] z04480_y02944_x02304: wk_cube=+12 du=-25.57 pairs=87 groups=12(direct 7) mad=0.0024/1.08 (comp 0)
[register] z04608_y02944_x02304: wk_cube=+4 du=-2.50 pairs=242 groups=13(direct 8) mad=31.4182/17952.10 (comp 0)
[register] z04736_y02944_x02304: wk_cube=+4 du=-3.15 pairs=77 groups=13(direct 6) mad=0.0056/5.75 (comp 0)
[register] z04864_y02944_x02304: wk_cube=+4 du=-5.44 pairs=103 groups=12(direct 9) mad=0.0033/3.30 (comp 0)
[register] z04992_y02944_x02304: wk_cube=+5 du=-19.55 pairs=106 groups=13(direct 8) mad=0.0048/5.42 (comp 0)
[register] z05120_y02944_x02304: wk_cube=+7 du=-28.39 pairs=136 groups=10(direct 9) mad=0.0038/3.01 (comp 0)
[register] z05248_y02944_x02304: wk_cube=+9 du=-47.30 pairs=124 groups=10(direct 7) mad=0.0021/6.54 (comp 0)
[register] z05376_y02944_x02304: wk_cube=+10 du=-49.02 pairs=154 groups=12(direct 10) mad=0.0022/3.14 (comp 0)
[register] z05504_y02944_x02304: wk_cube=+13 du=-74.70 pairs=160 groups=15(direct 8) mad=0.0032/5.67 (comp 0)
[register] z04480_y02816_x02432: wk_cube=+0 du=1.46 pairs=98 groups=10(direct 8) mad=0.0020/1.01 (comp 0)
[register] z04608_y02816_x02432: wk_cube=+2 du=-0.48 pairs=229 groups=11(direct 10) mad=0.0027/1.20 (comp 0)
[register] z04736_y02816_x02432: wk_cube=+3 du=-3.00 pairs=137 groups=11(direct 10) mad=0.0023/1.81 (comp 0)
[register] z04864_y02816_x02432: wk_cube=+5 du=2.01 pairs=95 groups=10(direct 5) mad=6.2823/4079.80 (comp 0)
[register] z04992_y02816_x02432: wk_cube=+7 du=-31.87 pairs=120 groups=10(direct 8) mad=0.0030/16.87 (comp 0)
[register] z05120_y02816_x02432: wk_cube=+10 du=22.00 pairs=146 groups=10(direct 8) mad=0.0021/10.04 (comp 0)
[register] z05248_y02816_x02432: wk_cube=+13 du=3.22 pairs=144 groups=10(direct 9) mad=0.0037/6.50 (comp 0)
[register] z05376_y02816_x02432: wk_cube=+15 du=-5.54 pairs=106 groups=13(direct 8) mad=0.0031/1.84 (comp 0)
[register] z05504_y02816_x02432: wk_cube=+16 du=3.85 pairs=150 groups=13(direct 10) mad=0.0062/7.06 (comp 0)
[register] z04608_y03200_x03456: wk_cube=-1 du=24.69 pairs=24 groups=2(direct 2) mad=0.0026/3.98 (comp 0)
[register] z04736_y03200_x03456: wk_cube=+0 du=8.77 pairs=29 groups=3(direct 2) mad=0.0025/1.30 (comp 0)
[register] z04992_y03200_x03456: wk_cube=-3 du=-12.54 pairs=40 groups=7(direct 2) mad=0.0020/10.42 (comp 0)
[register] z05120_y03200_x03456: wk_cube=-3 du=-10.28 pairs=40 groups=5(direct 4) mad=18.8482/12631.08 (comp 0)
[register] z04352_y03712_x02944: wk_cube=+5 du=-4.77 pairs=76 groups=18(direct 7) mad=0.0060/4.91 (comp 0)
[register] z04480_y03712_x02944: wk_cube=+3 du=-7.96 pairs=81 groups=9(direct 8) mad=0.0028/1.48 (comp 0)
[register] z04608_y03712_x02944: wk_cube=+0 du=2.81 pairs=82 groups=8(direct 6) mad=0.0039/3.60 (comp 0)
[register] z04736_y03712_x02944: wk_cube=-2 du=4.02 pairs=80 groups=7(direct 6) mad=0.0047/0.90 (comp 0)
[register] z04864_y03712_x02944: wk_cube=-2 du=14.56 pairs=71 groups=8(direct 6) mad=0.0037/2.77 (comp 0)
[register] z04992_y03712_x02944: wk_cube=-4 du=-8.11 pairs=98 groups=8(direct 7) mad=0.0036/6.49 (comp 0)
[register] z05120_y03712_x02944: wk_cube=-10 du=39.57 pairs=76 groups=8(direct 7) mad=0.0034/4.24 (comp 0)
[register] z05248_y03712_x02944: wk_cube=-12 du=39.78 pairs=81 groups=8(direct 6) mad=0.0034/3.92 (comp 0)
[register] z05376_y03712_x02944: wk_cube=-13 du=39.72 pairs=113 groups=10(direct 7) mad=0.0027/0.72 (comp 0)
[register] z05504_y03712_x02944: wk_cube=-6 du=6.50 pairs=81 groups=12(direct 6) mad=0.0036/2.55 (comp 0)
[register] z04352_y03712_x02688: wk_cube=+5 du=22.31 pairs=32 groups=7(direct 6) mad=0.0029/0.44 (comp 0)
[register] z04480_y03712_x02688: wk_cube=+4 du=6.93 pairs=85 groups=6(direct 6) mad=0.0049/5.01 (comp 0)
[register] z04608_y03712_x02688: wk_cube=+0 du=-12.27 pairs=44 groups=5(direct 3) mad=0.0042/9.84 (comp 0)
[register] z04736_y03712_x02688: wk_cube=+0 du=-27.63 pairs=34 groups=4(direct 3) mad=0.0069/3.65 (comp 0)
[register] z04864_y03712_x02688: wk_cube=-2 du=2.30 pairs=28 groups=4(direct 3) mad=0.0020/2.12 (comp 0)
[register] z04992_y03712_x02688: wk_cube=-3 du=2.66 pairs=30 groups=4(direct 2) mad=0.0029/1.47 (comp 0)
[register] z05120_y03712_x02688: wk_cube=-2 du=1.34 pairs=35 groups=4(direct 4) mad=0.0043/3.05 (comp 0)
[register] z05248_y03712_x02688: wk_cube=-2 du=2.08 pairs=38 groups=5(direct 3) mad=6.2764/2320.66 (comp 0)
[register] z05376_y03712_x02688: wk_cube=-2 du=1.23 pairs=40 groups=8(direct 3) mad=6.2723/1966.12 (comp 0)
[register] z05504_y03712_x02688: wk_cube=-2 du=7.19 pairs=47 groups=6(direct 3) mad=0.0038/3.35 (comp 0)
[register] z04352_y02944_x02816: wk_cube=+0 du=-1.99 pairs=137 groups=10(direct 10) mad=0.0023/1.60 (comp 0)
[register] z04480_y02944_x02816: wk_cube=+2 du=6.92 pairs=206 groups=11(direct 11) mad=0.0074/7.39 (comp 0)
[register] z04608_y02944_x02816: wk_cube=+5 du=-14.06 pairs=147 groups=12(direct 10) mad=0.0065/8.36 (comp 0)
[register] z04736_y02944_x02816: wk_cube=+9 du=-17.01 pairs=186 groups=10(direct 10) mad=0.0048/26.08 (comp 0)
[register] z04864_y02944_x02816: wk_cube=+12 du=23.38 pairs=175 groups=10(direct 10) mad=0.0032/21.98 (comp 0)
[register] z04992_y02944_x02816: wk_cube=+15 du=-23.32 pairs=169 groups=9(direct 9) mad=0.0028/9.00 (comp 0)
[register] z05120_y02944_x02816: wk_cube=+15 du=-41.30 pairs=112 groups=8(direct 8) mad=0.0057/15.41 (comp 0)
[register] z05248_y02944_x02816: wk_cube=+14 du=22.04 pairs=130 groups=7(direct 7) mad=0.0073/22.07 (comp 0)
[register] z05376_y02944_x02816: wk_cube=+16 du=-43.70 pairs=140 groups=10(direct 9) mad=0.0032/3.17 (comp 0)
[register] z05504_y02944_x02816: wk_cube=+17 du=32.45 pairs=160 groups=10(direct 9) mad=0.0051/14.31 (comp 0)
[register] z04352_y03328_x02432: wk_cube=+8 du=-19.96 pairs=62 groups=6(direct 6) mad=0.0027/0.77 (comp 0)
[register] z04480_y03328_x02432: wk_cube=+9 du=-35.51 pairs=87 groups=7(direct 7) mad=0.0028/2.50 (comp 0)
[register] z04608_y03328_x02432: wk_cube=+10 du=-39.80 pairs=92 groups=7(direct 7) mad=0.0028/1.28 (comp 0)
[register] z04736_y03328_x02432: wk_cube=+10 du=-39.80 pairs=83 groups=7(direct 7) mad=0.0056/3.41 (comp 0)
[register] z04864_y03328_x02432: wk_cube=+11 du=-62.50 pairs=124 groups=8(direct 8) mad=0.0047/5.09 (comp 0)
[register] z04992_y03328_x02432: wk_cube=+6 du=-58.37 pairs=140 groups=11(direct 7) mad=0.0051/7.39 (comp 0)
[register] z05120_y03328_x02432: wk_cube=+5 du=-65.94 pairs=265 groups=12(direct 11) mad=0.0044/1.02 (comp 0)
[register] z05248_y03328_x02432: wk_cube=+7 du=-68.67 pairs=63 groups=29(direct 9) mad=0.0028/1.81 (comp 0)
[register] z04352_y03328_x03200: wk_cube=-3 du=-3.72 pairs=118 groups=7(direct 7) mad=0.0014/0.73 (comp 0)
[register] z04480_y03328_x03200: wk_cube=+2 du=2.93 pairs=70 groups=6(direct 6) mad=0.0086/29.88 (comp 0)
[register] z04608_y03328_x03200: wk_cube=+2 du=-1.21 pairs=73 groups=5(direct 5) mad=0.0047/4.51 (comp 0)
[register] z04736_y03328_x03200: wk_cube=-1 du=1.52 pairs=91 groups=6(direct 5) mad=0.0043/3.65 (comp 0)
[register] z04864_y03328_x03200: wk_cube=-4 du=-9.96 pairs=66 groups=5(direct 5) mad=12.5566/4352.95 (comp 0)
[register] z04992_y03328_x03200: wk_cube=-5 du=-2.20 pairs=61 groups=6(direct 5) mad=0.0028/1.21 (comp 0)
[register] z05120_y03328_x03200: wk_cube=-8 du=51.40 pairs=45 groups=12(direct 6) mad=0.0024/0.79 (comp 0)
[register] z05248_y03328_x03200: wk_cube=-6 du=48.42 pairs=42 groups=11(direct 5) mad=0.0018/0.60 (comp 0)
[register] z05376_y03328_x03200: wk_cube=-1 du=28.89 pairs=29 groups=13(direct 3) mad=0.0025/1.60 (comp 0)
[register] z05504_y03328_x03200: wk_cube=+1 du=28.24 pairs=45 groups=7(direct 3) mad=0.0037/1.76 (comp 0)
[register] z04352_y03072_x02560: wk_cube=+15 du=-32.07 pairs=56 groups=11(direct 7) mad=0.0026/0.95 (comp 0)
[register] z04480_y03072_x02560: wk_cube=+17 du=-46.89 pairs=135 groups=11(direct 11) mad=0.0051/1.86 (comp 0)
[register] z04608_y03072_x02560: wk_cube=+17 du=-44.66 pairs=74 groups=10(direct 8) mad=0.0041/2.54 (comp 0)
[register] z04736_y03072_x02560: wk_cube=+6 du=-12.78 pairs=123 groups=10(direct 9) mad=0.0041/2.19 (comp 0)
[register] z04864_y03072_x02560: wk_cube=+9 du=-28.18 pairs=111 groups=12(direct 10) mad=0.0027/1.90 (comp 0)
[register] z04992_y03072_x02560: wk_cube=+12 du=-51.62 pairs=114 groups=9(direct 9) mad=0.0030/1.64 (comp 0)
[register] z05120_y03072_x02560: wk_cube=+13 du=-45.10 pairs=130 groups=12(direct 10) mad=0.0013/1.39 (comp 0)
[register] z05248_y03072_x02560: wk_cube=+16 du=-77.16 pairs=116 groups=9(direct 9) mad=0.0037/1.86 (comp 0)
[register] z05376_y03072_x02560: wk_cube=+20 du=-91.80 pairs=95 groups=9(direct 7) mad=0.0045/9.06 (comp 0)
[register] z05504_y03072_x02560: wk_cube=+20 du=-69.57 pairs=93 groups=9(direct 7) mad=0.0041/5.76 (comp 0)
[register] z04352_y03968_x02560: wk_cube=-2 du=-16.10 pairs=94 groups=19(direct 9) mad=0.0018/1.23 (comp 0)
[register] z04480_y03968_x02560: wk_cube=-5 du=-25.26 pairs=136 groups=11(direct 11) mad=0.0023/1.33 (comp 0)
[register] z04608_y03968_x02560: wk_cube=-6 du=-43.05 pairs=156 groups=9(direct 7) mad=0.0023/1.10 (comp 0)
[register] z04736_y03968_x02560: wk_cube=-10 du=-30.69 pairs=96 groups=12(direct 9) mad=0.0024/3.00 (comp 0)
[register] z04864_y03968_x02560: wk_cube=-11 du=-52.59 pairs=104 groups=10(direct 10) mad=0.0022/1.80 (comp 0)
[register] z04992_y03968_x02560: wk_cube=-13 du=-57.94 pairs=71 groups=11(direct 9) mad=0.0024/1.35 (comp 0)
[register] z05120_y03968_x02560: wk_cube=-15 du=-61.14 pairs=66 groups=10(direct 9) mad=0.0022/1.18 (comp 0)
[register] z05248_y03968_x02560: wk_cube=-15 du=0.60 pairs=72 groups=9(direct 9) mad=0.0022/1.52 (comp 0)
[register] z05376_y03968_x02560: wk_cube=-15 du=-58.42 pairs=61 groups=7(direct 7) mad=0.0028/1.45 (comp 0)
[register] z05504_y03968_x02560: wk_cube=-15 du=-58.70 pairs=91 groups=8(direct 7) mad=0.0031/1.62 (comp 0)
[register] z04352_y03968_x03072: wk_cube=-2 du=2.21 pairs=51 groups=11(direct 8) mad=0.0016/0.87 (comp 0)
[register] z04480_y03968_x03072: wk_cube=-4 du=6.02 pairs=79 groups=13(direct 10) mad=0.0020/1.48 (comp 0)
[register] z04608_y03968_x03072: wk_cube=-4 du=10.95 pairs=104 groups=10(direct 10) mad=0.0022/1.54 (comp 0)
[register] z04736_y03968_x03072: wk_cube=-5 du=7.97 pairs=116 groups=8(direct 8) mad=0.0017/2.94 (comp 0)
[register] z04864_y03968_x03072: wk_cube=-10 du=17.98 pairs=115 groups=10(direct 10) mad=0.0020/2.50 (comp 0)
[register] z04992_y03968_x03072: wk_cube=-12 du=14.62 pairs=98 groups=9(direct 9) mad=0.0021/2.37 (comp 0)
[register] z05120_y03968_x03072: wk_cube=-15 du=32.42 pairs=97 groups=11(direct 10) mad=0.0020/1.33 (comp 0)
[register] z05248_y03968_x03072: wk_cube=-16 du=-3.13 pairs=94 groups=12(direct 10) mad=0.0024/2.46 (comp 0)
[register] z05376_y03968_x03072: wk_cube=-17 du=3.03 pairs=100 groups=12(direct 11) mad=0.0022/1.55 (comp 0)
[register] z05504_y03968_x03072: wk_cube=-19 du=6.16 pairs=63 groups=9(direct 8) mad=0.0025/0.85 (comp 0)
[register] z04352_y03712_x02816: wk_cube=+7 du=-2.58 pairs=111 groups=10(direct 10) mad=0.0056/1.06 (comp 0)
[register] z04480_y03712_x02816: wk_cube=+4 du=-4.97 pairs=105 groups=7(direct 7) mad=6.2756/2495.53 (comp 0)
[register] z04608_y03712_x02816: wk_cube=+2 du=-20.69 pairs=125 groups=8(direct 8) mad=0.0059/6.59 (comp 0)
[register] z04736_y03712_x02816: wk_cube=-1 du=3.63 pairs=81 groups=5(direct 5) mad=0.0046/4.03 (comp 0)
[register] z04864_y03712_x02816: wk_cube=-2 du=4.76 pairs=90 groups=7(direct 7) mad=0.0036/3.71 (comp 0)
[register] z04992_y03712_x02816: wk_cube=-3 du=8.82 pairs=96 groups=8(direct 8) mad=0.0032/3.50 (comp 0)
[register] z05120_y03712_x02816: wk_cube=-6 du=7.34 pairs=83 groups=7(direct 7) mad=0.0064/3.96 (comp 0)
[register] z05248_y03712_x02816: wk_cube=-8 du=11.54 pairs=136 groups=9(direct 9) mad=0.0061/3.99 (comp 0)
[register] z05376_y03712_x02816: wk_cube=-8 du=33.23 pairs=148 groups=9(direct 9) mad=0.0067/6.02 (comp 0)
[register] z05504_y03712_x02816: wk_cube=-7 du=-0.80 pairs=90 groups=10(direct 7) mad=0.0030/3.48 (comp 0)
[register] z04480_y03072_x03072: wk_cube=+1 du=10.60 pairs=39 groups=6(direct 6) mad=0.0036/1.18 (comp 0)
[register] z04608_y03072_x03072: wk_cube=+3 du=39.08 pairs=36 groups=7(direct 5) mad=0.0024/0.63 (comp 0)
[register] z04736_y03072_x03072: wk_cube=+10 du=71.65 pairs=42 groups=9(direct 8) mad=0.0036/1.54 (comp 0)
[register] z04864_y03072_x03072: wk_cube=+9 du=37.71 pairs=98 groups=18(direct 10) mad=0.0057/3.29 (comp 0)
[register] z04992_y03072_x03072: wk_cube=+9 du=59.56 pairs=50 groups=9(direct 7) mad=0.0077/24.18 (comp 0)
[register] z05120_y03072_x03072: wk_cube=+7 du=30.42 pairs=89 groups=13(direct 8) mad=0.0040/1.14 (comp 0)
[register] z05248_y03072_x03072: wk_cube=+10 du=27.57 pairs=52 groups=18(direct 8) mad=0.0032/2.32 (comp 0)
[register] z05376_y03072_x03072: wk_cube=+8 du=41.94 pairs=56 groups=15(direct 6) mad=0.0057/5.30 (comp 0)
[register] z05504_y03072_x03072: wk_cube=+7 du=59.60 pairs=36 groups=24(direct 5) mad=0.0046/1.75 (comp 0)
[register] z04352_y03584_x03456: wk_cube=+2 du=-0.23 pairs=69 groups=7(direct 6) mad=0.0018/1.59 (comp 0)
[register] z04480_y03584_x03456: wk_cube=-4 du=44.91 pairs=99 groups=9(direct 8) mad=0.0019/2.36 (comp 0)
[register] z04608_y03584_x03456: wk_cube=-4 du=59.48 pairs=64 groups=9(direct 6) mad=0.0033/3.89 (comp 0)
[register] z04736_y03584_x03456: wk_cube=-5 du=43.72 pairs=47 groups=7(direct 6) mad=0.0021/2.09 (comp 0)
[register] z04864_y03584_x03456: wk_cube=-3 du=12.93 pairs=61 groups=7(direct 5) mad=0.0021/2.62 (comp 0)
[register] z04992_y03584_x03456: wk_cube=-4 du=62.80 pairs=40 groups=5(direct 5) mad=0.0025/0.72 (comp 0)
[register] z05120_y03584_x03456: wk_cube=-8 du=34.29 pairs=56 groups=5(direct 4) mad=0.0037/5.38 (comp 0)
[register] z05248_y03584_x03456: wk_cube=-5 du=27.74 pairs=45 groups=3(direct 3) mad=0.0038/5.88 (comp 0)
[register] z04480_y03072_x03456: wk_cube=+1 du=0.77 pairs=28 groups=4(direct 3) mad=0.0037/4.11 (comp 0)
[register] z04608_y03072_x03456: wk_cube=+1 du=11.62 pairs=35 groups=6(direct 2) mad=0.0022/3.06 (comp 0)
[register] z04736_y03072_x03456: wk_cube=+1 du=13.20 pairs=41 groups=4(direct 3) mad=0.0023/2.32 (comp 0)
[register] z04864_y03072_x03456: wk_cube=-1 du=24.05 pairs=36 groups=5(direct 4) mad=0.0024/1.25 (comp 0)
[register] z04992_y03072_x03456: wk_cube=-1 du=-1.40 pairs=44 groups=19(direct 2) mad=0.0049/4.16 (comp 0)
[register] z04608_y03584_x02560: wk_cube=+1 du=-1.23 pairs=30 groups=4(direct 3) mad=0.0102/1.63 (comp 0)
[register] z04736_y03584_x02560: wk_cube=+2 du=2.64 pairs=45 groups=6(direct 5) mad=0.0074/6.14 (comp 0)
[register] z04864_y03584_x02560: wk_cube=+5 du=-9.39 pairs=66 groups=6(direct 6) mad=0.0039/2.38 (comp 0)
[register] z04992_y03584_x02560: wk_cube=+6 du=-44.22 pairs=46 groups=6(direct 4) mad=0.0068/4.35 (comp 0)
[register] z05120_y03584_x02560: wk_cube=+4 du=-19.07 pairs=27 groups=5(direct 3) mad=0.0047/3.79 (comp 0)
[register] z05248_y03584_x02560: wk_cube=+3 du=-19.70 pairs=27 groups=3(direct 3) mad=0.0028/0.89 (comp 0)
[register] z04352_y03584_x03072: wk_cube=+3 du=-8.32 pairs=76 groups=10(direct 5) mad=0.0039/2.37 (comp 0)
[register] z04480_y03584_x03072: wk_cube=-2 du=11.11 pairs=40 groups=7(direct 6) mad=0.0043/1.18 (comp 0)
[register] z04608_y03584_x03072: wk_cube=+0 du=-4.14 pairs=56 groups=6(direct 3) mad=12.5653/4158.14 (comp 0)
[register] z04736_y03584_x03072: wk_cube=-2 du=3.25 pairs=68 groups=7(direct 5) mad=0.0078/1.51 (comp 0)
[register] z04864_y03584_x03072: wk_cube=-4 du=8.05 pairs=81 groups=9(direct 6) mad=0.0070/10.03 (comp 0)
[register] z04992_y03584_x03072: wk_cube=-7 du=55.96 pairs=122 groups=9(direct 7) mad=0.0058/6.55 (comp 0)
[register] z05120_y03584_x03072: wk_cube=-10 du=43.85 pairs=90 groups=11(direct 6) mad=0.0058/24.03 (comp 0)
[register] z05248_y03584_x03072: wk_cube=-12 du=24.51 pairs=75 groups=6(direct 4) mad=0.0104/45.02 (comp 0)
[register] z05376_y03584_x03072: wk_cube=-14 du=54.73 pairs=52 groups=6(direct 5) mad=6.2800/2190.65 (comp 0)
[register] z05504_y03584_x03072: wk_cube=-5 du=2.74 pairs=85 groups=8(direct 4) mad=6.2803/2195.12 (comp 0)
[register] z04352_y03840_x03328: wk_cube=-10 du=23.66 pairs=31 groups=6(direct 5) mad=0.0013/0.29 (comp 0)
[register] z04480_y03840_x03328: wk_cube=-10 du=38.61 pairs=73 groups=8(direct 7) mad=0.0018/1.74 (comp 0)
[register] z04608_y03840_x03328: wk_cube=-10 du=39.37 pairs=82 groups=12(direct 9) mad=0.0017/0.76 (comp 0)
[register] z04736_y03840_x03328: wk_cube=-13 du=52.02 pairs=121 groups=11(direct 10) mad=0.0021/4.10 (comp 0)
[register] z04864_y03840_x03328: wk_cube=-14 du=63.32 pairs=106 groups=7(direct 7) mad=0.0019/1.78 (comp 0)
[register] z04992_y03840_x03328: wk_cube=-15 du=79.52 pairs=159 groups=8(direct 6) mad=0.0039/3.89 (comp 0)
[register] z05120_y03840_x03328: wk_cube=-19 du=95.76 pairs=100 groups=8(direct 7) mad=0.0025/2.60 (comp 0)
[register] z05248_y03840_x03328: wk_cube=-21 du=30.15 pairs=188 groups=9(direct 9) mad=0.0031/3.43 (comp 0)
[register] z05376_y03840_x03328: wk_cube=-24 du=109.62 pairs=95 groups=12(direct 8) mad=0.0016/1.95 (comp 0)
[register] z05504_y03840_x03328: wk_cube=-20 du=32.30 pairs=117 groups=8(direct 8) mad=0.0014/0.73 (comp 0)
[register] z04352_y03840_x02304: wk_cube=-16 du=-74.85 pairs=24 groups=10(direct 4) mad=0.0015/0.10 (comp 0)
[register] z04480_y03840_x02304: wk_cube=-18 du=-88.76 pairs=100 groups=13(direct 9) mad=0.0017/1.88 (comp 0)
[register] z04608_y03840_x02304: wk_cube=-18 du=-82.66 pairs=97 groups=9(direct 7) mad=0.0016/1.69 (comp 0)
[register] z04736_y03840_x02304: wk_cube=-19 du=-72.60 pairs=72 groups=7(direct 5) mad=0.0045/4.56 (comp 0)
[register] z04864_y03840_x02304: wk_cube=-13 du=-52.62 pairs=104 groups=11(direct 8) mad=0.0018/1.28 (comp 0)
[register] z04992_y03840_x02304: wk_cube=-17 du=-59.95 pairs=110 groups=11(direct 8) mad=0.0023/1.76 (comp 0)
[register] z05120_y03840_x02304: wk_cube=-17 du=-56.51 pairs=96 groups=9(direct 7) mad=0.0021/2.28 (comp 0)
[register] z05248_y03840_x02304: wk_cube=-10 du=-22.04 pairs=89 groups=9(direct 7) mad=0.0017/1.45 (comp 0)
[register] z05376_y03840_x02304: wk_cube=-16 du=-62.86 pairs=119 groups=10(direct 7) mad=0.0013/1.14 (comp 0)
[register] z05504_y03840_x02304: wk_cube=-10 du=-15.97 pairs=64 groups=9(direct 6) mad=0.0020/1.41 (comp 0)
[register] z04352_y02816_x03328: wk_cube=-13 du=-45.82 pairs=30 groups=7(direct 5) mad=0.0014/0.50 (comp 0)
[register] z04480_y02816_x03328: wk_cube=-11 du=-75.01 pairs=89 groups=6(direct 6) mad=0.0026/3.83 (comp 0)
[register] z04608_y02816_x03328: wk_cube=-8 du=-41.67 pairs=59 groups=10(direct 4) mad=0.0020/3.60 (comp 0)
[register] z04736_y02816_x03328: wk_cube=-7 du=-40.20 pairs=37 groups=7(direct 5) mad=0.0018/2.73 (comp 0)
[register] z04864_y02816_x03328: wk_cube=-7 du=-41.78 pairs=48 groups=12(direct 8) mad=0.0019/1.83 (comp 0)
[register] z04992_y02816_x03328: wk_cube=-9 du=-72.90 pairs=62 groups=8(direct 8) mad=0.0027/1.91 (comp 0)
[register] z05120_y02816_x03328: wk_cube=-11 du=-60.20 pairs=42 groups=8(direct 5) mad=0.0024/1.47 (comp 0)
[register] z05248_y02816_x03328: wk_cube=-8 du=-32.99 pairs=40 groups=9(direct 6) mad=0.0019/1.07 (comp 0)
[register] z05376_y02816_x03328: wk_cube=-12 du=-43.73 pairs=50 groups=7(direct 7) mad=0.0020/1.14 (comp 0)
[register] z05504_y02816_x03328: wk_cube=-12 du=-49.28 pairs=84 groups=8(direct 7) mad=0.0031/0.89 (comp 0)
[register] z04352_y03968_x02432: wk_cube=-7 du=-20.65 pairs=83 groups=16(direct 8) mad=0.0019/1.85 (comp 0)
[register] z04480_y03968_x02432: wk_cube=-10 du=-35.27 pairs=102 groups=9(direct 9) mad=0.0036/2.93 (comp 0)
[register] z04608_y03968_x02432: wk_cube=-11 du=-51.02 pairs=131 groups=13(direct 10) mad=0.0016/1.24 (comp 0)
[register] z04736_y03968_x02432: wk_cube=-13 du=-45.15 pairs=109 groups=9(direct 9) mad=0.0018/1.79 (comp 0)
[register] z04864_y03968_x02432: wk_cube=-15 du=-36.44 pairs=117 groups=10(direct 10) mad=0.0017/1.64 (comp 0)
[register] z04992_y03968_x02432: wk_cube=-16 du=-36.27 pairs=111 groups=11(direct 10) mad=0.0021/2.01 (comp 0)
[register] z05120_y03968_x02432: wk_cube=-17 du=-75.80 pairs=193 groups=12(direct 10) mad=0.0020/1.32 (comp 0)
[register] z05248_y03968_x02432: wk_cube=-17 du=-65.89 pairs=111 groups=10(direct 10) mad=0.0020/1.30 (comp 0)
[register] z05376_y03968_x02432: wk_cube=-17 du=-70.73 pairs=100 groups=9(direct 7) mad=0.0015/1.05 (comp 0)
[register] z05504_y03968_x02432: wk_cube=-19 du=-71.09 pairs=99 groups=10(direct 7) mad=0.0015/0.75 (comp 0)
[register] z04352_y03968_x03200: wk_cube=-4 du=21.21 pairs=153 groups=11(direct 8) mad=0.0026/0.77 (comp 0)
[register] z04480_y03968_x03200: wk_cube=-7 du=13.33 pairs=101 groups=15(direct 10) mad=0.0016/1.14 (comp 0)
[register] z04608_y03968_x03200: wk_cube=-4 du=11.92 pairs=178 groups=9(direct 9) mad=0.0030/1.97 (comp 0)
[register] z04736_y03968_x03200: wk_cube=-10 du=40.98 pairs=81 groups=8(direct 7) mad=0.0024/2.89 (comp 0)
[register] z04864_y03968_x03200: wk_cube=-14 du=48.92 pairs=93 groups=9(direct 9) mad=0.0018/3.17 (comp 0)
[register] z04992_y03968_x03200: wk_cube=-17 du=54.90 pairs=100 groups=9(direct 9) mad=0.0016/2.15 (comp 0)
[register] z05120_y03968_x03200: wk_cube=-19 du=74.34 pairs=91 groups=9(direct 7) mad=0.0024/4.48 (comp 0)
[register] z05248_y03968_x03200: wk_cube=-19 du=72.22 pairs=119 groups=11(direct 10) mad=0.0017/1.45 (comp 0)
[register] z05376_y03968_x03200: wk_cube=-20 du=-1.89 pairs=136 groups=13(direct 13) mad=0.0017/1.75 (comp 0)
[register] z05504_y03968_x03200: wk_cube=-22 du=19.64 pairs=83 groups=10(direct 9) mad=0.0028/3.02 (comp 0)
[register] z04352_y02816_x02304: wk_cube=+11 du=-24.11 pairs=59 groups=10(direct 6) mad=0.0021/0.74 (comp 0)
[register] z04480_y02816_x02304: wk_cube=+11 du=-18.03 pairs=91 groups=12(direct 9) mad=0.0036/1.84 (comp 0)
[register] z04608_y02816_x02304: wk_cube=+4 du=0.02 pairs=128 groups=10(direct 8) mad=0.0033/4.96 (comp 0)
[register] z04736_y02816_x02304: wk_cube=+2 du=-3.47 pairs=152 groups=11(direct 9) mad=0.0048/4.04 (comp 0)
[register] z04864_y02816_x02304: wk_cube=+5 du=-13.91 pairs=138 groups=13(direct 7) mad=0.0046/7.99 (comp 0)
[register] z04992_y02816_x02304: wk_cube=+4 du=-22.83 pairs=123 groups=12(direct 9) mad=0.0031/2.39 (comp 0)
[register] z05120_y02816_x02304: wk_cube=+9 du=-23.02 pairs=133 groups=9(direct 7) mad=0.0026/1.46 (comp 0)
[register] z05248_y02816_x02304: wk_cube=+9 du=16.05 pairs=107 groups=10(direct 6) mad=0.0035/30.11 (comp 0)
[register] z05376_y02816_x02304: wk_cube=+12 du=7.11 pairs=145 groups=12(direct 9) mad=0.0015/2.10 (comp 0)
[register] z05504_y02816_x02304: wk_cube=+15 du=-68.98 pairs=136 groups=8(direct 8) mad=0.0038/9.78 (comp 0)
[register] z04352_y03712_x03456: wk_cube=-4 du=34.92 pairs=36 groups=6(direct 3) mad=0.0014/1.09 (comp 0)
[register] z04480_y03712_x03456: wk_cube=-6 du=41.68 pairs=75 groups=7(direct 6) mad=0.0024/2.26 (comp 0)
[register] z04608_y03712_x03456: wk_cube=-6 du=40.41 pairs=122 groups=9(direct 8) mad=0.0022/1.73 (comp 0)
[register] z04736_y03712_x03456: wk_cube=-12 du=95.47 pairs=115 groups=7(direct 7) mad=0.0031/2.39 (comp 0)
[register] z04864_y03712_x03456: wk_cube=-16 du=94.46 pairs=94 groups=8(direct 7) mad=0.0023/33.16 (comp 0)
[register] z04992_y03712_x03456: wk_cube=-18 du=109.04 pairs=91 groups=8(direct 7) mad=0.0020/1.57 (comp 0)
[register] z05120_y03712_x03456: wk_cube=-13 du=109.91 pairs=61 groups=6(direct 6) mad=0.0023/6.11 (comp 0)
[register] z05248_y03712_x03456: wk_cube=-12 du=46.08 pairs=45 groups=6(direct 6) mad=0.0023/2.10 (comp 0)
[register] z05376_y03712_x03456: wk_cube=-10 du=30.38 pairs=44 groups=4(direct 4) mad=0.0028/2.00 (comp 0)
[register] z05504_y03712_x03456: wk_cube=-14 du=37.24 pairs=48 groups=5(direct 5) mad=0.0019/1.58 (comp 0)
[register] z04352_y03072_x02688: wk_cube=+2 du=2.99 pairs=111 groups=11(direct 8) mad=0.0025/0.91 (comp 0)
[register] z04480_y03072_x02688: wk_cube=+17 du=-43.84 pairs=121 groups=12(direct 11) mad=0.0042/1.55 (comp 0)
[register] z04608_y03072_x02688: wk_cube=+7 du=9.52 pairs=105 groups=10(direct 8) mad=0.0054/3.34 (comp 0)
[register] z04736_y03072_x02688: wk_cube=+8 du=11.16 pairs=149 groups=12(direct 11) mad=0.0049/2.53 (comp 0)
[register] z04864_y03072_x02688: wk_cube=+12 du=-21.08 pairs=155 groups=13(direct 12) mad=0.0043/4.64 (comp 0)
[register] z04992_y03072_x02688: wk_cube=+13 du=16.40 pairs=131 groups=14(direct 9) mad=0.0038/4.93 (comp 0)
[register] z05120_y03072_x02688: wk_cube=+14 du=-44.66 pairs=87 groups=11(direct 8) mad=0.0043/1.85 (comp 0)
[register] z05248_y03072_x02688: wk_cube=+17 du=-59.07 pairs=160 groups=13(direct 13) mad=0.0034/2.81 (comp 0)
[register] z05376_y03072_x02688: wk_cube=+21 du=-74.56 pairs=126 groups=11(direct 10) mad=0.0046/8.32 (comp 0)
[register] z05504_y03072_x02688: wk_cube=+23 du=-95.91 pairs=114 groups=9(direct 9) mad=0.0053/7.60 (comp 0)
[register] z04352_y02944_x03456: wk_cube=-2 du=-14.51 pairs=36 groups=9(direct 6) mad=0.0013/1.22 (comp 0)
[register] z04480_y02944_x03456: wk_cube=-11 du=-37.98 pairs=43 groups=11(direct 6) mad=0.0015/2.47 (comp 0)
[register] z04608_y02944_x03456: wk_cube=+0 du=-31.31 pairs=24 groups=7(direct 4) mad=0.0013/0.99 (comp 0)
[register] z04352_y03200_x02560: wk_cube=+15 du=-33.25 pairs=42 groups=10(direct 5) mad=0.0041/1.07 (comp 0)
[register] z04480_y03200_x02560: wk_cube=+17 du=-43.64 pairs=99 groups=11(direct 7) mad=0.0043/3.37 (comp 0)
[register] z04608_y03200_x02560: wk_cube=+18 du=-51.05 pairs=114 groups=10(direct 8) mad=0.0043/3.72 (comp 0)
[register] z04736_y03200_x02560: wk_cube=+17 du=-38.12 pairs=160 groups=11(direct 10) mad=0.0061/2.18 (comp 0)
[register] z04864_y03200_x02560: wk_cube=+11 du=-50.98 pairs=164 groups=11(direct 10) mad=0.0061/2.62 (comp 0)
[register] z04992_y03200_x02560: wk_cube=+9 du=-31.55 pairs=270 groups=11(direct 10) mad=0.0043/1.35 (comp 0)
[register] z05120_y03200_x02560: wk_cube=+12 du=-50.76 pairs=133 groups=12(direct 10) mad=0.0039/1.52 (comp 0)
[register] z05248_y03200_x02560: wk_cube=+14 du=-57.03 pairs=126 groups=14(direct 13) mad=0.0032/3.01 (comp 0)
[register] z05376_y03200_x02560: wk_cube=+18 du=-111.84 pairs=118 groups=11(direct 11) mad=0.0049/5.15 (comp 0)
[register] z05504_y03200_x02560: wk_cube=+20 du=-109.29 pairs=90 groups=12(direct 9) mad=0.0029/4.34 (comp 0)
[register] z04352_y03072_x02944: wk_cube=+4 du=11.03 pairs=29 groups=7(direct 5) mad=0.0032/0.71 (comp 0)
[register] z04480_y03072_x02944: wk_cube=+6 du=17.67 pairs=47 groups=7(direct 7) mad=0.0042/1.14 (comp 0)
[register] z04608_y03072_x02944: wk_cube=+10 du=53.22 pairs=79 groups=8(direct 8) mad=0.0046/2.30 (comp 0)
[register] z04736_y03072_x02944: wk_cube=+12 du=71.75 pairs=86 groups=11(direct 9) mad=0.0036/1.36 (comp 0)
[register] z04864_y03072_x02944: wk_cube=+16 du=73.83 pairs=102 groups=11(direct 11) mad=0.0042/3.15 (comp 0)
[register] z04992_y03072_x02944: wk_cube=+16 du=98.55 pairs=61 groups=9(direct 9) mad=0.0045/2.62 (comp 0)
[register] z05120_y03072_x02944: wk_cube=+15 du=99.20 pairs=57 groups=9(direct 8) mad=0.0058/2.13 (comp 0)
[register] z05248_y03072_x02944: wk_cube=+15 du=96.58 pairs=84 groups=13(direct 8) mad=0.0036/3.50 (comp 0)
[register] z05376_y03072_x02944: wk_cube=+15 du=65.08 pairs=80 groups=14(direct 8) mad=0.0046/2.37 (comp 0)
[register] z05504_y03072_x02944: wk_cube=+17 du=63.09 pairs=55 groups=20(direct 8) mad=0.0059/1.82 (comp 0)
[register] z04352_y03200_x03072: wk_cube=-1 du=0.59 pairs=35 groups=6(direct 3) mad=0.0025/0.93 (comp 0)
[register] z04480_y03200_x03072: wk_cube=-1 du=14.21 pairs=50 groups=6(direct 6) mad=0.0086/3.44 (comp 0)
[register] z04608_y03200_x03072: wk_cube=+4 du=9.31 pairs=71 groups=7(direct 5) mad=0.0038/3.13 (comp 0)
[register] z04736_y03200_x03072: wk_cube=+5 du=28.13 pairs=43 groups=7(direct 5) mad=0.0023/1.02 (comp 0)
[register] z04864_y03200_x03072: wk_cube=+4 du=32.80 pairs=49 groups=11(direct 6) mad=0.0052/1.22 (comp 0)
[register] z04992_y03200_x03072: wk_cube=+5 du=41.14 pairs=48 groups=16(direct 7) mad=0.0058/1.69 (comp 0)
[register] z05120_y03200_x03072: wk_cube=+9 du=88.51 pairs=79 groups=20(direct 3) mad=0.0029/1.10 (comp 0)
[register] z04352_y03456_x02560: wk_cube=-2 du=-0.29 pairs=25 groups=6(direct 2) mad=0.0038/1.26 (comp 0)
[register] z04480_y03456_x02560: wk_cube=-1 du=2.06 pairs=67 groups=6(direct 6) mad=0.0121/2.50 (comp 0)
[register] z04608_y03456_x02560: wk_cube=+0 du=1.74 pairs=43 groups=5(direct 5) mad=0.0054/1.42 (comp 0)
[register] z04736_y03456_x02560: wk_cube=+7 du=-16.06 pairs=84 groups=6(direct 6) mad=0.0025/1.00 (comp 0)
[register] z04864_y03456_x02560: wk_cube=+5 du=-19.38 pairs=65 groups=7(direct 6) mad=0.0053/3.04 (comp 0)
[register] z04992_y03456_x02560: wk_cube=+11 du=-35.91 pairs=69 groups=5(direct 5) mad=0.0042/2.94 (comp 0)
[register] z05120_y03456_x02560: wk_cube=+10 du=-45.28 pairs=40 groups=4(direct 4) mad=0.0065/4.09 (comp 0)
[register] z04352_y03456_x03072: wk_cube=+2 du=-10.27 pairs=45 groups=8(direct 4) mad=0.0043/1.65 (comp 0)
[register] z04480_y03456_x03072: wk_cube=+1 du=-11.26 pairs=61 groups=9(direct 7) mad=0.0047/2.11 (comp 0)
[register] z04608_y03456_x03072: wk_cube=-1 du=-11.01 pairs=76 groups=9(direct 6) mad=6.2802/1684.94 (comp 0)
[register] z04736_y03456_x03072: wk_cube=-3 du=16.38 pairs=79 groups=7(direct 6) mad=0.0054/1.31 (comp 0)
[register] z04864_y03456_x03072: wk_cube=-5 du=21.18 pairs=95 groups=7(direct 6) mad=0.0049/1.76 (comp 0)
[register] z04992_y03456_x03072: wk_cube=-8 du=56.74 pairs=89 groups=4(direct 4) mad=0.0069/16.42 (comp 0)
[register] z05120_y03456_x03072: wk_cube=-10 du=63.93 pairs=64 groups=6(direct 4) mad=0.0060/4.89 (comp 0)
[register] z05248_y03456_x03072: wk_cube=-10 du=44.11 pairs=51 groups=7(direct 4) mad=0.0040/9.14 (comp 0)
[register] z05376_y03456_x03072: wk_cube=-13 du=55.09 pairs=107 groups=10(direct 4) mad=0.0027/0.43 (comp 0)
[register] z04352_y03584_x02944: wk_cube=+5 du=-11.80 pairs=48 groups=7(direct 5) mad=0.0026/0.98 (comp 0)
[register] z04480_y03584_x02944: wk_cube=+3 du=-10.92 pairs=74 groups=7(direct 6) mad=0.0042/0.98 (comp 0)
[register] z04608_y03584_x02944: wk_cube=+0 du=0.64 pairs=81 groups=7(direct 5) mad=0.0100/4.87 (comp 0)
[register] z04736_y03584_x02944: wk_cube=-1 du=3.50 pairs=99 groups=10(direct 8) mad=0.0052/1.31 (comp 0)
[register] z04864_y03584_x02944: wk_cube=-3 du=7.75 pairs=105 groups=9(direct 8) mad=0.0066/2.44 (comp 0)
[register] z04992_y03584_x02944: wk_cube=-5 du=46.94 pairs=206 groups=10(direct 8) mad=0.0067/3.56 (comp 0)
[register] z05120_y03584_x02944: wk_cube=-9 du=29.76 pairs=67 groups=12(direct 7) mad=0.0041/2.18 (comp 0)
[register] z05248_y03584_x02944: wk_cube=-9 du=38.35 pairs=92 groups=7(direct 5) mad=0.0049/1.11 (comp 0)
[register] z05376_y03584_x02944: wk_cube=-11 du=51.61 pairs=79 groups=7(direct 7) mad=0.0052/1.99 (comp 0)
[register] z05504_y03584_x02944: wk_cube=-7 du=4.14 pairs=43 groups=6(direct 3) mad=18.8467/3125.73 (comp 0)
[register] z04480_y03584_x02688: wk_cube=-1 du=-8.23 pairs=39 groups=6(direct 4) mad=0.0114/1.34 (comp 0)
[register] z04608_y03584_x02688: wk_cube=+1 du=-6.44 pairs=61 groups=7(direct 6) mad=0.0093/4.29 (comp 0)
[register] z04736_y03584_x02688: wk_cube=-1 du=4.84 pairs=57 groups=7(direct 4) mad=0.0055/1.86 (comp 0)
[register] z04864_y03584_x02688: wk_cube=-2 du=8.90 pairs=199 groups=10(direct 7) mad=0.0069/2.06 (comp 0)
[register] z04992_y03584_x02688: wk_cube=-1 du=1.88 pairs=55 groups=7(direct 5) mad=0.0065/1.31 (comp 0)
[register] z05120_y03584_x02688: wk_cube=-1 du=-2.48 pairs=60 groups=6(direct 4) mad=0.0045/3.35 (comp 0)
[register] z05248_y03584_x02688: wk_cube=-1 du=0.60 pairs=44 groups=10(direct 4) mad=0.0084/3.69 (comp 0)
[register] z05376_y03584_x02688: wk_cube=-1 du=-5.46 pairs=30 groups=8(direct 4) mad=0.0042/0.53 (comp 0)
[register] z04352_y03072_x02816: wk_cube=+9 du=19.62 pairs=84 groups=9(direct 9) mad=0.0040/1.17 (comp 0)
[register] z04480_y03072_x02816: wk_cube=+10 du=27.31 pairs=203 groups=10(direct 10) mad=0.0052/1.49 (comp 0)
[register] z04608_y03072_x02816: wk_cube=+15 du=61.11 pairs=150 groups=9(direct 9) mad=0.0040/7.95 (comp 0)
[register] z04736_y03072_x02816: wk_cube=+17 du=78.24 pairs=175 groups=11(direct 10) mad=0.0077/6.34 (comp 0)
[register] z04864_y03072_x02816: wk_cube=+19 du=89.78 pairs=205 groups=13(direct 11) mad=0.0081/11.87 (comp 0)
[register] z04992_y03072_x02816: wk_cube=+14 du=-1.54 pairs=144 groups=11(direct 10) mad=0.0060/4.74 (comp 0)
[register] z05120_y03072_x02816: wk_cube=+15 du=-49.11 pairs=141 groups=10(direct 10) mad=0.0074/6.33 (comp 0)
[register] z05248_y03072_x02816: wk_cube=+19 du=-31.24 pairs=347 groups=13(direct 11) mad=0.0069/2.42 (comp 0)
[register] z05376_y03072_x02816: wk_cube=+19 du=-50.77 pairs=134 groups=10(direct 9) mad=0.0063/10.22 (comp 0)
[register] z05504_y03072_x02816: wk_cube=+23 du=-113.62 pairs=167 groups=14(direct 8) mad=0.0051/81.78 (comp 0)
[register] z04352_y03328_x02560: wk_cube=+5 du=-11.45 pairs=74 groups=9(direct 7) mad=0.0046/3.39 (comp 0)
[register] z04480_y03328_x02560: wk_cube=+12 du=-30.31 pairs=99 groups=8(direct 8) mad=0.0065/3.82 (comp 0)
[register] z04608_y03328_x02560: wk_cube=+12 du=-25.62 pairs=111 groups=7(direct 7) mad=0.0106/5.31 (comp 0)
[register] z04736_y03328_x02560: wk_cube=+10 du=-25.75 pairs=91 groups=5(direct 5) mad=0.0051/3.99 (comp 0)
[register] z04864_y03328_x02560: wk_cube=+8 du=-29.11 pairs=76 groups=6(direct 6) mad=0.0063/5.68 (comp 0)
[register] z04992_y03328_x02560: wk_cube=+12 du=-58.66 pairs=209 groups=12(direct 10) mad=0.0058/3.30 (comp 0)
[register] z05120_y03328_x02560: wk_cube=+12 du=-82.98 pairs=104 groups=11(direct 11) mad=0.0039/1.17 (comp 0)
[register] z05248_y03328_x02560: wk_cube=+14 du=-90.40 pairs=148 groups=18(direct 12) mad=0.0041/2.55 (comp 0)
[register] z05376_y03328_x02560: wk_cube=+18 du=-131.75 pairs=49 groups=9(direct 5) mad=0.0032/1.88 (comp 0)
[register] z05504_y03328_x02560: wk_cube=+17 du=-94.86 pairs=35 groups=17(direct 4) mad=0.0053/3.34 (comp 0)
[register] z04352_y03328_x03072: wk_cube=+0 du=2.29 pairs=71 groups=8(direct 7) mad=0.0045/1.99 (comp 0)
[register] z04480_y03328_x03072: wk_cube=-1 du=-13.90 pairs=60 groups=6(direct 6) mad=0.0040/2.00 (comp 0)
[register] z04608_y03328_x03072: wk_cube=-2 du=-6.02 pairs=100 groups=6(direct 6) mad=0.0091/8.39 (comp 0)
[register] z04736_y03328_x03072: wk_cube=-2 du=14.15 pairs=82 groups=5(direct 5) mad=12.5681/3183.30 (comp 0)
[register] z04864_y03328_x03072: wk_cube=-2 du=26.21 pairs=43 groups=4(direct 4) mad=0.0036/1.27 (comp 0)
[register] z04992_y03328_x03072: wk_cube=+1 du=9.38 pairs=61 groups=8(direct 5) mad=0.0027/2.79 (comp 0)
[register] z05120_y03328_x03072: wk_cube=+3 du=34.60 pairs=34 groups=10(direct 5) mad=0.0048/0.64 (comp 0)
[register] z05376_y03328_x03072: wk_cube=+2 du=31.85 pairs=31 groups=8(direct 2) mad=0.0039/1.63 (comp 0)
[register] z04352_y03584_x02816: wk_cube=+6 du=-11.13 pairs=58 groups=6(direct 6) mad=0.0058/1.51 (comp 0)
[register] z04480_y03584_x02816: wk_cube=+1 du=9.57 pairs=79 groups=7(direct 6) mad=6.2776/1606.76 (comp 0)
[register] z04608_y03584_x02816: wk_cube=+1 du=2.85 pairs=158 groups=8(direct 8) mad=0.0054/3.01 (comp 0)
[register] z04736_y03584_x02816: wk_cube=+0 du=-5.68 pairs=119 groups=8(direct 7) mad=0.0076/4.31 (comp 0)
[register] z04864_y03584_x02816: wk_cube=-2 du=15.73 pairs=100 groups=7(direct 7) mad=0.0057/3.34 (comp 0)
[register] z04992_y03584_x02816: wk_cube=-3 du=15.30 pairs=116 groups=8(direct 6) mad=0.0103/6.66 (comp 0)
[register] z05120_y03584_x02816: wk_cube=-4 du=0.32 pairs=78 groups=6(direct 6) mad=0.0061/3.59 (comp 0)
[register] z05248_y03584_x02816: wk_cube=-5 du=13.50 pairs=81 groups=10(direct 5) mad=0.0084/0.91 (comp 0)
[register] z04352_y03968_x02304: wk_cube=-13 du=-43.65 pairs=116 groups=14(direct 8) mad=0.0027/1.82 (comp 0)
[register] z04480_y03968_x02304: wk_cube=-16 du=-76.71 pairs=118 groups=12(direct 10) mad=0.0025/2.34 (comp 0)
[register] z04608_y03968_x02304: wk_cube=-18 du=-77.18 pairs=74 groups=13(direct 9) mad=0.0022/0.81 (comp 0)
[register] z04736_y03968_x02304: wk_cube=-18 du=-68.05 pairs=83 groups=8(direct 8) mad=0.0016/0.95 (comp 0)
[register] z04864_y03968_x02304: wk_cube=-20 du=-46.21 pairs=94 groups=9(direct 7) mad=0.0015/1.43 (comp 0)
[register] z04992_y03968_x02304: wk_cube=-20 du=-74.38 pairs=124 groups=12(direct 11) mad=0.0019/1.14 (comp 0)
[register] z05120_y03968_x02304: wk_cube=-20 du=-75.87 pairs=297 groups=12(direct 11) mad=0.0022/0.77 (comp 0)
[register] z05248_y03968_x02304: wk_cube=-22 du=-51.45 pairs=126 groups=9(direct 8) mad=0.0014/0.79 (comp 0)
[register] z05376_y03968_x02304: wk_cube=-20 du=-72.86 pairs=138 groups=12(direct 10) mad=0.0037/1.06 (comp 0)
[register] z05504_y03968_x02304: wk_cube=-23 du=-76.31 pairs=137 groups=10(direct 9) mad=0.0028/1.41 (comp 0)
[register] z04352_y03968_x03328: wk_cube=-11 du=37.96 pairs=50 groups=10(direct 7) mad=0.0015/0.24 (comp 0)
[register] z04480_y03968_x03328: wk_cube=-13 du=19.41 pairs=95 groups=10(direct 9) mad=0.0018/0.87 (comp 0)
[register] z04608_y03968_x03328: wk_cube=-15 du=36.60 pairs=63 groups=7(direct 7) mad=0.0022/1.47 (comp 0)
[register] z04736_y03968_x03328: wk_cube=-15 du=47.87 pairs=72 groups=8(direct 8) mad=0.0018/3.28 (comp 0)
[register] z04864_y03968_x03328: wk_cube=-18 du=67.61 pairs=86 groups=10(direct 9) mad=0.0018/1.83 (comp 0)
[register] z04992_y03968_x03328: wk_cube=-21 du=96.98 pairs=143 groups=11(direct 10) mad=0.0015/0.93 (comp 0)
[register] z05120_y03968_x03328: wk_cube=-24 du=81.23 pairs=83 groups=9(direct 8) mad=0.0013/1.80 (comp 0)
[register] z05248_y03968_x03328: wk_cube=-22 du=49.21 pairs=145 groups=12(direct 11) mad=0.0022/1.69 (comp 0)
[register] z05376_y03968_x03328: wk_cube=-24 du=108.30 pairs=140 groups=12(direct 11) mad=0.0021/2.15 (comp 0)
[register] z05504_y03968_x03328: wk_cube=-26 du=146.29 pairs=101 groups=9(direct 9) mad=0.0013/1.62 (comp 0)
[register] z04352_y03840_x03456: wk_cube=-15 du=56.35 pairs=60 groups=7(direct 4) mad=0.0013/0.53 (comp 0)
[register] z04480_y03840_x03456: wk_cube=-14 du=50.18 pairs=73 groups=6(direct 6) mad=0.0017/1.52 (comp 0)
[register] z04608_y03840_x03456: wk_cube=-15 du=46.18 pairs=90 groups=11(direct 7) mad=0.0014/1.40 (comp 0)
[register] z04736_y03840_x03456: wk_cube=-18 du=92.21 pairs=100 groups=10(direct 8) mad=0.0020/2.11 (comp 0)
[register] z04864_y03840_x03456: wk_cube=-16 du=59.47 pairs=163 groups=7(direct 6) mad=0.0025/0.77 (comp 0)
[register] z04992_y03840_x03456: wk_cube=-23 du=80.14 pairs=94 groups=7(direct 7) mad=0.0014/2.04 (comp 0)
[register] z05120_y03840_x03456: wk_cube=-24 du=113.57 pairs=67 groups=7(direct 5) mad=0.0013/1.33 (comp 0)
[register] z05248_y03840_x03456: wk_cube=-25 du=91.09 pairs=117 groups=9(direct 9) mad=0.0016/1.64 (comp 0)
[register] z05376_y03840_x03456: wk_cube=-27 du=123.61 pairs=96 groups=9(direct 7) mad=0.0016/1.37 (comp 0)
[register] z05504_y03840_x03456: wk_cube=-29 du=132.00 pairs=95 groups=8(direct 6) mad=0.0014/2.23 (comp 0)
[register] z04352_y02816_x03456: wk_cube=-19 du=-87.31 pairs=35 groups=8(direct 3) mad=0.0016/1.22 (comp 0)
[register] z04480_y02816_x03456: wk_cube=-16 du=-61.41 pairs=53 groups=10(direct 6) mad=0.0023/0.70 (comp 0)
[register] z04992_y02816_x03456: wk_cube=+0 du=-1.06 pairs=92 groups=13(direct 7) mad=0.0033/1.76 (comp 0)
[register] z05120_y02816_x03456: wk_cube=-18 du=-71.74 pairs=34 groups=11(direct 5) mad=0.0017/1.46 (comp 0)
[register] z05248_y02816_x03456: wk_cube=-15 du=-93.91 pairs=52 groups=10(direct 6) mad=0.0019/1.72 (comp 0)
[register] z05376_y02816_x03456: wk_cube=-19 du=-77.70 pairs=65 groups=8(direct 7) mad=0.0014/1.50 (comp 0)
[register] z05504_y02816_x03456: wk_cube=-17 du=-73.44 pairs=68 groups=8(direct 7) mad=0.0014/0.88 (comp 0)
[register] z04352_y03200_x02688: wk_cube=+17 du=-38.61 pairs=59 groups=11(direct 5) mad=0.0055/1.47 (comp 0)
[register] z04480_y03200_x02688: wk_cube=+19 du=-45.05 pairs=106 groups=10(direct 8) mad=0.0069/2.00 (comp 0)
[register] z04608_y03200_x02688: wk_cube=+21 du=-49.58 pairs=308 groups=11(direct 9) mad=0.0033/1.43 (comp 0)
[register] z04736_y03200_x02688: wk_cube=+21 du=-56.87 pairs=99 groups=10(direct 10) mad=0.0043/1.10 (comp 0)
[register] z04864_y03200_x02688: wk_cube=+24 du=-74.21 pairs=107 groups=10(direct 9) mad=0.0051/3.28 (comp 0)
[register] z04992_y03200_x02688: wk_cube=+12 du=19.90 pairs=226 groups=12(direct 12) mad=0.0056/1.51 (comp 0)
[register] z05120_y03200_x02688: wk_cube=+20 du=-101.67 pairs=120 groups=9(direct 9) mad=0.0068/4.71 (comp 0)
[register] z05248_y03200_x02688: wk_cube=+19 du=-61.39 pairs=123 groups=14(direct 13) mad=0.0051/3.23 (comp 0)
[register] z05376_y03200_x02688: wk_cube=+22 du=-119.08 pairs=141 groups=16(direct 10) mad=0.0040/8.64 (comp 0)
[register] z05504_y03200_x02688: wk_cube=+25 du=-44.91 pairs=114 groups=12(direct 9) mad=0.0051/13.78 (comp 0)
[register] z04480_y03200_x02944: wk_cube=+2 du=-0.35 pairs=46 groups=8(direct 7) mad=0.0041/0.94 (comp 0)
[register] z04608_y03200_x02944: wk_cube=+7 du=16.51 pairs=70 groups=9(direct 7) mad=0.0064/1.42 (comp 0)
[register] z04736_y03200_x02944: wk_cube=+13 du=62.26 pairs=124 groups=14(direct 8) mad=0.0048/2.29 (comp 0)
[register] z04864_y03200_x02944: wk_cube=+12 du=53.57 pairs=74 groups=17(direct 9) mad=0.0043/1.61 (comp 0)
[register] z04992_y03200_x02944: wk_cube=+15 du=59.78 pairs=63 groups=17(direct 6) mad=0.0048/3.96 (comp 0)
[register] z05120_y03200_x02944: wk_cube=+17 du=100.19 pairs=51 groups=14(direct 6) mad=0.0087/3.36 (comp 0)
[register] z05248_y03200_x02944: wk_cube=+18 du=65.47 pairs=36 groups=10(direct 6) mad=0.0062/2.96 (comp 0)
[register] z05376_y03200_x02944: wk_cube=+15 du=76.02 pairs=76 groups=5(direct 2) mad=0.0090/1.60 (comp 0)
[register] z04480_y03456_x02688: wk_cube=+0 du=-0.13 pairs=73 groups=6(direct 6) mad=0.0120/3.25 (comp 0)
[register] z04608_y03456_x02688: wk_cube=-1 du=2.73 pairs=63 groups=7(direct 4) mad=0.0119/14.85 (comp 0)
[register] z04736_y03456_x02688: wk_cube=+0 du=-4.92 pairs=71 groups=6(direct 6) mad=0.0080/3.65 (comp 0)
[register] z04864_y03456_x02688: wk_cube=+0 du=-1.34 pairs=65 groups=6(direct 6) mad=0.0032/0.70 (comp 0)
[register] z04992_y03456_x02688: wk_cube=+3 du=-19.77 pairs=49 groups=10(direct 7) mad=0.0054/1.23 (comp 0)
[register] z05120_y03456_x02688: wk_cube=+4 du=-13.15 pairs=35 groups=7(direct 6) mad=0.0035/0.76 (comp 0)
[register] z04352_y03456_x02944: wk_cube=+6 du=-22.72 pairs=42 groups=9(direct 5) mad=0.0050/1.29 (comp 0)
[register] z04480_y03456_x02944: wk_cube=+3 du=-5.10 pairs=69 groups=7(direct 6) mad=0.0083/3.20 (comp 0)
[register] z04608_y03456_x02944: wk_cube=+1 du=-3.49 pairs=108 groups=6(direct 5) mad=0.0175/17.12 (comp 0)
[register] z04736_y03456_x02944: wk_cube=-1 du=-0.26 pairs=70 groups=6(direct 3) mad=0.0057/2.05 (comp 0)
[register] z04864_y03456_x02944: wk_cube=-3 du=2.30 pairs=53 groups=5(direct 3) mad=0.0090/10.25 (comp 0)
[register] z04992_y03456_x02944: wk_cube=-4 du=-1.05 pairs=60 groups=6(direct 4) mad=0.0081/3.16 (comp 0)
[register] z05120_y03456_x02944: wk_cube=-8 du=7.67 pairs=49 groups=5(direct 4) mad=0.0036/1.93 (comp 0)
[register] z05248_y03456_x02944: wk_cube=-5 du=42.30 pairs=31 groups=8(direct 3) mad=0.0047/1.72 (comp 0)
[register] z04352_y03968_x03456: wk_cube=-17 du=59.09 pairs=56 groups=9(direct 7) mad=0.0016/1.54 (comp 0)
[register] z04480_y03968_x03456: wk_cube=-17 du=59.12 pairs=80 groups=15(direct 10) mad=0.0019/1.09 (comp 0)
[register] z04608_y03968_x03456: wk_cube=-20 du=91.39 pairs=67 groups=6(direct 6) mad=0.0015/2.60 (comp 0)
[register] z04736_y03968_x03456: wk_cube=-20 du=97.00 pairs=192 groups=10(direct 9) mad=0.0016/0.85 (comp 0)
[register] z04864_y03968_x03456: wk_cube=-22 du=115.95 pairs=98 groups=10(direct 9) mad=0.0010/0.60 (comp 0)
[register] z04992_y03968_x03456: wk_cube=-25 du=88.85 pairs=100 groups=9(direct 9) mad=0.0014/0.72 (comp 0)
[register] z05120_y03968_x03456: wk_cube=-23 du=115.35 pairs=169 groups=9(direct 8) mad=0.0021/0.93 (comp 0)
[register] z05248_y03968_x03456: wk_cube=-29 du=68.28 pairs=102 groups=9(direct 9) mad=0.0009/2.30 (comp 0)
[register] z05376_y03968_x03456: wk_cube=-32 du=130.85 pairs=130 groups=9(direct 9) mad=0.0009/1.68 (comp 0)
[register] z05504_y03968_x03456: wk_cube=-30 du=119.95 pairs=90 groups=8(direct 7) mad=0.0016/1.27 (comp 0)
[register] z04352_y03200_x02816: wk_cube=+5 du=11.08 pairs=134 groups=9(direct 8) mad=0.0097/1.03 (comp 0)
[register] z04480_y03200_x02816: wk_cube=+12 du=37.58 pairs=117 groups=9(direct 8) mad=0.0166/6.22 (comp 0)
[register] z04608_y03200_x02816: wk_cube=+14 du=41.12 pairs=179 groups=11(direct 10) mad=0.0072/2.41 (comp 0)
[register] z04736_y03200_x02816: wk_cube=+20 du=-49.26 pairs=129 groups=11(direct 8) mad=0.0093/14.08 (comp 0)
[register] z04864_y03200_x02816: wk_cube=+22 du=131.76 pairs=148 groups=11(direct 10) mad=0.0088/10.36 (comp 0)
[register] z04992_y03200_x02816: wk_cube=+21 du=79.81 pairs=212 groups=11(direct 11) mad=0.0143/6.96 (comp 0)
[register] z05120_y03200_x02816: wk_cube=+23 du=101.40 pairs=149 groups=10(direct 10) mad=0.0141/15.70 (comp 0)
[register] z05248_y03200_x02816: wk_cube=+24 du=101.92 pairs=145 groups=10(direct 10) mad=0.0136/22.56 (comp 0)
[register] z05376_y03200_x02816: wk_cube=+23 du=-65.34 pairs=239 groups=12(direct 11) mad=0.0202/227.89 (comp 0)
[register] z05504_y03200_x02816: wk_cube=+25 du=100.80 pairs=265 groups=15(direct 12) mad=0.0112/6.15 (comp 0)
[register] z04352_y03328_x02688: wk_cube=+15 du=-42.99 pairs=87 groups=7(direct 7) mad=0.0072/2.38 (comp 0)
[register] z04480_y03328_x02688: wk_cube=+17 du=-44.34 pairs=94 groups=6(direct 6) mad=0.0124/6.78 (comp 0)
[register] z04608_y03328_x02688: wk_cube=+20 du=-70.51 pairs=136 groups=7(direct 7) mad=0.0224/6.22 (comp 0)
[register] z04736_y03328_x02688: wk_cube=+20 du=-57.32 pairs=94 groups=7(direct 7) mad=0.0108/2.71 (comp 0)
[register] z04864_y03328_x02688: wk_cube=+12 du=-59.02 pairs=95 groups=7(direct 7) mad=0.0070/4.75 (comp 0)
[register] z04992_y03328_x02688: wk_cube=+14 du=-81.56 pairs=81 groups=12(direct 6) mad=0.0048/4.56 (comp 0)
[register] z05120_y03328_x02688: wk_cube=+21 du=-74.85 pairs=157 groups=12(direct 7) mad=0.0135/5.94 (comp 0)
[register] z05248_y03328_x02688: wk_cube=+21 du=-112.66 pairs=92 groups=9(direct 8) mad=0.0077/3.54 (comp 0)
[register] z05376_y03328_x02688: wk_cube=+21 du=-136.32 pairs=63 groups=11(direct 8) mad=0.0059/6.12 (comp 0)
[register] z05504_y03328_x02688: wk_cube=+25 du=-170.20 pairs=94 groups=12(direct 9) mad=0.0105/8.61 (comp 0)
[register] z04352_y03328_x02944: wk_cube=+3 du=-20.10 pairs=50 groups=7(direct 5) mad=0.0084/1.65 (comp 0)
[register] z04480_y03328_x02944: wk_cube=+2 du=-15.00 pairs=46 groups=6(direct 4) mad=0.0076/1.60 (comp 0)
[register] z04608_y03328_x02944: wk_cube=+3 du=-10.16 pairs=33 groups=3(direct 2) mad=0.0129/5.35 (comp 0)
[register] z04736_y03328_x02944: wk_cube=+2 du=-6.24 pairs=99 groups=4(direct 4) mad=0.0122/4.23 (comp 0)
[register] z04864_y03328_x02944: wk_cube=+3 du=63.57 pairs=60 groups=7(direct 4) mad=0.0065/1.37 (comp 0)
[register] z04992_y03328_x02944: wk_cube=+0 du=32.43 pairs=59 groups=11(direct 6) mad=0.0091/1.60 (comp 0)
[register] z05248_y03328_x02944: wk_cube=-1 du=75.15 pairs=32 groups=9(direct 3) mad=0.0130/2.02 (comp 0)
[register] z04352_y03456_x02816: wk_cube=+6 du=-24.90 pairs=84 groups=8(direct 7) mad=0.0103/3.75 (comp 0)
[register] z04480_y03456_x02816: wk_cube=+5 du=-2.80 pairs=107 groups=9(direct 7) mad=0.0075/13.39 (comp 0)
[register] z04608_y03456_x02816: wk_cube=+4 du=-13.95 pairs=101 groups=6(direct 5) mad=0.0128/3.00 (comp 0)
[register] z04736_y03456_x02816: wk_cube=+3 du=-12.69 pairs=24 groups=8(direct 3) mad=0.0118/1.26 (comp 0)
[register] z05504_y03456_x02816: wk_cube=+0 du=-0.44 pairs=41 groups=14(direct 6) mad=0.0104/1.96 (comp 0)
[register] z04352_y03328_x02816: wk_cube=+18 du=-36.56 pairs=43 groups=6(direct 3) mad=0.0257/4.01 (comp 0)
[register] z04480_y03328_x02816: wk_cube=+6 du=16.56 pairs=67 groups=5(direct 5) mad=0.0382/16.31 (comp 0)
[register] z04608_y03328_x02816: wk_cube=+11 du=-28.70 pairs=91 groups=5(direct 5) mad=6.2725/770.87 (comp 0)
[register] z04736_y03328_x02816: wk_cube=+19 du=70.67 pairs=112 groups=5(direct 5) mad=0.0712/27.84 (comp 0)
[register] z04864_y03328_x02816: wk_cube=+22 du=85.06 pairs=73 groups=10(direct 6) mad=0.0287/8.99 (comp 0)
[register] z04992_y03328_x02816: wk_cube=+25 du=-54.38 pairs=121 groups=9(direct 6) mad=0.0258/7.83 (comp 0)
[register] z05120_y03328_x02816: wk_cube=+21 du=88.40 pairs=91 groups=10(direct 7) mad=6.2918/447.03 (comp 0)
[register] z05248_y03328_x02816: wk_cube=+17 du=-46.80 pairs=109 groups=11(direct 8) mad=0.0338/10.53 (comp 0)
[register] z05376_y03328_x02816: wk_cube=+23 du=-122.43 pairs=79 groups=12(direct 9) mad=0.0174/8.99 (comp 0)
[register] z05504_y03328_x02816: wk_cube=+28 du=-131.78 pairs=110 groups=16(direct 9) mad=0.0121/8.17 (comp 0)
[register/defer] z04480_y03456_x02304: wk_cube=+1 du=4.64 pairs=77
[register/defer] z04608_y03456_x02304: wk_cube=+0 du=0.27 pairs=66
[register/defer] z04992_y03456_x02304: wk_cube=+1 du=-8.16 pairs=69
[register/defer] z05120_y03456_x02304: wk_cube=+0 du=0.36 pairs=46
[register/defer] z04992_y03200_x02304: wk_cube=+0 du=1.46 pairs=138
[register/defer] z05376_y03200_x02304: wk_cube=+5 du=-30.22 pairs=37
[register/defer] z04352_y03584_x02304: wk_cube=-1 du=0.59 pairs=47
[register/defer] z04480_y03584_x02304: wk_cube=+0 du=0.00 pairs=52
[register/defer] z04864_y03584_x02304: wk_cube=+0 du=-9.34 pairs=40
[register/defer] z05120_y03584_x02304: wk_cube=-1 du=18.24 pairs=40
[register/defer] z04352_y02944_x02432: wk_cube=+0 du=1.13 pairs=104
[register/defer] z04480_y02944_x02432: wk_cube=+0 du=0.20 pairs=106
[register/defer] z04352_y02816_x02688: wk_cube=+0 du=0.05 pairs=101
[register/defer] z04352_y02816_x02944: wk_cube=+0 du=-4.92 pairs=69
[register/defer] z04352_y02816_x03072: wk_cube=-4 du=-8.58 pairs=96
[register/defer] z04352_y02944_x03072: wk_cube=+0 du=0.00 pairs=83
[register/defer] z04992_y02944_x03200: wk_cube=+0 du=2.52 pairs=54
[register/defer] z05120_y02944_x03200: wk_cube=+0 du=5.16 pairs=46
[register/defer] z05248_y02944_x03200: wk_cube=+2 du=19.76 pairs=41
[register/defer] z05376_y02944_x03200: wk_cube=+0 du=5.97 pairs=36
[register/defer] z04352_y03072_x03200: wk_cube=+0 du=0.05 pairs=41
[register/defer] z04352_y03072_x03328: wk_cube=+0 du=2.44 pairs=87
[register/defer] z04352_y03200_x03328: wk_cube=+0 du=4.59 pairs=40
[register/defer] z04608_y03200_x03328: wk_cube=+0 du=-0.55 pairs=73
[register/defer] z04736_y03200_x03328: wk_cube=+0 du=0.00 pairs=65
[register/defer] z04864_y03200_x03328: wk_cube=+1 du=-4.67 pairs=49
[register/defer] z04992_y03200_x03328: wk_cube=-1 du=10.44 pairs=34
[register/defer] z05120_y03200_x03328: wk_cube=+2 du=3.32 pairs=29
[register/defer] z05248_y03200_x03328: wk_cube=+0 du=0.59 pairs=44
[register/defer] z05504_y03200_x03328: wk_cube=+0 du=0.77 pairs=37
[register/defer] z04352_y03328_x03328: wk_cube=+0 du=0.41 pairs=29
[register/defer] z04352_y03456_x03328: wk_cube=+0 du=0.00 pairs=76
[register/defer] z04608_y03456_x03328: wk_cube=+0 du=-0.60 pairs=77
[register/defer] z04736_y03456_x03328: wk_cube=+0 du=-2.27 pairs=69
[register/defer] z04864_y03456_x03328: wk_cube=+0 du=-0.28 pairs=98
[register/defer] z05120_y03456_x03328: wk_cube=+0 du=-0.88 pairs=77
[register/defer] z05504_y03456_x03328: wk_cube=+0 du=-1.13 pairs=41
[register/defer] z04352_y03584_x03328: wk_cube=+0 du=0.00 pairs=151
[register/defer] z04864_y03584_x03328: wk_cube=+1 du=44.52 pairs=88
[register/defer] z04480_y03072_x03328: wk_cube=+0 du=-0.92 pairs=56
[register/defer] z04608_y03072_x03328: wk_cube=+0 du=3.61 pairs=54
[register/defer] z04864_y03072_x03200: wk_cube=+2 du=22.12 pairs=60
[register/defer] z04992_y03072_x03200: wk_cube=+3 du=36.60 pairs=49
[register/defer] z05120_y03072_x03200: wk_cube=+0 du=0.14 pairs=72
[register/defer] z05248_y03072_x03200: wk_cube=+1 du=-12.67 pairs=57
[register/defer] z05376_y03072_x03200: wk_cube=+1 du=10.60 pairs=68
[register/defer] z04352_y03584_x02432: wk_cube=-2 du=3.40 pairs=32
[register/defer] z04608_y03712_x02432: wk_cube=-1 du=7.03 pairs=90
[register/defer] z04736_y03712_x02432: wk_cube=+0 du=-0.27 pairs=89
[register/defer] z04864_y03712_x02432: wk_cube=+0 du=0.60 pairs=77
[register/defer] z05248_y03712_x02432: wk_cube=-6 du=0.23 pairs=94
[register/defer] z05376_y03712_x02432: wk_cube=-2 du=-2.73 pairs=31
[register/defer] z05504_y03712_x02432: wk_cube=-8 du=49.61 pairs=33
[register/defer] z04736_y03584_x02432: wk_cube=+8 du=-38.03 pairs=43
[register/defer] z04992_y03584_x02432: wk_cube=+2 du=-8.97 pairs=25
[register/defer] z05120_y03584_x02432: wk_cube=+0 du=1.61 pairs=49
[register/defer] z04352_y03584_x03200: wk_cube=+0 du=2.25 pairs=126
[register/defer] z05248_y03712_x03200: wk_cube=+0 du=-2.45 pairs=155
[register/defer] z04352_y03840_x03072: wk_cube=+0 du=0.08 pairs=111
[register/defer] z05376_y03840_x02944: wk_cube=-1 du=-0.72 pairs=95
[register/defer] z04992_y03840_x02688: wk_cube=-3 du=-38.15 pairs=81
[register/defer] z05120_y03840_x02688: wk_cube=-5 du=-6.57 pairs=71
[register/defer] z05248_y03840_x02688: wk_cube=-4 du=2.16 pairs=132
[register/defer] z05376_y03840_x02688: wk_cube=+0 du=-0.66 pairs=126
[register/defer] z05504_y03840_x02688: wk_cube=+0 du=-0.47 pairs=80
[register/defer] z04736_y03712_x02560: wk_cube=+0 du=-1.26 pairs=56
[register/defer] z04992_y03712_x02560: wk_cube=+0 du=0.90 pairs=71
[register/defer] z05120_y03712_x02560: wk_cube=+0 du=-0.69 pairs=47
[register/defer] z05376_y03712_x02560: wk_cube=+0 du=0.53 pairs=33
[register/defer] z05376_y03712_x02304: wk_cube=+0 du=-4.57 pairs=38
[register/defer] z04480_y03328_x03456: wk_cube=-1 du=2.79 pairs=38
[register/defer] z04608_y03328_x03456: wk_cube=+0 du=-0.95 pairs=42
[register/defer] z04736_y03328_x03456: wk_cube=+0 du=-5.23 pairs=48
[register/defer] z04864_y03328_x03456: wk_cube=+0 du=-0.66 pairs=59
[register/defer] z05120_y03328_x03456: wk_cube=-5 du=33.49 pairs=51
[register/defer] z05248_y03328_x03456: wk_cube=-3 du=1.67 pairs=35
[register/defer] z05376_y03328_x03456: wk_cube=-4 du=35.61 pairs=32
[register/defer] z05504_y03328_x03456: wk_cube=-6 du=-21.01 pairs=26
[register/defer] z04864_y03200_x03200: wk_cube=+0 du=0.29 pairs=58
[register/defer] z04992_y03200_x03200: wk_cube=+0 du=1.45 pairs=44
[register/defer] z04992_y02944_x03328: wk_cube=-2 du=44.95 pairs=48
[register/defer] z05120_y02944_x03328: wk_cube=+0 du=-1.06 pairs=47
[register/defer] z04352_y03456_x02432: wk_cube=-1 du=0.45 pairs=41
[register/defer] z04480_y03456_x02432: wk_cube=+0 du=2.81 pairs=57
[register/defer] z04864_y03456_x02432: wk_cube=+7 du=-22.07 pairs=46
[register/defer] z04992_y03456_x02432: wk_cube=+6 du=-35.35 pairs=56
[register/defer] z04352_y03456_x03456: wk_cube=+0 du=-0.77 pairs=74
[register/defer] z04736_y03456_x03456: wk_cube=+0 du=0.00 pairs=55
[register/defer] z05376_y03456_x03456: wk_cube=-2 du=-1.95 pairs=36
[register/defer] z04480_y03200_x03456: wk_cube=+0 du=-5.49 pairs=30
[register/defer] z04864_y03200_x03456: wk_cube=-1 du=0.23 pairs=44
[register/defer] z04352_y03072_x03072: wk_cube=+0 du=0.75 pairs=81
[register/defer] z05376_y03584_x03456: wk_cube=-4 du=7.45 pairs=40
[register/defer] z05504_y03584_x03456: wk_cube=-1 du=-0.66 pairs=34
[register/defer] z04352_y03072_x03456: wk_cube=+0 du=-1.67 pairs=37
[register/defer] z04352_y03584_x02560: wk_cube=+0 du=0.08 pairs=59
[register/defer] z04480_y03584_x02560: wk_cube=+0 du=-0.65 pairs=98
[register/defer] z05376_y03584_x02560: wk_cube=+2 du=-13.13 pairs=26
[register/defer] z04864_y02944_x03456: wk_cube=-1 du=6.69 pairs=27
[register/defer] z04992_y02944_x03456: wk_cube=+0 du=-8.86 pairs=45
[register/defer] z05120_y02944_x03456: wk_cube=+0 du=0.00 pairs=33
[register/defer] z05248_y03200_x03072: wk_cube=+8 du=43.46 pairs=24
[register/defer] z05248_y03456_x02560: wk_cube=+10 du=-69.40 pairs=37
[register/defer] z04352_y03584_x02688: wk_cube=+2 du=0.68 pairs=89
[register/defer] z05504_y03584_x02816: wk_cube=-2 du=-5.24 pairs=29
[register/defer] z04864_y02816_x03456: wk_cube=-15 du=-78.69 pairs=31
[register/defer] z04352_y03200_x02944: wk_cube=+0 du=1.74 pairs=84
[register/defer] z05504_y03200_x02944: wk_cube=+18 du=-155.33 pairs=45
[register/defer] z04352_y03456_x02688: wk_cube=+9 du=-29.25 pairs=309
[register/defer] z05248_y03456_x02688: wk_cube=+13 du=-90.16 pairs=32
[register/defer] z05376_y03456_x02944: wk_cube=-1 du=7.61 pairs=50
[register/defer] z05504_y03456_x02944: wk_cube=+0 du=1.52 pairs=142
[register/defer] z05120_y03328_x02944: wk_cube=-1 du=74.37 pairs=40
[register/defer] z05376_y03456_x02816: wk_cube=+0 du=0.09 pairs=34
[register] 998 cubes registered, 181 low-conf (126 recovered in 2nd pass), 927 whole-turn corrections, 0.3s
[register] sweep 1: 944/998 cubes re-solved, 650 integer changes
[register] sweep 2: 944/998 cubes re-solved, 305 integer changes
[register] sweep 3: 944/998 cubes re-solved, 104 integer changes
[register] sweep 4: 944/998 cubes re-solved, 37 integer changes
[register] sweep 5: 944/998 cubes re-solved, 6 integer changes
[register] sweep 6: 944/998 cubes re-solved, 3 integer changes
[register] sweep 7: 944/998 cubes re-solved, 0 integer changes
[finalize] done (0 failed) in 0.8s
[index] output\pherc0139_10x10x10_gpu_run_20260730\placed/placed_index.json: 998 ok / 1 skipped / 54 low-conf / 934 turn-corrected; u span 250524 vox, v span 1280 vox
scroll_whole: OK (total 9.7s)
