[tiled_atlas] grid=10x10x10, cubes=998, tiles=64, core=3, halo=1, sweeps=1
[tiled_atlas] global wind + ladder calibration seed
[overlap_fix] production preset: large-grid bounded
[overlap_fix] 998 cubes, 1171938 vertices, 1762542 faces, pitch=11.39
[overlap_fix]   label charts               t=0.0s
[overlap_fix]   build neighbours           t=0.2s
[overlap_fix]   label groups               t=2.6s
[overlap_fix]   uv index: raw              t=2.6s
[overlap_fix]   uv index: before           t=2.6s
[overlap_fix]   scan: raw                  t=3.8s
[overlap_fix]     scan 100000/1762542 faces, 96086 pairs, 0.1s (882088 faces/s)
[overlap_fix]     scan 200000/1762542 faces, 569695 pairs, 0.3s (631729 faces/s)
[overlap_fix]     scan 300000/1762542 faces, 697409 pairs, 0.4s (687959 faces/s)
[overlap_fix]     scan 400000/1762542 faces, 1154571 pairs, 0.6s (630973 faces/s)
[overlap_fix]     scan 500000/1762542 faces, 1288065 pairs, 0.8s (662238 faces/s)
[overlap_fix]     scan 600000/1762542 faces, 1656342 pairs, 0.9s (645327 faces/s)
[overlap_fix]     scan 700000/1762542 faces, 1850171 pairs, 1.1s (659424 faces/s)
[overlap_fix]     scan 800000/1762542 faces, 2145719 pairs, 1.2s (658375 faces/s)
[overlap_fix]     scan 900000/1762542 faces, 2346192 pairs, 1.3s (668004 faces/s)
[overlap_fix]     scan 1000000/1762542 faces, 2664543 pairs, 1.5s (664104 faces/s)
[overlap_fix]     scan 1100000/1762542 faces, 2917214 pairs, 1.6s (667052 faces/s)
[overlap_fix]     scan 1200000/1762542 faces, 3204343 pairs, 1.8s (664697 faces/s)
[overlap_fix]     scan 1300000/1762542 faces, 3456387 pairs, 2.0s (665920 faces/s)
[overlap_fix]     scan 1400000/1762542 faces, 3751652 pairs, 2.1s (663348 faces/s)
[overlap_fix]     scan 1500000/1762542 faces, 4020848 pairs, 2.3s (664135 faces/s)
[overlap_fix]     scan 1600000/1762542 faces, 4318331 pairs, 2.4s (662761 faces/s)
[overlap_fix]     scan 1700000/1762542 faces, 4597774 pairs, 2.6s (661928 faces/s)
[overlap_fix]   integrate winds            t=6.4s
[overlap_fix]   scan: before               t=7.7s
[overlap_fix]     scan 100000/1762542 faces, 448988 pairs, 0.2s (529535 faces/s)
[overlap_fix]     scan 200000/1762542 faces, 1123316 pairs, 0.4s (446821 faces/s)
[overlap_fix]     scan 300000/1762542 faces, 1563675 pairs, 0.7s (457084 faces/s)
[overlap_fix]     scan 400000/1762542 faces, 2320838 pairs, 0.9s (423806 faces/s)
[overlap_fix]     scan 500000/1762542 faces, 2778004 pairs, 1.1s (435772 faces/s)
[overlap_fix]     scan 600000/1762542 faces, 3544883 pairs, 1.4s (425541 faces/s)
[overlap_fix]     scan 700000/1762542 faces, 4113850 pairs, 1.6s (427992 faces/s)
[overlap_fix]     scan 800000/1762542 faces, 4796795 pairs, 1.9s (422779 faces/s)
[overlap_fix]     scan 900000/1762542 faces, 5412175 pairs, 2.1s (423854 faces/s)
[overlap_fix]     scan 1000000/1762542 faces, 6078409 pairs, 2.4s (422480 faces/s)
[overlap_fix]     scan 1100000/1762542 faces, 6652241 pairs, 2.6s (425958 faces/s)
[overlap_fix]     scan 1200000/1762542 faces, 7320870 pairs, 2.8s (425412 faces/s)
[overlap_fix]     scan 1300000/1762542 faces, 7777941 pairs, 3.0s (430043 faces/s)
[overlap_fix]     scan 1400000/1762542 faces, 8337798 pairs, 3.2s (431674 faces/s)
[overlap_fix]     scan 1500000/1762542 faces, 8853961 pairs, 3.5s (433983 faces/s)
[overlap_fix]     scan 1600000/1762542 faces, 9271918 pairs, 3.6s (439429 faces/s)
[overlap_fix]     scan 1700000/1762542 faces, 9733524 pairs, 3.8s (442879 faces/s)
[overlap_fix]   tabu place                 t=11.7s
[overlap_fix]     exact potential graph: 1183132 pairs (3.3886% dense), 20 v bins
[overlap_fix]     scan 100000/1762542 faces, 448988 pairs, 0.2s (516264 faces/s)
[overlap_fix]     scan 200000/1762542 faces, 1123316 pairs, 0.4s (466976 faces/s)
[overlap_fix]     scan 300000/1762542 faces, 1563675 pairs, 0.6s (480145 faces/s)
[overlap_fix]     scan 400000/1762542 faces, 2320838 pairs, 0.9s (448296 faces/s)
[overlap_fix]     scan 500000/1762542 faces, 2778004 pairs, 1.1s (457867 faces/s)
[overlap_fix]     scan 600000/1762542 faces, 3544883 pairs, 1.4s (440708 faces/s)
[overlap_fix]     scan 700000/1762542 faces, 4113850 pairs, 1.6s (440588 faces/s)
[overlap_fix]     scan 800000/1762542 faces, 4796795 pairs, 1.8s (435693 faces/s)
[overlap_fix]     scan 900000/1762542 faces, 5412175 pairs, 2.1s (436129 faces/s)
[overlap_fix]     scan 1000000/1762542 faces, 6078409 pairs, 2.3s (433099 faces/s)
[overlap_fix]     scan 1100000/1762542 faces, 6652241 pairs, 2.5s (436691 faces/s)
[overlap_fix]     scan 1200000/1762542 faces, 7320870 pairs, 2.7s (437117 faces/s)
[overlap_fix]     scan 1300000/1762542 faces, 7777941 pairs, 2.9s (444513 faces/s)
[overlap_fix]     scan 1400000/1762542 faces, 8337798 pairs, 3.1s (447145 faces/s)
[overlap_fix]     scan 1500000/1762542 faces, 8853961 pairs, 3.3s (448934 faces/s)
[overlap_fix]     scan 1600000/1762542 faces, 9271918 pairs, 3.5s (453928 faces/s)
[overlap_fix]     scan 1700000/1762542 faces, 9733524 pairs, 3.7s (457480 faces/s)
[overlap_fix]   scan: after                t=21.3s
[overlap_fix]     scan 100000/1762542 faces, 448988 pairs, 0.2s (528333 faces/s)
[overlap_fix]     scan 200000/1762542 faces, 1123316 pairs, 0.4s (458247 faces/s)
[overlap_fix]     scan 300000/1762542 faces, 1563675 pairs, 0.6s (470833 faces/s)
[overlap_fix]     scan 400000/1762542 faces, 2320838 pairs, 0.9s (445912 faces/s)
[overlap_fix]     scan 500000/1762542 faces, 2778004 pairs, 1.1s (458288 faces/s)
[overlap_fix]     scan 600000/1762542 faces, 3544883 pairs, 1.4s (439930 faces/s)
[overlap_fix]     scan 700000/1762542 faces, 4113850 pairs, 1.6s (442910 faces/s)
[overlap_fix]     scan 800000/1762542 faces, 4796795 pairs, 1.8s (440130 faces/s)
[overlap_fix]     scan 900000/1762542 faces, 5412175 pairs, 2.0s (441114 faces/s)
[overlap_fix]     scan 1000000/1762542 faces, 6078409 pairs, 2.3s (439352 faces/s)
[overlap_fix]     scan 1100000/1762542 faces, 6652241 pairs, 2.5s (440699 faces/s)
[overlap_fix]     scan 1200000/1762542 faces, 7320870 pairs, 2.7s (437248 faces/s)
[overlap_fix]     scan 1300000/1762542 faces, 7777941 pairs, 2.9s (441278 faces/s)
[overlap_fix]     scan 1400000/1762542 faces, 8337798 pairs, 3.2s (442198 faces/s)
[overlap_fix]     scan 1500000/1762542 faces, 8853961 pairs, 3.4s (444305 faces/s)
[overlap_fix]     scan 1600000/1762542 faces, 9271918 pairs, 3.6s (449157 faces/s)
[overlap_fix]     scan 1700000/1762542 faces, 9733524 pairs, 3.8s (452550 faces/s)

=== PREFIT COMPONENT CULL ===
  charts before / after ... 9073 / 8357
  size hist (faces) ........ 1:167 2-3:183 4-7:229 8-15:222 16-31:370 32-63:652 64-127:2389 128-255:1803 256-511:2898 512+:160
  max Sander QC hist ....... <=2:7982 <=4:515 <=8:146 <=16:97 <=32:78 <=64:79 <=128:59 <=256:37 >256:80
  charts killed ............ 527 small, 195 projected-degenerate
  welded groups before/after 738 / 738
  group size hist .......... <=1:0 <=3:0 <=7:31 <=15:111 <=31:178 <=63:134 <=127:145 <=255:60 <=511:37 <=1023:15 <=2047:4 >2047:23
  groups killed ............ 0 small
  faces killed ............. 492 stretch + 26258 chart + 0 group
==========================

=== OVERLAP FIX ===
  charts .................. 8357
  welded groups ........... 738 (largest 1677 charts)
  authentic weld edges .... 12641
  faces killed (total) .... 26750 / 1762542

  -- is the error a whole number of turns? --
  weld |du/circ - round| .. <0.05:11519 0.15:425 0.25:226 0.35:216 more:255  (91.1% clean)
  welds off by >=1 wrap ... 1412 / 12641
  phase |turn - round| ..... <0.05:12641 0.15:0 0.25:0 0.35:0 more:0  (100.0% clean)
  nonzero phase targets .... 1412 / 12641
  trusted / untrusted ..... 12033 / 471 (+137 over the wrap cap)
  wrap range .............. -8 .. 8

  -- gauge reconciliation --
  charts wind-corrected ... 5512 / 8357
  gauge islands ........... 920 (tree 7437, cycle 4596)
  cycle consistent ........ 4570
  cycle INCONSISTENT ...... 26  (holonomy; no gauge can fix these)

  -- overlap --
  cross-group ............. 1372269 raw -> 3664494 post-wind -> 3664494 final
  intra-group ............. 3400016 raw -> 6249964 post-wind
  intra |dr|/pitch ........ ~0:221428 ~0.5:466179 ~1:614087 ~1.5:576239 ~2:640428 >2.5:3731603
    (~0..0.5 = folds no gauge fixes; ~1+ = wrong-wrap, re-gauge CAN fix)
  groups overlapping ...... 296 -> 296
  settled / shifted ....... 738 / 0
  parked / stuck .......... 0 / 0
  time .................... 26.88s
===================

=== TABU RE-GAUGE ===
  depth span .............. +/-4 wraps, tenure 40
  field ladder ............ +1.01474555 x 2pi*r per wind (666 pairs)
  ladder u origin ......... -135.03285299553318
  iterations .............. 0 (canonical best at 0)
  moves ................... 0 chart + 0 group + 0 nbhd + 0 graded (of 9 eligible groups)
  phase-flat regions ...... 80 measured only
  phase lateral targets ... 6630 trusted, 53 nonzero measured only
  energy (cell units) ..... 9948344.7 -> 9948344.7
  movable charts .......... 8357 / 8357
  charts moved ............ 0 / 8357
  welds torn .............. 0 / 12033 usable (+608 excluded)
  lateral pairs coupled ... 6664 (torn 0)
  happy-family bonds ...... 305 (torn 0)
  state archive ........... 1 kept, 1 SAT-verified
  exact winner ............ #0 at iter 0, score 9948344.7
  hash rebuilds ........... 0
  cross after (exact) ..... 3664494 pairs
  intra after (exact) ..... 6249964 pairs
  intra |dr|/pitch after .. ~0:221428 ~0.5:466179 ~1:614087 ~1.5:576239 ~2:640428 >2.5:3731603
=====================
  exact workload .......... 3549396 queries; 3461790 AABB rejects; 58404 cache hits / 29202 misses (29202 entries); 15790935 SAT tests
[tiled_atlas] global calibration step=1.0147455548580047, u0=-135.03285299553318
[tiled_atlas] sweep 1/1, tile 1/64 z00_y00_x00, loaded=64
[overlap_fix] active core: disabling tile-local pre-wind so the halo remains frozen
[overlap_fix] production preset: large-grid bounded
[overlap_fix] large-input guard: 64 cubes/157894 faces; tabu_iters=1 rounds=1 (pass --tabu-iters N to override)
[overlap_fix] active core: z[4352,4736) y[2816,3200) x[2304,2688); loaded complement is fixed halo
[overlap_fix] 64 cubes, 92103 vertices, 157894 faces, pitch=11.39
[overlap_fix]   label charts               t=0.0s
[overlap_fix]   build neighbours           t=0.0s
[overlap_fix]   label groups               t=0.2s
[overlap_fix]   uv index: raw              t=0.2s
[overlap_fix]   uv index: before           t=0.2s
[overlap_fix]   scan: raw                  t=0.3s
[overlap_fix]     scan 100000/157894 faces, 308966 pairs, 0.1s (717635 faces/s)
[overlap_fix]   scan: before               t=0.6s
[overlap_fix]     scan 100000/157894 faces, 308966 pairs, 0.1s (714019 faces/s)
[overlap_fix]   tabu place                 t=0.8s
[overlap_fix]     exact potential graph: 25427 pairs (11.3795% dense), 8 v bins
[overlap_fix]     tabu iter 1/1, best e=514734.9 @0, 0 moves, t=0.9s (0.94 s/iter)
[overlap_fix]     scan 100000/157894 faces, 308966 pairs, 0.1s (717553 faces/s)
[overlap_fix]     scan 100000/157894 faces, 242404 pairs, 0.1s (793862 faces/s)
[overlap_fix]   scan: after                t=1.7s
[overlap_fix]     scan 100000/157894 faces, 242404 pairs, 0.1s (790701 faces/s)
[overlap_fix]   group 19: shifted, 85 charts, r=404.6 (spread 232.5), wraps=0 du=0.0 dv=0.0, overlap 155728 -> 98915

=== PREFIT COMPONENT CULL ===
  charts before / after ... 695 / 669
  size hist (faces) ........ 1:6 2-3:2 4-7:8 8-15:3 16-31:7 32-63:33 64-127:212 128-255:142 256-511:261 512+:21
  max Sander QC hist ....... <=2:651 <=4:18 <=8:8 <=16:3 <=32:2 <=64:4 <=128:1 <=256:2 >256:6
  charts killed ............ 15 small, 11 projected-degenerate
  welded groups before/after 70 / 70
  group size hist .......... <=1:0 <=3:0 <=7:1 <=15:3 <=31:4 <=63:7 <=127:13 <=255:7 <=511:6 <=1023:2 <=2047:3 >2047:24
  groups killed ............ 0 small
  faces killed ............. 6 stretch + 1945 chart + 0 group
==========================

=== OVERLAP FIX ===
  charts .................. 669
  welded groups ........... 70 (largest 85 charts)
  authentic weld edges .... 910
  faces killed (total) .... 1951 / 157894

  -- is the error a whole number of turns? --
  weld |du/circ - round| .. <0.05:835 0.15:49 0.25:14 0.35:8 more:4  (91.8% clean)
  welds off by >=1 wrap ... 14 / 910
  phase |turn - round| ..... <0.05:910 0.15:0 0.25:0 0.35:0 more:0  (100.0% clean)
  nonzero phase targets .... 47 / 910
  trusted / untrusted ..... 0 / 0 (+0 over the wrap cap)
  wrap range .............. 0 .. 0

  -- gauge reconciliation --
  charts wind-corrected ... 0 / 669
  gauge islands ........... 0 (tree 0, cycle 0)
  cycle consistent ........ 0
  cycle INCONSISTENT ...... 0  (holonomy; no gauge can fix these)

  -- overlap --
  cross-group ............. 415025 raw -> 415025 post-wind -> 358212 final
  intra-group ............. 96801 raw -> 96801 post-wind
  intra |dr|/pitch ........ ~0:7670 ~0.5:10233 ~1:16515 ~1.5:20778 ~2:18325 >2.5:23280
    (~0..0.5 = folds no gauge fixes; ~1+ = wrong-wrap, re-gauge CAN fix)
  groups overlapping ...... 46 -> 46
  settled / shifted ....... 69 / 1
  parked / stuck .......... 0 / 0
  time .................... 2.14s
===================

=== TABU RE-GAUGE ===
  depth span .............. +/-4 wraps, tenure 40
  field ladder ............ +1.01474555 x 2pi*r per wind (0 pairs; FIXED)
  ladder u origin ......... -135.03285299553318
  iterations .............. 1 (canonical best at 1)
  moves ................... 0 chart + 1 group + 0 nbhd + 0 graded (of 3 eligible groups)
  phase-flat regions ...... 29 measured only
  phase lateral targets ... 607 trusted, 138 nonzero measured only
  energy (cell units) ..... 514734.9 -> 450427.9
  movable charts .......... 268 / 669
  charts moved ............ 24 / 669
  welds torn .............. 36 / 898 usable (+12 excluded)
  lateral pairs coupled ... 607 (torn 29)
  happy-family bonds ...... 511 (torn 0)
  state archive ........... 2 kept, 2 SAT-verified
  exact winner ............ #1 at iter 1, score 450427.9
  hash rebuilds ........... 0
  cross after (exact) ..... 358212 pairs
  intra after (exact) ..... 87052 pairs
  intra |dr|/pitch after .. ~0:7659 ~0.5:10104 ~1:16421 ~1.5:20451 ~2:17989 >2.5:14428
=====================
  exact workload .......... 686841 queries; 661007 AABB rejects; 21295 cache hits / 4539 misses (4539 entries); 2260418 SAT tests
[tiled_atlas] sweep 1/1, tile 2/64 z00_y00_x03, loaded=80
[overlap_fix] active core: disabling tile-local pre-wind so the halo remains frozen
[overlap_fix] production preset: large-grid bounded
[overlap_fix] large-input guard: 80 cubes/193001 faces; tabu_iters=1 rounds=1 (pass --tabu-iters N to override)
[overlap_fix] active core: z[4352,4736) y[2816,3200) x[2688,3072); loaded complement is fixed halo
[overlap_fix] 80 cubes, 112068 vertices, 193001 faces, pitch=11.39
[overlap_fix]   label charts               t=0.0s
[overlap_fix]   build neighbours           t=0.0s
[overlap_fix]   label groups               t=0.2s
[overlap_fix]   uv index: raw              t=0.2s
[overlap_fix]   uv index: before           t=0.2s
[overlap_fix]   scan: raw                  t=0.3s
[overlap_fix]     scan 100000/193001 faces, 304089 pairs, 0.1s (726020 faces/s)
[overlap_fix]   scan: before               t=0.7s
[overlap_fix]     scan 100000/193001 faces, 304089 pairs, 0.1s (716122 faces/s)
[overlap_fix]   tabu place                 t=1.0s
[overlap_fix]     exact potential graph: 43224 pairs (15.1056% dense), 8 v bins
[overlap_fix]     tabu iter 1/1, best e=640368.5 @0, 0 moves, t=1.1s (1.15 s/iter)
[overlap_fix]     scan 100000/193001 faces, 304089 pairs, 0.1s (722918 faces/s)
[overlap_fix]     scan 100000/193001 faces, 255056 pairs, 0.1s (778022 faces/s)
[overlap_fix]   scan: after                t=2.2s
[overlap_fix]     scan 100000/193001 faces, 255056 pairs, 0.1s (773657 faces/s)
[overlap_fix]   group 14: shifted, 57 charts, r=362.8 (spread 258.5), wraps=0 du=0.0 dv=0.0, overlap 85347 -> 42875

=== PREFIT COMPONENT CULL ===
  charts before / after ... 787 / 757
  size hist (faces) ........ 1:9 2-3:2 4-7:9 8-15:7 16-31:13 32-63:31 64-127:196 128-255:153 256-511:349 512+:18
  max Sander QC hist ....... <=2:732 <=4:29 <=8:6 <=16:5 <=32:4 <=64:0 <=128:3 <=256:1 >256:7
  charts killed ............ 19 small, 11 projected-degenerate
  welded groups before/after 62 / 62
  group size hist .......... <=1:0 <=3:0 <=7:1 <=15:4 <=31:8 <=63:8 <=127:7 <=255:6 <=511:1 <=1023:2 <=2047:1 >2047:24
  groups killed ............ 0 small
  faces killed ............. 2 stretch + 2380 chart + 0 group
==========================

=== OVERLAP FIX ===
  charts .................. 757
  welded groups ........... 62 (largest 65 charts)
  authentic weld edges .... 1090
  faces killed (total) .... 2382 / 193001

  -- is the error a whole number of turns? --
  weld |du/circ - round| .. <0.05:964 0.15:66 0.25:40 0.35:13 more:7  (88.4% clean)
  welds off by >=1 wrap ... 32 / 1090
  phase |turn - round| ..... <0.05:1090 0.15:0 0.25:0 0.35:0 more:0  (100.0% clean)
  nonzero phase targets .... 69 / 1090
  trusted / untrusted ..... 0 / 0 (+0 over the wrap cap)
  wrap range .............. 0 .. 0

  -- gauge reconciliation --
  charts wind-corrected ... 0 / 757
  gauge islands ........... 0 (tree 0, cycle 0)
  cycle consistent ........ 0
  cycle INCONSISTENT ...... 0  (holonomy; no gauge can fix these)

  -- overlap --
  cross-group ............. 427155 raw -> 427155 post-wind -> 384683 final
  intra-group ............. 209099 raw -> 209099 post-wind
  intra |dr|/pitch ........ ~0:10991 ~0.5:18874 ~1:31401 ~1.5:31382 ~2:20744 >2.5:95707
    (~0..0.5 = folds no gauge fixes; ~1+ = wrong-wrap, re-gauge CAN fix)
  groups overlapping ...... 34 -> 34
  settled / shifted ....... 61 / 1
  parked / stuck .......... 0 / 0
  time .................... 2.71s
===================

=== TABU RE-GAUGE ===
  depth span .............. +/-4 wraps, tenure 40
  field ladder ............ +1.01474555 x 2pi*r per wind (0 pairs; FIXED)
  ladder u origin ......... -135.03285299553318
  iterations .............. 1 (canonical best at 1)
  moves ................... 0 chart + 1 group + 0 nbhd + 0 graded (of 17 eligible groups)
  phase-flat regions ...... 26 measured only
  phase lateral targets ... 422 trusted, 134 nonzero measured only
  energy (cell units) ..... 640368.5 -> 574020.2
  movable charts .......... 247 / 757
  charts moved ............ 30 / 757
  welds torn .............. 37 / 1071 usable (+19 excluded)
  lateral pairs coupled ... 422 (torn 43)
  happy-family bonds ...... 64 (torn 0)
  state archive ........... 2 kept, 2 SAT-verified
  exact winner ............ #1 at iter 1, score 574020.2
  hash rebuilds ........... 0
  cross after (exact) ..... 384683 pairs
  intra after (exact) ..... 181182 pairs
  intra |dr|/pitch after .. ~0:9701 ~0.5:16606 ~1:28706 ~1.5:29738 ~2:17921 >2.5:78510
=====================
  exact workload .......... 1096040 queries; 1065985 AABB rejects; 24651 cache hits / 5404 misses (5404 entries); 3652832 SAT tests
[tiled_atlas] sweep 1/1, tile 3/64 z00_y00_x06, loaded=80
[overlap_fix] active core: disabling tile-local pre-wind so the halo remains frozen
[overlap_fix] production preset: large-grid bounded
[overlap_fix] large-input guard: 80 cubes/109627 faces; tabu_iters=1 rounds=1 (pass --tabu-iters N to override)
[overlap_fix] active core: z[4352,4736) y[2816,3200) x[3072,3456); loaded complement is fixed halo
[overlap_fix] 80 cubes, 72412 vertices, 109627 faces, pitch=11.39
[overlap_fix]   label charts               t=0.0s
[overlap_fix]   build neighbours           t=0.0s
[overlap_fix]   label groups               t=0.1s
[overlap_fix]   uv index: raw              t=0.1s
[overlap_fix]   uv index: before           t=0.1s
[overlap_fix]   scan: raw                  t=0.2s
[overlap_fix]     scan 100000/109627 faces, 156439 pairs, 0.1s (932604 faces/s)
[overlap_fix]   scan: before               t=0.3s
[overlap_fix]     scan 100000/109627 faces, 156439 pairs, 0.1s (931754 faces/s)
[overlap_fix]   tabu place                 t=0.5s
[overlap_fix]     exact potential graph: 18108 pairs (12.9661% dense), 8 v bins
[overlap_fix]     tabu iter 1/1, best e=163355.0 @0, 0 moves, t=0.5s (0.53 s/iter)
[overlap_fix]     scan 100000/109627 faces, 156439 pairs, 0.1s (930078 faces/s)
[overlap_fix]     scan 100000/109627 faces, 140426 pairs, 0.1s (962625 faces/s)
[overlap_fix]   scan: after                t=1.0s
[overlap_fix]     scan 100000/109627 faces, 140426 pairs, 0.1s (963388 faces/s)
[overlap_fix]   group 5: shifted, 24 charts, r=556.1 (spread 482.8), wraps=0 du=0.0 dv=0.0, overlap 24861 -> 13365

=== PREFIT COMPONENT CULL ===
  charts before / after ... 555 / 529
  size hist (faces) ........ 1:5 2-3:8 4-7:10 8-15:10 16-31:13 32-63:40 64-127:124 128-255:160 256-511:183 512+:2
  max Sander QC hist ....... <=2:523 <=4:17 <=8:3 <=16:6 <=32:3 <=64:0 <=128:1 <=256:0 >256:2
  charts killed ............ 23 small, 3 projected-degenerate
  welded groups before/after 67 / 67
  group size hist .......... <=1:0 <=3:0 <=7:0 <=15:7 <=31:8 <=63:8 <=127:10 <=255:5 <=511:2 <=1023:1 <=2047:3 >2047:23
  groups killed ............ 0 small
  faces killed ............. 0 stretch + 992 chart + 0 group
==========================

=== OVERLAP FIX ===
  charts .................. 529
  welded groups ........... 67 (largest 37 charts)
  authentic weld edges .... 685
  faces killed (total) .... 992 / 109627

  -- is the error a whole number of turns? --
  weld |du/circ - round| .. <0.05:561 0.15:57 0.25:35 0.35:12 more:20  (81.9% clean)
  welds off by >=1 wrap ... 54 / 685
  phase |turn - round| ..... <0.05:685 0.15:0 0.25:0 0.35:0 more:0  (100.0% clean)
  nonzero phase targets .... 96 / 685
  trusted / untrusted ..... 0 / 0 (+0 over the wrap cap)
  wrap range .............. 0 .. 0

  -- gauge reconciliation --
  charts wind-corrected ... 0 / 529
  gauge islands ........... 0 (tree 0, cycle 0)
  cycle consistent ........ 0
  cycle INCONSISTENT ...... 0  (holonomy; no gauge can fix these)

  -- overlap --
  cross-group ............. 131120 raw -> 131120 post-wind -> 119624 final
  intra-group ............. 29517 raw -> 29517 post-wind
  intra |dr|/pitch ........ ~0:1163 ~0.5:4129 ~1:2430 ~1.5:1598 ~2:436 >2.5:19761
    (~0..0.5 = folds no gauge fixes; ~1+ = wrong-wrap, re-gauge CAN fix)
  groups overlapping ...... 32 -> 32
  settled / shifted ....... 66 / 1
  parked / stuck .......... 0 / 0
  time .................... 1.22s
===================

=== TABU RE-GAUGE ===
  depth span .............. +/-4 wraps, tenure 40
  field ladder ............ +1.01474555 x 2pi*r per wind (0 pairs; FIXED)
  ladder u origin ......... -135.03285299553318
  iterations .............. 1 (canonical best at 1)
  moves ................... 0 chart + 1 group + 0 nbhd + 0 graded (of 11 eligible groups)
  phase-flat regions ...... 19 measured only
  phase lateral targets ... 89 trusted, 28 nonzero measured only
  energy (cell units) ..... 163355.0 -> 148026.6
  movable charts .......... 182 / 529
  charts moved ............ 12 / 529
  welds torn .............. 16 / 633 usable (+52 excluded)
  lateral pairs coupled ... 89 (torn 2)
  happy-family bonds ...... 59 (torn 0)
  state archive ........... 2 kept, 2 SAT-verified
  exact winner ............ #1 at iter 1, score 148026.6
  hash rebuilds ........... 0
  cross after (exact) ..... 119624 pairs
  intra after (exact) ..... 25000 pairs
  intra |dr|/pitch after .. ~0:1156 ~0.5:4039 ~1:2400 ~1.5:1598 ~2:436 >2.5:15371
=====================
  exact workload .......... 447332 queries; 436040 AABB rejects; 9472 cache hits / 1820 misses (1820 entries); 699325 SAT tests
[tiled_atlas] sweep 1/1, tile 4/64 z00_y00_x09, loaded=32
[overlap_fix] active core: disabling tile-local pre-wind so the halo remains frozen
[overlap_fix] production preset: large-grid bounded
[overlap_fix] large-input guard: 32 cubes/29505 faces; tabu_iters=1 rounds=1 (pass --tabu-iters N to override)
[overlap_fix] active core: z[4352,4736) y[2816,3200) x[3456,3584); loaded complement is fixed halo
[overlap_fix] 32 cubes, 24490 vertices, 29505 faces, pitch=11.39
[overlap_fix]   label charts               t=0.0s
[overlap_fix]   build neighbours           t=0.0s
[overlap_fix]   label groups               t=0.0s
[overlap_fix]   uv index: raw              t=0.0s
[overlap_fix]   uv index: before           t=0.0s
[overlap_fix]   scan: raw                  t=0.0s
[overlap_fix]   scan: before               t=0.1s
[overlap_fix]   tabu place                 t=0.1s
[overlap_fix]     exact potential graph: 1010 pairs (7.9403% dense), 8 v bins
[overlap_fix]     tabu iter 1/1, best e=3693.4 @0, 0 moves, t=0.1s (0.11 s/iter)
[overlap_fix]   scan: after                t=0.2s
[overlap_fix]   group 4: shifted, 8 charts, r=711.5 (spread 246.5), wraps=0 du=0.0 dv=0.0, overlap 1027 -> 0

=== PREFIT COMPONENT CULL ===
  charts before / after ... 171 / 160
  size hist (faces) ........ 1:1 2-3:6 4-7:4 8-15:4 16-31:8 32-63:16 64-127:40 128-255:49 256-511:42 512+:1
  max Sander QC hist ....... <=2:163 <=4:5 <=8:1 <=16:2 <=32:0 <=64:0 <=128:0 <=256:0 >256:0
  charts killed ............ 11 small, 0 projected-degenerate
  welded groups before/after 36 / 36
  group size hist .......... <=1:0 <=3:0 <=7:0 <=15:3 <=31:3 <=63:4 <=127:5 <=255:3 <=511:2 <=1023:3 <=2047:9 >2047:4
  groups killed ............ 0 small
  faces killed ............. 0 stretch + 34 chart + 0 group
==========================

=== OVERLAP FIX ===
  charts .................. 160
  welded groups ........... 36 (largest 16 charts)
  authentic weld edges .... 158
  faces killed (total) .... 34 / 29505

  -- is the error a whole number of turns? --
  weld |du/circ - round| .. <0.05:128 0.15:11 0.25:10 0.35:2 more:7  (81.0% clean)
  welds off by >=1 wrap ... 23 / 158
  phase |turn - round| ..... <0.05:158 0.15:0 0.25:0 0.35:0 more:0  (100.0% clean)
  nonzero phase targets .... 25 / 158
  trusted / untrusted ..... 0 / 0 (+0 over the wrap cap)
  wrap range .............. 0 .. 0

  -- gauge reconciliation --
  charts wind-corrected ... 0 / 160
  gauge islands ........... 0 (tree 0, cycle 0)
  cycle consistent ........ 0
  cycle INCONSISTENT ...... 0  (holonomy; no gauge can fix these)

  -- overlap --
  cross-group ............. 2062 raw -> 2062 post-wind -> 1035 final
  intra-group ............. 1007 raw -> 1007 post-wind
  intra |dr|/pitch ........ ~0:354 ~0.5:468 ~1:83 ~1.5:0 ~2:0 >2.5:102
    (~0..0.5 = folds no gauge fixes; ~1+ = wrong-wrap, re-gauge CAN fix)
  groups overlapping ...... 14 -> 12
  settled / shifted ....... 35 / 1
  parked / stuck .......... 0 / 0
  time .................... 0.27s
===================

=== TABU RE-GAUGE ===
  depth span .............. +/-4 wraps, tenure 40
  field ladder ............ +1.01474555 x 2pi*r per wind (0 pairs; FIXED)
  ladder u origin ......... -135.03285299553318
  iterations .............. 1 (canonical best at 1)
  moves ................... 0 chart + 1 group + 0 nbhd + 0 graded (of 3 eligible groups)
  phase-flat regions ...... 11 measured only
  phase lateral targets ... 24 trusted, 2 nonzero measured only
  energy (cell units) ..... 3693.4 -> 2642.4
  movable charts .......... 48 / 160
  charts moved ............ 3 / 160
  welds torn .............. 0 / 137 usable (+21 excluded)
  lateral pairs coupled ... 24 (torn 2)
  happy-family bonds ...... 66 (torn 0)
  state archive ........... 2 kept, 2 SAT-verified
  exact winner ............ #1 at iter 1, score 2642.4
  hash rebuilds ........... 0
  cross after (exact) ..... 1035 pairs
  intra after (exact) ..... 1007 pairs
  intra |dr|/pitch after .. ~0:354 ~0.5:468 ~1:83 ~1.5:0 ~2:0 >2.5:102
=====================
  exact workload .......... 20086 queries; 18982 AABB rejects; 919 cache hits / 185 misses (185 entries); 46743 SAT tests
[tiled_atlas] sweep 1/1, tile 5/64 z00_y03_x00, loaded=80
[overlap_fix] active core: disabling tile-local pre-wind so the halo remains frozen
[overlap_fix] production preset: large-grid bounded
[overlap_fix] large-input guard: 80 cubes/141343 faces; tabu_iters=1 rounds=1 (pass --tabu-iters N to override)
[overlap_fix] active core: z[4352,4736) y[3200,3584) x[2304,2688); loaded complement is fixed halo
[overlap_fix] 80 cubes, 83166 vertices, 141343 faces, pitch=11.39
[overlap_fix]   label charts               t=0.0s
[overlap_fix]   build neighbours           t=0.0s
[overlap_fix]   label groups               t=0.2s
[overlap_fix]   uv index: raw              t=0.2s
[overlap_fix]   uv index: before           t=0.2s
[overlap_fix]   scan: raw                  t=0.2s
[overlap_fix]     scan 100000/141343 faces, 266890 pairs, 0.1s (762974 faces/s)
[overlap_fix]   scan: before               t=0.5s
[overlap_fix]     scan 100000/141343 faces, 266890 pairs, 0.1s (766532 faces/s)
[overlap_fix]   tabu place                 t=0.7s
[overlap_fix]     exact potential graph: 34433 pairs (18.1781% dense), 8 v bins
[overlap_fix]     tabu iter 1/1, best e=415960.9 @0, 0 moves, t=0.8s (0.80 s/iter)
[overlap_fix]     scan 100000/141343 faces, 266890 pairs, 0.1s (764959 faces/s)
[overlap_fix]     scan 100000/141343 faces, 212691 pairs, 0.1s (829196 faces/s)
[overlap_fix]   scan: after                t=1.5s
[overlap_fix]     scan 100000/141343 faces, 212691 pairs, 0.1s (827989 faces/s)
[overlap_fix]   group 8: shifted, 80 charts, r=426.8 (spread 272.8), wraps=0 du=0.0 dv=0.0, overlap 137610 -> 85390

=== PREFIT COMPONENT CULL ===
  charts before / after ... 643 / 616
  size hist (faces) ........ 1:8 2-3:5 4-7:9 8-15:6 16-31:3 32-63:34 64-127:176 128-255:145 256-511:247 512+:10
  max Sander QC hist ....... <=2:605 <=4:22 <=8:3 <=16:2 <=32:2 <=64:5 <=128:1 <=256:0 >256:3
  charts killed ............ 21 small, 6 projected-degenerate
  welded groups before/after 56 / 56
  group size hist .......... <=1:0 <=3:0 <=7:1 <=15:3 <=31:2 <=63:5 <=127:10 <=255:7 <=511:5 <=1023:2 <=2047:1 >2047:20
  groups killed ............ 0 small
  faces killed ............. 6 stretch + 1431 chart + 0 group
==========================

=== OVERLAP FIX ===
  charts .................. 616
  welded groups ........... 56 (largest 80 charts)
  authentic weld edges .... 884
  faces killed (total) .... 1437 / 141343

  -- is the error a whole number of turns? --
  weld |du/circ - round| .. <0.05:751 0.15:71 0.25:35 0.35:14 more:13  (85.0% clean)
  welds off by >=1 wrap ... 55 / 884
  phase |turn - round| ..... <0.05:884 0.15:0 0.25:0 0.35:0 more:0  (100.0% clean)
  nonzero phase targets .... 62 / 884
  trusted / untrusted ..... 0 / 0 (+0 over the wrap cap)
  wrap range .............. 0 .. 0

  -- gauge reconciliation --
  charts wind-corrected ... 0 / 616
  gauge islands ........... 0 (tree 0, cycle 0)
  cycle consistent ........ 0
  cycle INCONSISTENT ...... 0  (holonomy; no gauge can fix these)

  -- overlap --
  cross-group ............. 348770 raw -> 348770 post-wind -> 296550 final
  intra-group ............. 63745 raw -> 63745 post-wind
  intra |dr|/pitch ........ ~0:6393 ~0.5:11039 ~1:9281 ~1.5:8355 ~2:8391 >2.5:20286
    (~0..0.5 = folds no gauge fixes; ~1+ = wrong-wrap, re-gauge CAN fix)
  groups overlapping ...... 35 -> 35
  settled / shifted ....... 55 / 1
  parked / stuck .......... 0 / 0
  time .................... 1.84s
===================

=== TABU RE-GAUGE ===
  depth span .............. +/-4 wraps, tenure 40
  field ladder ............ +1.01474555 x 2pi*r per wind (0 pairs; FIXED)
  ladder u origin ......... -135.03285299553318
  iterations .............. 1 (canonical best at 1)
  moves ................... 0 chart + 1 group + 0 nbhd + 0 graded (of 11 eligible groups)
  phase-flat regions ...... 25 measured only
  phase lateral targets ... 242 trusted, 58 nonzero measured only
  energy (cell units) ..... 415960.9 -> 368700.8
  movable charts .......... 219 / 616
  charts moved ............ 31 / 616
  welds torn .............. 41 / 854 usable (+30 excluded)
  lateral pairs coupled ... 246 (torn 31)
  happy-family bonds ...... 219 (torn 0)
  state archive ........... 2 kept, 2 SAT-verified
  exact winner ............ #1 at iter 1, score 368700.8
  hash rebuilds ........... 0
  cross after (exact) ..... 296550 pairs
  intra after (exact) ..... 61765 pairs
  intra |dr|/pitch after .. ~0:6538 ~0.5:10772 ~1:8701 ~1.5:8029 ~2:8244 >2.5:19481
=====================
  exact workload .......... 937395 queries; 914120 AABB rejects; 19244 cache hits / 4031 misses (4031 entries); 2011435 SAT tests
[tiled_atlas] sweep 1/1, tile 6/64 z00_y03_x03, loaded=100
[overlap_fix] active core: disabling tile-local pre-wind so the halo remains frozen
[overlap_fix] production preset: large-grid bounded
[overlap_fix] large-input guard: 100 cubes/191960 faces; tabu_iters=1 rounds=1 (pass --tabu-iters N to override)
[overlap_fix] active core: z[4352,4736) y[3200,3584) x[2688,3072); loaded complement is fixed halo
[overlap_fix] 100 cubes, 113005 vertices, 191960 faces, pitch=11.39
[overlap_fix]   label charts               t=0.0s
[overlap_fix]   build neighbours           t=0.0s
[overlap_fix]   label groups               t=0.2s
[overlap_fix]   uv index: raw              t=0.2s
[overlap_fix]   uv index: before           t=0.2s
[overlap_fix]   scan: raw                  t=0.3s
[overlap_fix]     scan 100000/191960 faces, 223005 pairs, 0.1s (806705 faces/s)
[overlap_fix]   scan: before               t=0.7s
[overlap_fix]     scan 100000/191960 faces, 223005 pairs, 0.1s (802863 faces/s)
[overlap_fix]   tabu place                 t=0.9s
[overlap_fix]     exact potential graph: 65350 pairs (21.1290% dense), 8 v bins
[overlap_fix]     tabu iter 1/1, best e=489576.9 @0, 0 moves, t=1.1s (1.06 s/iter)
[overlap_fix]     scan 100000/191960 faces, 223005 pairs, 0.1s (807288 faces/s)
[overlap_fix]     scan 100000/191960 faces, 156380 pairs, 0.1s (911876 faces/s)
[overlap_fix]   scan: after                t=2.0s
[overlap_fix]     scan 100000/191960 faces, 156380 pairs, 0.1s (904899 faces/s)
[overlap_fix]   group 12: shifted, 409 charts, r=201.1 (spread 357.6), wraps=0 du=0.0 dv=0.0, overlap 98131 -> 42451

=== PREFIT COMPONENT CULL ===
  charts before / after ... 817 / 787
  size hist (faces) ........ 1:9 2-3:3 4-7:7 8-15:7 16-31:13 32-63:39 64-127:221 128-255:149 256-511:354 512+:15
  max Sander QC hist ....... <=2:748 <=4:49 <=8:4 <=16:1 <=32:1 <=64:3 <=128:5 <=256:0 >256:6
  charts killed ............ 18 small, 12 projected-degenerate
  welded groups before/after 49 / 49
  group size hist .......... <=1:0 <=3:0 <=7:1 <=15:0 <=31:6 <=63:6 <=127:11 <=255:7 <=511:4 <=1023:1 <=2047:1 >2047:12
  groups killed ............ 0 small
  faces killed ............. 2 stretch + 2552 chart + 0 group
==========================

=== OVERLAP FIX ===
  charts .................. 787
  welded groups ........... 49 (largest 409 charts)
  authentic weld edges .... 1181
  faces killed (total) .... 2554 / 191960

  -- is the error a whole number of turns? --
  weld |du/circ - round| .. <0.05:1001 0.15:65 0.25:69 0.35:24 more:22  (84.8% clean)
  welds off by >=1 wrap ... 48 / 1181
  phase |turn - round| ..... <0.05:1181 0.15:0 0.25:0 0.35:0 more:0  (100.0% clean)
  nonzero phase targets .... 100 / 1181
  trusted / untrusted ..... 0 / 0 (+0 over the wrap cap)
  wrap range .............. 0 .. 0

  -- gauge reconciliation --
  charts wind-corrected ... 0 / 787
  gauge islands ........... 0 (tree 0, cycle 0)
  cycle consistent ........ 0
  cycle INCONSISTENT ...... 0  (holonomy; no gauge can fix these)

  -- overlap --
  cross-group ............. 196729 raw -> 196729 post-wind -> 141049 final
  intra-group ............. 288905 raw -> 288905 post-wind
  intra |dr|/pitch ........ ~0:15067 ~0.5:25093 ~1:28600 ~1.5:30539 ~2:38717 >2.5:150889
    (~0..0.5 = folds no gauge fixes; ~1+ = wrong-wrap, re-gauge CAN fix)
  groups overlapping ...... 23 -> 24
  settled / shifted ....... 48 / 1
  parked / stuck .......... 0 / 0
  time .................... 2.49s
===================

=== TABU RE-GAUGE ===
  depth span .............. +/-4 wraps, tenure 40
  field ladder ............ +1.01474555 x 2pi*r per wind (0 pairs; FIXED)
  ladder u origin ......... -135.03285299553318
  iterations .............. 1 (canonical best at 1)
  moves ................... 0 chart + 1 group + 0 nbhd + 0 graded (of 7 eligible groups)
  phase-flat regions ...... 14 measured only
  phase lateral targets ... 398 trusted, 23 nonzero measured only
  energy (cell units) ..... 489576.9 -> 411391.1
  movable charts .......... 213 / 787
  charts moved ............ 184 / 787
  welds torn .............. 157 / 1134 usable (+47 excluded)
  lateral pairs coupled ... 404 (torn 87)
  happy-family bonds ...... 42 (torn 0)
  state archive ........... 2 kept, 2 SAT-verified
  exact winner ............ #1 at iter 1, score 411391.1
  hash rebuilds ........... 0
  cross after (exact) ..... 141049 pairs
  intra after (exact) ..... 248003 pairs
  intra |dr|/pitch after .. ~0:16796 ~0.5:25683 ~1:28558 ~1.5:28301 ~2:36394 >2.5:112271
=====================
  exact workload .......... 1433570 queries; 1403443 AABB rejects; 23792 cache hits / 6335 misses (6335 entries); 3682320 SAT tests
[tiled_atlas] sweep 1/1, tile 7/64 z00_y03_x06, loaded=100
[overlap_fix] active core: disabling tile-local pre-wind so the halo remains frozen
[overlap_fix] production preset: large-grid bounded
[overlap_fix] large-input guard: 100 cubes/132870 faces; tabu_iters=1 rounds=1 (pass --tabu-iters N to override)
[overlap_fix] active core: z[4352,4736) y[3200,3584) x[3072,3456); loaded complement is fixed halo
[overlap_fix] 100 cubes, 82616 vertices, 132870 faces, pitch=11.39
[overlap_fix]   label charts               t=0.0s
[overlap_fix]   build neighbours           t=0.0s
[overlap_fix]   label groups               t=0.2s
[overlap_fix]   uv index: raw              t=0.2s
[overlap_fix]   uv index: before           t=0.2s
[overlap_fix]   scan: raw                  t=0.2s
[overlap_fix]     scan 100000/132870 faces, 144898 pairs, 0.1s (976690 faces/s)
[overlap_fix]   scan: before               t=0.4s
[overlap_fix]     scan 100000/132870 faces, 144898 pairs, 0.1s (967792 faces/s)
[overlap_fix]   tabu place                 t=0.6s
[overlap_fix]     exact potential graph: 24615 pairs (13.7436% dense), 8 v bins
[overlap_fix]     tabu iter 1/1, best e=193906.2 @0, 0 moves, t=0.6s (0.65 s/iter)
[overlap_fix]     scan 100000/132870 faces, 144898 pairs, 0.1s (972889 faces/s)
[overlap_fix]     scan 100000/132870 faces, 133147 pairs, 0.1s (996200 faces/s)
[overlap_fix]   scan: after                t=1.2s
[overlap_fix]     scan 100000/132870 faces, 133147 pairs, 0.1s (994056 faces/s)
[overlap_fix]   group 11: shifted, 46 charts, r=209.8 (spread 206.6), wraps=0 du=0.0 dv=0.0, overlap 37001 -> 25209

=== PREFIT COMPONENT CULL ===
  charts before / after ... 629 / 599
  size hist (faces) ........ 1:7 2-3:8 4-7:12 8-15:10 16-31:6 32-63:36 64-127:188 128-255:131 256-511:214 512+:17
  max Sander QC hist ....... <=2:597 <=4:24 <=8:0 <=16:1 <=32:2 <=64:1 <=128:1 <=256:1 >256:2
  charts killed ............ 26 small, 4 projected-degenerate
  welded groups before/after 62 / 62
  group size hist .......... <=1:0 <=3:0 <=7:1 <=15:2 <=31:3 <=63:8 <=127:12 <=255:10 <=511:2 <=1023:3 <=2047:5 >2047:16
  groups killed ............ 0 small
  faces killed ............. 0 stretch + 854 chart + 0 group
==========================

=== OVERLAP FIX ===
  charts .................. 599
  welded groups ........... 62 (largest 50 charts)
  authentic weld edges .... 817
  faces killed (total) .... 854 / 132870

  -- is the error a whole number of turns? --
  weld |du/circ - round| .. <0.05:670 0.15:68 0.25:36 0.35:21 more:22  (82.0% clean)
  welds off by >=1 wrap ... 80 / 817
  phase |turn - round| ..... <0.05:817 0.15:0 0.25:0 0.35:0 more:0  (100.0% clean)
  nonzero phase targets .... 70 / 817
  trusted / untrusted ..... 0 / 0 (+0 over the wrap cap)
  wrap range .............. 0 .. 0

  -- gauge reconciliation --
  charts wind-corrected ... 0 / 599
  gauge islands ........... 0 (tree 0, cycle 0)
  cycle consistent ........ 0
  cycle INCONSISTENT ...... 0  (holonomy; no gauge can fix these)

  -- overlap --
  cross-group ............. 118473 raw -> 118473 post-wind -> 106681 final
  intra-group ............. 67003 raw -> 67003 post-wind
  intra |dr|/pitch ........ ~0:6036 ~0.5:11529 ~1:7496 ~1.5:6143 ~2:6517 >2.5:29282
    (~0..0.5 = folds no gauge fixes; ~1+ = wrong-wrap, re-gauge CAN fix)
  groups overlapping ...... 27 -> 27
  settled / shifted ....... 61 / 1
  parked / stuck .......... 0 / 0
  time .................... 1.48s
===================

=== TABU RE-GAUGE ===
  depth span .............. +/-4 wraps, tenure 40
  field ladder ............ +1.01474555 x 2pi*r per wind (0 pairs; FIXED)
  ladder u origin ......... -135.03285299553318
  iterations .............. 1 (canonical best at 1)
  moves ................... 0 chart + 1 group + 0 nbhd + 0 graded (of 12 eligible groups)
  phase-flat regions ...... 20 measured only
  phase lateral targets ... 186 trusted, 4 nonzero measured only
  energy (cell units) ..... 193906.2 -> 183085.1
  movable charts .......... 154 / 599
  charts moved ............ 18 / 599
  welds torn .............. 48 / 773 usable (+44 excluded)
  lateral pairs coupled ... 186 (torn 12)
  happy-family bonds ...... 36 (torn 0)
  state archive ........... 2 kept, 2 SAT-verified
  exact winner ............ #1 at iter 1, score 183085.1
  hash rebuilds ........... 0
  cross after (exact) ..... 106681 pairs
  intra after (exact) ..... 67044 pairs
  intra |dr|/pitch after .. ~0:6008 ~0.5:11492 ~1:7569 ~1.5:6158 ~2:6537 >2.5:29280
=====================
  exact workload .......... 546789 queries; 535519 AABB rejects; 8761 cache hits / 2509 misses (2509 entries); 1027117 SAT tests
[tiled_atlas] sweep 1/1, tile 8/64 z00_y03_x09, loaded=40
[overlap_fix] active core: disabling tile-local pre-wind so the halo remains frozen
[overlap_fix] production preset: large-grid bounded
[overlap_fix] large-input guard: 40 cubes/40380 faces; tabu_iters=1 rounds=1 (pass --tabu-iters N to override)
[overlap_fix] active core: z[4352,4736) y[3200,3584) x[3456,3584); loaded complement is fixed halo
[overlap_fix] 40 cubes, 27595 vertices, 40380 faces, pitch=11.39
[overlap_fix]   label charts               t=0.0s
[overlap_fix]   build neighbours           t=0.0s
[overlap_fix]   label groups               t=0.0s
[overlap_fix]   uv index: raw              t=0.0s
[overlap_fix]   uv index: before           t=0.0s
[overlap_fix]   scan: raw                  t=0.1s
[overlap_fix]   scan: before               t=0.1s
[overlap_fix]   tabu place                 t=0.2s
[overlap_fix]     exact potential graph: 1943 pairs (10.0642% dense), 8 v bins
[overlap_fix]     tabu iter 1/1, best e=62541.2 @0, 0 moves, t=0.2s (0.19 s/iter)
[overlap_fix]   scan: after                t=0.3s
[overlap_fix]   group 7: shifted, 15 charts, r=631.9 (spread 256.8), wraps=0 du=0.0 dv=0.0, overlap 17424 -> 9643

=== PREFIT COMPONENT CULL ===
  charts before / after ... 212 / 197
  size hist (faces) ........ 1:4 2-3:6 4-7:5 8-15:4 16-31:1 32-63:16 64-127:74 128-255:37 256-511:60 512+:5
  max Sander QC hist ....... <=2:205 <=4:4 <=8:0 <=16:0 <=32:2 <=64:0 <=128:0 <=256:1 >256:0
  charts killed ............ 14 small, 1 projected-degenerate
  welded groups before/after 32 / 32
  group size hist .......... <=1:0 <=3:0 <=7:1 <=15:2 <=31:0 <=63:5 <=127:3 <=255:6 <=511:1 <=1023:2 <=2047:4 >2047:8
  groups killed ............ 0 small
  faces killed ............. 0 stretch + 148 chart + 0 group
==========================

=== OVERLAP FIX ===
  charts .................. 197
  welded groups ........... 32 (largest 30 charts)
  authentic weld edges .... 227
  faces killed (total) .... 148 / 40380

  -- is the error a whole number of turns? --
  weld |du/circ - round| .. <0.05:215 0.15:7 0.25:4 0.35:1 more:0  (94.7% clean)
  welds off by >=1 wrap ... 3 / 227
  phase |turn - round| ..... <0.05:227 0.15:0 0.25:0 0.35:0 more:0  (100.0% clean)
  nonzero phase targets .... 10 / 227
  trusted / untrusted ..... 0 / 0 (+0 over the wrap cap)
  wrap range .............. 0 .. 0

  -- gauge reconciliation --
  charts wind-corrected ... 0 / 197
  gauge islands ........... 0 (tree 0, cycle 0)
  cycle consistent ........ 0
  cycle INCONSISTENT ...... 0  (holonomy; no gauge can fix these)

  -- overlap --
  cross-group ............. 48553 raw -> 48553 post-wind -> 40772 final
  intra-group ............. 13225 raw -> 13225 post-wind
  intra |dr|/pitch ........ ~0:1713 ~0.5:3427 ~1:2399 ~1.5:2186 ~2:1661 >2.5:1839
    (~0..0.5 = folds no gauge fixes; ~1+ = wrong-wrap, re-gauge CAN fix)
  groups overlapping ...... 11 -> 11
  settled / shifted ....... 31 / 1
  parked / stuck .......... 0 / 0
  time .................... 0.43s
===================

=== TABU RE-GAUGE ===
  depth span .............. +/-4 wraps, tenure 40
  field ladder ............ +1.01474555 x 2pi*r per wind (0 pairs; FIXED)
  ladder u origin ......... -135.03285299553318
  iterations .............. 1 (canonical best at 1)
  moves ................... 0 chart + 1 group + 0 nbhd + 0 graded (of 5 eligible groups)
  phase-flat regions ...... 16 measured only
  phase lateral targets ... 72 trusted, 2 nonzero measured only
  energy (cell units) ..... 62541.2 -> 55159.2
  movable charts .......... 40 / 197
  charts moved ............ 5 / 197
  welds torn .............. 5 / 225 usable (+2 excluded)
  lateral pairs coupled ... 72 (torn 8)
  happy-family bonds ...... 102 (torn 0)
  state archive ........... 2 kept, 2 SAT-verified
  exact winner ............ #1 at iter 1, score 55159.2
  hash rebuilds ........... 0
  cross after (exact) ..... 40772 pairs
  intra after (exact) ..... 13215 pairs
  intra |dr|/pitch after .. ~0:1713 ~0.5:3419 ~1:2397 ~1.5:2186 ~2:1661 >2.5:1839
=====================
  exact workload .......... 31493 queries; 28932 AABB rejects; 2174 cache hits / 387 misses (387 entries); 126649 SAT tests
[tiled_atlas] sweep 1/1, tile 9/64 z00_y06_x00, loaded=80
[overlap_fix] active core: disabling tile-local pre-wind so the halo remains frozen
[overlap_fix] production preset: large-grid bounded
[overlap_fix] large-input guard: 80 cubes/135747 faces; tabu_iters=1 rounds=1 (pass --tabu-iters N to override)
[overlap_fix] active core: z[4352,4736) y[3584,3968) x[2304,2688); loaded complement is fixed halo
[overlap_fix] 80 cubes, 84496 vertices, 135747 faces, pitch=11.39
[overlap_fix]   label charts               t=0.0s
[overlap_fix]   build neighbours           t=0.0s
[overlap_fix]   label groups               t=0.2s
[overlap_fix]   uv index: raw              t=0.2s
[overlap_fix]   uv index: before           t=0.2s
[overlap_fix]   scan: raw                  t=0.2s
[overlap_fix]     scan 100000/135747 faces, 317290 pairs, 0.1s (730159 faces/s)
[overlap_fix]   scan: before               t=0.5s
[overlap_fix]     scan 100000/135747 faces, 317290 pairs, 0.1s (722102 faces/s)
[overlap_fix]   tabu place                 t=0.7s
[overlap_fix]     exact potential graph: 21435 pairs (7.6724% dense), 8 v bins
[overlap_fix]     tabu iter 1/1, best e=402725.4 @0, 0 moves, t=0.8s (0.76 s/iter)
[overlap_fix]     scan 100000/135747 faces, 317290 pairs, 0.1s (730406 faces/s)
[overlap_fix]     scan 100000/135747 faces, 288256 pairs, 0.1s (761568 faces/s)
[overlap_fix]   scan: after                t=1.4s
[overlap_fix]     scan 100000/135747 faces, 288256 pairs, 0.1s (751504 faces/s)
[overlap_fix]   group 19: shifted, 27 charts, r=595.3 (spread 333.7), wraps=0 du=0.0 dv=0.0, overlap 51323 -> 23055

=== PREFIT COMPONENT CULL ===
  charts before / after ... 831 / 748
  size hist (faces) ........ 1:14 2-3:21 4-7:24 8-15:31 16-31:53 32-63:88 64-127:190 128-255:184 256-511:224 512+:2
  max Sander QC hist ....... <=2:675 <=4:55 <=8:25 <=16:18 <=32:13 <=64:15 <=128:13 <=256:7 >256:10
  charts killed ............ 52 small, 34 projected-degenerate
  welded groups before/after 160 / 160
  group size hist .......... <=1:0 <=3:0 <=7:5 <=15:21 <=31:33 <=63:32 <=127:29 <=255:10 <=511:5 <=1023:4 <=2047:6 >2047:15
  groups killed ............ 0 small
  faces killed ............. 64 stretch + 2504 chart + 0 group
==========================

=== OVERLAP FIX ===
  charts .................. 748
  welded groups ........... 160 (largest 113 charts)
  authentic weld edges .... 856
  faces killed (total) .... 2568 / 135747

  -- is the error a whole number of turns? --
  weld |du/circ - round| .. <0.05:734 0.15:69 0.25:23 0.35:16 more:14  (85.7% clean)
  welds off by >=1 wrap ... 39 / 856
  phase |turn - round| ..... <0.05:856 0.15:0 0.25:0 0.35:0 more:0  (100.0% clean)
  nonzero phase targets .... 74 / 856
  trusted / untrusted ..... 0 / 0 (+0 over the wrap cap)
  wrap range .............. 0 .. 0

  -- gauge reconciliation --
  charts wind-corrected ... 0 / 748
  gauge islands ........... 0 (tree 0, cycle 0)
  cycle consistent ........ 0
  cycle INCONSISTENT ...... 0  (holonomy; no gauge can fix these)

  -- overlap --
  cross-group ............. 148561 raw -> 148561 post-wind -> 120293 final
  intra-group ............. 249225 raw -> 249225 post-wind
  intra |dr|/pitch ........ ~0:5547 ~0.5:26147 ~1:51329 ~1.5:41430 ~2:44381 >2.5:80391
    (~0..0.5 = folds no gauge fixes; ~1+ = wrong-wrap, re-gauge CAN fix)
  groups overlapping ...... 75 -> 75
  settled / shifted ....... 159 / 1
  parked / stuck .......... 0 / 0
  time .................... 1.75s
===================

=== TABU RE-GAUGE ===
  depth span .............. +/-4 wraps, tenure 40
  field ladder ............ +1.01474555 x 2pi*r per wind (0 pairs; FIXED)
  ladder u origin ......... -135.03285299553318
  iterations .............. 1 (canonical best at 1)
  moves ................... 0 chart + 1 group + 0 nbhd + 0 graded (of 8 eligible groups)
  phase-flat regions ...... 24 measured only
  phase lateral targets ... 508 trusted, 71 nonzero measured only
  energy (cell units) ..... 402725.4 -> 374206.7
  movable charts .......... 208 / 748
  charts moved ............ 17 / 748
  welds torn .............. 22 / 824 usable (+32 excluded)
  lateral pairs coupled ... 508 (torn 10)
  happy-family bonds ...... 122 (torn 0)
  state archive ........... 2 kept, 2 SAT-verified
  exact winner ............ #1 at iter 1, score 374206.7
  hash rebuilds ........... 0
  cross after (exact) ..... 120293 pairs
  intra after (exact) ..... 248459 pairs
  intra |dr|/pitch after .. ~0:5540 ~0.5:26078 ~1:51123 ~1.5:41090 ~2:44238 >2.5:80390
=====================
  exact workload .......... 465297 queries; 442224 AABB rejects; 19080 cache hits / 3993 misses (3993 entries); 1853962 SAT tests
[tiled_atlas] sweep 1/1, tile 10/64 z00_y06_x03, loaded=100
[overlap_fix] active core: disabling tile-local pre-wind so the halo remains frozen
[overlap_fix] production preset: large-grid bounded
[overlap_fix] large-input guard: 100 cubes/206673 faces; tabu_iters=1 rounds=1 (pass --tabu-iters N to override)
[overlap_fix] active core: z[4352,4736) y[3584,3968) x[2688,3072); loaded complement is fixed halo
[overlap_fix] 100 cubes, 125298 vertices, 206673 faces, pitch=11.39
[overlap_fix]   label charts               t=0.0s
[overlap_fix]   build neighbours           t=0.0s
[overlap_fix]   label groups               t=0.2s
[overlap_fix]   uv index: raw              t=0.2s
[overlap_fix]   uv index: before           t=0.2s
[overlap_fix]   scan: raw                  t=0.4s
[overlap_fix]     scan 100000/206673 faces, 402257 pairs, 0.2s (634412 faces/s)
[overlap_fix]     scan 200000/206673 faces, 753409 pairs, 0.3s (659352 faces/s)
[overlap_fix]   scan: before               t=0.8s
[overlap_fix]     scan 100000/206673 faces, 402257 pairs, 0.2s (626417 faces/s)
[overlap_fix]     scan 200000/206673 faces, 753409 pairs, 0.3s (651473 faces/s)
[overlap_fix]   tabu place                 t=1.1s
[overlap_fix]     exact potential graph: 39845 pairs (7.6371% dense), 8 v bins
[overlap_fix]     tabu iter 1/1, best e=785807.2 @0, 0 moves, t=1.3s (1.26 s/iter)
[overlap_fix]     scan 100000/206673 faces, 402257 pairs, 0.2s (635847 faces/s)
[overlap_fix]     scan 200000/206673 faces, 753409 pairs, 0.3s (662148 faces/s)
[overlap_fix]     scan 100000/206673 faces, 363701 pairs, 0.1s (668548 faces/s)
[overlap_fix]     scan 200000/206673 faces, 692628 pairs, 0.3s (689890 faces/s)
[overlap_fix]   scan: after                t=2.4s
[overlap_fix]     scan 100000/206673 faces, 363701 pairs, 0.2s (659170 faces/s)
[overlap_fix]     scan 200000/206673 faces, 692628 pairs, 0.3s (641397 faces/s)
[overlap_fix]   group 14: shifted, 92 charts, r=476.6 (spread 266.7), wraps=0 du=0.0 dv=0.0, overlap 91474 -> 37619

=== PREFIT COMPONENT CULL ===
  charts before / after ... 1105 / 1022
  size hist (faces) ........ 1:13 2-3:18 4-7:16 8-15:26 16-31:66 32-63:86 64-127:281 128-255:243 256-511:347 512+:9
  max Sander QC hist ....... <=2:891 <=4:97 <=8:35 <=16:13 <=32:14 <=64:18 <=128:14 <=256:8 >256:15
  charts killed ............ 42 small, 41 projected-degenerate
  welded groups before/after 153 / 153
  group size hist .......... <=1:0 <=3:0 <=7:4 <=15:17 <=31:35 <=63:29 <=127:27 <=255:16 <=511:6 <=1023:1 <=2047:1 >2047:17
  groups killed ............ 0 small
  faces killed ............. 70 stretch + 2833 chart + 0 group
==========================

=== OVERLAP FIX ===
  charts .................. 1022
  welded groups ........... 153 (largest 155 charts)
  authentic weld edges .... 1327
  faces killed (total) .... 2903 / 206673

  -- is the error a whole number of turns? --
  weld |du/circ - round| .. <0.05:1112 0.15:88 0.25:62 0.35:36 more:29  (83.8% clean)
  welds off by >=1 wrap ... 95 / 1327
  phase |turn - round| ..... <0.05:1327 0.15:0 0.25:0 0.35:0 more:0  (100.0% clean)
  nonzero phase targets .... 123 / 1327
  trusted / untrusted ..... 0 / 0 (+0 over the wrap cap)
  wrap range .............. 0 .. 0

  -- gauge reconciliation --
  charts wind-corrected ... 0 / 1022
  gauge islands ........... 0 (tree 0, cycle 0)
  cycle consistent ........ 0
  cycle INCONSISTENT ...... 0  (holonomy; no gauge can fix these)

  -- overlap --
  cross-group ............. 223352 raw -> 223352 post-wind -> 169497 final
  intra-group ............. 552111 raw -> 552111 post-wind
  intra |dr|/pitch ........ ~0:18576 ~0.5:44725 ~1:92080 ~1.5:90519 ~2:93410 >2.5:212801
    (~0..0.5 = folds no gauge fixes; ~1+ = wrong-wrap, re-gauge CAN fix)
  groups overlapping ...... 77 -> 77
  settled / shifted ....... 152 / 1
  parked / stuck .......... 0 / 0
  time .................... 3.02s
===================

=== TABU RE-GAUGE ===
  depth span .............. +/-4 wraps, tenure 40
  field ladder ............ +1.01474555 x 2pi*r per wind (0 pairs; FIXED)
  ladder u origin ......... -135.03285299553318
  iterations .............. 1 (canonical best at 1)
  moves ................... 0 chart + 1 group + 0 nbhd + 0 graded (of 5 eligible groups)
  phase-flat regions ...... 18 measured only
  phase lateral targets ... 999 trusted, 99 nonzero measured only
  energy (cell units) ..... 785807.2 -> 730939.2
  movable charts .......... 253 / 1022
  charts moved ............ 40 / 1022
  welds torn .............. 73 / 1262 usable (+65 excluded)
  lateral pairs coupled ... 999 (torn 61)
  happy-family bonds ...... 136 (torn 0)
  state archive ........... 2 kept, 2 SAT-verified
  exact winner ............ #1 at iter 1, score 730939.2
  hash rebuilds ........... 0
  cross after (exact) ..... 169497 pairs
  intra after (exact) ..... 545185 pairs
  intra |dr|/pitch after .. ~0:17878 ~0.5:43493 ~1:90996 ~1.5:89554 ~2:92410 >2.5:210854
=====================
  exact workload .......... 806479 queries; 767640 AABB rejects; 31377 cache hits / 7462 misses (7462 entries); 3731822 SAT tests
[tiled_atlas] sweep 1/1, tile 11/64 z00_y06_x06, loaded=100
[overlap_fix] active core: disabling tile-local pre-wind so the halo remains frozen
[overlap_fix] production preset: large-grid bounded
[overlap_fix] large-input guard: 100 cubes/205962 faces; tabu_iters=1 rounds=1 (pass --tabu-iters N to override)
[overlap_fix] active core: z[4352,4736) y[3584,3968) x[3072,3456); loaded complement is fixed halo
[overlap_fix] 100 cubes, 124770 vertices, 205962 faces, pitch=11.39
[overlap_fix]   label charts               t=0.0s
[overlap_fix]   build neighbours           t=0.0s
[overlap_fix]   label groups               t=0.2s
[overlap_fix]   uv index: raw              t=0.2s
[overlap_fix]   uv index: before           t=0.2s
[overlap_fix]   scan: raw                  t=0.4s
[overlap_fix]     scan 100000/205962 faces, 499639 pairs, 0.2s (569352 faces/s)
[overlap_fix]     scan 200000/205962 faces, 872162 pairs, 0.3s (616173 faces/s)
[overlap_fix]   scan: before               t=0.8s
[overlap_fix]     scan 100000/205962 faces, 499639 pairs, 0.2s (562933 faces/s)
[overlap_fix]     scan 200000/205962 faces, 872162 pairs, 0.3s (611133 faces/s)
[overlap_fix]   tabu place                 t=1.1s
[overlap_fix]     exact potential graph: 37378 pairs (8.0863% dense), 8 v bins
[overlap_fix]     tabu iter 1/1, best e=894094.9 @0, 0 moves, t=1.3s (1.31 s/iter)
[overlap_fix]     scan 100000/205962 faces, 499639 pairs, 0.2s (567327 faces/s)
[overlap_fix]     scan 200000/205962 faces, 872162 pairs, 0.3s (615910 faces/s)
[overlap_fix]     scan 100000/205962 faces, 417650 pairs, 0.2s (623712 faces/s)
[overlap_fix]     scan 200000/205962 faces, 766215 pairs, 0.3s (657858 faces/s)
[overlap_fix]   scan: after                t=2.4s
[overlap_fix]     scan 100000/205962 faces, 417650 pairs, 0.2s (619407 faces/s)
[overlap_fix]     scan 200000/205962 faces, 766215 pairs, 0.3s (624436 faces/s)
[overlap_fix]   group 16: shifted, 120 charts, r=601.6 (spread 371.9), wraps=0 du=0.0 dv=0.0, overlap 209894 -> 109730

=== PREFIT COMPONENT CULL ===
  charts before / after ... 1038 / 962
  size hist (faces) ........ 1:16 2-3:12 4-7:11 8-15:19 16-31:47 32-63:63 64-127:303 128-255:216 256-511:330 512+:21
  max Sander QC hist ....... <=2:880 <=4:67 <=8:17 <=16:12 <=32:11 <=64:14 <=128:13 <=256:7 >256:17
  charts killed ............ 37 small, 40 projected-degenerate
  welded groups before/after 121 / 121
  group size hist .......... <=1:0 <=3:0 <=7:2 <=15:11 <=31:24 <=63:17 <=127:21 <=255:13 <=511:7 <=1023:2 <=2047:1 >2047:23
  groups killed ............ 0 small
  faces killed ............. 39 stretch + 3710 chart + 0 group
==========================

=== OVERLAP FIX ===
  charts .................. 962
  welded groups ........... 121 (largest 120 charts)
  authentic weld edges .... 1289
  faces killed (total) .... 3749 / 205962

  -- is the error a whole number of turns? --
  weld |du/circ - round| .. <0.05:1125 0.15:77 0.25:35 0.35:19 more:33  (87.3% clean)
  welds off by >=1 wrap ... 87 / 1289
  phase |turn - round| ..... <0.05:1289 0.15:0 0.25:0 0.35:0 more:0  (100.0% clean)
  nonzero phase targets .... 116 / 1289
  trusted / untrusted ..... 0 / 0 (+0 over the wrap cap)
  wrap range .............. 0 .. 0

  -- gauge reconciliation --
  charts wind-corrected ... 0 / 962
  gauge islands ........... 0 (tree 0, cycle 0)
  cycle consistent ........ 0
  cycle INCONSISTENT ...... 0  (holonomy; no gauge can fix these)

  -- overlap --
  cross-group ............. 650907 raw -> 650907 post-wind -> 550743 final
  intra-group ............. 234690 raw -> 234690 post-wind
  intra |dr|/pitch ........ ~0:17432 ~0.5:43480 ~1:53537 ~1.5:43324 ~2:30184 >2.5:46733
    (~0..0.5 = folds no gauge fixes; ~1+ = wrong-wrap, re-gauge CAN fix)
  groups overlapping ...... 46 -> 46
  settled / shifted ....... 120 / 1
  parked / stuck .......... 0 / 0
  time .................... 3.14s
===================

=== TABU RE-GAUGE ===
  depth span .............. +/-4 wraps, tenure 40
  field ladder ............ +1.01474555 x 2pi*r per wind (0 pairs; FIXED)
  ladder u origin ......... -135.03285299553318
  iterations .............. 1 (canonical best at 1)
  moves ................... 0 chart + 1 group + 0 nbhd + 0 graded (of 13 eligible groups)
  phase-flat regions ...... 21 measured only
  phase lateral targets ... 839 trusted, 201 nonzero measured only
  energy (cell units) ..... 894094.9 -> 793051.3
  movable charts .......... 278 / 962
  charts moved ............ 59 / 962
  welds torn .............. 67 / 1232 usable (+57 excluded)
  lateral pairs coupled ... 839 (torn 112)
  happy-family bonds ...... 23 (torn 0)
  state archive ........... 2 kept, 2 SAT-verified
  exact winner ............ #1 at iter 1, score 793051.3
  hash rebuilds ........... 0
  cross after (exact) ..... 550743 pairs
  intra after (exact) ..... 228907 pairs
  intra |dr|/pitch after .. ~0:17209 ~0.5:42858 ~1:53299 ~1.5:42837 ~2:29603 >2.5:43101
=====================
  exact workload .......... 874822 queries; 826868 AABB rejects; 41116 cache hits / 6838 misses (6838 entries); 2861958 SAT tests
[tiled_atlas] sweep 1/1, tile 12/64 z00_y06_x09, loaded=40
[overlap_fix] active core: disabling tile-local pre-wind so the halo remains frozen
[overlap_fix] production preset: large-grid bounded
[overlap_fix] large-input guard: 40 cubes/73142 faces; tabu_iters=1 rounds=1 (pass --tabu-iters N to override)
[overlap_fix] active core: z[4352,4736) y[3584,3968) x[3456,3584); loaded complement is fixed halo
[overlap_fix] 40 cubes, 45262 vertices, 73142 faces, pitch=11.39
[overlap_fix]   label charts               t=0.0s
[overlap_fix]   build neighbours           t=0.0s
[overlap_fix]   label groups               t=0.1s
[overlap_fix]   uv index: raw              t=0.1s
[overlap_fix]   uv index: before           t=0.1s
[overlap_fix]   scan: raw                  t=0.1s
[overlap_fix]   scan: before               t=0.3s
[overlap_fix]   tabu place                 t=0.4s
[overlap_fix]     exact potential graph: 5232 pairs (9.2412% dense), 8 v bins
[overlap_fix]     tabu iter 1/1, best e=239095.5 @0, 0 moves, t=0.4s (0.42 s/iter)
[overlap_fix]   scan: after                t=0.8s
[overlap_fix]   group 5: shifted, 44 charts, r=665.5 (spread 235.6), wraps=0 du=0.0 dv=0.0, overlap 53005 -> 24869

=== PREFIT COMPONENT CULL ===
  charts before / after ... 354 / 337
  size hist (faces) ........ 1:4 2-3:5 4-7:3 8-15:4 16-31:5 32-63:24 64-127:115 128-255:65 256-511:121 512+:8
  max Sander QC hist ....... <=2:335 <=4:6 <=8:2 <=16:3 <=32:3 <=64:0 <=128:1 <=256:1 >256:3
  charts killed ............ 12 small, 5 projected-degenerate
  welded groups before/after 48 / 48
  group size hist .......... <=1:0 <=3:0 <=7:0 <=15:1 <=31:3 <=63:5 <=127:6 <=255:7 <=511:2 <=1023:4 <=2047:5 >2047:15
  groups killed ............ 0 small
  faces killed ............. 2 stretch + 868 chart + 0 group
==========================

=== OVERLAP FIX ===
  charts .................. 337
  welded groups ........... 48 (largest 44 charts)
  authentic weld edges .... 401
  faces killed (total) .... 870 / 73142

  -- is the error a whole number of turns? --
  weld |du/circ - round| .. <0.05:363 0.15:21 0.25:10 0.35:4 more:3  (90.5% clean)
  welds off by >=1 wrap ... 34 / 401
  phase |turn - round| ..... <0.05:401 0.15:0 0.25:0 0.35:0 more:0  (100.0% clean)
  nonzero phase targets .... 27 / 401
  trusted / untrusted ..... 0 / 0 (+0 over the wrap cap)
  wrap range .............. 0 .. 0

  -- gauge reconciliation --
  charts wind-corrected ... 0 / 337
  gauge islands ........... 0 (tree 0, cycle 0)
  cycle consistent ........ 0
  cycle INCONSISTENT ...... 0  (holonomy; no gauge can fix these)

  -- overlap --
  cross-group ............. 182103 raw -> 182103 post-wind -> 153967 final
  intra-group ............. 54639 raw -> 54639 post-wind
  intra |dr|/pitch ........ ~0:4167 ~0.5:10932 ~1:10787 ~1.5:11428 ~2:8713 >2.5:8612
    (~0..0.5 = folds no gauge fixes; ~1+ = wrong-wrap, re-gauge CAN fix)
  groups overlapping ...... 22 -> 22
  settled / shifted ....... 47 / 1
  parked / stuck .......... 0 / 0
  time .................... 0.94s
===================

=== TABU RE-GAUGE ===
  depth span .............. +/-4 wraps, tenure 40
  field ladder ............ +1.01474555 x 2pi*r per wind (0 pairs; FIXED)
  ladder u origin ......... -135.03285299553318
  iterations .............. 1 (canonical best at 1)
  moves ................... 0 chart + 1 group + 0 nbhd + 0 graded (of 14 eligible groups)
  phase-flat regions ...... 19 measured only
  phase lateral targets ... 207 trusted, 15 nonzero measured only
  energy (cell units) ..... 239095.5 -> 211460.4
  movable charts .......... 74 / 337
  charts moved ............ 16 / 337
  welds torn .............. 31 / 390 usable (+11 excluded)
  lateral pairs coupled ... 207 (torn 28)
  happy-family bonds ...... 30 (torn 0)
  state archive ........... 2 kept, 2 SAT-verified
  exact winner ............ #1 at iter 1, score 211460.4
  hash rebuilds ........... 0
  cross after (exact) ..... 153967 pairs
  intra after (exact) ..... 53438 pairs
  intra |dr|/pitch after .. ~0:3797 ~0.5:10858 ~1:10661 ~1.5:10800 ~2:8554 >2.5:8768
=====================
  exact workload .......... 103840 queries; 94823 AABB rejects; 7814 cache hits / 1203 misses (1203 entries); 745967 SAT tests
[tiled_atlas] sweep 1/1, tile 13/64 z00_y09_x00, loaded=32
[overlap_fix] active core: disabling tile-local pre-wind so the halo remains frozen
[overlap_fix] production preset: large-grid bounded
[overlap_fix] large-input guard: 32 cubes/81680 faces; tabu_iters=1 rounds=1 (pass --tabu-iters N to override)
[overlap_fix] active core: z[4352,4736) y[3968,4096) x[2304,2688); loaded complement is fixed halo
[overlap_fix] 32 cubes, 51506 vertices, 81680 faces, pitch=11.39
[overlap_fix]   label charts               t=0.0s
[overlap_fix]   build neighbours           t=0.0s
[overlap_fix]   label groups               t=0.1s
[overlap_fix]   uv index: raw              t=0.1s
[overlap_fix]   uv index: before           t=0.1s
[overlap_fix]   scan: raw                  t=0.1s
[overlap_fix]   scan: before               t=0.3s
[overlap_fix]   tabu place                 t=0.4s
[overlap_fix]     exact potential graph: 14331 pairs (11.5803% dense), 8 v bins
[overlap_fix]     tabu iter 1/1, best e=326378.1 @0, 0 moves, t=0.5s (0.49 s/iter)
[overlap_fix]   scan: after                t=0.9s
[overlap_fix]   group 16: shifted, 61 charts, r=740.3 (spread 337.8), wraps=0 du=0.0 dv=0.0, overlap 31018 -> 7079

=== PREFIT COMPONENT CULL ===
  charts before / after ... 570 / 498
  size hist (faces) ........ 1:11 2-3:17 4-7:20 8-15:24 16-31:49 32-63:71 64-127:131 128-255:117 256-511:130 512+:0
  max Sander QC hist ....... <=2:425 <=4:46 <=8:25 <=16:18 <=32:12 <=64:14 <=128:13 <=256:7 >256:10
  charts killed ............ 42 small, 33 projected-degenerate
  welded groups before/after 133 / 133
  group size hist .......... <=1:0 <=3:0 <=7:4 <=15:16 <=31:31 <=63:31 <=127:26 <=255:10 <=511:2 <=1023:3 <=2047:3 >2047:7
  groups killed ............ 0 small
  faces killed ............. 64 stretch + 2179 chart + 0 group
==========================

=== OVERLAP FIX ===
  charts .................. 498
  welded groups ........... 133 (largest 112 charts)
  authentic weld edges .... 515
  faces killed (total) .... 2243 / 81680

  -- is the error a whole number of turns? --
  weld |du/circ - round| .. <0.05:452 0.15:45 0.25:7 0.35:2 more:9  (87.8% clean)
  welds off by >=1 wrap ... 21 / 515
  phase |turn - round| ..... <0.05:515 0.15:0 0.25:0 0.35:0 more:0  (100.0% clean)
  nonzero phase targets .... 41 / 515
  trusted / untrusted ..... 0 / 0 (+0 over the wrap cap)
  wrap range .............. 0 .. 0

  -- gauge reconciliation --
  charts wind-corrected ... 0 / 498
  gauge islands ........... 0 (tree 0, cycle 0)
  cycle consistent ........ 0
  cycle INCONSISTENT ...... 0  (holonomy; no gauge can fix these)

  -- overlap --
  cross-group ............. 86092 raw -> 86092 post-wind -> 62153 final
  intra-group ............. 238223 raw -> 238223 post-wind
  intra |dr|/pitch ........ ~0:3629 ~0.5:23725 ~1:49914 ~1.5:40338 ~2:43723 >2.5:76894
    (~0..0.5 = folds no gauge fixes; ~1+ = wrong-wrap, re-gauge CAN fix)
  groups overlapping ...... 62 -> 61
  settled / shifted ....... 132 / 1
  parked / stuck .......... 0 / 0
  time .................... 1.13s
===================

=== TABU RE-GAUGE ===
  depth span .............. +/-4 wraps, tenure 40
  field ladder ............ +1.01474555 x 2pi*r per wind (0 pairs; FIXED)
  ladder u origin ......... -135.03285299553318
  iterations .............. 1 (canonical best at 1)
  moves ................... 0 chart + 1 group + 0 nbhd + 0 graded (of 5 eligible groups)
  phase-flat regions ...... 14 measured only
  phase lateral targets ... 424 trusted, 42 nonzero measured only
  energy (cell units) ..... 326378.1 -> 301944.9
  movable charts .......... 184 / 498
  charts moved ............ 40 / 498
  welds torn .............. 22 / 499 usable (+16 excluded)
  lateral pairs coupled ... 424 (torn 31)
  happy-family bonds ...... 36 (torn 0)
  state archive ........... 2 kept, 2 SAT-verified
  exact winner ............ #1 at iter 1, score 301944.9
  hash rebuilds ........... 0
  cross after (exact) ..... 62153 pairs
  intra after (exact) ..... 233648 pairs
  intra |dr|/pitch after .. ~0:3548 ~0.5:23569 ~1:49624 ~1.5:40143 ~2:43778 >2.5:72986
=====================
  exact workload .......... 419153 queries; 398221 AABB rejects; 17437 cache hits / 3495 misses (3495 entries); 1158820 SAT tests
[tiled_atlas] sweep 1/1, tile 14/64 z00_y09_x03, loaded=40
[overlap_fix] active core: disabling tile-local pre-wind so the halo remains frozen
[overlap_fix] production preset: large-grid bounded
[overlap_fix] large-input guard: 40 cubes/101255 faces; tabu_iters=1 rounds=1 (pass --tabu-iters N to override)
[overlap_fix] active core: z[4352,4736) y[3968,4096) x[2688,3072); loaded complement is fixed halo
[overlap_fix] 40 cubes, 62307 vertices, 101255 faces, pitch=11.39
[overlap_fix]   label charts               t=0.0s
[overlap_fix]   build neighbours           t=0.0s
[overlap_fix]   label groups               t=0.1s
[overlap_fix]   uv index: raw              t=0.1s
[overlap_fix]   uv index: before           t=0.1s
[overlap_fix]   scan: raw                  t=0.2s
[overlap_fix]     scan 100000/101255 faces, 464588 pairs, 0.2s (602807 faces/s)
[overlap_fix]   scan: before               t=0.4s
[overlap_fix]     scan 100000/101255 faces, 464588 pairs, 0.2s (593648 faces/s)
[overlap_fix]   tabu place                 t=0.6s
[overlap_fix]     exact potential graph: 18774 pairs (11.9519% dense), 8 v bins
[overlap_fix]     tabu iter 1/1, best e=467345.0 @0, 0 moves, t=0.6s (0.65 s/iter)
[overlap_fix]     scan 100000/101255 faces, 464588 pairs, 0.2s (603489 faces/s)
[overlap_fix]     scan 100000/101255 faces, 438066 pairs, 0.2s (623311 faces/s)
[overlap_fix]   scan: after                t=1.2s
[overlap_fix]     scan 100000/101255 faces, 438066 pairs, 0.2s (613706 faces/s)
[overlap_fix]   group 9: shifted, 82 charts, r=668.4 (spread 204.4), wraps=0 du=0.0 dv=0.0, overlap 34586 -> 14987

=== PREFIT COMPONENT CULL ===
  charts before / after ... 617 / 561
  size hist (faces) ........ 1:7 2-3:14 4-7:13 8-15:17 16-31:47 32-63:59 64-127:151 128-255:150 256-511:157 512+:2
  max Sander QC hist ....... <=2:484 <=4:50 <=8:27 <=16:11 <=32:11 <=64:9 <=128:10 <=256:6 >256:9
  charts killed ............ 30 small, 26 projected-degenerate
  welded groups before/after 111 / 111
  group size hist .......... <=1:0 <=3:0 <=7:3 <=15:10 <=31:28 <=63:23 <=127:21 <=255:11 <=511:4 <=1023:2 <=2047:1 >2047:8
  groups killed ............ 0 small
  faces killed ............. 45 stretch + 1272 chart + 0 group
==========================

=== OVERLAP FIX ===
  charts .................. 561
  welded groups ........... 111 (largest 130 charts)
  authentic weld edges .... 655
  faces killed (total) .... 1317 / 101255

  -- is the error a whole number of turns? --
  weld |du/circ - round| .. <0.05:573 0.15:42 0.25:15 0.35:6 more:19  (87.5% clean)
  welds off by >=1 wrap ... 46 / 655
  phase |turn - round| ..... <0.05:655 0.15:0 0.25:0 0.35:0 more:0  (100.0% clean)
  nonzero phase targets .... 48 / 655
  trusted / untrusted ..... 0 / 0 (+0 over the wrap cap)
  wrap range .............. 0 .. 0

  -- gauge reconciliation --
  charts wind-corrected ... 0 / 561
  gauge islands ........... 0 (tree 0, cycle 0)
  cycle consistent ........ 0
  cycle INCONSISTENT ...... 0  (holonomy; no gauge can fix these)

  -- overlap --
  cross-group ............. 95757 raw -> 95757 post-wind -> 76158 final
  intra-group ............. 368958 raw -> 368958 post-wind
  intra |dr|/pitch ........ ~0:8489 ~0.5:24221 ~1:64998 ~1.5:68812 ~2:65724 >2.5:136714
    (~0..0.5 = folds no gauge fixes; ~1+ = wrong-wrap, re-gauge CAN fix)
  groups overlapping ...... 54 -> 51
  settled / shifted ....... 110 / 1
  parked / stuck .......... 0 / 0
  time .................... 1.51s
===================

=== TABU RE-GAUGE ===
  depth span .............. +/-4 wraps, tenure 40
  field ladder ............ +1.01474555 x 2pi*r per wind (0 pairs; FIXED)
  ladder u origin ......... -135.03285299553318
  iterations .............. 1 (canonical best at 1)
  moves ................... 0 chart + 1 group + 0 nbhd + 0 graded (of 6 eligible groups)
  phase-flat regions ...... 13 measured only
  phase lateral targets ... 634 trusted, 52 nonzero measured only
  energy (cell units) ..... 467345.0 -> 449278.2
  movable charts .......... 150 / 561
  charts moved ............ 41 / 561
  welds torn .............. 40 / 627 usable (+28 excluded)
  lateral pairs coupled ... 634 (torn 45)
  happy-family bonds ...... 24 (torn 0)
  state archive ........... 2 kept, 2 SAT-verified
  exact winner ............ #1 at iter 1, score 449278.2
  hash rebuilds ........... 0
  cross after (exact) ..... 76158 pairs
  intra after (exact) ..... 362035 pairs
  intra |dr|/pitch after .. ~0:8250 ~0.5:24239 ~1:64356 ~1.5:68474 ~2:65031 >2.5:131685
=====================
  exact workload .......... 438610 queries; 416436 AABB rejects; 17835 cache hits / 4339 misses (4339 entries); 1815953 SAT tests
[tiled_atlas] sweep 1/1, tile 15/64 z00_y09_x06, loaded=40
[overlap_fix] active core: disabling tile-local pre-wind so the halo remains frozen
[overlap_fix] production preset: large-grid bounded
[overlap_fix] large-input guard: 40 cubes/89560 faces; tabu_iters=1 rounds=1 (pass --tabu-iters N to override)
[overlap_fix] active core: z[4352,4736) y[3968,4096) x[3072,3456); loaded complement is fixed halo
[overlap_fix] 40 cubes, 53839 vertices, 89560 faces, pitch=11.39
[overlap_fix]   label charts               t=0.0s
[overlap_fix]   build neighbours           t=0.0s
[overlap_fix]   label groups               t=0.1s
[overlap_fix]   uv index: raw              t=0.1s
[overlap_fix]   uv index: before           t=0.1s
[overlap_fix]   scan: raw                  t=0.1s
[overlap_fix]   scan: before               t=0.3s
[overlap_fix]   tabu place                 t=0.5s
[overlap_fix]     exact potential graph: 12621 pairs (13.5570% dense), 8 v bins
[overlap_fix]     tabu iter 1/1, best e=387237.9 @0, 0 moves, t=0.5s (0.55 s/iter)
[overlap_fix]   scan: after                t=1.0s
[overlap_fix]   group 13: shifted, 65 charts, r=794.0 (spread 384.3), wraps=0 du=0.0 dv=0.0, overlap 59955 -> 6921

=== PREFIT COMPONENT CULL ===
  charts before / after ... 457 / 432
  size hist (faces) ........ 1:4 2-3:3 4-7:3 8-15:5 16-31:24 32-63:26 64-127:118 128-255:120 256-511:152 512+:2
  max Sander QC hist ....... <=2:402 <=4:17 <=8:6 <=16:7 <=32:4 <=64:5 <=128:5 <=256:2 >256:9
  charts killed ............ 9 small, 16 projected-degenerate
  welded groups before/after 62 / 62
  group size hist .......... <=1:0 <=3:0 <=7:1 <=15:3 <=31:14 <=63:6 <=127:10 <=255:9 <=511:4 <=1023:2 <=2047:2 >2047:11
  groups killed ............ 0 small
  faces killed ............. 5 stretch + 1305 chart + 0 group
==========================

=== OVERLAP FIX ===
  charts .................. 432
  welded groups ........... 62 (largest 65 charts)
  authentic weld edges .... 555
  faces killed (total) .... 1310 / 89560

  -- is the error a whole number of turns? --
  weld |du/circ - round| .. <0.05:473 0.15:31 0.25:18 0.35:7 more:26  (85.2% clean)
  welds off by >=1 wrap ... 45 / 555
  phase |turn - round| ..... <0.05:555 0.15:0 0.25:0 0.35:0 more:0  (100.0% clean)
  nonzero phase targets .... 59 / 555
  trusted / untrusted ..... 0 / 0 (+0 over the wrap cap)
  wrap range .............. 0 .. 0

  -- gauge reconciliation --
  charts wind-corrected ... 0 / 432
  gauge islands ........... 0 (tree 0, cycle 0)
  cycle consistent ........ 0
  cycle INCONSISTENT ...... 0  (holonomy; no gauge can fix these)

  -- overlap --
  cross-group ............. 310893 raw -> 310893 post-wind -> 257859 final
  intra-group ............. 73774 raw -> 73774 post-wind
  intra |dr|/pitch ........ ~0:3757 ~0.5:11349 ~1:18674 ~1.5:15175 ~2:5795 >2.5:19024
    (~0..0.5 = folds no gauge fixes; ~1+ = wrong-wrap, re-gauge CAN fix)
  groups overlapping ...... 25 -> 23
  settled / shifted ....... 61 / 1
  parked / stuck .......... 0 / 0
  time .................... 1.25s
===================

=== TABU RE-GAUGE ===
  depth span .............. +/-4 wraps, tenure 40
  field ladder ............ +1.01474555 x 2pi*r per wind (0 pairs; FIXED)
  ladder u origin ......... -135.03285299553318
  iterations .............. 1 (canonical best at 1)
  moves ................... 0 chart + 1 group + 0 nbhd + 0 graded (of 7 eligible groups)
  phase-flat regions ...... 13 measured only
  phase lateral targets ... 285 trusted, 7 nonzero measured only
  energy (cell units) ..... 387237.9 -> 333977.8
  movable charts .......... 113 / 432
  charts moved ............ 44 / 432
  welds torn .............. 35 / 520 usable (+35 excluded)
  lateral pairs coupled ... 285 (torn 32)
  happy-family bonds ...... 8 (torn 0)
  state archive ........... 2 kept, 2 SAT-verified
  exact winner ............ #1 at iter 1, score 333977.8
  hash rebuilds ........... 0
  cross after (exact) ..... 257859 pairs
  intra after (exact) ..... 69948 pairs
  intra |dr|/pitch after .. ~0:3745 ~0.5:11005 ~1:18495 ~1.5:15006 ~2:5646 >2.5:16051
=====================
  exact workload .......... 308423 queries; 294019 AABB rejects; 12160 cache hits / 2244 misses (2244 entries); 1202476 SAT tests
[tiled_atlas] sweep 1/1, tile 16/64 z00_y09_x09, loaded=16
[overlap_fix] active core: disabling tile-local pre-wind so the halo remains frozen
[overlap_fix] production preset: large-grid bounded
[overlap_fix] large-input guard: 16 cubes/32482 faces; tabu_iters=1 rounds=1 (pass --tabu-iters N to override)
[overlap_fix] active core: z[4352,4736) y[3968,4096) x[3456,3584); loaded complement is fixed halo
[overlap_fix] 16 cubes, 19826 vertices, 32482 faces, pitch=11.39
[overlap_fix]   label charts               t=0.0s
[overlap_fix]   build neighbours           t=0.0s
[overlap_fix]   label groups               t=0.0s
[overlap_fix]   uv index: raw              t=0.0s
[overlap_fix]   uv index: before           t=0.0s
[overlap_fix]   scan: raw                  t=0.0s
[overlap_fix]   scan: before               t=0.1s
[overlap_fix]   tabu place                 t=0.1s
[overlap_fix]     exact potential graph: 1508 pairs (13.6768% dense), 8 v bins
[overlap_fix]     tabu iter 1/1, best e=84634.8 @0, 0 moves, t=0.2s (0.16 s/iter)
[overlap_fix]   scan: after                t=0.3s
[overlap_fix]   group 9: shifted, 8 charts, r=853.6 (spread 209.7), wraps=0 du=0.0 dv=0.0, overlap 5071 -> 201

=== PREFIT COMPONENT CULL ===
  charts before / after ... 154 / 149
  size hist (faces) ........ 1:1 2-3:0 4-7:1 8-15:2 16-31:3 32-63:13 64-127:39 128-255:31 256-511:64 512+:0
  max Sander QC hist ....... <=2:145 <=4:3 <=8:0 <=16:2 <=32:1 <=64:0 <=128:1 <=256:0 >256:2
  charts killed ............ 2 small, 3 projected-degenerate
  welded groups before/after 28 / 28
  group size hist .......... <=1:0 <=3:0 <=7:0 <=15:1 <=31:1 <=63:2 <=127:6 <=255:2 <=511:1 <=1023:2 <=2047:6 >2047:7
  groups killed ............ 0 small
  faces killed ............. 2 stretch + 421 chart + 0 group
==========================

=== OVERLAP FIX ===
  charts .................. 149
  welded groups ........... 28 (largest 17 charts)
  authentic weld edges .... 160
  faces killed (total) .... 423 / 32482

  -- is the error a whole number of turns? --
  weld |du/circ - round| .. <0.05:136 0.15:1 0.25:10 0.35:9 more:4  (85.0% clean)
  welds off by >=1 wrap ... 20 / 160
  phase |turn - round| ..... <0.05:160 0.15:0 0.25:0 0.35:0 more:0  (100.0% clean)
  nonzero phase targets .... 17 / 160
  trusted / untrusted ..... 0 / 0 (+0 over the wrap cap)
  wrap range .............. 0 .. 0

  -- gauge reconciliation --
  charts wind-corrected ... 0 / 149
  gauge islands ........... 0 (tree 0, cycle 0)
  cycle consistent ........ 0
  cycle INCONSISTENT ...... 0  (holonomy; no gauge can fix these)

  -- overlap --
  cross-group ............. 82043 raw -> 82043 post-wind -> 77173 final
  intra-group ............. 1932 raw -> 1932 post-wind
  intra |dr|/pitch ........ ~0:260 ~0.5:1349 ~1:316 ~1.5:7 ~2:0 >2.5:0
    (~0..0.5 = folds no gauge fixes; ~1+ = wrong-wrap, re-gauge CAN fix)
  groups overlapping ...... 18 -> 18
  settled / shifted ....... 27 / 1
  parked / stuck .......... 0 / 0
  time .................... 0.37s
===================

=== TABU RE-GAUGE ===
  depth span .............. +/-4 wraps, tenure 40
  field ladder ............ +1.01474555 x 2pi*r per wind (0 pairs; FIXED)
  ladder u origin ......... -135.03285299553318
  iterations .............. 1 (canonical best at 1)
  moves ................... 0 chart + 1 group + 0 nbhd + 0 graded (of 7 eligible groups)
  phase-flat regions ...... 10 measured only
  phase lateral targets ... 45 trusted, 4 nonzero measured only
  energy (cell units) ..... 84634.8 -> 79901.3
  movable charts .......... 28 / 149
  charts moved ............ 3 / 149
  welds torn .............. 8 / 143 usable (+17 excluded)
  lateral pairs coupled ... 45 (torn 1)
  happy-family bonds ...... 19 (torn 0)
  state archive ........... 2 kept, 2 SAT-verified
  exact winner ............ #1 at iter 1, score 79901.3
  hash rebuilds ........... 0
  cross after (exact) ..... 77173 pairs
  intra after (exact) ..... 1889 pairs
  intra |dr|/pitch after .. ~0:258 ~0.5:1311 ~1:313 ~1.5:7 ~2:0 >2.5:0
=====================
  exact workload .......... 24732 queries; 23189 AABB rejects; 1274 cache hits / 269 misses (269 entries); 159923 SAT tests
[tiled_atlas] sweep 1/1, tile 17/64 z03_y00_x00, loaded=80
[overlap_fix] active core: disabling tile-local pre-wind so the halo remains frozen
[overlap_fix] production preset: large-grid bounded
[overlap_fix] large-input guard: 80 cubes/219720 faces; tabu_iters=1 rounds=1 (pass --tabu-iters N to override)
[overlap_fix] active core: z[4736,5120) y[2816,3200) x[2304,2688); loaded complement is fixed halo
[overlap_fix] 80 cubes, 127857 vertices, 219720 faces, pitch=11.39
[overlap_fix]   label charts               t=0.0s
[overlap_fix]   build neighbours           t=0.0s
[overlap_fix]   label groups               t=0.3s
[overlap_fix]   uv index: raw              t=0.3s
[overlap_fix]   uv index: before           t=0.3s
[overlap_fix]   scan: raw                  t=0.4s
[overlap_fix]     scan 100000/219720 faces, 341974 pairs, 0.1s (697070 faces/s)
[overlap_fix]     scan 200000/219720 faces, 668359 pairs, 0.3s (700757 faces/s)
[overlap_fix]   scan: before               t=0.8s
[overlap_fix]     scan 100000/219720 faces, 341974 pairs, 0.1s (687303 faces/s)
[overlap_fix]     scan 200000/219720 faces, 668359 pairs, 0.3s (692413 faces/s)
[overlap_fix]   tabu place                 t=1.1s
[overlap_fix]     exact potential graph: 32032 pairs (8.2821% dense), 10 v bins
[overlap_fix]     tabu iter 1/1, best e=727293.4 @0, 0 moves, t=1.3s (1.29 s/iter)
[overlap_fix]     scan 100000/219720 faces, 341974 pairs, 0.1s (698840 faces/s)
[overlap_fix]     scan 200000/219720 faces, 668359 pairs, 0.3s (702985 faces/s)
[overlap_fix]     scan 100000/219720 faces, 310665 pairs, 0.1s (733937 faces/s)
[overlap_fix]     scan 200000/219720 faces, 622594 pairs, 0.3s (728037 faces/s)
[overlap_fix]   scan: after                t=2.4s
[overlap_fix]     scan 100000/219720 faces, 310665 pairs, 0.2s (634874 faces/s)
[overlap_fix]     scan 200000/219720 faces, 622594 pairs, 0.3s (624279 faces/s)
[overlap_fix]   group 10: shifted, 93 charts, r=609.5 (spread 240.7), wraps=0 du=0.0 dv=0.0, overlap 76061 -> 33984

=== PREFIT COMPONENT CULL ===
  charts before / after ... 923 / 880
  size hist (faces) ........ 1:7 2-3:7 4-7:13 8-15:12 16-31:15 32-63:37 64-127:265 128-255:152 256-511:393 512+:22
  max Sander QC hist ....... <=2:830 <=4:48 <=8:11 <=16:3 <=32:6 <=64:8 <=128:6 <=256:2 >256:9
  charts killed ............ 24 small, 19 projected-degenerate
  welded groups before/after 78 / 78
  group size hist .......... <=1:0 <=3:0 <=7:1 <=15:9 <=31:9 <=63:8 <=127:13 <=255:3 <=511:7 <=1023:2 <=2047:4 >2047:22
  groups killed ............ 0 small
  faces killed ............. 4 stretch + 3685 chart + 0 group
==========================

=== OVERLAP FIX ===
  charts .................. 880
  welded groups ........... 78 (largest 97 charts)
  authentic weld edges .... 1264
  faces killed (total) .... 3689 / 219720

  -- is the error a whole number of turns? --
  weld |du/circ - round| .. <0.05:1089 0.15:100 0.25:50 0.35:13 more:12  (86.2% clean)
  welds off by >=1 wrap ... 42 / 1264
  phase |turn - round| ..... <0.05:1264 0.15:0 0.25:0 0.35:0 more:0  (100.0% clean)
  nonzero phase targets .... 113 / 1264
  trusted / untrusted ..... 0 / 0 (+0 over the wrap cap)
  wrap range .............. 0 .. 0

  -- gauge reconciliation --
  charts wind-corrected ... 0 / 880
  gauge islands ........... 0 (tree 0, cycle 0)
  cycle consistent ........ 0
  cycle INCONSISTENT ...... 0  (holonomy; no gauge can fix these)

  -- overlap --
  cross-group ............. 521985 raw -> 521985 post-wind -> 479908 final
  intra-group ............. 197658 raw -> 197658 post-wind
  intra |dr|/pitch ........ ~0:10688 ~0.5:23297 ~1:39480 ~1.5:39501 ~2:26385 >2.5:58307
    (~0..0.5 = folds no gauge fixes; ~1+ = wrong-wrap, re-gauge CAN fix)
  groups overlapping ...... 50 -> 50
  settled / shifted ....... 77 / 1
  parked / stuck .......... 0 / 0
  time .................... 3.15s
===================

=== TABU RE-GAUGE ===
  depth span .............. +/-4 wraps, tenure 40
  field ladder ............ +1.01474555 x 2pi*r per wind (0 pairs; FIXED)
  ladder u origin ......... -135.03285299553318
  iterations .............. 1 (canonical best at 1)
  moves ................... 0 chart + 1 group + 0 nbhd + 0 graded (of 16 eligible groups)
  phase-flat regions ...... 22 measured only
  phase lateral targets ... 739 trusted, 131 nonzero measured only
  energy (cell units) ..... 727293.4 -> 686141.3
  movable charts .......... 298 / 880
  charts moved ............ 48 / 880
  welds torn .............. 68 / 1239 usable (+25 excluded)
  lateral pairs coupled ... 739 (torn 67)
  happy-family bonds ...... 112 (torn 0)
  state archive ........... 2 kept, 2 SAT-verified
  exact winner ............ #1 at iter 1, score 686141.3
  hash rebuilds ........... 0
  cross after (exact) ..... 479908 pairs
  intra after (exact) ..... 193969 pairs
  intra |dr|/pitch after .. ~0:10151 ~0.5:22366 ~1:39037 ~1.5:39432 ~2:25915 >2.5:57068
=====================
  exact workload .......... 786752 queries; 750064 AABB rejects; 30056 cache hits / 6632 misses (6632 entries); 3839815 SAT tests
[tiled_atlas] sweep 1/1, tile 18/64 z03_y00_x03, loaded=100
[overlap_fix] active core: disabling tile-local pre-wind so the halo remains frozen
[overlap_fix] production preset: large-grid bounded
[overlap_fix] large-input guard: 100 cubes/251241 faces; tabu_iters=1 rounds=1 (pass --tabu-iters N to override)
[overlap_fix] active core: z[4736,5120) y[2816,3200) x[2688,3072); loaded complement is fixed halo
[overlap_fix] 100 cubes, 150353 vertices, 251241 faces, pitch=11.39
[overlap_fix]   label charts               t=0.0s
[overlap_fix]   build neighbours           t=0.0s
[overlap_fix]   label groups               t=0.3s
[overlap_fix]   uv index: raw              t=0.3s
[overlap_fix]   uv index: before           t=0.3s
[overlap_fix]   scan: raw                  t=0.4s
[overlap_fix]     scan 100000/251241 faces, 321527 pairs, 0.1s (712216 faces/s)
[overlap_fix]     scan 200000/251241 faces, 669696 pairs, 0.3s (694229 faces/s)
[overlap_fix]   scan: before               t=0.9s
[overlap_fix]     scan 100000/251241 faces, 321527 pairs, 0.1s (708400 faces/s)
[overlap_fix]     scan 200000/251241 faces, 669696 pairs, 0.3s (689506 faces/s)
[overlap_fix]   tabu place                 t=1.3s
[overlap_fix]     exact potential graph: 53441 pairs (9.8534% dense), 10 v bins
[overlap_fix]     tabu iter 1/1, best e=858804.6 @0, 0 moves, t=1.5s (1.48 s/iter)
[overlap_fix]     scan 100000/251241 faces, 321527 pairs, 0.1s (710354 faces/s)
[overlap_fix]     scan 200000/251241 faces, 669696 pairs, 0.3s (691232 faces/s)
[overlap_fix]     scan 100000/251241 faces, 290012 pairs, 0.1s (752134 faces/s)
[overlap_fix]     scan 200000/251241 faces, 599214 pairs, 0.3s (735355 faces/s)
[overlap_fix]   scan: after                t=2.9s
[overlap_fix]     scan 100000/251241 faces, 290012 pairs, 0.2s (639855 faces/s)
[overlap_fix]     scan 200000/251241 faces, 599214 pairs, 0.3s (628388 faces/s)
[overlap_fix]   group 12: shifted, 104 charts, r=360.2 (spread 293.0), wraps=0 du=0.0 dv=0.0, overlap 192558 -> 130737

=== PREFIT COMPONENT CULL ===
  charts before / after ... 1087 / 1042
  size hist (faces) ........ 1:13 2-3:6 4-7:17 8-15:12 16-31:22 32-63:58 64-127:289 128-255:208 256-511:448 512+:14
  max Sander QC hist ....... <=2:965 <=4:84 <=8:9 <=16:6 <=32:7 <=64:3 <=128:2 <=256:2 >256:9
  charts killed ............ 31 small, 14 projected-degenerate
  welded groups before/after 81 / 81
  group size hist .......... <=1:0 <=3:0 <=7:2 <=15:5 <=31:10 <=63:12 <=127:10 <=255:9 <=511:4 <=1023:3 <=2047:1 >2047:25
  groups killed ............ 0 small
  faces killed ............. 15 stretch + 3184 chart + 0 group
==========================

=== OVERLAP FIX ===
  charts .................. 1042
  welded groups ........... 81 (largest 116 charts)
  authentic weld edges .... 1528
  faces killed (total) .... 3199 / 251241

  -- is the error a whole number of turns? --
  weld |du/circ - round| .. <0.05:1285 0.15:132 0.25:58 0.35:29 more:24  (84.1% clean)
  welds off by >=1 wrap ... 94 / 1528
  phase |turn - round| ..... <0.05:1528 0.15:0 0.25:0 0.35:0 more:0  (100.0% clean)
  nonzero phase targets .... 137 / 1528
  trusted / untrusted ..... 0 / 0 (+0 over the wrap cap)
  wrap range .............. 0 .. 0

  -- gauge reconciliation --
  charts wind-corrected ... 0 / 1042
  gauge islands ........... 0 (tree 0, cycle 0)
  cycle consistent ........ 0
  cycle INCONSISTENT ...... 0  (holonomy; no gauge can fix these)

  -- overlap --
  cross-group ............. 626416 raw -> 626416 post-wind -> 564595 final
  intra-group ............. 222263 raw -> 222263 post-wind
  intra |dr|/pitch ........ ~0:16303 ~0.5:26479 ~1:28451 ~1.5:23163 ~2:23601 >2.5:104266
    (~0..0.5 = folds no gauge fixes; ~1+ = wrong-wrap, re-gauge CAN fix)
  groups overlapping ...... 42 -> 47
  settled / shifted ....... 80 / 1
  parked / stuck .......... 0 / 0
  time .................... 3.66s
===================

=== TABU RE-GAUGE ===
  depth span .............. +/-4 wraps, tenure 40
  field ladder ............ +1.01474555 x 2pi*r per wind (0 pairs; FIXED)
  ladder u origin ......... -135.03285299553318
  iterations .............. 1 (canonical best at 1)
  moves ................... 0 chart + 1 group + 0 nbhd + 0 graded (of 15 eligible groups)
  phase-flat regions ...... 28 measured only
  phase lateral targets ... 607 trusted, 223 nonzero measured only
  energy (cell units) ..... 858804.6 -> 791904.7
  movable charts .......... 306 / 1042
  charts moved ............ 38 / 1042
  welds torn .............. 98 / 1475 usable (+53 excluded)
  lateral pairs coupled ... 610 (torn 68)
  happy-family bonds ...... 167 (torn 0)
  state archive ........... 2 kept, 2 SAT-verified
  exact winner ............ #1 at iter 1, score 791904.7
  hash rebuilds ........... 0
  cross after (exact) ..... 564595 pairs
  intra after (exact) ..... 213602 pairs
  intra |dr|/pitch after .. ~0:16184 ~0.5:26195 ~1:28270 ~1.5:23023 ~2:23424 >2.5:96506
=====================
  exact workload .......... 1188003 queries; 1146628 AABB rejects; 34175 cache hits / 7200 misses (7200 entries); 3953563 SAT tests
[tiled_atlas] sweep 1/1, tile 19/64 z03_y00_x06, loaded=100
[overlap_fix] active core: disabling tile-local pre-wind so the halo remains frozen
[overlap_fix] production preset: large-grid bounded
[overlap_fix] large-input guard: 100 cubes/127150 faces; tabu_iters=1 rounds=1 (pass --tabu-iters N to override)
[overlap_fix] active core: z[4736,5120) y[2816,3200) x[3072,3456); loaded complement is fixed halo
[overlap_fix] 100 cubes, 102607 vertices, 127150 faces, pitch=11.39
[overlap_fix]   label charts               t=0.0s
[overlap_fix]   build neighbours           t=0.0s
[overlap_fix]   label groups               t=0.2s
[overlap_fix]   uv index: raw              t=0.2s
[overlap_fix]   uv index: before           t=0.2s
[overlap_fix]   scan: raw                  t=0.2s
[overlap_fix]     scan 100000/127150 faces, 151142 pairs, 0.1s (949157 faces/s)
[overlap_fix]   scan: before               t=0.4s
[overlap_fix]     scan 100000/127150 faces, 151142 pairs, 0.1s (943572 faces/s)
[overlap_fix]   tabu place                 t=0.5s
[overlap_fix]     exact potential graph: 23303 pairs (8.3858% dense), 10 v bins
[overlap_fix]     tabu iter 1/1, best e=197904.3 @0, 0 moves, t=0.6s (0.62 s/iter)
[overlap_fix]     scan 100000/127150 faces, 151142 pairs, 0.1s (951180 faces/s)
[overlap_fix]     scan 100000/127150 faces, 134061 pairs, 0.1s (980180 faces/s)
[overlap_fix]   scan: after                t=1.1s
[overlap_fix]     scan 100000/127150 faces, 134061 pairs, 0.1s (959831 faces/s)
[overlap_fix]   group 12: shifted, 61 charts, r=466.8 (spread 462.1), wraps=0 du=0.0 dv=0.0, overlap 35310 -> 18553

=== PREFIT COMPONENT CULL ===
  charts before / after ... 832 / 746
  size hist (faces) ........ 1:25 2-3:28 4-7:33 8-15:41 16-31:42 32-63:88 64-127:190 128-255:195 256-511:189 512+:1
  max Sander QC hist ....... <=2:780 <=4:26 <=8:5 <=16:9 <=32:4 <=64:3 <=128:1 <=256:1 >256:3
  charts killed ............ 81 small, 5 projected-degenerate
  welded groups before/after 123 / 123
  group size hist .......... <=1:0 <=3:0 <=7:2 <=15:23 <=31:22 <=63:18 <=127:19 <=255:7 <=511:1 <=1023:4 <=2047:4 >2047:23
  groups killed ............ 0 small
  faces killed ............. 18 stretch + 1014 chart + 0 group
==========================

=== OVERLAP FIX ===
  charts .................. 746
  welded groups ........... 123 (largest 61 charts)
  authentic weld edges .... 874
  faces killed (total) .... 1032 / 127150

  -- is the error a whole number of turns? --
  weld |du/circ - round| .. <0.05:702 0.15:80 0.25:43 0.35:20 more:29  (80.3% clean)
  welds off by >=1 wrap ... 96 / 874
  phase |turn - round| ..... <0.05:874 0.15:0 0.25:0 0.35:0 more:0  (100.0% clean)
  nonzero phase targets .... 157 / 874
  trusted / untrusted ..... 0 / 0 (+0 over the wrap cap)
  wrap range .............. 0 .. 0

  -- gauge reconciliation --
  charts wind-corrected ... 0 / 746
  gauge islands ........... 0 (tree 0, cycle 0)
  cycle consistent ........ 0
  cycle INCONSISTENT ...... 0  (holonomy; no gauge can fix these)

  -- overlap --
  cross-group ............. 153808 raw -> 153808 post-wind -> 137051 final
  intra-group ............. 38757 raw -> 38757 post-wind
  intra |dr|/pitch ........ ~0:3271 ~0.5:8602 ~1:4143 ~1.5:1345 ~2:878 >2.5:20518
    (~0..0.5 = folds no gauge fixes; ~1+ = wrong-wrap, re-gauge CAN fix)
  groups overlapping ...... 46 -> 47
  settled / shifted ....... 122 / 1
  parked / stuck .......... 0 / 0
  time .................... 1.44s
===================

=== TABU RE-GAUGE ===
  depth span .............. +/-4 wraps, tenure 40
  field ladder ............ +1.01474555 x 2pi*r per wind (0 pairs; FIXED)
  ladder u origin ......... -135.03285299553318
  iterations .............. 1 (canonical best at 1)
  moves ................... 0 chart + 1 group + 0 nbhd + 0 graded (of 8 eligible groups)
  phase-flat regions ...... 18 measured only
  phase lateral targets ... 184 trusted, 51 nonzero measured only
  energy (cell units) ..... 197904.3 -> 185416.6
  movable charts .......... 238 / 746
  charts moved ............ 30 / 746
  welds torn .............. 40 / 803 usable (+71 excluded)
  lateral pairs coupled ... 185 (torn 16)
  happy-family bonds ...... 53 (torn 0)
  state archive ........... 2 kept, 2 SAT-verified
  exact winner ............ #1 at iter 1, score 185416.6
  hash rebuilds ........... 0
  cross after (exact) ..... 137051 pairs
  intra after (exact) ..... 38432 pairs
  intra |dr|/pitch after .. ~0:3394 ~0.5:8544 ~1:3917 ~1.5:1254 ~2:889 >2.5:20434
=====================
  exact workload .......... 607189 queries; 592037 AABB rejects; 12461 cache hits / 2691 misses (2691 entries); 850431 SAT tests
[tiled_atlas] sweep 1/1, tile 20/64 z03_y00_x09, loaded=40
[overlap_fix] active core: disabling tile-local pre-wind so the halo remains frozen
[overlap_fix] production preset: large-grid bounded
[overlap_fix] large-input guard: 40 cubes/28451 faces; tabu_iters=1 rounds=1 (pass --tabu-iters N to override)
[overlap_fix] active core: z[4736,5120) y[2816,3200) x[3456,3584); loaded complement is fixed halo
[overlap_fix] 40 cubes, 34189 vertices, 28451 faces, pitch=11.39
[overlap_fix]   label charts               t=0.0s
[overlap_fix]   build neighbours           t=0.0s
[overlap_fix]   label groups               t=0.0s
[overlap_fix]   uv index: raw              t=0.0s
[overlap_fix]   uv index: before           t=0.0s
[overlap_fix]   scan: raw                  t=0.0s
[overlap_fix]   scan: before               t=0.1s
[overlap_fix]   tabu place                 t=0.1s
[overlap_fix]     exact potential graph: 1333 pairs (5.8488% dense), 10 v bins
[overlap_fix]     tabu iter 1/1, best e=3123.2 @0, 0 moves, t=0.1s (0.11 s/iter)
[overlap_fix]   scan: after                t=0.2s
[overlap_fix]   group 28: shifted, 2 charts, r=744.5 (spread 82.9), wraps=0 du=0.0 dv=0.0, overlap 449 -> 0

=== PREFIT COMPONENT CULL ===
  charts before / after ... 256 / 214
  size hist (faces) ........ 1:8 2-3:18 4-7:14 8-15:24 16-31:21 32-63:32 64-127:55 128-255:49 256-511:35 512+:0
  max Sander QC hist ....... <=2:240 <=4:8 <=8:2 <=16:3 <=32:0 <=64:0 <=128:1 <=256:1 >256:1
  charts killed ............ 39 small, 3 projected-degenerate
  welded groups before/after 75 / 75
  group size hist .......... <=1:0 <=3:0 <=7:1 <=15:17 <=31:10 <=63:9 <=127:13 <=255:6 <=511:4 <=1023:3 <=2047:10 >2047:2
  groups killed ............ 0 small
  faces killed ............. 8 stretch + 156 chart + 0 group
==========================

=== OVERLAP FIX ===
  charts .................. 214
  welded groups ........... 75 (largest 16 charts)
  authentic weld edges .... 170
  faces killed (total) .... 164 / 28451

  -- is the error a whole number of turns? --
  weld |du/circ - round| .. <0.05:140 0.15:9 0.25:10 0.35:6 more:5  (82.4% clean)
  welds off by >=1 wrap ... 25 / 170
  phase |turn - round| ..... <0.05:170 0.15:0 0.25:0 0.35:0 more:0  (100.0% clean)
  nonzero phase targets .... 37 / 170
  trusted / untrusted ..... 0 / 0 (+0 over the wrap cap)
  wrap range .............. 0 .. 0

  -- gauge reconciliation --
  charts wind-corrected ... 0 / 214
  gauge islands ........... 0 (tree 0, cycle 0)
  cycle consistent ........ 0
  cycle INCONSISTENT ...... 0  (holonomy; no gauge can fix these)

  -- overlap --
  cross-group ............. 1495 raw -> 1495 post-wind -> 1046 final
  intra-group ............. 819 raw -> 819 post-wind
  intra |dr|/pitch ........ ~0:227 ~0.5:439 ~1:151 ~1.5:2 ~2:0 >2.5:0
    (~0..0.5 = folds no gauge fixes; ~1+ = wrong-wrap, re-gauge CAN fix)
  groups overlapping ...... 18 -> 17
  settled / shifted ....... 74 / 1
  parked / stuck .......... 0 / 0
  time .................... 0.28s
===================

=== TABU RE-GAUGE ===
  depth span .............. +/-4 wraps, tenure 40
  field ladder ............ +1.01474555 x 2pi*r per wind (0 pairs; FIXED)
  ladder u origin ......... -135.03285299553318
  iterations .............. 1 (canonical best at 1)
  moves ................... 0 chart + 1 group + 0 nbhd + 0 graded (of 3 eligible groups)
  phase-flat regions ...... 12 measured only
  phase lateral targets ... 51 trusted, 1 nonzero measured only
  energy (cell units) ..... 3123.2 -> 2800.2
  movable charts .......... 48 / 214
  charts moved ............ 2 / 214
  welds torn .............. 1 / 146 usable (+24 excluded)
  lateral pairs coupled ... 52 (torn 4)
  happy-family bonds ...... 33 (torn 0)
  state archive ........... 2 kept, 2 SAT-verified
  exact winner ............ #1 at iter 1, score 2800.2
  hash rebuilds ........... 0
  cross after (exact) ..... 1046 pairs
  intra after (exact) ..... 819 pairs
  intra |dr|/pitch after .. ~0:227 ~0.5:439 ~1:151 ~1.5:2 ~2:0 >2.5:0
=====================
  exact workload .......... 20799 queries; 19848 AABB rejects; 810 cache hits / 141 misses (141 entries); 13144 SAT tests
[tiled_atlas] sweep 1/1, tile 21/64 z03_y03_x00, loaded=99
[overlap_fix] active core: disabling tile-local pre-wind so the halo remains frozen
[overlap_fix] production preset: large-grid bounded
[overlap_fix] large-input guard: 99 cubes/187282 faces; tabu_iters=1 rounds=1 (pass --tabu-iters N to override)
[overlap_fix] active core: z[4736,5120) y[3200,3584) x[2304,2688); loaded complement is fixed halo
[overlap_fix] 99 cubes, 114513 vertices, 187282 faces, pitch=11.39
[overlap_fix]   label charts               t=0.0s
[overlap_fix]   build neighbours           t=0.0s
[overlap_fix]   label groups               t=0.2s
[overlap_fix]   uv index: raw              t=0.2s
[overlap_fix]   uv index: before           t=0.2s
[overlap_fix]   scan: raw                  t=0.3s
[overlap_fix]     scan 100000/187282 faces, 327101 pairs, 0.1s (700849 faces/s)
[overlap_fix]   scan: before               t=0.7s
[overlap_fix]     scan 100000/187282 faces, 327101 pairs, 0.1s (698142 faces/s)
[overlap_fix]   tabu place                 t=0.9s
[overlap_fix]     exact potential graph: 44620 pairs (13.2557% dense), 10 v bins
[overlap_fix]     tabu iter 1/1, best e=586332.7 @0, 0 moves, t=1.1s (1.09 s/iter)
[overlap_fix]     scan 100000/187282 faces, 327101 pairs, 0.1s (702676 faces/s)
[overlap_fix]     scan 100000/187282 faces, 259797 pairs, 0.1s (771513 faces/s)
[overlap_fix]   scan: after                t=2.0s
[overlap_fix]     scan 100000/187282 faces, 259797 pairs, 0.1s (764749 faces/s)
[overlap_fix]   group 11: shifted, 98 charts, r=397.5 (spread 325.0), wraps=0 du=0.0 dv=0.0, overlap 192648 -> 79429

=== PREFIT COMPONENT CULL ===
  charts before / after ... 878 / 821
  size hist (faces) ........ 1:11 2-3:19 4-7:21 8-15:13 16-31:21 32-63:57 64-127:222 128-255:176 256-511:321 512+:17
  max Sander QC hist ....... <=2:787 <=4:65 <=8:4 <=16:1 <=32:7 <=64:3 <=128:2 <=256:3 >256:6
  charts killed ............ 45 small, 12 projected-degenerate
  welded groups before/after 66 / 66
  group size hist .......... <=1:0 <=3:0 <=7:1 <=15:2 <=31:8 <=63:8 <=127:13 <=255:5 <=511:4 <=1023:3 <=2047:1 >2047:21
  groups killed ............ 0 small
  faces killed ............. 5 stretch + 2233 chart + 0 group
==========================

=== OVERLAP FIX ===
  charts .................. 821
  welded groups ........... 66 (largest 118 charts)
  authentic weld edges .... 1204
  faces killed (total) .... 2238 / 187282

  -- is the error a whole number of turns? --
  weld |du/circ - round| .. <0.05:971 0.15:97 0.25:70 0.35:30 more:36  (80.6% clean)
  welds off by >=1 wrap ... 96 / 1204
  phase |turn - round| ..... <0.05:1204 0.15:0 0.25:0 0.35:0 more:0  (100.0% clean)
  nonzero phase targets .... 161 / 1204
  trusted / untrusted ..... 0 / 0 (+0 over the wrap cap)
  wrap range .............. 0 .. 0

  -- gauge reconciliation --
  charts wind-corrected ... 0 / 821
  gauge islands ........... 0 (tree 0, cycle 0)
  cycle consistent ........ 0
  cycle INCONSISTENT ...... 0  (holonomy; no gauge can fix these)

  -- overlap --
  cross-group ............. 477185 raw -> 477185 post-wind -> 363966 final
  intra-group ............. 99820 raw -> 99820 post-wind
  intra |dr|/pitch ........ ~0:4512 ~0.5:13086 ~1:14811 ~1.5:11536 ~2:8465 >2.5:47410
    (~0..0.5 = folds no gauge fixes; ~1+ = wrong-wrap, re-gauge CAN fix)
  groups overlapping ...... 34 -> 34
  settled / shifted ....... 65 / 1
  parked / stuck .......... 0 / 0
  time .................... 2.47s
===================

=== TABU RE-GAUGE ===
  depth span .............. +/-4 wraps, tenure 40
  field ladder ............ +1.01474555 x 2pi*r per wind (0 pairs; FIXED)
  ladder u origin ......... -135.03285299553318
  iterations .............. 1 (canonical best at 1)
  moves ................... 0 chart + 1 group + 0 nbhd + 0 graded (of 13 eligible groups)
  phase-flat regions ...... 22 measured only
  phase lateral targets ... 273 trusted, 106 nonzero measured only
  energy (cell units) ..... 586332.7 -> 480250.1
  movable charts .......... 248 / 821
  charts moved ............ 40 / 821
  welds torn .............. 70 / 1137 usable (+67 excluded)
  lateral pairs coupled ... 275 (torn 47)
  happy-family bonds ...... 75 (torn 0)
  state archive ........... 2 kept, 2 SAT-verified
  exact winner ............ #1 at iter 1, score 480250.1
  hash rebuilds ........... 0
  cross after (exact) ..... 363966 pairs
  intra after (exact) ..... 98584 pairs
  intra |dr|/pitch after .. ~0:4502 ~0.5:13068 ~1:14444 ~1.5:11030 ~2:8458 >2.5:47082
=====================
  exact workload .......... 1086468 queries; 1053023 AABB rejects; 28573 cache hits / 4872 misses (4872 entries); 2293838 SAT tests
[tiled_atlas] sweep 1/1, tile 22/64 z03_y03_x03, loaded=124
[overlap_fix] active core: disabling tile-local pre-wind so the halo remains frozen
[overlap_fix] production preset: large-grid bounded
[overlap_fix] large-input guard: 124 cubes/239612 faces; tabu_iters=1 rounds=1 (pass --tabu-iters N to override)
[overlap_fix] active core: z[4736,5120) y[3200,3584) x[2688,3072); loaded complement is fixed halo
[overlap_fix] 124 cubes, 151531 vertices, 239612 faces, pitch=11.39
[overlap_fix]   label charts               t=0.0s
[overlap_fix]   build neighbours           t=0.0s
[overlap_fix]   label groups               t=0.3s
[overlap_fix]   uv index: raw              t=0.3s
[overlap_fix]   uv index: before           t=0.3s
[overlap_fix]   scan: raw                  t=0.4s
[overlap_fix]     scan 100000/239612 faces, 246668 pairs, 0.1s (797423 faces/s)
[overlap_fix]     scan 200000/239612 faces, 536122 pairs, 0.3s (764083 faces/s)
[overlap_fix]   scan: before               t=0.8s
[overlap_fix]     scan 100000/239612 faces, 246668 pairs, 0.1s (787856 faces/s)
[overlap_fix]     scan 200000/239612 faces, 536122 pairs, 0.3s (756831 faces/s)
[overlap_fix]   tabu place                 t=1.2s
[overlap_fix]     exact potential graph: 84239 pairs (15.1801% dense), 10 v bins
[overlap_fix]     tabu iter 1/1, best e=698931.5 @0, 0 moves, t=1.4s (1.35 s/iter)
[overlap_fix]     scan 100000/239612 faces, 246668 pairs, 0.1s (793647 faces/s)
[overlap_fix]     scan 200000/239612 faces, 536122 pairs, 0.3s (762286 faces/s)
[overlap_fix]     scan 100000/239612 faces, 204619 pairs, 0.1s (855839 faces/s)
[overlap_fix]     scan 200000/239612 faces, 450040 pairs, 0.2s (819766 faces/s)
[overlap_fix]   scan: after                t=2.5s
[overlap_fix]     scan 100000/239612 faces, 204619 pairs, 0.1s (844745 faces/s)
[overlap_fix]     scan 200000/239612 faces, 450040 pairs, 0.3s (757590 faces/s)
[overlap_fix]   group 13: shifted, 282 charts, r=213.1 (spread 398.8), wraps=0 du=0.0 dv=0.0, overlap 82313 -> 33965

=== PREFIT COMPONENT CULL ===
  charts before / after ... 1115 / 1054
  size hist (faces) ........ 1:17 2-3:11 4-7:20 8-15:17 16-31:35 32-63:75 64-127:288 128-255:217 256-511:417 512+:18
  max Sander QC hist ....... <=2:940 <=4:114 <=8:22 <=16:6 <=32:7 <=64:8 <=128:4 <=256:5 >256:9
  charts killed ............ 42 small, 19 projected-degenerate
  welded groups before/after 72 / 72
  group size hist .......... <=1:0 <=3:0 <=7:3 <=15:4 <=31:9 <=63:12 <=127:8 <=255:9 <=511:5 <=1023:1 <=2047:4 >2047:17
  groups killed ............ 0 small
  faces killed ............. 97 stretch + 3852 chart + 0 group
==========================

=== OVERLAP FIX ===
  charts .................. 1054
  welded groups ........... 72 (largest 282 charts)
  authentic weld edges .... 1519
  faces killed (total) .... 3949 / 239612

  -- is the error a whole number of turns? --
  weld |du/circ - round| .. <0.05:1154 0.15:152 0.25:91 0.35:63 more:59  (76.0% clean)
  welds off by >=1 wrap ... 182 / 1519
  phase |turn - round| ..... <0.05:1519 0.15:0 0.25:0 0.35:0 more:0  (100.0% clean)
  nonzero phase targets .... 248 / 1519
  trusted / untrusted ..... 0 / 0 (+0 over the wrap cap)
  wrap range .............. 0 .. 0

  -- gauge reconciliation --
  charts wind-corrected ... 0 / 1054
  gauge islands ........... 0 (tree 0, cycle 0)
  cycle consistent ........ 0
  cycle INCONSISTENT ...... 0  (holonomy; no gauge can fix these)

  -- overlap --
  cross-group ............. 353979 raw -> 353979 post-wind -> 305631 final
  intra-group ............. 328959 raw -> 328959 post-wind
  intra |dr|/pitch ........ ~0:21842 ~0.5:38778 ~1:35028 ~1.5:28778 ~2:34881 >2.5:169652
    (~0..0.5 = folds no gauge fixes; ~1+ = wrong-wrap, re-gauge CAN fix)
  groups overlapping ...... 36 -> 36
  settled / shifted ....... 71 / 1
  parked / stuck .......... 0 / 0
  time .................... 3.24s
===================

=== TABU RE-GAUGE ===
  depth span .............. +/-4 wraps, tenure 40
  field ladder ............ +1.01474555 x 2pi*r per wind (0 pairs; FIXED)
  ladder u origin ......... -135.03285299553318
  iterations .............. 1 (canonical best at 1)
  moves ................... 0 chart + 1 group + 0 nbhd + 0 graded (of 9 eligible groups)
  phase-flat regions ...... 20 measured only
  phase lateral targets ... 415 trusted, 67 nonzero measured only
  energy (cell units) ..... 698931.5 -> 615366.6
  movable charts .......... 204 / 1054
  charts moved ............ 85 / 1054
  welds torn .............. 121 / 1392 usable (+127 excluded)
  lateral pairs coupled ... 424 (torn 25)
  happy-family bonds ...... 40 (torn 0)
  state archive ........... 2 kept, 2 SAT-verified
  exact winner ............ #1 at iter 1, score 615366.6
  hash rebuilds ........... 0
  cross after (exact) ..... 305631 pairs
  intra after (exact) ..... 291222 pairs
  intra |dr|/pitch after .. ~0:21227 ~0.5:38305 ~1:33837 ~1.5:26586 ~2:32296 >2.5:138971
=====================
  exact workload .......... 1363733 queries; 1334594 AABB rejects; 23368 cache hits / 5771 misses (5771 entries); 3231534 SAT tests
[tiled_atlas] sweep 1/1, tile 23/64 z03_y03_x06, loaded=125
[overlap_fix] active core: disabling tile-local pre-wind so the halo remains frozen
[overlap_fix] production preset: large-grid bounded
[overlap_fix] large-input guard: 125 cubes/153071 faces; tabu_iters=1 rounds=1 (pass --tabu-iters N to override)
[overlap_fix] active core: z[4736,5120) y[3200,3584) x[3072,3456); loaded complement is fixed halo
[overlap_fix] 125 cubes, 109719 vertices, 153071 faces, pitch=11.39
[overlap_fix]   label charts               t=0.0s
[overlap_fix]   build neighbours           t=0.0s
[overlap_fix]   label groups               t=0.2s
[overlap_fix]   uv index: raw              t=0.2s
[overlap_fix]   uv index: before           t=0.2s
[overlap_fix]   scan: raw                  t=0.3s
[overlap_fix]     scan 100000/153071 faces, 111884 pairs, 0.1s (1067831 faces/s)
[overlap_fix]   scan: before               t=0.5s
[overlap_fix]     scan 100000/153071 faces, 111884 pairs, 0.1s (1065052 faces/s)
[overlap_fix]   tabu place                 t=0.7s
[overlap_fix]     exact potential graph: 34723 pairs (12.0074% dense), 10 v bins
[overlap_fix]     tabu iter 1/1, best e=222399.3 @0, 0 moves, t=0.7s (0.75 s/iter)
[overlap_fix]     scan 100000/153071 faces, 111884 pairs, 0.1s (1068979 faces/s)
[overlap_fix]     scan 100000/153071 faces, 91111 pairs, 0.1s (1120157 faces/s)
[overlap_fix]   scan: after                t=1.4s
[overlap_fix]     scan 100000/153071 faces, 91111 pairs, 0.1s (1113887 faces/s)
[overlap_fix]   group 13: shifted, 118 charts, r=269.8 (spread 271.2), wraps=0 du=0.0 dv=0.0, overlap 14957 -> 8281

=== PREFIT COMPONENT CULL ===
  charts before / after ... 826 / 761
  size hist (faces) ........ 1:20 2-3:19 4-7:24 8-15:26 16-31:34 32-63:68 64-127:220 128-255:154 256-511:245 512+:16
  max Sander QC hist ....... <=2:784 <=4:22 <=8:4 <=16:4 <=32:1 <=64:5 <=128:1 <=256:2 >256:3
  charts killed ............ 59 small, 6 projected-degenerate
  welded groups before/after 92 / 92
  group size hist .......... <=1:0 <=3:0 <=7:2 <=15:11 <=31:17 <=63:15 <=127:14 <=255:4 <=511:4 <=1023:3 <=2047:8 >2047:14
  groups killed ............ 0 small
  faces killed ............. 12 stretch + 1068 chart + 0 group
==========================

=== OVERLAP FIX ===
  charts .................. 761
  welded groups ........... 92 (largest 118 charts)
  authentic weld edges .... 1000
  faces killed (total) .... 1080 / 153071

  -- is the error a whole number of turns? --
  weld |du/circ - round| .. <0.05:782 0.15:108 0.25:49 0.35:29 more:32  (78.2% clean)
  welds off by >=1 wrap ... 103 / 1000
  phase |turn - round| ..... <0.05:1000 0.15:0 0.25:0 0.35:0 more:0  (100.0% clean)
  nonzero phase targets .... 161 / 1000
  trusted / untrusted ..... 0 / 0 (+0 over the wrap cap)
  wrap range .............. 0 .. 0

  -- gauge reconciliation --
  charts wind-corrected ... 0 / 761
  gauge islands ........... 0 (tree 0, cycle 0)
  cycle consistent ........ 0
  cycle INCONSISTENT ...... 0  (holonomy; no gauge can fix these)

  -- overlap --
  cross-group ............. 92563 raw -> 92563 post-wind -> 85887 final
  intra-group ............. 121255 raw -> 121255 post-wind
  intra |dr|/pitch ........ ~0:9012 ~0.5:16464 ~1:11255 ~1.5:10662 ~2:10184 >2.5:63678
    (~0..0.5 = folds no gauge fixes; ~1+ = wrong-wrap, re-gauge CAN fix)
  groups overlapping ...... 34 -> 34
  settled / shifted ....... 91 / 1
  parked / stuck .......... 0 / 0
  time .................... 1.72s
===================

=== TABU RE-GAUGE ===
  depth span .............. +/-4 wraps, tenure 40
  field ladder ............ +1.01474555 x 2pi*r per wind (0 pairs; FIXED)
  ladder u origin ......... -135.03285299553318
  iterations .............. 1 (canonical best at 1)
  moves ................... 0 chart + 1 group + 0 nbhd + 0 graded (of 16 eligible groups)
  phase-flat regions ...... 17 measured only
  phase lateral targets ... 234 trusted, 12 nonzero measured only
  energy (cell units) ..... 222399.3 -> 193487.4
  movable charts .......... 140 / 761
  charts moved ............ 33 / 761
  welds torn .............. 64 / 935 usable (+65 excluded)
  lateral pairs coupled ... 244 (torn 31)
  happy-family bonds ...... 22 (torn 0)
  state archive ........... 2 kept, 2 SAT-verified
  exact winner ............ #1 at iter 1, score 193487.4
  hash rebuilds ........... 0
  cross after (exact) ..... 85887 pairs
  intra after (exact) ..... 96791 pairs
  intra |dr|/pitch after .. ~0:6512 ~0.5:12092 ~1:7666 ~1.5:7549 ~2:7124 >2.5:55848
=====================
  exact workload .......... 639161 queries; 626739 AABB rejects; 9537 cache hits / 2885 misses (2885 entries); 1330335 SAT tests
[tiled_atlas] sweep 1/1, tile 24/64 z03_y03_x09, loaded=50
[overlap_fix] active core: disabling tile-local pre-wind so the halo remains frozen
[overlap_fix] production preset: large-grid bounded
[overlap_fix] large-input guard: 50 cubes/42809 faces; tabu_iters=1 rounds=1 (pass --tabu-iters N to override)
[overlap_fix] active core: z[4736,5120) y[3200,3584) x[3456,3584); loaded complement is fixed halo
[overlap_fix] 50 cubes, 34836 vertices, 42809 faces, pitch=11.39
[overlap_fix]   label charts               t=0.0s
[overlap_fix]   build neighbours           t=0.0s
[overlap_fix]   label groups               t=0.0s
[overlap_fix]   uv index: raw              t=0.0s
[overlap_fix]   uv index: before           t=0.0s
[overlap_fix]   scan: raw                  t=0.1s
[overlap_fix]   scan: before               t=0.1s
[overlap_fix]   tabu place                 t=0.2s
[overlap_fix]     exact potential graph: 1459 pairs (6.4016% dense), 10 v bins
[overlap_fix]     tabu iter 1/1, best e=12948.5 @0, 0 moves, t=0.2s (0.18 s/iter)
[overlap_fix]   scan: after                t=0.3s
[overlap_fix]   group 9: shifted, 12 charts, r=670.1 (spread 238.7), wraps=0 du=0.0 dv=0.0, overlap 6882 -> 6724

=== PREFIT COMPONENT CULL ===
  charts before / after ... 241 / 214
  size hist (faces) ........ 1:6 2-3:9 4-7:10 8-15:11 16-31:11 32-63:15 64-127:78 128-255:26 256-511:70 512+:5
  max Sander QC hist ....... <=2:231 <=4:5 <=8:1 <=16:1 <=32:0 <=64:0 <=128:0 <=256:2 >256:1
  charts killed ............ 24 small, 3 projected-degenerate
  welded groups before/after 43 / 43
  group size hist .......... <=1:0 <=3:0 <=7:1 <=15:6 <=31:6 <=63:6 <=127:9 <=255:1 <=511:2 <=1023:2 <=2047:4 >2047:6
  groups killed ............ 0 small
  faces killed ............. 0 stretch + 212 chart + 0 group
==========================

=== OVERLAP FIX ===
  charts .................. 214
  welded groups ........... 43 (largest 40 charts)
  authentic weld edges .... 247
  faces killed (total) .... 212 / 42809

  -- is the error a whole number of turns? --
  weld |du/circ - round| .. <0.05:228 0.15:12 0.25:7 0.35:0 more:0  (92.3% clean)
  welds off by >=1 wrap ... 6 / 247
  phase |turn - round| ..... <0.05:247 0.15:0 0.25:0 0.35:0 more:0  (100.0% clean)
  nonzero phase targets .... 15 / 247
  trusted / untrusted ..... 0 / 0 (+0 over the wrap cap)
  wrap range .............. 0 .. 0

  -- gauge reconciliation --
  charts wind-corrected ... 0 / 214
  gauge islands ........... 0 (tree 0, cycle 0)
  cycle consistent ........ 0
  cycle INCONSISTENT ...... 0  (holonomy; no gauge can fix these)

  -- overlap --
  cross-group ............. 9062 raw -> 9062 post-wind -> 8904 final
  intra-group ............. 3027 raw -> 3027 post-wind
  intra |dr|/pitch ........ ~0:1055 ~0.5:1093 ~1:93 ~1.5:428 ~2:357 >2.5:1
    (~0..0.5 = folds no gauge fixes; ~1+ = wrong-wrap, re-gauge CAN fix)
  groups overlapping ...... 5 -> 5
  settled / shifted ....... 42 / 1
  parked / stuck .......... 0 / 0
  time .................... 0.41s
===================

=== TABU RE-GAUGE ===
  depth span .............. +/-4 wraps, tenure 40
  field ladder ............ +1.01474555 x 2pi*r per wind (0 pairs; FIXED)
  ladder u origin ......... -135.03285299553318
  iterations .............. 1 (canonical best at 1)
  moves ................... 0 chart + 1 group + 0 nbhd + 0 graded (of 7 eligible groups)
  phase-flat regions ...... 11 measured only
  phase lateral targets ... 61 trusted, 1 nonzero measured only
  energy (cell units) ..... 12948.5 -> 12890.5
  movable charts .......... 35 / 214
  charts moved ............ 2 / 214
  welds torn .............. 5 / 245 usable (+2 excluded)
  lateral pairs coupled ... 62 (torn 1)
  happy-family bonds ...... 123 (torn 0)
  state archive ........... 2 kept, 2 SAT-verified
  exact winner ............ #1 at iter 1, score 12890.5
  hash rebuilds ........... 0
  cross after (exact) ..... 8904 pairs
  intra after (exact) ..... 2983 pairs
  intra |dr|/pitch after .. ~0:1012 ~0.5:1092 ~1:93 ~1.5:428 ~2:357 >2.5:1
=====================
  exact workload .......... 18601 queries; 17227 AABB rejects; 1109 cache hits / 265 misses (265 entries); 33772 SAT tests
[tiled_atlas] sweep 1/1, tile 25/64 z03_y06_x00, loaded=99
[overlap_fix] active core: disabling tile-local pre-wind so the halo remains frozen
[overlap_fix] production preset: large-grid bounded
[overlap_fix] large-input guard: 99 cubes/157960 faces; tabu_iters=1 rounds=1 (pass --tabu-iters N to override)
[overlap_fix] active core: z[4736,5120) y[3584,3968) x[2304,2688); loaded complement is fixed halo
[overlap_fix] 99 cubes, 97610 vertices, 157960 faces, pitch=11.39
[overlap_fix]   label charts               t=0.0s
[overlap_fix]   build neighbours           t=0.0s
[overlap_fix]   label groups               t=0.2s
[overlap_fix]   uv index: raw              t=0.2s
[overlap_fix]   uv index: before           t=0.2s
[overlap_fix]   scan: raw                  t=0.3s
[overlap_fix]     scan 100000/157960 faces, 226813 pairs, 0.1s (823793 faces/s)
[overlap_fix]   scan: before               t=0.5s
[overlap_fix]     scan 100000/157960 faces, 226813 pairs, 0.1s (813789 faces/s)
[overlap_fix]   tabu place                 t=0.7s
[overlap_fix]     exact potential graph: 18135 pairs (6.4566% dense), 10 v bins
[overlap_fix]     tabu iter 1/1, best e=352080.1 @0, 0 moves, t=0.8s (0.85 s/iter)
[overlap_fix]     scan 100000/157960 faces, 226813 pairs, 0.1s (816217 faces/s)
[overlap_fix]     scan 100000/157960 faces, 177771 pairs, 0.1s (891256 faces/s)
[overlap_fix]   scan: after                t=1.5s
[overlap_fix]     scan 100000/157960 faces, 177771 pairs, 0.1s (889191 faces/s)
[overlap_fix]   group 19: shifted, 183 charts, r=676.0 (spread 342.4), wraps=0 du=0.0 dv=0.0, overlap 82754 -> 47941

=== PREFIT COMPONENT CULL ===
  charts before / after ... 819 / 750
  size hist (faces) ........ 1:9 2-3:19 4-7:25 8-15:14 16-31:30 32-63:63 64-127:196 128-255:180 256-511:274 512+:9
  max Sander QC hist ....... <=2:752 <=4:19 <=8:6 <=16:2 <=32:12 <=64:7 <=128:6 <=256:8 >256:7
  charts killed ............ 47 small, 22 projected-degenerate
  welded groups before/after 100 / 100
  group size hist .......... <=1:0 <=3:0 <=7:6 <=15:5 <=31:15 <=63:14 <=127:21 <=255:12 <=511:6 <=1023:2 <=2047:3 >2047:16
  groups killed ............ 0 small
  faces killed ............. 6 stretch + 2788 chart + 0 group
==========================

=== OVERLAP FIX ===
  charts .................. 750
  welded groups ........... 100 (largest 183 charts)
  authentic weld edges .... 985
  faces killed (total) .... 2794 / 157960

  -- is the error a whole number of turns? --
  weld |du/circ - round| .. <0.05:810 0.15:101 0.25:35 0.35:22 more:17  (82.2% clean)
  welds off by >=1 wrap ... 54 / 985
  phase |turn - round| ..... <0.05:985 0.15:0 0.25:0 0.35:0 more:0  (100.0% clean)
  nonzero phase targets .... 134 / 985
  trusted / untrusted ..... 0 / 0 (+0 over the wrap cap)
  wrap range .............. 0 .. 0

  -- gauge reconciliation --
  charts wind-corrected ... 0 / 750
  gauge islands ........... 0 (tree 0, cycle 0)
  cycle consistent ........ 0
  cycle INCONSISTENT ...... 0  (holonomy; no gauge can fix these)

  -- overlap --
  cross-group ............. 144810 raw -> 144810 post-wind -> 109997 final
  intra-group ............. 201914 raw -> 201914 post-wind
  intra |dr|/pitch ........ ~0:7021 ~0.5:19778 ~1:33534 ~1.5:22560 ~2:27061 >2.5:91960
    (~0..0.5 = folds no gauge fixes; ~1+ = wrong-wrap, re-gauge CAN fix)
  groups overlapping ...... 43 -> 43
  settled / shifted ....... 99 / 1
  parked / stuck .......... 0 / 0
  time .................... 1.91s
===================

=== TABU RE-GAUGE ===
  depth span .............. +/-4 wraps, tenure 40
  field ladder ............ +1.01474555 x 2pi*r per wind (0 pairs; FIXED)
  ladder u origin ......... -135.03285299553318
  iterations .............. 1 (canonical best at 1)
  moves ................... 0 chart + 1 group + 0 nbhd + 0 graded (of 11 eligible groups)
  phase-flat regions ...... 21 measured only
  phase lateral targets ... 470 trusted, 63 nonzero measured only
  energy (cell units) ..... 352080.1 -> 286520.6
  movable charts .......... 162 / 750
  charts moved ............ 47 / 750
  welds torn .............. 72 / 945 usable (+40 excluded)
  lateral pairs coupled ... 470 (torn 104)
  happy-family bonds ...... 54 (torn 0)
  state archive ........... 2 kept, 2 SAT-verified
  exact winner ............ #1 at iter 1, score 286520.6
  hash rebuilds ........... 0
  cross after (exact) ..... 109997 pairs
  intra after (exact) ..... 165674 pairs
  intra |dr|/pitch after .. ~0:5106 ~0.5:16579 ~1:31609 ~1.5:20527 ~2:23630 >2.5:68223
=====================
  exact workload .......... 329637 queries; 315359 AABB rejects; 11908 cache hits / 2370 misses (2370 entries); 1092140 SAT tests
[tiled_atlas] sweep 1/1, tile 26/64 z03_y06_x03, loaded=124
[overlap_fix] active core: disabling tile-local pre-wind so the halo remains frozen
[overlap_fix] production preset: large-grid bounded
[overlap_fix] large-input guard: 124 cubes/235948 faces; tabu_iters=1 rounds=1 (pass --tabu-iters N to override)
[overlap_fix] active core: z[4736,5120) y[3584,3968) x[2688,3072); loaded complement is fixed halo
[overlap_fix] 124 cubes, 141541 vertices, 235948 faces, pitch=11.39
[overlap_fix]   label charts               t=0.0s
[overlap_fix]   build neighbours           t=0.0s
[overlap_fix]   label groups               t=0.3s
[overlap_fix]   uv index: raw              t=0.3s
[overlap_fix]   uv index: before           t=0.3s
[overlap_fix]   scan: raw                  t=0.4s
[overlap_fix]     scan 100000/235948 faces, 301700 pairs, 0.1s (725921 faces/s)
[overlap_fix]     scan 200000/235948 faces, 580285 pairs, 0.3s (739884 faces/s)
[overlap_fix]   scan: before               t=0.8s
[overlap_fix]     scan 100000/235948 faces, 301700 pairs, 0.1s (716315 faces/s)
[overlap_fix]     scan 200000/235948 faces, 580285 pairs, 0.3s (732538 faces/s)
[overlap_fix]   tabu place                 t=1.1s
[overlap_fix]     exact potential graph: 37140 pairs (7.0084% dense), 10 v bins
[overlap_fix]     tabu iter 1/1, best e=684375.1 @0, 0 moves, t=1.3s (1.33 s/iter)
[overlap_fix]     scan 100000/235948 faces, 301700 pairs, 0.1s (728742 faces/s)
[overlap_fix]     scan 200000/235948 faces, 580285 pairs, 0.3s (741619 faces/s)
[overlap_fix]     scan 100000/235948 faces, 275268 pairs, 0.1s (763443 faces/s)
[overlap_fix]     scan 200000/235948 faces, 539646 pairs, 0.3s (769414 faces/s)
[overlap_fix]   scan: after                t=2.4s
[overlap_fix]     scan 100000/235948 faces, 275268 pairs, 0.1s (757443 faces/s)
[overlap_fix]     scan 200000/235948 faces, 539646 pairs, 0.3s (744676 faces/s)
[overlap_fix]   group 17: shifted, 155 charts, r=602.0 (spread 245.8), wraps=0 du=0.0 dv=0.0, overlap 84115 -> 70026

=== PREFIT COMPONENT CULL ===
  charts before / after ... 1084 / 1030
  size hist (faces) ........ 1:9 2-3:15 4-7:15 8-15:7 16-31:28 32-63:51 64-127:285 128-255:244 256-511:416 512+:14
  max Sander QC hist ....... <=2:1017 <=4:25 <=8:7 <=16:2 <=32:10 <=64:6 <=128:5 <=256:3 >256:9
  charts killed ............ 37 small, 17 projected-degenerate
  welded groups before/after 71 / 71
  group size hist .......... <=1:0 <=3:0 <=7:1 <=15:1 <=31:11 <=63:7 <=127:19 <=255:6 <=511:1 <=1023:4 <=2047:2 >2047:19
  groups killed ............ 0 small
  faces killed ............. 29 stretch + 2585 chart + 0 group
==========================

=== OVERLAP FIX ===
  charts .................. 1030
  welded groups ........... 71 (largest 155 charts)
  authentic weld edges .... 1508
  faces killed (total) .... 2614 / 235948

  -- is the error a whole number of turns? --
  weld |du/circ - round| .. <0.05:1169 0.15:148 0.25:90 0.35:43 more:58  (77.5% clean)
  welds off by >=1 wrap ... 142 / 1508
  phase |turn - round| ..... <0.05:1508 0.15:0 0.25:0 0.35:0 more:0  (100.0% clean)
  nonzero phase targets .... 233 / 1508
  trusted / untrusted ..... 0 / 0 (+0 over the wrap cap)
  wrap range .............. 0 .. 0

  -- gauge reconciliation --
  charts wind-corrected ... 0 / 1030
  gauge islands ........... 0 (tree 0, cycle 0)
  cycle consistent ........ 0
  cycle INCONSISTENT ...... 0  (holonomy; no gauge can fix these)

  -- overlap --
  cross-group ............. 324342 raw -> 324342 post-wind -> 310253 final
  intra-group ............. 348820 raw -> 348820 post-wind
  intra |dr|/pitch ........ ~0:15984 ~0.5:35010 ~1:52133 ~1.5:51071 ~2:49250 >2.5:145372
    (~0..0.5 = folds no gauge fixes; ~1+ = wrong-wrap, re-gauge CAN fix)
  groups overlapping ...... 38 -> 38
  settled / shifted ....... 70 / 1
  parked / stuck .......... 0 / 0
  time .................... 3.11s
===================

=== TABU RE-GAUGE ===
  depth span .............. +/-4 wraps, tenure 40
  field ladder ............ +1.01474555 x 2pi*r per wind (0 pairs; FIXED)
  ladder u origin ......... -135.03285299553318
  iterations .............. 1 (canonical best at 1)
  moves ................... 0 chart + 1 group + 0 nbhd + 0 graded (of 13 eligible groups)
  phase-flat regions ...... 13 measured only
  phase lateral targets ... 672 trusted, 10 nonzero measured only
  energy (cell units) ..... 684375.1 -> 646913.1
  movable charts .......... 204 / 1030
  charts moved ............ 19 / 1030
  welds torn .............. 111 / 1413 usable (+95 excluded)
  lateral pairs coupled ... 677 (torn 45)
  happy-family bonds ...... 83 (torn 0)
  state archive ........... 2 kept, 2 SAT-verified
  exact winner ............ #1 at iter 1, score 646913.1
  hash rebuilds ........... 0
  cross after (exact) ..... 310253 pairs
  intra after (exact) ..... 322270 pairs
  intra |dr|/pitch after .. ~0:15138 ~0.5:33638 ~1:50636 ~1.5:49040 ~2:45769 >2.5:128049
=====================
  exact workload .......... 672412 queries; 650429 AABB rejects; 17841 cache hits / 4142 misses (4142 entries); 2207693 SAT tests
[tiled_atlas] sweep 1/1, tile 27/64 z03_y06_x06, loaded=125
[overlap_fix] active core: disabling tile-local pre-wind so the halo remains frozen
[overlap_fix] production preset: large-grid bounded
[overlap_fix] large-input guard: 125 cubes/255513 faces; tabu_iters=1 rounds=1 (pass --tabu-iters N to override)
[overlap_fix] active core: z[4736,5120) y[3584,3968) x[3072,3456); loaded complement is fixed halo
[overlap_fix] 125 cubes, 149193 vertices, 255513 faces, pitch=11.39
[overlap_fix]   label charts               t=0.0s
[overlap_fix]   build neighbours           t=0.0s
[overlap_fix]   label groups               t=0.3s
[overlap_fix]   uv index: raw              t=0.3s
[overlap_fix]   uv index: before           t=0.3s
[overlap_fix]   scan: raw                  t=0.5s
[overlap_fix]     scan 100000/255513 faces, 331136 pairs, 0.1s (693510 faces/s)
[overlap_fix]     scan 200000/255513 faces, 723432 pairs, 0.3s (675734 faces/s)
[overlap_fix]   scan: before               t=1.0s
[overlap_fix]     scan 100000/255513 faces, 331136 pairs, 0.1s (689137 faces/s)
[overlap_fix]     scan 200000/255513 faces, 723432 pairs, 0.3s (668051 faces/s)
[overlap_fix]   tabu place                 t=1.3s
[overlap_fix]     exact potential graph: 34529 pairs (6.4156% dense), 10 v bins
[overlap_fix]     tabu iter 1/1, best e=877758.3 @0, 0 moves, t=1.5s (1.54 s/iter)
[overlap_fix]     scan 100000/255513 faces, 331136 pairs, 0.1s (690595 faces/s)
[overlap_fix]     scan 200000/255513 faces, 723432 pairs, 0.3s (670407 faces/s)
[overlap_fix]     scan 100000/255513 faces, 294252 pairs, 0.1s (731899 faces/s)
[overlap_fix]     scan 200000/255513 faces, 586974 pairs, 0.3s (743571 faces/s)
[overlap_fix]   scan: after                t=2.8s
[overlap_fix]     scan 100000/255513 faces, 294252 pairs, 0.1s (678532 faces/s)
[overlap_fix]     scan 200000/255513 faces, 586974 pairs, 0.3s (679563 faces/s)
[overlap_fix]   group 14: shifted, 151 charts, r=671.7 (spread 395.6), wraps=0 du=0.0 dv=0.0, overlap 225434 -> 105758

=== PREFIT COMPONENT CULL ===
  charts before / after ... 1069 / 1038
  size hist (faces) ........ 1:7 2-3:6 4-7:6 8-15:7 16-31:19 32-63:32 64-127:331 128-255:194 256-511:422 512+:45
  max Sander QC hist ....... <=2:1019 <=4:19 <=8:4 <=16:6 <=32:3 <=64:5 <=128:3 <=256:1 >256:9
  charts killed ............ 18 small, 13 projected-degenerate
  welded groups before/after 67 / 67
  group size hist .......... <=1:0 <=3:0 <=7:0 <=15:1 <=31:12 <=63:5 <=127:14 <=255:5 <=511:3 <=1023:3 <=2047:1 >2047:23
  groups killed ............ 0 small
  faces killed ............. 23 stretch + 2849 chart + 0 group
==========================

=== OVERLAP FIX ===
  charts .................. 1038
  welded groups ........... 67 (largest 151 charts)
  authentic weld edges .... 1544
  faces killed (total) .... 2872 / 255513

  -- is the error a whole number of turns? --
  weld |du/circ - round| .. <0.05:1262 0.15:148 0.25:60 0.35:30 more:44  (81.7% clean)
  welds off by >=1 wrap ... 131 / 1544
  phase |turn - round| ..... <0.05:1544 0.15:0 0.25:0 0.35:0 more:0  (100.0% clean)
  nonzero phase targets .... 189 / 1544
  trusted / untrusted ..... 0 / 0 (+0 over the wrap cap)
  wrap range .............. 0 .. 0

  -- gauge reconciliation --
  charts wind-corrected ... 0 / 1038
  gauge islands ........... 0 (tree 0, cycle 0)
  cycle consistent ........ 0
  cycle INCONSISTENT ...... 0  (holonomy; no gauge can fix these)

  -- overlap --
  cross-group ............. 531306 raw -> 531306 post-wind -> 411630 final
  intra-group ............. 337422 raw -> 337422 post-wind
  intra |dr|/pitch ........ ~0:11592 ~0.5:32919 ~1:54093 ~1.5:46609 ~2:40379 >2.5:151830
    (~0..0.5 = folds no gauge fixes; ~1+ = wrong-wrap, re-gauge CAN fix)
  groups overlapping ...... 33 -> 33
  settled / shifted ....... 66 / 1
  parked / stuck .......... 0 / 0
  time .................... 3.63s
===================

=== TABU RE-GAUGE ===
  depth span .............. +/-4 wraps, tenure 40
  field ladder ............ +1.01474555 x 2pi*r per wind (0 pairs; FIXED)
  ladder u origin ......... -135.03285299553318
  iterations .............. 1 (canonical best at 1)
  moves ................... 0 chart + 1 group + 0 nbhd + 0 graded (of 13 eligible groups)
  phase-flat regions ...... 13 measured only
  phase lateral targets ... 653 trusted, 53 nonzero measured only
  energy (cell units) ..... 877758.3 -> 746194.5
  movable charts .......... 246 / 1038
  charts moved ............ 50 / 1038
  welds torn .............. 104 / 1467 usable (+77 excluded)
  lateral pairs coupled ... 662 (torn 72)
  happy-family bonds ...... 74 (torn 0)
  state archive ........... 2 kept, 2 SAT-verified
  exact winner ............ #1 at iter 1, score 746194.5
  hash rebuilds ........... 0
  cross after (exact) ..... 411630 pairs
  intra after (exact) ..... 320640 pairs
  intra |dr|/pitch after .. ~0:11274 ~0.5:32078 ~1:53299 ~1.5:45191 ~2:37826 >2.5:140972
=====================
  exact workload .......... 690819 queries; 656284 AABB rejects; 28987 cache hits / 5548 misses (5548 entries); 3010301 SAT tests
[tiled_atlas] sweep 1/1, tile 28/64 z03_y06_x09, loaded=50
[overlap_fix] active core: disabling tile-local pre-wind so the halo remains frozen
[overlap_fix] production preset: large-grid bounded
[overlap_fix] large-input guard: 50 cubes/91987 faces; tabu_iters=1 rounds=1 (pass --tabu-iters N to override)
[overlap_fix] active core: z[4736,5120) y[3584,3968) x[3456,3584); loaded complement is fixed halo
[overlap_fix] 50 cubes, 54082 vertices, 91987 faces, pitch=11.39
[overlap_fix]   label charts               t=0.0s
[overlap_fix]   build neighbours           t=0.0s
[overlap_fix]   label groups               t=0.1s
[overlap_fix]   uv index: raw              t=0.1s
[overlap_fix]   uv index: before           t=0.1s
[overlap_fix]   scan: raw                  t=0.2s
[overlap_fix]   scan: before               t=0.3s
[overlap_fix]   tabu place                 t=0.4s
[overlap_fix]     exact potential graph: 4917 pairs (6.9008% dense), 10 v bins
[overlap_fix]     tabu iter 1/1, best e=185200.2 @0, 0 moves, t=0.5s (0.47 s/iter)
[overlap_fix]   scan: after                t=0.8s
[overlap_fix]   group 8: shifted, 71 charts, r=736.6 (spread 275.3), wraps=0 du=0.0 dv=0.0, overlap 29886 -> 16364

=== PREFIT COMPONENT CULL ===
  charts before / after ... 389 / 378
  size hist (faces) ........ 1:2 2-3:3 4-7:2 8-15:3 16-31:8 32-63:16 64-127:126 128-255:63 256-511:143 512+:23
  max Sander QC hist ....... <=2:372 <=4:5 <=8:2 <=16:3 <=32:1 <=64:2 <=128:0 <=256:1 >256:3
  charts killed ............ 7 small, 4 projected-degenerate
  welded groups before/after 45 / 45
  group size hist .......... <=1:0 <=3:0 <=7:0 <=15:2 <=31:6 <=63:3 <=127:8 <=255:3 <=511:2 <=1023:2 <=2047:2 >2047:17
  groups killed ............ 0 small
  faces killed ............. 0 stretch + 1169 chart + 0 group
==========================

=== OVERLAP FIX ===
  charts .................. 378
  welded groups ........... 45 (largest 71 charts)
  authentic weld edges .... 474
  faces killed (total) .... 1169 / 91987

  -- is the error a whole number of turns? --
  weld |du/circ - round| .. <0.05:398 0.15:42 0.25:25 0.35:2 more:7  (84.0% clean)
  welds off by >=1 wrap ... 56 / 474
  phase |turn - round| ..... <0.05:474 0.15:0 0.25:0 0.35:0 more:0  (100.0% clean)
  nonzero phase targets .... 49 / 474
  trusted / untrusted ..... 0 / 0 (+0 over the wrap cap)
  wrap range .............. 0 .. 0

  -- gauge reconciliation --
  charts wind-corrected ... 0 / 378
  gauge islands ........... 0 (tree 0, cycle 0)
  cycle consistent ........ 0
  cycle INCONSISTENT ...... 0  (holonomy; no gauge can fix these)

  -- overlap --
  cross-group ............. 91923 raw -> 91923 post-wind -> 78401 final
  intra-group ............. 89558 raw -> 89558 post-wind
  intra |dr|/pitch ........ ~0:3736 ~0.5:10828 ~1:12830 ~1.5:12176 ~2:13430 >2.5:36558
    (~0..0.5 = folds no gauge fixes; ~1+ = wrong-wrap, re-gauge CAN fix)
  groups overlapping ...... 22 -> 22
  settled / shifted ....... 44 / 1
  parked / stuck .......... 0 / 0
  time .................... 1.06s
===================

=== TABU RE-GAUGE ===
  depth span .............. +/-4 wraps, tenure 40
  field ladder ............ +1.01474555 x 2pi*r per wind (0 pairs; FIXED)
  ladder u origin ......... -135.03285299553318
  iterations .............. 1 (canonical best at 1)
  moves ................... 0 chart + 1 group + 0 nbhd + 0 graded (of 11 eligible groups)
  phase-flat regions ...... 15 measured only
  phase lateral targets ... 184 trusted, 10 nonzero measured only
  energy (cell units) ..... 185200.2 -> 173695.2
  movable charts .......... 73 / 378
  charts moved ............ 21 / 378
  welds torn .............. 46 / 458 usable (+16 excluded)
  lateral pairs coupled ... 184 (torn 33)
  happy-family bonds ...... 43 (torn 0)
  state archive ........... 2 kept, 2 SAT-verified
  exact winner ............ #1 at iter 1, score 173695.2
  hash rebuilds ........... 0
  cross after (exact) ..... 78401 pairs
  intra after (exact) ..... 89540 pairs
  intra |dr|/pitch after .. ~0:3742 ~0.5:10805 ~1:12799 ~1.5:12187 ~2:13408 >2.5:36599
=====================
  exact workload .......... 94399 queries; 87821 AABB rejects; 5392 cache hits / 1186 misses (1186 entries); 809459 SAT tests
[tiled_atlas] sweep 1/1, tile 29/64 z03_y09_x00, loaded=40
[overlap_fix] active core: disabling tile-local pre-wind so the halo remains frozen
[overlap_fix] production preset: large-grid bounded
[overlap_fix] large-input guard: 40 cubes/95604 faces; tabu_iters=1 rounds=1 (pass --tabu-iters N to override)
[overlap_fix] active core: z[4736,5120) y[3968,4096) x[2304,2688); loaded complement is fixed halo
[overlap_fix] 40 cubes, 57191 vertices, 95604 faces, pitch=11.39
[overlap_fix]   label charts               t=0.0s
[overlap_fix]   build neighbours           t=0.0s
[overlap_fix]   label groups               t=0.1s
[overlap_fix]   uv index: raw              t=0.1s
[overlap_fix]   uv index: before           t=0.1s
[overlap_fix]   scan: raw                  t=0.2s
[overlap_fix]   scan: before               t=0.3s
[overlap_fix]   tabu place                 t=0.4s
[overlap_fix]     exact potential graph: 9888 pairs (9.2853% dense), 10 v bins
[overlap_fix]     tabu iter 1/1, best e=221356.6 @0, 0 moves, t=0.5s (0.50 s/iter)
[overlap_fix]   scan: after                t=0.9s
[overlap_fix]   group 1: shifted, 152 charts, r=685.1 (spread 321.1), wraps=0 du=0.0 dv=0.0, overlap 31388 -> 22529

=== PREFIT COMPONENT CULL ===
  charts before / after ... 502 / 462
  size hist (faces) ........ 1:5 2-3:7 4-7:15 8-15:8 16-31:18 32-63:39 64-127:129 128-255:110 256-511:166 512+:5
  max Sander QC hist ....... <=2:450 <=4:13 <=8:6 <=16:2 <=32:9 <=64:7 <=128:6 <=256:4 >256:5
  charts killed ............ 24 small, 16 projected-degenerate
  welded groups before/after 65 / 65
  group size hist .......... <=1:0 <=3:0 <=7:3 <=15:4 <=31:10 <=63:8 <=127:13 <=255:8 <=511:5 <=1023:3 <=2047:0 >2047:11
  groups killed ............ 0 small
  faces killed ............. 5 stretch + 1382 chart + 0 group
==========================

=== OVERLAP FIX ===
  charts .................. 462
  welded groups ........... 65 (largest 152 charts)
  authentic weld edges .... 593
  faces killed (total) .... 1387 / 95604

  -- is the error a whole number of turns? --
  weld |du/circ - round| .. <0.05:468 0.15:88 0.25:22 0.35:7 more:8  (78.9% clean)
  welds off by >=1 wrap ... 73 / 593
  phase |turn - round| ..... <0.05:593 0.15:0 0.25:0 0.35:0 more:0  (100.0% clean)
  nonzero phase targets .... 58 / 593
  trusted / untrusted ..... 0 / 0 (+0 over the wrap cap)
  wrap range .............. 0 .. 0

  -- gauge reconciliation --
  charts wind-corrected ... 0 / 462
  gauge islands ........... 0 (tree 0, cycle 0)
  cycle consistent ........ 0
  cycle INCONSISTENT ...... 0  (holonomy; no gauge can fix these)

  -- overlap --
  cross-group ............. 90433 raw -> 90433 post-wind -> 81574 final
  intra-group ............. 126047 raw -> 126047 post-wind
  intra |dr|/pitch ........ ~0:2827 ~0.5:13257 ~1:28527 ~1.5:18374 ~2:20652 >2.5:42410
    (~0..0.5 = folds no gauge fixes; ~1+ = wrong-wrap, re-gauge CAN fix)
  groups overlapping ...... 28 -> 28
  settled / shifted ....... 64 / 1
  parked / stuck .......... 0 / 0
  time .................... 1.13s
===================

=== TABU RE-GAUGE ===
  depth span .............. +/-4 wraps, tenure 40
  field ladder ............ +1.01474555 x 2pi*r per wind (0 pairs; FIXED)
  ladder u origin ......... -135.03285299553318
  iterations .............. 1 (canonical best at 1)
  moves ................... 0 chart + 1 group + 0 nbhd + 0 graded (of 6 eligible groups)
  phase-flat regions ...... 12 measured only
  phase lateral targets ... 285 trusted, 17 nonzero measured only
  energy (cell units) ..... 221356.6 -> 210536.5
  movable charts .......... 107 / 462
  charts moved ............ 38 / 462
  welds torn .............. 99 / 577 usable (+16 excluded)
  lateral pairs coupled ... 285 (torn 40)
  happy-family bonds ...... 61 (torn 0)
  state archive ........... 2 kept, 2 SAT-verified
  exact winner ............ #1 at iter 1, score 210536.5
  hash rebuilds ........... 0
  cross after (exact) ..... 81574 pairs
  intra after (exact) ..... 118721 pairs
  intra |dr|/pitch after .. ~0:2759 ~0.5:13206 ~1:28510 ~1.5:18239 ~2:19582 >2.5:36425
=====================
  exact workload .......... 155456 queries; 146923 AABB rejects; 6780 cache hits / 1753 misses (1753 entries); 790172 SAT tests
[tiled_atlas] sweep 1/1, tile 30/64 z03_y09_x03, loaded=50
[overlap_fix] active core: disabling tile-local pre-wind so the halo remains frozen
[overlap_fix] production preset: large-grid bounded
[overlap_fix] large-input guard: 50 cubes/118990 faces; tabu_iters=1 rounds=1 (pass --tabu-iters N to override)
[overlap_fix] active core: z[4736,5120) y[3968,4096) x[2688,3072); loaded complement is fixed halo
[overlap_fix] 50 cubes, 70088 vertices, 118990 faces, pitch=11.39
[overlap_fix]   label charts               t=0.0s
[overlap_fix]   build neighbours           t=0.0s
[overlap_fix]   label groups               t=0.1s
[overlap_fix]   uv index: raw              t=0.1s
[overlap_fix]   uv index: before           t=0.1s
[overlap_fix]   scan: raw                  t=0.2s
[overlap_fix]     scan 100000/118990 faces, 335169 pairs, 0.1s (710787 faces/s)
[overlap_fix]   scan: before               t=0.4s
[overlap_fix]     scan 100000/118990 faces, 335169 pairs, 0.1s (705368 faces/s)
[overlap_fix]   tabu place                 t=0.6s
[overlap_fix]     exact potential graph: 13679 pairs (9.5761% dense), 10 v bins
[overlap_fix]     tabu iter 1/1, best e=403952.5 @0, 0 moves, t=0.7s (0.68 s/iter)
[overlap_fix]     scan 100000/118990 faces, 335169 pairs, 0.1s (708923 faces/s)
[overlap_fix]     scan 100000/118990 faces, 311957 pairs, 0.1s (731631 faces/s)
[overlap_fix]   scan: after                t=1.2s
[overlap_fix]     scan 100000/118990 faces, 311957 pairs, 0.1s (731160 faces/s)
[overlap_fix]   group 0: shifted, 155 charts, r=602.0 (spread 245.8), wraps=0 du=0.0 dv=0.0, overlap 51699 -> 33218

=== PREFIT COMPONENT CULL ===
  charts before / after ... 567 / 535
  size hist (faces) ........ 1:4 2-3:7 4-7:11 8-15:1 16-31:12 32-63:27 64-127:151 128-255:144 256-511:205 512+:5
  max Sander QC hist ....... <=2:530 <=4:9 <=8:5 <=16:1 <=32:8 <=64:3 <=128:5 <=256:1 >256:5
  charts killed ............ 21 small, 11 projected-degenerate
  welded groups before/after 50 / 50
  group size hist .......... <=1:0 <=3:0 <=7:1 <=15:1 <=31:6 <=63:5 <=127:15 <=255:5 <=511:1 <=1023:3 <=2047:2 >2047:11
  groups killed ............ 0 small
  faces killed ............. 5 stretch + 1341 chart + 0 group
==========================

=== OVERLAP FIX ===
  charts .................. 535
  welded groups ........... 50 (largest 155 charts)
  authentic weld edges .... 735
  faces killed (total) .... 1346 / 118990

  -- is the error a whole number of turns? --
  weld |du/circ - round| .. <0.05:614 0.15:62 0.25:32 0.35:7 more:20  (83.5% clean)
  welds off by >=1 wrap ... 113 / 735
  phase |turn - round| ..... <0.05:735 0.15:0 0.25:0 0.35:0 more:0  (100.0% clean)
  nonzero phase targets .... 62 / 735
  trusted / untrusted ..... 0 / 0 (+0 over the wrap cap)
  wrap range .............. 0 .. 0

  -- gauge reconciliation --
  charts wind-corrected ... 0 / 535
  gauge islands ........... 0 (tree 0, cycle 0)
  cycle consistent ........ 0
  cycle INCONSISTENT ...... 0  (holonomy; no gauge can fix these)

  -- overlap --
  cross-group ............. 221578 raw -> 221578 post-wind -> 203097 final
  intra-group ............. 174900 raw -> 174900 post-wind
  intra |dr|/pitch ........ ~0:5699 ~0.5:17483 ~1:35327 ~1.5:34849 ~2:32258 >2.5:49284
    (~0..0.5 = folds no gauge fixes; ~1+ = wrong-wrap, re-gauge CAN fix)
  groups overlapping ...... 20 -> 20
  settled / shifted ....... 49 / 1
  parked / stuck .......... 0 / 0
  time .................... 1.54s
===================

=== TABU RE-GAUGE ===
  depth span .............. +/-4 wraps, tenure 40
  field ladder ............ +1.01474555 x 2pi*r per wind (0 pairs; FIXED)
  ladder u origin ......... -135.03285299553318
  iterations .............. 1 (canonical best at 1)
  moves ................... 0 chart + 1 group + 0 nbhd + 0 graded (of 7 eligible groups)
  phase-flat regions ...... 9 measured only
  phase lateral targets ... 399 trusted, 7 nonzero measured only
  energy (cell units) ..... 403952.5 -> 390249.1
  movable charts .......... 119 / 535
  charts moved ............ 44 / 535
  welds torn .............. 112 / 710 usable (+25 excluded)
  lateral pairs coupled ... 399 (torn 50)
  happy-family bonds ...... 76 (torn 0)
  state archive ........... 2 kept, 2 SAT-verified
  exact winner ............ #1 at iter 1, score 390249.1
  hash rebuilds ........... 0
  cross after (exact) ..... 203097 pairs
  intra after (exact) ..... 170169 pairs
  intra |dr|/pitch after .. ~0:5667 ~0.5:17385 ~1:35127 ~1.5:34664 ~2:31022 >2.5:46304
=====================
  exact workload .......... 231821 queries; 218571 AABB rejects; 10685 cache hits / 2565 misses (2565 entries); 1323286 SAT tests
[tiled_atlas] sweep 1/1, tile 31/64 z03_y09_x06, loaded=50
[overlap_fix] active core: disabling tile-local pre-wind so the halo remains frozen
[overlap_fix] production preset: large-grid bounded
[overlap_fix] large-input guard: 50 cubes/122604 faces; tabu_iters=1 rounds=1 (pass --tabu-iters N to override)
[overlap_fix] active core: z[4736,5120) y[3968,4096) x[3072,3456); loaded complement is fixed halo
[overlap_fix] 50 cubes, 71242 vertices, 122604 faces, pitch=11.39
[overlap_fix]   label charts               t=0.0s
[overlap_fix]   build neighbours           t=0.0s
[overlap_fix]   label groups               t=0.1s
[overlap_fix]   uv index: raw              t=0.1s
[overlap_fix]   uv index: before           t=0.1s
[overlap_fix]   scan: raw                  t=0.2s
[overlap_fix]     scan 100000/122604 faces, 289791 pairs, 0.1s (755455 faces/s)
[overlap_fix]   scan: before               t=0.4s
[overlap_fix]     scan 100000/122604 faces, 289791 pairs, 0.1s (753321 faces/s)
[overlap_fix]   tabu place                 t=0.6s
[overlap_fix]     exact potential graph: 11173 pairs (9.2880% dense), 10 v bins
[overlap_fix]     tabu iter 1/1, best e=378240.7 @0, 0 moves, t=0.7s (0.69 s/iter)
[overlap_fix]     scan 100000/122604 faces, 289791 pairs, 0.1s (757186 faces/s)
[overlap_fix]     scan 100000/122604 faces, 255387 pairs, 0.1s (797598 faces/s)
[overlap_fix]   scan: after                t=1.2s
[overlap_fix]     scan 100000/122604 faces, 255387 pairs, 0.1s (793634 faces/s)
[overlap_fix]   group 12: shifted, 55 charts, r=754.4 (spread 394.0), wraps=0 du=0.0 dv=0.0, overlap 72787 -> 39224

=== PREFIT COMPONENT CULL ===
  charts before / after ... 505 / 491
  size hist (faces) ........ 1:2 2-3:1 4-7:3 8-15:3 16-31:9 32-63:14 64-127:139 128-255:101 256-511:215 512+:18
  max Sander QC hist ....... <=2:480 <=4:7 <=8:1 <=16:3 <=32:3 <=64:3 <=128:3 <=256:0 >256:5
  charts killed ............ 6 small, 8 projected-degenerate
  welded groups before/after 44 / 44
  group size hist .......... <=1:0 <=3:0 <=7:0 <=15:1 <=31:6 <=63:3 <=127:9 <=255:3 <=511:5 <=1023:0 <=2047:4 >2047:13
  groups killed ............ 0 small
  faces killed ............. 0 stretch + 1861 chart + 0 group
==========================

=== OVERLAP FIX ===
  charts .................. 491
  welded groups ........... 44 (largest 112 charts)
  authentic weld edges .... 679
  faces killed (total) .... 1861 / 122604

  -- is the error a whole number of turns? --
  weld |du/circ - round| .. <0.05:555 0.15:53 0.25:30 0.35:15 more:26  (81.7% clean)
  welds off by >=1 wrap ... 103 / 679
  phase |turn - round| ..... <0.05:679 0.15:0 0.25:0 0.35:0 more:0  (100.0% clean)
  nonzero phase targets .... 67 / 679
  trusted / untrusted ..... 0 / 0 (+0 over the wrap cap)
  wrap range .............. 0 .. 0

  -- gauge reconciliation --
  charts wind-corrected ... 0 / 491
  gauge islands ........... 0 (tree 0, cycle 0)
  cycle consistent ........ 0
  cycle INCONSISTENT ...... 0  (holonomy; no gauge can fix these)

  -- overlap --
  cross-group ............. 226499 raw -> 226499 post-wind -> 192936 final
  intra-group ............. 144779 raw -> 144779 post-wind
  intra |dr|/pitch ........ ~0:3504 ~0.5:13151 ~1:25219 ~1.5:23555 ~2:20009 >2.5:59341
    (~0..0.5 = folds no gauge fixes; ~1+ = wrong-wrap, re-gauge CAN fix)
  groups overlapping ...... 22 -> 22
  settled / shifted ....... 43 / 1
  parked / stuck .......... 0 / 0
  time .................... 1.55s
===================

=== TABU RE-GAUGE ===
  depth span .............. +/-4 wraps, tenure 40
  field ladder ............ +1.01474555 x 2pi*r per wind (0 pairs; FIXED)
  ladder u origin ......... -135.03285299553318
  iterations .............. 1 (canonical best at 1)
  moves ................... 0 chart + 1 group + 0 nbhd + 0 graded (of 5 eligible groups)
  phase-flat regions ...... 11 measured only
  phase lateral targets ... 241 trusted, 24 nonzero measured only
  energy (cell units) ..... 378240.7 -> 344928.7
  movable charts .......... 85 / 491
  charts moved ............ 16 / 491
  welds torn .............. 74 / 637 usable (+42 excluded)
  lateral pairs coupled ... 241 (torn 17)
  happy-family bonds ...... 40 (torn 0)
  state archive ........... 2 kept, 2 SAT-verified
  exact winner ............ #1 at iter 1, score 344928.7
  hash rebuilds ........... 0
  cross after (exact) ..... 192936 pairs
  intra after (exact) ..... 143938 pairs
  intra |dr|/pitch after .. ~0:3444 ~0.5:13071 ~1:25083 ~1.5:23087 ~2:19912 >2.5:59341
=====================
  exact workload .......... 150991 queries; 141109 AABB rejects; 8217 cache hits / 1665 misses (1665 entries); 984340 SAT tests
[tiled_atlas] sweep 1/1, tile 32/64 z03_y09_x09, loaded=20
[overlap_fix] active core: disabling tile-local pre-wind so the halo remains frozen
[overlap_fix] production preset: large-grid bounded
[overlap_fix] large-input guard: 20 cubes/46092 faces; tabu_iters=1 rounds=1 (pass --tabu-iters N to override)
[overlap_fix] active core: z[4736,5120) y[3968,4096) x[3456,3584); loaded complement is fixed halo
[overlap_fix] 20 cubes, 27069 vertices, 46092 faces, pitch=11.39
[overlap_fix]   label charts               t=0.0s
[overlap_fix]   build neighbours           t=0.0s
[overlap_fix]   label groups               t=0.0s
[overlap_fix]   uv index: raw              t=0.0s
[overlap_fix]   uv index: before           t=0.0s
[overlap_fix]   scan: raw                  t=0.1s
[overlap_fix]   scan: before               t=0.1s
[overlap_fix]   tabu place                 t=0.2s
[overlap_fix]     exact potential graph: 1407 pairs (8.1779% dense), 10 v bins
[overlap_fix]     tabu iter 1/1, best e=72276.7 @0, 0 moves, t=0.2s (0.22 s/iter)
[overlap_fix]   scan: after                t=0.4s
[overlap_fix]   group 4: shifted, 13 charts, r=834.1 (spread 292.5), wraps=0 du=0.0 dv=0.0, overlap 17795 -> 13003

=== PREFIT COMPONENT CULL ===
  charts before / after ... 191 / 186
  size hist (faces) ........ 1:1 2-3:1 4-7:1 8-15:3 16-31:5 32-63:10 64-127:47 128-255:34 256-511:80 512+:9
  max Sander QC hist ....... <=2:180 <=4:3 <=8:1 <=16:2 <=32:1 <=64:2 <=128:0 <=256:0 >256:2
  charts killed ............ 3 small, 2 projected-degenerate
  welded groups before/after 34 / 34
  group size hist .......... <=1:0 <=3:0 <=7:0 <=15:2 <=31:4 <=63:2 <=127:7 <=255:2 <=511:4 <=1023:1 <=2047:3 >2047:9
  groups killed ............ 0 small
  faces killed ............. 0 stretch + 735 chart + 0 group
==========================

=== OVERLAP FIX ===
  charts .................. 186
  welded groups ........... 34 (largest 31 charts)
  authentic weld edges .... 202
  faces killed (total) .... 735 / 46092

  -- is the error a whole number of turns? --
  weld |du/circ - round| .. <0.05:167 0.15:7 0.25:6 0.35:8 more:14  (82.7% clean)
  welds off by >=1 wrap ... 44 / 202
  phase |turn - round| ..... <0.05:202 0.15:0 0.25:0 0.35:0 more:0  (100.0% clean)
  nonzero phase targets .... 29 / 202
  trusted / untrusted ..... 0 / 0 (+0 over the wrap cap)
  wrap range .............. 0 .. 0

  -- gauge reconciliation --
  charts wind-corrected ... 0 / 186
  gauge islands ........... 0 (tree 0, cycle 0)
  cycle consistent ........ 0
  cycle INCONSISTENT ...... 0  (holonomy; no gauge can fix these)

  -- overlap --
  cross-group ............. 47100 raw -> 47100 post-wind -> 42308 final
  intra-group ............. 22724 raw -> 22724 post-wind
  intra |dr|/pitch ........ ~0:1136 ~0.5:4342 ~1:4178 ~1.5:4066 ~2:4287 >2.5:4715
    (~0..0.5 = folds no gauge fixes; ~1+ = wrong-wrap, re-gauge CAN fix)
  groups overlapping ...... 22 -> 22
  settled / shifted ....... 33 / 1
  parked / stuck .......... 0 / 0
  time .................... 0.48s
===================

=== TABU RE-GAUGE ===
  depth span .............. +/-4 wraps, tenure 40
  field ladder ............ +1.01474555 x 2pi*r per wind (0 pairs; FIXED)
  ladder u origin ......... -135.03285299553318
  iterations .............. 1 (canonical best at 1)
  moves ................... 0 chart + 1 group + 0 nbhd + 0 graded (of 6 eligible groups)
  phase-flat regions ...... 9 measured only
  phase lateral targets ... 49 trusted, 5 nonzero measured only
  energy (cell units) ..... 72276.7 -> 67737.7
  movable charts .......... 29 / 186
  charts moved ............ 3 / 186
  welds torn .............. 26 / 178 usable (+24 excluded)
  lateral pairs coupled ... 49 (torn 2)
  happy-family bonds ...... 18 (torn 0)
  state archive ........... 2 kept, 2 SAT-verified
  exact winner ............ #1 at iter 1, score 67737.7
  hash rebuilds ........... 0
  cross after (exact) ..... 42308 pairs
  intra after (exact) ..... 22662 pairs
  intra |dr|/pitch after .. ~0:1123 ~0.5:4293 ~1:4178 ~1.5:4066 ~2:4287 >2.5:4715
=====================
  exact workload .......... 15037 queries; 13313 AABB rejects; 1451 cache hits / 273 misses (273 entries); 191465 SAT tests
[tiled_atlas] sweep 1/1, tile 33/64 z06_y00_x00, loaded=80
[overlap_fix] active core: disabling tile-local pre-wind so the halo remains frozen
[overlap_fix] production preset: large-grid bounded
[overlap_fix] large-input guard: 80 cubes/216550 faces; tabu_iters=1 rounds=1 (pass --tabu-iters N to override)
[overlap_fix] active core: z[5120,5504) y[2816,3200) x[2304,2688); loaded complement is fixed halo
[overlap_fix] 80 cubes, 130966 vertices, 216550 faces, pitch=11.39
[overlap_fix]   label charts               t=0.0s
[overlap_fix]   build neighbours           t=0.0s
[overlap_fix]   label groups               t=0.3s
[overlap_fix]   uv index: raw              t=0.3s
[overlap_fix]   uv index: before           t=0.3s
[overlap_fix]   scan: raw                  t=0.4s
[overlap_fix]     scan 100000/216550 faces, 298175 pairs, 0.1s (750605 faces/s)
[overlap_fix]     scan 200000/216550 faces, 581239 pairs, 0.3s (752162 faces/s)
[overlap_fix]   scan: before               t=0.7s
[overlap_fix]     scan 100000/216550 faces, 298175 pairs, 0.1s (746774 faces/s)
[overlap_fix]     scan 200000/216550 faces, 581239 pairs, 0.3s (748139 faces/s)
[overlap_fix]   tabu place                 t=1.0s
[overlap_fix]     exact potential graph: 33316 pairs (8.3838% dense), 10 v bins
[overlap_fix]     tabu iter 1/1, best e=616673.6 @0, 0 moves, t=1.2s (1.20 s/iter)
[overlap_fix]     scan 100000/216550 faces, 298175 pairs, 0.1s (752396 faces/s)
[overlap_fix]     scan 200000/216550 faces, 581239 pairs, 0.3s (754403 faces/s)
[overlap_fix]     scan 100000/216550 faces, 285723 pairs, 0.1s (764738 faces/s)
[overlap_fix]     scan 200000/216550 faces, 546814 pairs, 0.3s (773881 faces/s)
[overlap_fix]   scan: after                t=2.3s
[overlap_fix]     scan 100000/216550 faces, 285723 pairs, 0.1s (763492 faces/s)
[overlap_fix]     scan 200000/216550 faces, 546814 pairs, 0.3s (758156 faces/s)
[overlap_fix]   group 12: shifted, 74 charts, r=434.6 (spread 326.3), wraps=0 du=0.0 dv=0.0, overlap 72391 -> 41908

=== PREFIT COMPONENT CULL ===
  charts before / after ... 959 / 892
  size hist (faces) ........ 1:13 2-3:17 4-7:22 8-15:13 16-31:26 32-63:51 64-127:277 128-255:133 256-511:388 512+:19
  max Sander QC hist ....... <=2:813 <=4:90 <=8:12 <=16:8 <=32:10 <=64:9 <=128:5 <=256:2 >256:10
  charts killed ............ 49 small, 19 projected-degenerate
  welded groups before/after 87 / 87
  group size hist .......... <=1:0 <=3:0 <=7:3 <=15:3 <=31:15 <=63:8 <=127:16 <=255:5 <=511:7 <=1023:2 <=2047:3 >2047:25
  groups killed ............ 0 small
  faces killed ............. 2 stretch + 2667 chart + 0 group
==========================

=== OVERLAP FIX ===
  charts .................. 892
  welded groups ........... 87 (largest 87 charts)
  authentic weld edges .... 1211
  faces killed (total) .... 2669 / 216550

  -- is the error a whole number of turns? --
  weld |du/circ - round| .. <0.05:1050 0.15:82 0.25:34 0.35:16 more:29  (86.7% clean)
  welds off by >=1 wrap ... 56 / 1211
  phase |turn - round| ..... <0.05:1211 0.15:0 0.25:0 0.35:0 more:0  (100.0% clean)
  nonzero phase targets .... 103 / 1211
  trusted / untrusted ..... 0 / 0 (+0 over the wrap cap)
  wrap range .............. 0 .. 0

  -- gauge reconciliation --
  charts wind-corrected ... 0 / 892
  gauge islands ........... 0 (tree 0, cycle 0)
  cycle consistent ........ 0
  cycle INCONSISTENT ...... 0  (holonomy; no gauge can fix these)

  -- overlap --
  cross-group ............. 374237 raw -> 374237 post-wind -> 343754 final
  intra-group ............. 236630 raw -> 236630 post-wind
  intra |dr|/pitch ........ ~0:11456 ~0.5:26435 ~1:57236 ~1.5:52026 ~2:30880 >2.5:58597
    (~0..0.5 = folds no gauge fixes; ~1+ = wrong-wrap, re-gauge CAN fix)
  groups overlapping ...... 57 -> 57
  settled / shifted ....... 86 / 1
  parked / stuck .......... 0 / 0
  time .................... 2.99s
===================

=== TABU RE-GAUGE ===
  depth span .............. +/-4 wraps, tenure 40
  field ladder ............ +1.01474555 x 2pi*r per wind (0 pairs; FIXED)
  ladder u origin ......... -135.03285299553318
  iterations .............. 1 (canonical best at 1)
  moves ................... 0 chart + 1 group + 0 nbhd + 0 graded (of 10 eligible groups)
  phase-flat regions ...... 25 measured only
  phase lateral targets ... 644 trusted, 184 nonzero measured only
  energy (cell units) ..... 616673.6 -> 584938.2
  movable charts .......... 294 / 892
  charts moved ............ 26 / 892
  welds torn .............. 55 / 1161 usable (+50 excluded)
  lateral pairs coupled ... 647 (torn 48)
  happy-family bonds ...... 205 (torn 0)
  state archive ........... 2 kept, 2 SAT-verified
  exact winner ............ #1 at iter 1, score 584938.2
  hash rebuilds ........... 0
  cross after (exact) ..... 343754 pairs
  intra after (exact) ..... 232687 pairs
  intra |dr|/pitch after .. ~0:10781 ~0.5:25738 ~1:56872 ~1.5:51757 ~2:30325 >2.5:57214
=====================
  exact workload .......... 848860 queries; 816435 AABB rejects; 25759 cache hits / 6666 misses (6666 entries); 3978874 SAT tests
[tiled_atlas] sweep 1/1, tile 34/64 z06_y00_x03, loaded=100
[overlap_fix] active core: disabling tile-local pre-wind so the halo remains frozen
[overlap_fix] production preset: large-grid bounded
[overlap_fix] large-input guard: 100 cubes/238064 faces; tabu_iters=1 rounds=1 (pass --tabu-iters N to override)
[overlap_fix] active core: z[5120,5504) y[2816,3200) x[2688,3072); loaded complement is fixed halo
[overlap_fix] 100 cubes, 151691 vertices, 238064 faces, pitch=11.39
[overlap_fix]   label charts               t=0.0s
[overlap_fix]   build neighbours           t=0.0s
[overlap_fix]   label groups               t=0.3s
[overlap_fix]   uv index: raw              t=0.3s
[overlap_fix]   uv index: before           t=0.3s
[overlap_fix]   scan: raw                  t=0.4s
[overlap_fix]     scan 100000/238064 faces, 332832 pairs, 0.1s (703759 faces/s)
[overlap_fix]     scan 200000/238064 faces, 664251 pairs, 0.3s (701384 faces/s)
[overlap_fix]   scan: before               t=0.9s
[overlap_fix]     scan 100000/238064 faces, 332832 pairs, 0.1s (694571 faces/s)
[overlap_fix]     scan 200000/238064 faces, 664251 pairs, 0.3s (692411 faces/s)
[overlap_fix]   tabu place                 t=1.2s
[overlap_fix]     exact potential graph: 47514 pairs (8.2461% dense), 10 v bins
[overlap_fix]     tabu iter 1/1, best e=787331.2 @0, 0 moves, t=1.4s (1.41 s/iter)
[overlap_fix]     scan 100000/238064 faces, 332832 pairs, 0.1s (698805 faces/s)
[overlap_fix]     scan 200000/238064 faces, 664251 pairs, 0.3s (702403 faces/s)
[overlap_fix]     scan 100000/238064 faces, 295955 pairs, 0.1s (738060 faces/s)
[overlap_fix]     scan 200000/238064 faces, 599458 pairs, 0.3s (733898 faces/s)
[overlap_fix]   scan: after                t=2.7s
[overlap_fix]     scan 100000/238064 faces, 295955 pairs, 0.1s (668862 faces/s)
[overlap_fix]     scan 200000/238064 faces, 599458 pairs, 0.3s (662070 faces/s)
[overlap_fix]   group 17: shifted, 95 charts, r=243.4 (spread 346.0), wraps=0 du=0.0 dv=0.0, overlap 90389 -> 49823

=== PREFIT COMPONENT CULL ===
  charts before / after ... 1159 / 1074
  size hist (faces) ........ 1:20 2-3:20 4-7:27 8-15:19 16-31:38 32-63:78 64-127:328 128-255:213 256-511:401 512+:15
  max Sander QC hist ....... <=2:920 <=4:150 <=8:22 <=16:12 <=32:21 <=64:11 <=128:5 <=256:7 >256:11
  charts killed ............ 61 small, 26 projected-degenerate
  welded groups before/after 130 / 130
  group size hist .......... <=1:0 <=3:0 <=7:5 <=15:8 <=31:24 <=63:22 <=127:26 <=255:14 <=511:7 <=1023:2 <=2047:1 >2047:21
  groups killed ............ 0 small
  faces killed ............. 61 stretch + 2905 chart + 0 group
==========================

=== OVERLAP FIX ===
  charts .................. 1074
  welded groups ........... 130 (largest 138 charts)
  authentic weld edges .... 1448
  faces killed (total) .... 2966 / 238064

  -- is the error a whole number of turns? --
  weld |du/circ - round| .. <0.05:1236 0.15:68 0.25:57 0.35:34 more:53  (85.4% clean)
  welds off by >=1 wrap ... 94 / 1448
  phase |turn - round| ..... <0.05:1448 0.15:0 0.25:0 0.35:0 more:0  (100.0% clean)
  nonzero phase targets .... 139 / 1448
  trusted / untrusted ..... 0 / 0 (+0 over the wrap cap)
  wrap range .............. 0 .. 0

  -- gauge reconciliation --
  charts wind-corrected ... 0 / 1074
  gauge islands ........... 0 (tree 0, cycle 0)
  cycle consistent ........ 0
  cycle INCONSISTENT ...... 0  (holonomy; no gauge can fix these)

  -- overlap --
  cross-group ............. 315993 raw -> 315993 post-wind -> 275427 final
  intra-group ............. 464444 raw -> 464444 post-wind
  intra |dr|/pitch ........ ~0:26573 ~0.5:49666 ~1:69955 ~1.5:55259 ~2:53791 >2.5:209200
    (~0..0.5 = folds no gauge fixes; ~1+ = wrong-wrap, re-gauge CAN fix)
  groups overlapping ...... 65 -> 66
  settled / shifted ....... 129 / 1
  parked / stuck .......... 0 / 0
  time .................... 3.47s
===================

=== TABU RE-GAUGE ===
  depth span .............. +/-4 wraps, tenure 40
  field ladder ............ +1.01474555 x 2pi*r per wind (0 pairs; FIXED)
  ladder u origin ......... -135.03285299553318
  iterations .............. 1 (canonical best at 1)
  moves ................... 0 chart + 1 group + 0 nbhd + 0 graded (of 8 eligible groups)
  phase-flat regions ...... 27 measured only
  phase lateral targets ... 814 trusted, 100 nonzero measured only
  energy (cell units) ..... 787331.2 -> 728594.3
  movable charts .......... 290 / 1074
  charts moved ............ 26 / 1074
  welds torn .............. 58 / 1350 usable (+98 excluded)
  lateral pairs coupled ... 816 (torn 52)
  happy-family bonds ...... 135 (torn 0)
  state archive ........... 2 kept, 2 SAT-verified
  exact winner ............ #1 at iter 1, score 728594.3
  hash rebuilds ........... 0
  cross after (exact) ..... 275427 pairs
  intra after (exact) ..... 440217 pairs
  intra |dr|/pitch after .. ~0:25159 ~0.5:47813 ~1:67602 ~1.5:52603 ~2:50558 >2.5:196482
=====================
  exact workload .......... 986302 queries; 948439 AABB rejects; 30435 cache hits / 7428 misses (7428 entries); 4337363 SAT tests
[tiled_atlas] sweep 1/1, tile 35/64 z06_y00_x06, loaded=100
[overlap_fix] active core: disabling tile-local pre-wind so the halo remains frozen
[overlap_fix] production preset: large-grid bounded
[overlap_fix] large-input guard: 100 cubes/114800 faces; tabu_iters=1 rounds=1 (pass --tabu-iters N to override)
[overlap_fix] active core: z[5120,5504) y[2816,3200) x[3072,3456); loaded complement is fixed halo
[overlap_fix] 100 cubes, 110854 vertices, 114800 faces, pitch=11.39
[overlap_fix]   label charts               t=0.0s
[overlap_fix]   build neighbours           t=0.0s
[overlap_fix]   label groups               t=0.1s
[overlap_fix]   uv index: raw              t=0.1s
[overlap_fix]   uv index: before           t=0.1s
[overlap_fix]   scan: raw                  t=0.2s
[overlap_fix]     scan 100000/114800 faces, 147182 pairs, 0.1s (945680 faces/s)
[overlap_fix]   scan: before               t=0.4s
[overlap_fix]     scan 100000/114800 faces, 147182 pairs, 0.1s (948194 faces/s)
[overlap_fix]   tabu place                 t=0.5s
[overlap_fix]     exact potential graph: 20910 pairs (7.5449% dense), 10 v bins
[overlap_fix]     tabu iter 1/1, best e=164049.1 @0, 0 moves, t=0.6s (0.56 s/iter)
[overlap_fix]     scan 100000/114800 faces, 147182 pairs, 0.1s (947370 faces/s)
[overlap_fix]     scan 100000/114800 faces, 134477 pairs, 0.1s (972567 faces/s)
[overlap_fix]   scan: after                t=1.0s
[overlap_fix]     scan 100000/114800 faces, 134477 pairs, 0.1s (969536 faces/s)
[overlap_fix]   group 6: shifted, 69 charts, r=575.8 (spread 494.9), wraps=0 du=0.0 dv=0.0, overlap 3447 -> 1497

=== PREFIT COMPONENT CULL ===
  charts before / after ... 866 / 745
  size hist (faces) ........ 1:35 2-3:39 4-7:47 8-15:53 16-31:56 32-63:107 64-127:178 128-255:192 256-511:156 512+:3
  max Sander QC hist ....... <=2:799 <=4:29 <=8:11 <=16:9 <=32:7 <=64:5 <=128:3 <=256:1 >256:2
  charts killed ............ 113 small, 8 projected-degenerate
  welded groups before/after 170 / 170
  group size hist .......... <=1:0 <=3:0 <=7:6 <=15:24 <=31:25 <=63:32 <=127:24 <=255:9 <=511:18 <=1023:5 <=2047:12 >2047:15
  groups killed ............ 0 small
  faces killed ............. 23 stretch + 1028 chart + 0 group
==========================

=== OVERLAP FIX ===
  charts .................. 745
  welded groups ........... 170 (largest 69 charts)
  authentic weld edges .... 746
  faces killed (total) .... 1051 / 114800

  -- is the error a whole number of turns? --
  weld |du/circ - round| .. <0.05:623 0.15:47 0.25:33 0.35:14 more:29  (83.5% clean)
  welds off by >=1 wrap ... 70 / 746
  phase |turn - round| ..... <0.05:746 0.15:0 0.25:0 0.35:0 more:0  (100.0% clean)
  nonzero phase targets .... 135 / 746
  trusted / untrusted ..... 0 / 0 (+0 over the wrap cap)
  wrap range .............. 0 .. 0

  -- gauge reconciliation --
  charts wind-corrected ... 0 / 745
  gauge islands ........... 0 (tree 0, cycle 0)
  cycle consistent ........ 0
  cycle INCONSISTENT ...... 0  (holonomy; no gauge can fix these)

  -- overlap --
  cross-group ............. 103485 raw -> 103485 post-wind -> 101535 final
  intra-group ............. 55153 raw -> 55153 post-wind
  intra |dr|/pitch ........ ~0:1760 ~0.5:6596 ~1:6890 ~1.5:6079 ~2:5086 >2.5:28742
    (~0..0.5 = folds no gauge fixes; ~1+ = wrong-wrap, re-gauge CAN fix)
  groups overlapping ...... 67 -> 66
  settled / shifted ....... 169 / 1
  parked / stuck .......... 0 / 0
  time .................... 1.35s
===================

=== TABU RE-GAUGE ===
  depth span .............. +/-4 wraps, tenure 40
  field ladder ............ +1.01474555 x 2pi*r per wind (0 pairs; FIXED)
  ladder u origin ......... -135.03285299553318
  iterations .............. 1 (canonical best at 1)
  moves ................... 0 chart + 1 group + 0 nbhd + 0 graded (of 15 eligible groups)
  phase-flat regions ...... 42 measured only
  phase lateral targets ... 226 trusted, 54 nonzero measured only
  energy (cell units) ..... 164049.1 -> 152131.2
  movable charts .......... 214 / 745
  charts moved ............ 31 / 745
  welds torn .............. 33 / 686 usable (+60 excluded)
  lateral pairs coupled ... 228 (torn 7)
  happy-family bonds ...... 56 (torn 0)
  state archive ........... 2 kept, 2 SAT-verified
  exact winner ............ #1 at iter 1, score 152131.2
  hash rebuilds ........... 0
  cross after (exact) ..... 101535 pairs
  intra after (exact) ..... 44398 pairs
  intra |dr|/pitch after .. ~0:1745 ~0.5:6459 ~1:6838 ~1.5:6046 ~2:5084 >2.5:18226
=====================
  exact workload .......... 473898 queries; 459569 AABB rejects; 12032 cache hits / 2297 misses (2297 entries); 657186 SAT tests
[tiled_atlas] sweep 1/1, tile 36/64 z06_y00_x09, loaded=40
[overlap_fix] active core: disabling tile-local pre-wind so the halo remains frozen
[overlap_fix] production preset: large-grid bounded
[overlap_fix] large-input guard: 40 cubes/29255 faces; tabu_iters=1 rounds=1 (pass --tabu-iters N to override)
[overlap_fix] active core: z[5120,5504) y[2816,3200) x[3456,3584); loaded complement is fixed halo
[overlap_fix] 40 cubes, 40279 vertices, 29255 faces, pitch=11.39
[overlap_fix]   label charts               t=0.0s
[overlap_fix]   build neighbours           t=0.0s
[overlap_fix]   label groups               t=0.0s
[overlap_fix]   uv index: raw              t=0.0s
[overlap_fix]   uv index: before           t=0.0s
[overlap_fix]   scan: raw                  t=0.0s
[overlap_fix]   scan: before               t=0.1s
[overlap_fix]   tabu place                 t=0.1s
[overlap_fix]     exact potential graph: 1456 pairs (6.1557% dense), 10 v bins
[overlap_fix]     tabu iter 1/1, best e=2791.5 @0, 0 moves, t=0.1s (0.11 s/iter)
[overlap_fix]   scan: after                t=0.2s

=== PREFIT COMPONENT CULL ===
  charts before / after ... 273 / 218
  size hist (faces) ........ 1:14 2-3:20 4-7:19 8-15:25 16-31:27 32-63:38 64-127:40 128-255:50 256-511:40 512+:0
  max Sander QC hist ....... <=2:260 <=4:3 <=8:4 <=16:2 <=32:1 <=64:1 <=128:0 <=256:1 >256:1
  charts killed ............ 52 small, 3 projected-degenerate
  welded groups before/after 91 / 91
  group size hist .......... <=1:0 <=3:0 <=7:1 <=15:16 <=31:14 <=63:12 <=127:9 <=255:14 <=511:12 <=1023:4 <=2047:5 >2047:4
  groups killed ............ 0 small
  faces killed ............. 0 stretch + 419 chart + 0 group
==========================

=== OVERLAP FIX ===
  charts .................. 218
  welded groups ........... 91 (largest 11 charts)
  authentic weld edges .... 149
  faces killed (total) .... 419 / 29255

  -- is the error a whole number of turns? --
  weld |du/circ - round| .. <0.05:128 0.15:9 0.25:4 0.35:6 more:2  (85.9% clean)
  welds off by >=1 wrap ... 13 / 149
  phase |turn - round| ..... <0.05:149 0.15:0 0.25:0 0.35:0 more:0  (100.0% clean)
  nonzero phase targets .... 25 / 149
  trusted / untrusted ..... 0 / 0 (+0 over the wrap cap)
  wrap range .............. 0 .. 0

  -- gauge reconciliation --
  charts wind-corrected ... 0 / 218
  gauge islands ........... 0 (tree 0, cycle 0)
  cycle consistent ........ 0
  cycle INCONSISTENT ...... 0  (holonomy; no gauge can fix these)

  -- overlap --
  cross-group ............. 1203 raw -> 1203 post-wind -> 1203 final
  intra-group ............. 766 raw -> 766 post-wind
  intra |dr|/pitch ........ ~0:83 ~0.5:502 ~1:167 ~1.5:0 ~2:0 >2.5:14
    (~0..0.5 = folds no gauge fixes; ~1+ = wrong-wrap, re-gauge CAN fix)
  groups overlapping ...... 17 -> 17
  settled / shifted ....... 91 / 0
  parked / stuck .......... 0 / 0
  time .................... 0.27s
===================

=== TABU RE-GAUGE ===
  depth span .............. +/-4 wraps, tenure 40
  field ladder ............ +1.01474555 x 2pi*r per wind (0 pairs; FIXED)
  ladder u origin ......... -135.03285299553318
  iterations .............. 1 (canonical best at 0)
  moves ................... 0 chart + 1 group + 0 nbhd + 0 graded (of 12 eligible groups)
  phase-flat regions ...... 33 measured only
  phase lateral targets ... 39 trusted, 1 nonzero measured only
  energy (cell units) ..... 2791.5 -> 2791.5
  movable charts .......... 46 / 218
  charts moved ............ 0 / 218
  welds torn .............. 3 / 138 usable (+11 excluded)
  lateral pairs coupled ... 39 (torn 0)
  happy-family bonds ...... 23 (torn 0)
  state archive ........... 2 kept, 2 SAT-verified
  exact winner ............ #0 at iter 0, score 2791.5
  hash rebuilds ........... 0
  cross after (exact) ..... 1203 pairs
  intra after (exact) ..... 766 pairs
  intra |dr|/pitch after .. ~0:83 ~0.5:502 ~1:167 ~1.5:0 ~2:0 >2.5:14
=====================
  exact workload .......... 21504 queries; 20734 AABB rejects; 606 cache hits / 164 misses (164 entries); 24766 SAT tests
[tiled_atlas] sweep 1/1, tile 37/64 z06_y03_x00, loaded=100
[overlap_fix] active core: disabling tile-local pre-wind so the halo remains frozen
[overlap_fix] production preset: large-grid bounded
[overlap_fix] large-input guard: 100 cubes/147511 faces; tabu_iters=1 rounds=1 (pass --tabu-iters N to override)
[overlap_fix] active core: z[5120,5504) y[3200,3584) x[2304,2688); loaded complement is fixed halo
[overlap_fix] 100 cubes, 128728 vertices, 147511 faces, pitch=11.39
[overlap_fix]   label charts               t=0.0s
[overlap_fix]   build neighbours           t=0.0s
[overlap_fix]   label groups               t=0.2s
[overlap_fix]   uv index: raw              t=0.2s
[overlap_fix]   uv index: before           t=0.2s
[overlap_fix]   scan: raw                  t=0.3s
[overlap_fix]     scan 100000/147511 faces, 236653 pairs, 0.1s (815110 faces/s)
[overlap_fix]   scan: before               t=0.5s
[overlap_fix]     scan 100000/147511 faces, 236653 pairs, 0.1s (817785 faces/s)
[overlap_fix]   tabu place                 t=0.7s
[overlap_fix]     exact potential graph: 31885 pairs (11.1135% dense), 10 v bins
[overlap_fix]     tabu iter 1/1, best e=321971.2 @0, 0 moves, t=0.8s (0.79 s/iter)
[overlap_fix]     scan 100000/147511 faces, 236653 pairs, 0.1s (812278 faces/s)
[overlap_fix]     scan 100000/147511 faces, 184812 pairs, 0.1s (881905 faces/s)
[overlap_fix]   scan: after                t=1.4s
[overlap_fix]     scan 100000/147511 faces, 184812 pairs, 0.1s (887793 faces/s)
[overlap_fix]   group 9: shifted, 86 charts, r=333.3 (spread 433.3), wraps=0 du=0.0 dv=0.0, overlap 67579 -> 15208

=== PREFIT COMPONENT CULL ===
  charts before / after ... 874 / 758
  size hist (faces) ........ 1:32 2-3:37 4-7:48 8-15:31 16-31:42 32-63:80 64-127:211 128-255:137 256-511:247 512+:9
  max Sander QC hist ....... <=2:736 <=4:101 <=8:13 <=16:5 <=32:5 <=64:4 <=128:2 <=256:1 >256:7
  charts killed ............ 103 small, 13 projected-degenerate
  welded groups before/after 124 / 124
  group size hist .......... <=1:0 <=3:0 <=7:7 <=15:16 <=31:17 <=63:17 <=127:23 <=255:10 <=511:6 <=1023:4 <=2047:2 >2047:22
  groups killed ............ 0 small
  faces killed ............. 1 stretch + 2108 chart + 0 group
==========================

=== OVERLAP FIX ===
  charts .................. 758
  welded groups ........... 124 (largest 86 charts)
  authentic weld edges .... 904
  faces killed (total) .... 2109 / 147511

  -- is the error a whole number of turns? --
  weld |du/circ - round| .. <0.05:697 0.15:73 0.25:57 0.35:29 more:48  (77.1% clean)
  welds off by >=1 wrap ... 87 / 904
  phase |turn - round| ..... <0.05:904 0.15:0 0.25:0 0.35:0 more:0  (100.0% clean)
  nonzero phase targets .... 145 / 904
  trusted / untrusted ..... 0 / 0 (+0 over the wrap cap)
  wrap range .............. 0 .. 0

  -- gauge reconciliation --
  charts wind-corrected ... 0 / 758
  gauge islands ........... 0 (tree 0, cycle 0)
  cycle consistent ........ 0
  cycle INCONSISTENT ...... 0  (holonomy; no gauge can fix these)

  -- overlap --
  cross-group ............. 213722 raw -> 213722 post-wind -> 161351 final
  intra-group ............. 101574 raw -> 101574 post-wind
  intra |dr|/pitch ........ ~0:3060 ~0.5:8162 ~1:13876 ~1.5:15742 ~2:10092 >2.5:50642
    (~0..0.5 = folds no gauge fixes; ~1+ = wrong-wrap, re-gauge CAN fix)
  groups overlapping ...... 58 -> 58
  settled / shifted ....... 123 / 1
  parked / stuck .......... 0 / 0
  time .................... 1.83s
===================

=== TABU RE-GAUGE ===
  depth span .............. +/-4 wraps, tenure 40
  field ladder ............ +1.01474555 x 2pi*r per wind (0 pairs; FIXED)
  ladder u origin ......... -135.03285299553318
  iterations .............. 1 (canonical best at 1)
  moves ................... 0 chart + 1 group + 0 nbhd + 0 graded (of 12 eligible groups)
  phase-flat regions ...... 24 measured only
  phase lateral targets ... 226 trusted, 63 nonzero measured only
  energy (cell units) ..... 321971.2 -> 269029.3
  movable charts .......... 225 / 758
  charts moved ............ 33 / 758
  welds torn .............. 39 / 825 usable (+79 excluded)
  lateral pairs coupled ... 236 (torn 26)
  happy-family bonds ...... 19 (torn 0)
  state archive ........... 2 kept, 2 SAT-verified
  exact winner ............ #1 at iter 1, score 269029.3
  hash rebuilds ........... 0
  cross after (exact) ..... 161351 pairs
  intra after (exact) ..... 98041 pairs
  intra |dr|/pitch after .. ~0:3055 ~0.5:7943 ~1:13677 ~1.5:15806 ~2:10180 >2.5:47380
=====================
  exact workload .......... 750247 queries; 729505 AABB rejects; 17210 cache hits / 3532 misses (3532 entries); 1299127 SAT tests
[tiled_atlas] sweep 1/1, tile 38/64 z06_y03_x03, loaded=124
[overlap_fix] active core: disabling tile-local pre-wind so the halo remains frozen
[overlap_fix] production preset: large-grid bounded
[overlap_fix] large-input guard: 124 cubes/188902 faces; tabu_iters=1 rounds=1 (pass --tabu-iters N to override)
[overlap_fix] active core: z[5120,5504) y[3200,3584) x[2688,3072); loaded complement is fixed halo
[overlap_fix] 124 cubes, 158142 vertices, 188902 faces, pitch=11.39
[overlap_fix]   label charts               t=0.0s
[overlap_fix]   build neighbours           t=0.0s
[overlap_fix]   label groups               t=0.2s
[overlap_fix]   uv index: raw              t=0.2s
[overlap_fix]   uv index: before           t=0.2s
[overlap_fix]   scan: raw                  t=0.3s
[overlap_fix]     scan 100000/188902 faces, 251876 pairs, 0.1s (778916 faces/s)
[overlap_fix]   scan: before               t=0.7s
[overlap_fix]     scan 100000/188902 faces, 251876 pairs, 0.1s (779672 faces/s)
[overlap_fix]   tabu place                 t=0.9s
[overlap_fix]     exact potential graph: 56860 pairs (10.5445% dense), 10 v bins
[overlap_fix]     tabu iter 1/1, best e=464425.0 @0, 0 moves, t=1.0s (1.04 s/iter)
[overlap_fix]     scan 100000/188902 faces, 251876 pairs, 0.1s (783037 faces/s)
[overlap_fix]     scan 100000/188902 faces, 218254 pairs, 0.1s (828524 faces/s)
[overlap_fix]   scan: after                t=1.9s
[overlap_fix]     scan 100000/188902 faces, 218254 pairs, 0.1s (815729 faces/s)
[overlap_fix]   group 22: shifted, 35 charts, r=192.0 (spread 341.1), wraps=0 du=0.0 dv=0.0, overlap 90025 -> 35646

=== PREFIT COMPONENT CULL ===
  charts before / after ... 1163 / 1039
  size hist (faces) ........ 1:31 2-3:31 4-7:48 8-15:36 16-31:82 32-63:126 64-127:294 128-255:205 256-511:303 512+:7
  max Sander QC hist ....... <=2:879 <=4:168 <=8:43 <=16:23 <=32:13 <=64:12 <=128:6 <=256:7 >256:12
  charts killed ............ 96 small, 29 projected-degenerate
  welded groups before/after 190 / 190
  group size hist .......... <=1:0 <=3:0 <=7:8 <=15:16 <=31:33 <=63:31 <=127:39 <=255:14 <=511:14 <=1023:12 <=2047:3 >2047:20
  groups killed ............ 0 small
  faces killed ............. 339 stretch + 4179 chart + 0 group
==========================

=== OVERLAP FIX ===
  charts .................. 1039
  welded groups ........... 190 (largest 123 charts)
  authentic weld edges .... 1197
  faces killed (total) .... 4518 / 188902

  -- is the error a whole number of turns? --
  weld |du/circ - round| .. <0.05:900 0.15:95 0.25:77 0.35:50 more:75  (75.2% clean)
  welds off by >=1 wrap ... 149 / 1197
  phase |turn - round| ..... <0.05:1197 0.15:0 0.25:0 0.35:0 more:0  (100.0% clean)
  nonzero phase targets .... 202 / 1197
  trusted / untrusted ..... 0 / 0 (+0 over the wrap cap)
  wrap range .............. 0 .. 0

  -- gauge reconciliation --
  charts wind-corrected ... 0 / 1039
  gauge islands ........... 0 (tree 0, cycle 0)
  cycle consistent ........ 0
  cycle INCONSISTENT ...... 0  (holonomy; no gauge can fix these)

  -- overlap --
  cross-group ............. 220960 raw -> 220960 post-wind -> 166581 final
  intra-group ............. 233216 raw -> 233216 post-wind
  intra |dr|/pitch ........ ~0:13987 ~0.5:27198 ~1:35926 ~1.5:31990 ~2:27731 >2.5:96384
    (~0..0.5 = folds no gauge fixes; ~1+ = wrong-wrap, re-gauge CAN fix)
  groups overlapping ...... 88 -> 88
  settled / shifted ....... 189 / 1
  parked / stuck .......... 0 / 0
  time .................... 2.42s
===================

=== TABU RE-GAUGE ===
  depth span .............. +/-4 wraps, tenure 40
  field ladder ............ +1.01474555 x 2pi*r per wind (0 pairs; FIXED)
  ladder u origin ......... -135.03285299553318
  iterations .............. 1 (canonical best at 1)
  moves ................... 0 chart + 1 group + 0 nbhd + 0 graded (of 9 eligible groups)
  phase-flat regions ...... 30 measured only
  phase lateral targets ... 467 trusted, 52 nonzero measured only
  energy (cell units) ..... 464425.0 -> 411300.5
  movable charts .......... 208 / 1039
  charts moved ............ 12 / 1039
  welds torn .............. 48 / 1062 usable (+135 excluded)
  lateral pairs coupled ... 480 (torn 3)
  happy-family bonds ...... 86 (torn 0)
  state archive ........... 2 kept, 2 SAT-verified
  exact winner ............ #1 at iter 1, score 411300.5
  hash rebuilds ........... 0
  cross after (exact) ..... 166581 pairs
  intra after (exact) ..... 232874 pairs
  intra |dr|/pitch after .. ~0:13917 ~0.5:26997 ~1:35875 ~1.5:31971 ~2:27730 >2.5:96384
=====================
  exact workload .......... 783326 queries; 761870 AABB rejects; 17034 cache hits / 4422 misses (4422 entries); 1862687 SAT tests
[tiled_atlas] sweep 1/1, tile 39/64 z06_y03_x06, loaded=125
[overlap_fix] active core: disabling tile-local pre-wind so the halo remains frozen
[overlap_fix] production preset: large-grid bounded
[overlap_fix] large-input guard: 125 cubes/119149 faces; tabu_iters=1 rounds=1 (pass --tabu-iters N to override)
[overlap_fix] active core: z[5120,5504) y[3200,3584) x[3072,3456); loaded complement is fixed halo
[overlap_fix] 125 cubes, 118745 vertices, 119149 faces, pitch=11.39
[overlap_fix]   label charts               t=0.0s
[overlap_fix]   build neighbours           t=0.0s
[overlap_fix]   label groups               t=0.1s
[overlap_fix]   uv index: raw              t=0.1s
[overlap_fix]   uv index: before           t=0.1s
[overlap_fix]   scan: raw                  t=0.2s
[overlap_fix]     scan 100000/119149 faces, 153859 pairs, 0.1s (935098 faces/s)
[overlap_fix]   scan: before               t=0.4s
[overlap_fix]     scan 100000/119149 faces, 153859 pairs, 0.1s (927825 faces/s)
[overlap_fix]   tabu place                 t=0.5s
[overlap_fix]     exact potential graph: 30538 pairs (10.3415% dense), 10 v bins
[overlap_fix]     tabu iter 1/1, best e=176965.1 @0, 0 moves, t=0.6s (0.59 s/iter)
[overlap_fix]     scan 100000/119149 faces, 153859 pairs, 0.1s (923278 faces/s)
[overlap_fix]     scan 100000/119149 faces, 135977 pairs, 0.1s (966745 faces/s)
[overlap_fix]   scan: after                t=1.0s
[overlap_fix]     scan 100000/119149 faces, 135977 pairs, 0.1s (962161 faces/s)
[overlap_fix]   group 29: shifted, 46 charts, r=416.4 (spread 423.0), wraps=0 du=0.0 dv=0.0, overlap 40086 -> 24280

=== PREFIT COMPONENT CULL ===
  charts before / after ... 896 / 769
  size hist (faces) ........ 1:36 2-3:40 4-7:52 8-15:49 16-31:72 32-63:117 64-127:194 128-255:168 256-511:156 512+:12
  max Sander QC hist ....... <=2:827 <=4:26 <=8:10 <=16:13 <=32:2 <=64:9 <=128:4 <=256:1 >256:4
  charts killed ............ 115 small, 12 projected-degenerate
  welded groups before/after 185 / 185
  group size hist .......... <=1:0 <=3:0 <=7:8 <=15:22 <=31:32 <=63:35 <=127:33 <=255:16 <=511:13 <=1023:2 <=2047:9 >2047:15
  groups killed ............ 0 small
  faces killed ............. 26 stretch + 2036 chart + 0 group
==========================

=== OVERLAP FIX ===
  charts .................. 769
  welded groups ........... 185 (largest 87 charts)
  authentic weld edges .... 774
  faces killed (total) .... 2062 / 119149

  -- is the error a whole number of turns? --
  weld |du/circ - round| .. <0.05:632 0.15:61 0.25:34 0.35:19 more:28  (81.7% clean)
  welds off by >=1 wrap ... 68 / 774
  phase |turn - round| ..... <0.05:774 0.15:0 0.25:0 0.35:0 more:0  (100.0% clean)
  nonzero phase targets .... 127 / 774
  trusted / untrusted ..... 0 / 0 (+0 over the wrap cap)
  wrap range .............. 0 .. 0

  -- gauge reconciliation --
  charts wind-corrected ... 0 / 769
  gauge islands ........... 0 (tree 0, cycle 0)
  cycle consistent ........ 0
  cycle INCONSISTENT ...... 0  (holonomy; no gauge can fix these)

  -- overlap --
  cross-group ............. 96219 raw -> 96219 post-wind -> 80413 final
  intra-group ............. 75535 raw -> 75535 post-wind
  intra |dr|/pitch ........ ~0:3230 ~0.5:5768 ~1:6007 ~1.5:7601 ~2:7147 >2.5:45782
    (~0..0.5 = folds no gauge fixes; ~1+ = wrong-wrap, re-gauge CAN fix)
  groups overlapping ...... 73 -> 73
  settled / shifted ....... 184 / 1
  parked / stuck .......... 0 / 0
  time .................... 1.39s
===================

=== TABU RE-GAUGE ===
  depth span .............. +/-4 wraps, tenure 40
  field ladder ............ +1.01474555 x 2pi*r per wind (0 pairs; FIXED)
  ladder u origin ......... -135.03285299553318
  iterations .............. 1 (canonical best at 1)
  moves ................... 0 chart + 1 group + 0 nbhd + 0 graded (of 9 eligible groups)
  phase-flat regions ...... 42 measured only
  phase lateral targets ... 279 trusted, 32 nonzero measured only
  energy (cell units) ..... 176965.1 -> 159669.0
  movable charts .......... 142 / 769
  charts moved ............ 17 / 769
  welds torn .............. 28 / 715 usable (+59 excluded)
  lateral pairs coupled ... 282 (torn 7)
  happy-family bonds ...... 116 (torn 0)
  state archive ........... 2 kept, 2 SAT-verified
  exact winner ............ #1 at iter 1, score 159669.0
  hash rebuilds ........... 0
  cross after (exact) ..... 80413 pairs
  intra after (exact) ..... 73459 pairs
  intra |dr|/pitch after .. ~0:3131 ~0.5:5727 ~1:5997 ~1.5:7602 ~2:7147 >2.5:43855
=====================
  exact workload .......... 494998 queries; 486074 AABB rejects; 7104 cache hits / 1820 misses (1820 entries); 500323 SAT tests
[tiled_atlas] sweep 1/1, tile 40/64 z06_y03_x09, loaded=50
[overlap_fix] active core: disabling tile-local pre-wind so the halo remains frozen
[overlap_fix] production preset: large-grid bounded
[overlap_fix] large-input guard: 50 cubes/34887 faces; tabu_iters=1 rounds=1 (pass --tabu-iters N to override)
[overlap_fix] active core: z[5120,5504) y[3200,3584) x[3456,3584); loaded complement is fixed halo
[overlap_fix] 50 cubes, 39748 vertices, 34887 faces, pitch=11.39
[overlap_fix]   label charts               t=0.0s
[overlap_fix]   build neighbours           t=0.0s
[overlap_fix]   label groups               t=0.0s
[overlap_fix]   uv index: raw              t=0.0s
[overlap_fix]   uv index: before           t=0.0s
[overlap_fix]   scan: raw                  t=0.1s
[overlap_fix]   scan: before               t=0.1s
[overlap_fix]   tabu place                 t=0.1s
[overlap_fix]     exact potential graph: 1536 pairs (6.7395% dense), 10 v bins
[overlap_fix]     tabu iter 1/1, best e=4146.7 @0, 0 moves, t=0.1s (0.14 s/iter)
[overlap_fix]   scan: after                t=0.2s

=== PREFIT COMPONENT CULL ===
  charts before / after ... 266 / 214
  size hist (faces) ........ 1:12 2-3:20 4-7:20 8-15:19 16-31:25 32-63:28 64-127:52 128-255:35 256-511:51 512+:4
  max Sander QC hist ....... <=2:254 <=4:3 <=8:3 <=16:3 <=32:0 <=64:1 <=128:0 <=256:1 >256:1
  charts killed ............ 49 small, 3 projected-degenerate
  welded groups before/after 74 / 74
  group size hist .......... <=1:0 <=3:0 <=7:2 <=15:9 <=31:15 <=63:10 <=127:13 <=255:12 <=511:6 <=1023:2 <=2047:1 >2047:4
  groups killed ............ 0 small
  faces killed ............. 1 stretch + 413 chart + 0 group
==========================

=== OVERLAP FIX ===
  charts .................. 214
  welded groups ........... 74 (largest 37 charts)
  authentic weld edges .... 191
  faces killed (total) .... 414 / 34887

  -- is the error a whole number of turns? --
  weld |du/circ - round| .. <0.05:176 0.15:7 0.25:5 0.35:1 more:2  (92.1% clean)
  welds off by >=1 wrap ... 8 / 191
  phase |turn - round| ..... <0.05:191 0.15:0 0.25:0 0.35:0 more:0  (100.0% clean)
  nonzero phase targets .... 15 / 191
  trusted / untrusted ..... 0 / 0 (+0 over the wrap cap)
  wrap range .............. 0 .. 0

  -- gauge reconciliation --
  charts wind-corrected ... 0 / 214
  gauge islands ........... 0 (tree 0, cycle 0)
  cycle consistent ........ 0
  cycle INCONSISTENT ...... 0  (holonomy; no gauge can fix these)

  -- overlap --
  cross-group ............. 1517 raw -> 1517 post-wind -> 1517 final
  intra-group ............. 1662 raw -> 1662 post-wind
  intra |dr|/pitch ........ ~0:638 ~0.5:856 ~1:71 ~1.5:37 ~2:5 >2.5:55
    (~0..0.5 = folds no gauge fixes; ~1+ = wrong-wrap, re-gauge CAN fix)
  groups overlapping ...... 10 -> 10
  settled / shifted ....... 74 / 0
  parked / stuck .......... 0 / 0
  time .................... 0.31s
===================

=== TABU RE-GAUGE ===
  depth span .............. +/-4 wraps, tenure 40
  field ladder ............ +1.01474555 x 2pi*r per wind (0 pairs; FIXED)
  ladder u origin ......... -135.03285299553318
  iterations .............. 1 (canonical best at 0)
  moves ................... 0 chart + 1 group + 0 nbhd + 0 graded (of 3 eligible groups)
  phase-flat regions ...... 25 measured only
  phase lateral targets ... 45 trusted, 0 nonzero measured only
  energy (cell units) ..... 4146.7 -> 4146.7
  movable charts .......... 29 / 214
  charts moved ............ 0 / 214
  welds torn .............. 4 / 186 usable (+5 excluded)
  lateral pairs coupled ... 45 (torn 0)
  happy-family bonds ...... 33 (torn 0)
  state archive ........... 2 kept, 2 SAT-verified
  exact winner ............ #0 at iter 0, score 4146.7
  hash rebuilds ........... 0
  cross after (exact) ..... 1517 pairs
  intra after (exact) ..... 1662 pairs
  intra |dr|/pitch after .. ~0:638 ~0.5:856 ~1:71 ~1.5:37 ~2:5 >2.5:55
=====================
  exact workload .......... 13456 queries; 12641 AABB rejects; 646 cache hits / 169 misses (169 entries); 14078 SAT tests
[tiled_atlas] sweep 1/1, tile 41/64 z06_y06_x00, loaded=100
[overlap_fix] active core: disabling tile-local pre-wind so the halo remains frozen
[overlap_fix] production preset: large-grid bounded
[overlap_fix] large-input guard: 100 cubes/126695 faces; tabu_iters=1 rounds=1 (pass --tabu-iters N to override)
[overlap_fix] active core: z[5120,5504) y[3584,3968) x[2304,2688); loaded complement is fixed halo
[overlap_fix] 100 cubes, 98778 vertices, 126695 faces, pitch=11.39
[overlap_fix]   label charts               t=0.0s
[overlap_fix]   build neighbours           t=0.0s
[overlap_fix]   label groups               t=0.1s
[overlap_fix]   uv index: raw              t=0.1s
[overlap_fix]   uv index: before           t=0.1s
[overlap_fix]   scan: raw                  t=0.2s
[overlap_fix]     scan 100000/126695 faces, 153861 pairs, 0.1s (956369 faces/s)
[overlap_fix]   scan: before               t=0.4s
[overlap_fix]     scan 100000/126695 faces, 153861 pairs, 0.1s (942707 faces/s)
[overlap_fix]   tabu place                 t=0.5s
[overlap_fix]     exact potential graph: 13298 pairs (7.1358% dense), 10 v bins
[overlap_fix]     tabu iter 1/1, best e=194067.4 @0, 0 moves, t=0.6s (0.61 s/iter)
[overlap_fix]     scan 100000/126695 faces, 153861 pairs, 0.1s (949603 faces/s)
[overlap_fix]     scan 100000/126695 faces, 134028 pairs, 0.1s (987351 faces/s)
[overlap_fix]   scan: after                t=1.1s
[overlap_fix]     scan 100000/126695 faces, 134028 pairs, 0.1s (981806 faces/s)
[overlap_fix]   group 25: shifted, 115 charts, r=706.8 (spread 222.1), wraps=0 du=0.0 dv=0.0, overlap 82509 -> 65711

=== PREFIT COMPONENT CULL ===
  charts before / after ... 678 / 611
  size hist (faces) ........ 1:15 2-3:23 4-7:24 8-15:23 16-31:31 32-63:49 64-127:150 128-255:142 256-511:212 512+:9
  max Sander QC hist ....... <=2:638 <=4:16 <=8:5 <=16:2 <=32:3 <=64:4 <=128:2 <=256:4 >256:4
  charts killed ............ 56 small, 11 projected-degenerate
  welded groups before/after 106 / 106
  group size hist .......... <=1:0 <=3:0 <=7:6 <=15:17 <=31:16 <=63:14 <=127:16 <=255:11 <=511:7 <=1023:1 <=2047:3 >2047:15
  groups killed ............ 0 small
  faces killed ............. 0 stretch + 1667 chart + 0 group
==========================

=== OVERLAP FIX ===
  charts .................. 611
  welded groups ........... 106 (largest 115 charts)
  authentic weld edges .... 751
  faces killed (total) .... 1667 / 126695

  -- is the error a whole number of turns? --
  weld |du/circ - round| .. <0.05:588 0.15:90 0.25:40 0.35:23 more:10  (78.3% clean)
  welds off by >=1 wrap ... 62 / 751
  phase |turn - round| ..... <0.05:751 0.15:0 0.25:0 0.35:0 more:0  (100.0% clean)
  nonzero phase targets .... 117 / 751
  trusted / untrusted ..... 0 / 0 (+0 over the wrap cap)
  wrap range .............. 0 .. 0

  -- gauge reconciliation --
  charts wind-corrected ... 0 / 611
  gauge islands ........... 0 (tree 0, cycle 0)
  cycle consistent ........ 0
  cycle INCONSISTENT ...... 0  (holonomy; no gauge can fix these)

  -- overlap --
  cross-group ............. 128589 raw -> 128589 post-wind -> 111791 final
  intra-group ............. 60779 raw -> 60779 post-wind
  intra |dr|/pitch ........ ~0:3575 ~0.5:9083 ~1:13252 ~1.5:8387 ~2:8367 >2.5:18115
    (~0..0.5 = folds no gauge fixes; ~1+ = wrong-wrap, re-gauge CAN fix)
  groups overlapping ...... 44 -> 40
  settled / shifted ....... 105 / 1
  parked / stuck .......... 0 / 0
  time .................... 1.41s
===================

=== TABU RE-GAUGE ===
  depth span .............. +/-4 wraps, tenure 40
  field ladder ............ +1.01474555 x 2pi*r per wind (0 pairs; FIXED)
  ladder u origin ......... -135.03285299553318
  iterations .............. 1 (canonical best at 1)
  moves ................... 0 chart + 1 group + 0 nbhd + 0 graded (of 7 eligible groups)
  phase-flat regions ...... 21 measured only
  phase lateral targets ... 276 trusted, 89 nonzero measured only
  energy (cell units) ..... 194067.4 -> 177042.2
  movable charts .......... 140 / 611
  charts moved ............ 25 / 611
  welds torn .............. 47 / 708 usable (+43 excluded)
  lateral pairs coupled ... 277 (torn 56)
  happy-family bonds ...... 114 (torn 0)
  state archive ........... 2 kept, 2 SAT-verified
  exact winner ............ #1 at iter 1, score 177042.2
  hash rebuilds ........... 0
  cross after (exact) ..... 111791 pairs
  intra after (exact) ..... 57744 pairs
  intra |dr|/pitch after .. ~0:3040 ~0.5:8587 ~1:12845 ~1.5:8032 ~2:7854 >2.5:17386
=====================
  exact workload .......... 243302 queries; 234735 AABB rejects; 7126 cache hits / 1441 misses (1441 entries); 526847 SAT tests
[tiled_atlas] sweep 1/1, tile 42/64 z06_y06_x03, loaded=124
[overlap_fix] active core: disabling tile-local pre-wind so the halo remains frozen
[overlap_fix] production preset: large-grid bounded
[overlap_fix] large-input guard: 124 cubes/175000 faces; tabu_iters=1 rounds=1 (pass --tabu-iters N to override)
[overlap_fix] active core: z[5120,5504) y[3584,3968) x[2688,3072); loaded complement is fixed halo
[overlap_fix] 124 cubes, 122627 vertices, 175000 faces, pitch=11.39
[overlap_fix]   label charts               t=0.0s
[overlap_fix]   build neighbours           t=0.0s
[overlap_fix]   label groups               t=0.2s
[overlap_fix]   uv index: raw              t=0.2s
[overlap_fix]   uv index: before           t=0.2s
[overlap_fix]   scan: raw                  t=0.3s
[overlap_fix]     scan 100000/175000 faces, 217693 pairs, 0.1s (826489 faces/s)
[overlap_fix]   scan: before               t=0.6s
[overlap_fix]     scan 100000/175000 faces, 217693 pairs, 0.1s (817255 faces/s)
[overlap_fix]   tabu place                 t=0.8s
[overlap_fix]     exact potential graph: 29948 pairs (7.5532% dense), 10 v bins
[overlap_fix]     tabu iter 1/1, best e=379981.6 @0, 0 moves, t=0.9s (0.93 s/iter)
[overlap_fix]     scan 100000/175000 faces, 217693 pairs, 0.1s (832513 faces/s)
[overlap_fix]     scan 100000/175000 faces, 198343 pairs, 0.1s (861074 faces/s)
[overlap_fix]   scan: after                t=1.7s
[overlap_fix]     scan 100000/175000 faces, 198343 pairs, 0.1s (848035 faces/s)
[overlap_fix]   group 6: shifted, 123 charts, r=335.5 (spread 353.8), wraps=0 du=0.0 dv=0.0, overlap 8527 -> 2500

=== PREFIT COMPONENT CULL ===
  charts before / after ... 954 / 891
  size hist (faces) ........ 1:13 2-3:18 4-7:21 8-15:14 16-31:53 32-63:74 64-127:237 128-255:231 256-511:286 512+:7
  max Sander QC hist ....... <=2:896 <=4:19 <=8:9 <=16:8 <=32:2 <=64:6 <=128:4 <=256:1 >256:9
  charts killed ............ 47 small, 16 projected-degenerate
  welded groups before/after 112 / 112
  group size hist .......... <=1:0 <=3:0 <=7:3 <=15:7 <=31:28 <=63:13 <=127:26 <=255:5 <=511:7 <=1023:2 <=2047:4 >2047:17
  groups killed ............ 0 small
  faces killed ............. 6 stretch + 2916 chart + 0 group
==========================

=== OVERLAP FIX ===
  charts .................. 891
  welded groups ........... 112 (largest 123 charts)
  authentic weld edges .... 1191
  faces killed (total) .... 2922 / 175000

  -- is the error a whole number of turns? --
  weld |du/circ - round| .. <0.05:940 0.15:127 0.25:78 0.35:25 more:21  (78.9% clean)
  welds off by >=1 wrap ... 65 / 1191
  phase |turn - round| ..... <0.05:1191 0.15:0 0.25:0 0.35:0 more:0  (100.0% clean)
  nonzero phase targets .... 192 / 1191
  trusted / untrusted ..... 0 / 0 (+0 over the wrap cap)
  wrap range .............. 0 .. 0

  -- gauge reconciliation --
  charts wind-corrected ... 0 / 891
  gauge islands ........... 0 (tree 0, cycle 0)
  cycle consistent ........ 0
  cycle INCONSISTENT ...... 0  (holonomy; no gauge can fix these)

  -- overlap --
  cross-group ............. 152484 raw -> 152484 post-wind -> 146457 final
  intra-group ............. 221667 raw -> 221667 post-wind
  intra |dr|/pitch ........ ~0:8887 ~0.5:20759 ~1:28703 ~1.5:28941 ~2:31248 >2.5:103129
    (~0..0.5 = folds no gauge fixes; ~1+ = wrong-wrap, re-gauge CAN fix)
  groups overlapping ...... 48 -> 47
  settled / shifted ....... 111 / 1
  parked / stuck .......... 0 / 0
  time .................... 2.12s
===================

=== TABU RE-GAUGE ===
  depth span .............. +/-4 wraps, tenure 40
  field ladder ............ +1.01474555 x 2pi*r per wind (0 pairs; FIXED)
  ladder u origin ......... -135.03285299553318
  iterations .............. 1 (canonical best at 1)
  moves ................... 0 chart + 1 group + 0 nbhd + 0 graded (of 8 eligible groups)
  phase-flat regions ...... 23 measured only
  phase lateral targets ... 562 trusted, 92 nonzero measured only
  energy (cell units) ..... 379981.6 -> 355990.4
  movable charts .......... 187 / 891
  charts moved ............ 45 / 891
  welds torn .............. 82 / 1137 usable (+54 excluded)
  lateral pairs coupled ... 563 (torn 58)
  happy-family bonds ...... 225 (torn 0)
  state archive ........... 2 kept, 2 SAT-verified
  exact winner ............ #1 at iter 1, score 355990.4
  hash rebuilds ........... 0
  cross after (exact) ..... 146457 pairs
  intra after (exact) ..... 199967 pairs
  intra |dr|/pitch after .. ~0:8683 ~0.5:20827 ~1:27348 ~1.5:27535 ~2:29040 >2.5:86534
=====================
  exact workload .......... 569988 queries; 555467 AABB rejects; 11525 cache hits / 2996 misses (2996 entries); 1320103 SAT tests
[tiled_atlas] sweep 1/1, tile 43/64 z06_y06_x06, loaded=125
[overlap_fix] active core: disabling tile-local pre-wind so the halo remains frozen
[overlap_fix] production preset: large-grid bounded
[overlap_fix] large-input guard: 125 cubes/223739 faces; tabu_iters=1 rounds=1 (pass --tabu-iters N to override)
[overlap_fix] active core: z[5120,5504) y[3584,3968) x[3072,3456); loaded complement is fixed halo
[overlap_fix] 125 cubes, 134556 vertices, 223739 faces, pitch=11.39
[overlap_fix]   label charts               t=0.0s
[overlap_fix]   build neighbours           t=0.0s
[overlap_fix]   label groups               t=0.3s
[overlap_fix]   uv index: raw              t=0.3s
[overlap_fix]   uv index: before           t=0.3s
[overlap_fix]   scan: raw                  t=0.4s
[overlap_fix]     scan 100000/223739 faces, 260101 pairs, 0.1s (771355 faces/s)
[overlap_fix]     scan 200000/223739 faces, 472711 pairs, 0.2s (809055 faces/s)
[overlap_fix]   scan: before               t=0.8s
[overlap_fix]     scan 100000/223739 faces, 260101 pairs, 0.1s (766731 faces/s)
[overlap_fix]     scan 200000/223739 faces, 472711 pairs, 0.2s (803483 faces/s)
[overlap_fix]   tabu place                 t=1.0s
[overlap_fix]     exact potential graph: 33896 pairs (7.0659% dense), 10 v bins
[overlap_fix]     tabu iter 1/1, best e=523714.6 @0, 0 moves, t=1.2s (1.21 s/iter)
[overlap_fix]     scan 100000/223739 faces, 260101 pairs, 0.1s (776622 faces/s)
[overlap_fix]     scan 200000/223739 faces, 472711 pairs, 0.2s (813357 faces/s)
[overlap_fix]     scan 100000/223739 faces, 238477 pairs, 0.1s (801912 faces/s)
[overlap_fix]     scan 200000/223739 faces, 424943 pairs, 0.2s (844475 faces/s)
[overlap_fix]   scan: after                t=2.2s
[overlap_fix]     scan 100000/223739 faces, 238477 pairs, 0.1s (796864 faces/s)
[overlap_fix]     scan 200000/223739 faces, 424943 pairs, 0.2s (837954 faces/s)
[overlap_fix]   group 16: shifted, 69 charts, r=679.8 (spread 321.4), wraps=0 du=0.0 dv=0.0, overlap 102880 -> 76990

=== PREFIT COMPONENT CULL ===
  charts before / after ... 1030 / 980
  size hist (faces) ........ 1:7 2-3:10 4-7:16 8-15:11 16-31:31 32-63:55 64-127:299 128-255:206 256-511:345 512+:50
  max Sander QC hist ....... <=2:946 <=4:31 <=8:9 <=16:11 <=32:4 <=64:9 <=128:5 <=256:4 >256:11
  charts killed ............ 27 small, 23 projected-degenerate
  welded groups before/after 96 / 96
  group size hist .......... <=1:0 <=3:0 <=7:4 <=15:4 <=31:18 <=63:12 <=127:20 <=255:10 <=511:5 <=1023:2 <=2047:3 >2047:18
  groups killed ............ 0 small
  faces killed ............. 7 stretch + 4675 chart + 0 group
==========================

=== OVERLAP FIX ===
  charts .................. 980
  welded groups ........... 96 (largest 167 charts)
  authentic weld edges .... 1400
  faces killed (total) .... 4682 / 223739

  -- is the error a whole number of turns? --
  weld |du/circ - round| .. <0.05:1152 0.15:139 0.25:48 0.35:28 more:33  (82.3% clean)
  welds off by >=1 wrap ... 123 / 1400
  phase |turn - round| ..... <0.05:1400 0.15:0 0.25:0 0.35:0 more:0  (100.0% clean)
  nonzero phase targets .... 155 / 1400
  trusted / untrusted ..... 0 / 0 (+0 over the wrap cap)
  wrap range .............. 0 .. 0

  -- gauge reconciliation --
  charts wind-corrected ... 0 / 980
  gauge islands ........... 0 (tree 0, cycle 0)
  cycle consistent ........ 0
  cycle INCONSISTENT ...... 0  (holonomy; no gauge can fix these)

  -- overlap --
  cross-group ............. 153535 raw -> 153535 post-wind -> 127645 final
  intra-group ............. 361645 raw -> 361645 post-wind
  intra |dr|/pitch ........ ~0:11488 ~0.5:19270 ~1:31872 ~1.5:33866 ~2:41046 >2.5:224103
    (~0..0.5 = folds no gauge fixes; ~1+ = wrong-wrap, re-gauge CAN fix)
  groups overlapping ...... 43 -> 43
  settled / shifted ....... 95 / 1
  parked / stuck .......... 0 / 0
  time .................... 2.84s
===================

=== TABU RE-GAUGE ===
  depth span .............. +/-4 wraps, tenure 40
  field ladder ............ +1.01474555 x 2pi*r per wind (0 pairs; FIXED)
  ladder u origin ......... -135.03285299553318
  iterations .............. 1 (canonical best at 1)
  moves ................... 0 chart + 1 group + 0 nbhd + 0 graded (of 10 eligible groups)
  phase-flat regions ...... 24 measured only
  phase lateral targets ... 512 trusted, 88 nonzero measured only
  energy (cell units) ..... 523714.6 -> 478544.3
  movable charts .......... 220 / 980
  charts moved ............ 16 / 980
  welds torn .............. 105 / 1335 usable (+65 excluded)
  lateral pairs coupled ... 517 (torn 38)
  happy-family bonds ...... 87 (torn 0)
  state archive ........... 2 kept, 2 SAT-verified
  exact winner ............ #1 at iter 1, score 478544.3
  hash rebuilds ........... 0
  cross after (exact) ..... 127645 pairs
  intra after (exact) ..... 339767 pairs
  intra |dr|/pitch after .. ~0:11312 ~0.5:18846 ~1:31103 ~1.5:33127 ~2:39019 >2.5:206360
=====================
  exact workload .......... 660632 queries; 641818 AABB rejects; 15024 cache hits / 3790 misses (3790 entries); 1718937 SAT tests
[tiled_atlas] sweep 1/1, tile 44/64 z06_y06_x09, loaded=50
[overlap_fix] active core: disabling tile-local pre-wind so the halo remains frozen
[overlap_fix] production preset: large-grid bounded
[overlap_fix] large-input guard: 50 cubes/84032 faces; tabu_iters=1 rounds=1 (pass --tabu-iters N to override)
[overlap_fix] active core: z[5120,5504) y[3584,3968) x[3456,3584); loaded complement is fixed halo
[overlap_fix] 50 cubes, 48935 vertices, 84032 faces, pitch=11.39
[overlap_fix]   label charts               t=0.0s
[overlap_fix]   build neighbours           t=0.0s
[overlap_fix]   label groups               t=0.1s
[overlap_fix]   uv index: raw              t=0.1s
[overlap_fix]   uv index: before           t=0.1s
[overlap_fix]   scan: raw                  t=0.1s
[overlap_fix]   scan: before               t=0.3s
[overlap_fix]   tabu place                 t=0.3s
[overlap_fix]     exact potential graph: 3771 pairs (6.8631% dense), 10 v bins
[overlap_fix]     tabu iter 1/1, best e=72618.8 @0, 0 moves, t=0.4s (0.38 s/iter)
[overlap_fix]   scan: after                t=0.7s
[overlap_fix]   group 11: shifted, 48 charts, r=814.1 (spread 285.0), wraps=0 du=0.0 dv=0.0, overlap 28362 -> 18597

=== PREFIT COMPONENT CULL ===
  charts before / after ... 346 / 332
  size hist (faces) ........ 1:2 2-3:3 4-7:7 8-15:5 16-31:9 32-63:7 64-127:101 128-255:60 256-511:119 512+:33
  max Sander QC hist ....... <=2:324 <=4:10 <=8:2 <=16:4 <=32:0 <=64:3 <=128:0 <=256:3 >256:0
  charts killed ............ 10 small, 4 projected-degenerate
  welded groups before/after 45 / 45
  group size hist .......... <=1:0 <=3:0 <=7:1 <=15:3 <=31:6 <=63:1 <=127:5 <=255:8 <=511:3 <=1023:2 <=2047:2 >2047:14
  groups killed ............ 0 small
  faces killed ............. 1 stretch + 829 chart + 0 group
==========================

=== OVERLAP FIX ===
  charts .................. 332
  welded groups ........... 45 (largest 48 charts)
  authentic weld edges .... 417
  faces killed (total) .... 830 / 84032

  -- is the error a whole number of turns? --
  weld |du/circ - round| .. <0.05:350 0.15:28 0.25:15 0.35:7 more:17  (83.9% clean)
  welds off by >=1 wrap ... 58 / 417
  phase |turn - round| ..... <0.05:417 0.15:0 0.25:0 0.35:0 more:0  (100.0% clean)
  nonzero phase targets .... 42 / 417
  trusted / untrusted ..... 0 / 0 (+0 over the wrap cap)
  wrap range .............. 0 .. 0

  -- gauge reconciliation --
  charts wind-corrected ... 0 / 332
  gauge islands ........... 0 (tree 0, cycle 0)
  cycle consistent ........ 0
  cycle INCONSISTENT ...... 0  (holonomy; no gauge can fix these)

  -- overlap --
  cross-group ............. 44942 raw -> 44942 post-wind -> 35177 final
  intra-group ............. 24619 raw -> 24619 post-wind
  intra |dr|/pitch ........ ~0:1585 ~0.5:2581 ~1:3352 ~1.5:2576 ~2:3120 >2.5:11405
    (~0..0.5 = folds no gauge fixes; ~1+ = wrong-wrap, re-gauge CAN fix)
  groups overlapping ...... 18 -> 18
  settled / shifted ....... 44 / 1
  parked / stuck .......... 0 / 0
  time .................... 0.84s
===================

=== TABU RE-GAUGE ===
  depth span .............. +/-4 wraps, tenure 40
  field ladder ............ +1.01474555 x 2pi*r per wind (0 pairs; FIXED)
  ladder u origin ......... -135.03285299553318
  iterations .............. 1 (canonical best at 1)
  moves ................... 0 chart + 1 group + 0 nbhd + 0 graded (of 9 eligible groups)
  phase-flat regions ...... 17 measured only
  phase lateral targets ... 64 trusted, 16 nonzero measured only
  energy (cell units) ..... 72618.8 -> 62223.8
  movable charts .......... 49 / 332
  charts moved ............ 8 / 332
  welds torn .............. 44 / 387 usable (+30 excluded)
  lateral pairs coupled ... 64 (torn 7)
  happy-family bonds ...... 43 (torn 0)
  state archive ........... 2 kept, 2 SAT-verified
  exact winner ............ #1 at iter 1, score 62223.8
  hash rebuilds ........... 0
  cross after (exact) ..... 35177 pairs
  intra after (exact) ..... 23404 pairs
  intra |dr|/pitch after .. ~0:1562 ~0.5:2564 ~1:3352 ~1.5:2576 ~2:3120 >2.5:10230
=====================
  exact workload .......... 56065 queries; 53147 AABB rejects; 2517 cache hits / 401 misses (401 entries); 131175 SAT tests
[tiled_atlas] sweep 1/1, tile 45/64 z06_y09_x00, loaded=40
[overlap_fix] active core: disabling tile-local pre-wind so the halo remains frozen
[overlap_fix] production preset: large-grid bounded
[overlap_fix] large-input guard: 40 cubes/86714 faces; tabu_iters=1 rounds=1 (pass --tabu-iters N to override)
[overlap_fix] active core: z[5120,5504) y[3968,4096) x[2304,2688); loaded complement is fixed halo
[overlap_fix] 40 cubes, 51079 vertices, 86714 faces, pitch=11.39
[overlap_fix]   label charts               t=0.0s
[overlap_fix]   build neighbours           t=0.0s
[overlap_fix]   label groups               t=0.1s
[overlap_fix]   uv index: raw              t=0.1s
[overlap_fix]   uv index: before           t=0.1s
[overlap_fix]   scan: raw                  t=0.1s
[overlap_fix]   scan: before               t=0.3s
[overlap_fix]   tabu place                 t=0.4s
[overlap_fix]     exact potential graph: 6964 pairs (9.8780% dense), 10 v bins
[overlap_fix]     tabu iter 1/1, best e=138936.7 @0, 0 moves, t=0.4s (0.42 s/iter)
[overlap_fix]   scan: after                t=0.7s
[overlap_fix]   group 0: shifted, 85 charts, r=717.8 (spread 198.7), wraps=0 du=0.0 dv=0.0, overlap 40068 -> 19557

=== PREFIT COMPONENT CULL ===
  charts before / after ... 398 / 376
  size hist (faces) ........ 1:4 2-3:6 4-7:5 8-15:7 16-31:10 32-63:22 64-127:101 128-255:83 256-511:154 512+:6
  max Sander QC hist ....... <=2:370 <=4:12 <=8:4 <=16:1 <=32:3 <=64:2 <=128:2 <=256:2 >256:2
  charts killed ............ 15 small, 7 projected-degenerate
  welded groups before/after 50 / 50
  group size hist .......... <=1:0 <=3:0 <=7:0 <=15:6 <=31:6 <=63:4 <=127:8 <=255:8 <=511:4 <=1023:1 <=2047:1 >2047:12
  groups killed ............ 0 small
  faces killed ............. 0 stretch + 658 chart + 0 group
==========================

=== OVERLAP FIX ===
  charts .................. 376
  welded groups ........... 50 (largest 85 charts)
  authentic weld edges .... 488
  faces killed (total) .... 658 / 86714

  -- is the error a whole number of turns? --
  weld |du/circ - round| .. <0.05:382 0.15:62 0.25:28 0.35:13 more:3  (78.3% clean)
  welds off by >=1 wrap ... 59 / 488
  phase |turn - round| ..... <0.05:488 0.15:0 0.25:0 0.35:0 more:0  (100.0% clean)
  nonzero phase targets .... 50 / 488
  trusted / untrusted ..... 0 / 0 (+0 over the wrap cap)
  wrap range .............. 0 .. 0

  -- gauge reconciliation --
  charts wind-corrected ... 0 / 376
  gauge islands ........... 0 (tree 0, cycle 0)
  cycle consistent ........ 0
  cycle INCONSISTENT ...... 0  (holonomy; no gauge can fix these)

  -- overlap --
  cross-group ............. 96245 raw -> 96245 post-wind -> 75734 final
  intra-group ............. 38919 raw -> 38919 post-wind
  intra |dr|/pitch ........ ~0:1968 ~0.5:7066 ~1:11952 ~1.5:7149 ~2:7196 >2.5:3588
    (~0..0.5 = folds no gauge fixes; ~1+ = wrong-wrap, re-gauge CAN fix)
  groups overlapping ...... 21 -> 21
  settled / shifted ....... 49 / 1
  parked / stuck .......... 0 / 0
  time .................... 0.94s
===================

=== TABU RE-GAUGE ===
  depth span .............. +/-4 wraps, tenure 40
  field ladder ............ +1.01474555 x 2pi*r per wind (0 pairs; FIXED)
  ladder u origin ......... -135.03285299553318
  iterations .............. 1 (canonical best at 1)
  moves ................... 0 chart + 1 group + 0 nbhd + 0 graded (of 4 eligible groups)
  phase-flat regions ...... 16 measured only
  phase lateral targets ... 181 trusted, 51 nonzero measured only
  energy (cell units) ..... 138936.7 -> 118248.1
  movable charts .......... 96 / 376
  charts moved ............ 27 / 376
  welds torn .............. 49 / 464 usable (+24 excluded)
  lateral pairs coupled ... 181 (torn 7)
  happy-family bonds ...... 133 (torn 0)
  state archive ........... 2 kept, 2 SAT-verified
  exact winner ............ #1 at iter 1, score 118248.1
  hash rebuilds ........... 0
  cross after (exact) ..... 75734 pairs
  intra after (exact) ..... 37756 pairs
  intra |dr|/pitch after .. ~0:1905 ~0.5:6959 ~1:11873 ~1.5:7059 ~2:6568 >2.5:3392
=====================
  exact workload .......... 140044 queries; 133862 AABB rejects; 5225 cache hits / 957 misses (957 entries); 492867 SAT tests
[tiled_atlas] sweep 1/1, tile 46/64 z06_y09_x03, loaded=50
[overlap_fix] active core: disabling tile-local pre-wind so the halo remains frozen
[overlap_fix] production preset: large-grid bounded
[overlap_fix] large-input guard: 50 cubes/87475 faces; tabu_iters=1 rounds=1 (pass --tabu-iters N to override)
[overlap_fix] active core: z[5120,5504) y[3968,4096) x[2688,3072); loaded complement is fixed halo
[overlap_fix] 50 cubes, 51657 vertices, 87475 faces, pitch=11.39
[overlap_fix]   label charts               t=0.0s
[overlap_fix]   build neighbours           t=0.0s
[overlap_fix]   label groups               t=0.1s
[overlap_fix]   uv index: raw              t=0.1s
[overlap_fix]   uv index: before           t=0.1s
[overlap_fix]   scan: raw                  t=0.1s
[overlap_fix]   scan: before               t=0.3s
[overlap_fix]   tabu place                 t=0.4s
[overlap_fix]     exact potential graph: 9055 pairs (10.1453% dense), 10 v bins
[overlap_fix]     tabu iter 1/1, best e=211651.5 @0, 0 moves, t=0.5s (0.46 s/iter)
[overlap_fix]   scan: after                t=0.8s
[overlap_fix]   group 6: shifted, 29 charts, r=636.2 (spread 162.8), wraps=0 du=0.0 dv=0.0, overlap 54869 -> 36518

=== PREFIT COMPONENT CULL ===
  charts before / after ... 437 / 423
  size hist (faces) ........ 1:3 2-3:2 4-7:5 8-15:0 16-31:4 32-63:14 64-127:122 128-255:145 256-511:140 512+:2
  max Sander QC hist ....... <=2:424 <=4:4 <=8:2 <=16:0 <=32:1 <=64:2 <=128:1 <=256:1 >256:2
  charts killed ............ 10 small, 4 projected-degenerate
  welded groups before/after 32 / 32
  group size hist .......... <=1:0 <=3:0 <=7:0 <=15:0 <=31:3 <=63:1 <=127:8 <=255:2 <=511:3 <=1023:0 <=2047:3 >2047:12
  groups killed ............ 0 small
  faces killed ............. 0 stretch + 748 chart + 0 group
==========================

=== OVERLAP FIX ===
  charts .................. 423
  welded groups ........... 32 (largest 97 charts)
  authentic weld edges .... 593
  faces killed (total) .... 748 / 87475

  -- is the error a whole number of turns? --
  weld |du/circ - round| .. <0.05:494 0.15:58 0.25:31 0.35:10 more:0  (83.3% clean)
  welds off by >=1 wrap ... 52 / 593
  phase |turn - round| ..... <0.05:593 0.15:0 0.25:0 0.35:0 more:0  (100.0% clean)
  nonzero phase targets .... 78 / 593
  trusted / untrusted ..... 0 / 0 (+0 over the wrap cap)
  wrap range .............. 0 .. 0

  -- gauge reconciliation --
  charts wind-corrected ... 0 / 423
  gauge islands ........... 0 (tree 0, cycle 0)
  cycle consistent ........ 0
  cycle INCONSISTENT ...... 0  (holonomy; no gauge can fix these)

  -- overlap --
  cross-group ............. 124750 raw -> 124750 post-wind -> 106399 final
  intra-group ............. 82578 raw -> 82578 post-wind
  intra |dr|/pitch ........ ~0:4445 ~0.5:13159 ~1:16431 ~1.5:13468 ~2:13815 >2.5:21260
    (~0..0.5 = folds no gauge fixes; ~1+ = wrong-wrap, re-gauge CAN fix)
  groups overlapping ...... 14 -> 14
  settled / shifted ....... 31 / 1
  parked / stuck .......... 0 / 0
  time .................... 1.04s
===================

=== TABU RE-GAUGE ===
  depth span .............. +/-4 wraps, tenure 40
  field ladder ............ +1.01474555 x 2pi*r per wind (0 pairs; FIXED)
  ladder u origin ......... -135.03285299553318
  iterations .............. 1 (canonical best at 1)
  moves ................... 0 chart + 1 group + 0 nbhd + 0 graded (of 6 eligible groups)
  phase-flat regions ...... 13 measured only
  phase lateral targets ... 286 trusted, 83 nonzero measured only
  energy (cell units) ..... 211651.5 -> 187279.9
  movable charts .......... 97 / 423
  charts moved ............ 9 / 423
  welds torn .............. 56 / 579 usable (+14 excluded)
  lateral pairs coupled ... 286 (torn 12)
  happy-family bonds ...... 301 (torn 0)
  state archive ........... 2 kept, 2 SAT-verified
  exact winner ............ #1 at iter 1, score 187279.9
  hash rebuilds ........... 0
  cross after (exact) ..... 106399 pairs
  intra after (exact) ..... 75767 pairs
  intra |dr|/pitch after .. ~0:4235 ~0.5:12804 ~1:15806 ~1.5:12501 ~2:11819 >2.5:18602
=====================
  exact workload .......... 187197 queries; 178172 AABB rejects; 7855 cache hits / 1170 misses (1170 entries); 604133 SAT tests
[tiled_atlas] sweep 1/1, tile 47/64 z06_y09_x06, loaded=50
[overlap_fix] active core: disabling tile-local pre-wind so the halo remains frozen
[overlap_fix] production preset: large-grid bounded
[overlap_fix] large-input guard: 50 cubes/113431 faces; tabu_iters=1 rounds=1 (pass --tabu-iters N to override)
[overlap_fix] active core: z[5120,5504) y[3968,4096) x[3072,3456); loaded complement is fixed halo
[overlap_fix] 50 cubes, 66192 vertices, 113431 faces, pitch=11.39
[overlap_fix]   label charts               t=0.0s
[overlap_fix]   build neighbours           t=0.0s
[overlap_fix]   label groups               t=0.1s
[overlap_fix]   uv index: raw              t=0.1s
[overlap_fix]   uv index: before           t=0.1s
[overlap_fix]   scan: raw                  t=0.2s
[overlap_fix]     scan 100000/113431 faces, 231183 pairs, 0.1s (828509 faces/s)
[overlap_fix]   scan: before               t=0.4s
[overlap_fix]     scan 100000/113431 faces, 231183 pairs, 0.1s (812918 faces/s)
[overlap_fix]   tabu place                 t=0.5s
[overlap_fix]     exact potential graph: 10912 pairs (9.3743% dense), 10 v bins
[overlap_fix]     tabu iter 1/1, best e=273206.0 @0, 0 moves, t=0.6s (0.60 s/iter)
[overlap_fix]     scan 100000/113431 faces, 231183 pairs, 0.1s (826638 faces/s)
[overlap_fix]     scan 100000/113431 faces, 176382 pairs, 0.1s (904806 faces/s)
[overlap_fix]   scan: after                t=1.1s
[overlap_fix]     scan 100000/113431 faces, 176382 pairs, 0.1s (902260 faces/s)
[overlap_fix]   group 5: shifted, 156 charts, r=752.5 (spread 366.7), wraps=0 du=0.0 dv=0.0, overlap 54516 -> 25321

=== PREFIT COMPONENT CULL ===
  charts before / after ... 500 / 483
  size hist (faces) ........ 1:1 2-3:2 4-7:5 8-15:4 16-31:10 32-63:13 64-127:148 128-255:112 256-511:178 512+:27
  max Sander QC hist ....... <=2:463 <=4:12 <=8:4 <=16:4 <=32:3 <=64:5 <=128:1 <=256:4 >256:4
  charts killed ............ 7 small, 10 projected-degenerate
  welded groups before/after 43 / 43
  group size hist .......... <=1:0 <=3:0 <=7:1 <=15:1 <=31:8 <=63:2 <=127:5 <=255:5 <=511:5 <=1023:2 <=2047:2 >2047:12
  groups killed ............ 0 small
  faces killed ............. 0 stretch + 2205 chart + 0 group
==========================

=== OVERLAP FIX ===
  charts .................. 483
  welded groups ........... 43 (largest 156 charts)
  authentic weld edges .... 676
  faces killed (total) .... 2205 / 113431

  -- is the error a whole number of turns? --
  weld |du/circ - round| .. <0.05:519 0.15:94 0.25:37 0.35:10 more:16  (76.8% clean)
  welds off by >=1 wrap ... 100 / 676
  phase |turn - round| ..... <0.05:676 0.15:0 0.25:0 0.35:0 more:0  (100.0% clean)
  nonzero phase targets .... 98 / 676
  trusted / untrusted ..... 0 / 0 (+0 over the wrap cap)
  wrap range .............. 0 .. 0

  -- gauge reconciliation --
  charts wind-corrected ... 0 / 483
  gauge islands ........... 0 (tree 0, cycle 0)
  cycle consistent ........ 0
  cycle INCONSISTENT ...... 0  (holonomy; no gauge can fix these)

  -- overlap --
  cross-group ............. 96331 raw -> 96331 post-wind -> 67136 final
  intra-group ............. 170439 raw -> 170439 post-wind
  intra |dr|/pitch ........ ~0:4696 ~0.5:10394 ~1:15780 ~1.5:14067 ~2:20059 >2.5:105443
    (~0..0.5 = folds no gauge fixes; ~1+ = wrong-wrap, re-gauge CAN fix)
  groups overlapping ...... 14 -> 14
  settled / shifted ....... 42 / 1
  parked / stuck .......... 0 / 0
  time .................... 1.32s
===================

=== TABU RE-GAUGE ===
  depth span .............. +/-4 wraps, tenure 40
  field ladder ............ +1.01474555 x 2pi*r per wind (0 pairs; FIXED)
  ladder u origin ......... -135.03285299553318
  iterations .............. 1 (canonical best at 1)
  moves ................... 0 chart + 1 group + 0 nbhd + 0 graded (of 6 eligible groups)
  phase-flat regions ...... 16 measured only
  phase lateral targets ... 211 trusted, 44 nonzero measured only
  energy (cell units) ..... 273206.0 -> 228229.7
  movable charts .......... 116 / 483
  charts moved ............ 48 / 483
  welds torn .............. 125 / 645 usable (+31 excluded)
  lateral pairs coupled ... 211 (torn 77)
  happy-family bonds ...... 111 (torn 0)
  state archive ........... 2 kept, 2 SAT-verified
  exact winner ............ #1 at iter 1, score 228229.7
  hash rebuilds ........... 0
  cross after (exact) ..... 67136 pairs
  intra after (exact) ..... 144833 pairs
  intra |dr|/pitch after .. ~0:3953 ~0.5:8774 ~1:14807 ~1.5:13012 ~2:19531 >2.5:84756
=====================
  exact workload .......... 220928 queries; 210692 AABB rejects; 8808 cache hits / 1428 misses (1428 entries); 775519 SAT tests
[tiled_atlas] sweep 1/1, tile 48/64 z06_y09_x09, loaded=20
[overlap_fix] active core: disabling tile-local pre-wind so the halo remains frozen
[overlap_fix] production preset: large-grid bounded
[overlap_fix] large-input guard: 20 cubes/49225 faces; tabu_iters=1 rounds=1 (pass --tabu-iters N to override)
[overlap_fix] active core: z[5120,5504) y[3968,4096) x[3456,3584); loaded complement is fixed halo
[overlap_fix] 20 cubes, 28523 vertices, 49225 faces, pitch=11.39
[overlap_fix]   label charts               t=0.0s
[overlap_fix]   build neighbours           t=0.0s
[overlap_fix]   label groups               t=0.1s
[overlap_fix]   uv index: raw              t=0.1s
[overlap_fix]   uv index: before           t=0.1s
[overlap_fix]   scan: raw                  t=0.1s
[overlap_fix]   scan: before               t=0.1s
[overlap_fix]   tabu place                 t=0.2s
[overlap_fix]     exact potential graph: 1659 pairs (9.1430% dense), 10 v bins
[overlap_fix]     tabu iter 1/1, best e=42822.3 @0, 0 moves, t=0.2s (0.21 s/iter)
[overlap_fix]   scan: after                t=0.4s
[overlap_fix]   group 0: shifted, 45 charts, r=814.6 (spread 285.0), wraps=0 du=0.0 dv=0.0, overlap 11995 -> 11995

=== PREFIT COMPONENT CULL ===
  charts before / after ... 199 / 191
  size hist (faces) ........ 1:0 2-3:1 4-7:4 8-15:4 16-31:7 32-63:5 64-127:53 128-255:33 256-511:72 512+:20
  max Sander QC hist ....... <=2:182 <=4:7 <=8:1 <=16:3 <=32:0 <=64:3 <=128:0 <=256:3 >256:0
  charts killed ............ 4 small, 4 projected-degenerate
  welded groups before/after 36 / 36
  group size hist .......... <=1:0 <=3:0 <=7:1 <=15:2 <=31:6 <=63:1 <=127:3 <=255:6 <=511:3 <=1023:2 <=2047:3 >2047:9
  groups killed ............ 0 small
  faces killed ............. 0 stretch + 811 chart + 0 group
==========================

=== OVERLAP FIX ===
  charts .................. 191
  welded groups ........... 36 (largest 45 charts)
  authentic weld edges .... 213
  faces killed (total) .... 811 / 49225

  -- is the error a whole number of turns? --
  weld |du/circ - round| .. <0.05:131 0.15:17 0.25:17 0.35:9 more:39  (61.5% clean)
  welds off by >=1 wrap ... 81 / 213
  phase |turn - round| ..... <0.05:213 0.15:0 0.25:0 0.35:0 more:0  (100.0% clean)
  nonzero phase targets .... 32 / 213
  trusted / untrusted ..... 0 / 0 (+0 over the wrap cap)
  wrap range .............. 0 .. 0

  -- gauge reconciliation --
  charts wind-corrected ... 0 / 191
  gauge islands ........... 0 (tree 0, cycle 0)
  cycle consistent ........ 0
  cycle INCONSISTENT ...... 0  (holonomy; no gauge can fix these)

  -- overlap --
  cross-group ............. 24356 raw -> 24356 post-wind -> 24356 final
  intra-group ............. 16109 raw -> 16109 post-wind
  intra |dr|/pitch ........ ~0:378 ~0.5:1207 ~1:2577 ~1.5:1763 ~2:2458 >2.5:7726
    (~0..0.5 = folds no gauge fixes; ~1+ = wrong-wrap, re-gauge CAN fix)
  groups overlapping ...... 15 -> 15
  settled / shifted ....... 35 / 1
  parked / stuck .......... 0 / 0
  time .................... 0.48s
===================

=== TABU RE-GAUGE ===
  depth span .............. +/-4 wraps, tenure 40
  field ladder ............ +1.01474555 x 2pi*r per wind (0 pairs; FIXED)
  ladder u origin ......... -135.03285299553318
  iterations .............. 1 (canonical best at 1)
  moves ................... 1 chart + 0 group + 0 nbhd + 0 graded (of 3 eligible groups)
  phase-flat regions ...... 10 measured only
  phase lateral targets ... 29 trusted, 10 nonzero measured only
  energy (cell units) ..... 42822.3 -> 41166.3
  movable charts .......... 33 / 191
  charts moved ............ 1 / 191
  welds torn .............. 31 / 161 usable (+52 excluded)
  lateral pairs coupled ... 29 (torn 0)
  happy-family bonds ...... 27 (torn 0)
  state archive ........... 2 kept, 2 SAT-verified
  exact winner ............ #1 at iter 1, score 41166.3
  hash rebuilds ........... 0
  cross after (exact) ..... 24356 pairs
  intra after (exact) ..... 14357 pairs
  intra |dr|/pitch after .. ~0:378 ~0.5:1207 ~1:2577 ~1.5:1763 ~2:2458 >2.5:5974
=====================
  exact workload .......... 19025 queries; 18261 AABB rejects; 615 cache hits / 149 misses (149 entries); 95136 SAT tests
[tiled_atlas] sweep 1/1, tile 49/64 z09_y00_x00, loaded=32
[overlap_fix] active core: disabling tile-local pre-wind so the halo remains frozen
[overlap_fix] production preset: large-grid bounded
[overlap_fix] large-input guard: 32 cubes/82752 faces; tabu_iters=1 rounds=1 (pass --tabu-iters N to override)
[overlap_fix] active core: z[5504,5632) y[2816,3200) x[2304,2688); loaded complement is fixed halo
[overlap_fix] 32 cubes, 52960 vertices, 82752 faces, pitch=11.39
[overlap_fix]   label charts               t=0.0s
[overlap_fix]   build neighbours           t=0.0s
[overlap_fix]   label groups               t=0.1s
[overlap_fix]   uv index: raw              t=0.1s
[overlap_fix]   uv index: before           t=0.1s
[overlap_fix]   scan: raw                  t=0.1s
[overlap_fix]   scan: before               t=0.3s
[overlap_fix]   tabu place                 t=0.4s
[overlap_fix]     exact potential graph: 14775 pairs (21.6436% dense), 4 v bins
[overlap_fix]     tabu iter 1/1, best e=217016.9 @0, 0 moves, t=0.5s (0.45 s/iter)
[overlap_fix]   scan: after                t=0.9s
[overlap_fix]   group 15: shifted, 12 charts, r=553.7 (spread 153.7), wraps=0 du=0.0 dv=0.0, overlap 29886 -> 14360

=== PREFIT COMPONENT CULL ===
  charts before / after ... 417 / 370
  size hist (faces) ........ 1:9 2-3:13 4-7:15 8-15:8 16-31:16 32-63:31 64-127:122 128-255:54 256-511:139 512+:10
  max Sander QC hist ....... <=2:318 <=4:58 <=8:10 <=16:5 <=32:7 <=64:7 <=128:4 <=256:2 >256:6
  charts killed ............ 35 small, 13 projected-degenerate
  welded groups before/after 77 / 77
  group size hist .......... <=1:0 <=3:0 <=7:2 <=15:5 <=31:13 <=63:5 <=127:17 <=255:5 <=511:4 <=1023:5 <=2047:2 >2047:19
  groups killed ............ 0 small
  faces killed ............. 1 stretch + 1323 chart + 0 group
==========================

=== OVERLAP FIX ===
  charts .................. 370
  welded groups ........... 77 (largest 36 charts)
  authentic weld edges .... 398
  faces killed (total) .... 1324 / 82752

  -- is the error a whole number of turns? --
  weld |du/circ - round| .. <0.05:341 0.15:22 0.25:5 0.35:10 more:20  (85.7% clean)
  welds off by >=1 wrap ... 28 / 398
  phase |turn - round| ..... <0.05:398 0.15:0 0.25:0 0.35:0 more:0  (100.0% clean)
  nonzero phase targets .... 28 / 398
  trusted / untrusted ..... 0 / 0 (+0 over the wrap cap)
  wrap range .............. 0 .. 0

  -- gauge reconciliation --
  charts wind-corrected ... 0 / 370
  gauge islands ........... 0 (tree 0, cycle 0)
  cycle consistent ........ 0
  cycle INCONSISTENT ...... 0  (holonomy; no gauge can fix these)

  -- overlap --
  cross-group ............. 132991 raw -> 132991 post-wind -> 117465 final
  intra-group ............. 82410 raw -> 82410 post-wind
  intra |dr|/pitch ........ ~0:5428 ~0.5:11703 ~1:23502 ~1.5:19499 ~2:11409 >2.5:10869
    (~0..0.5 = folds no gauge fixes; ~1+ = wrong-wrap, re-gauge CAN fix)
  groups overlapping ...... 52 -> 52
  settled / shifted ....... 76 / 1
  parked / stuck .......... 0 / 0
  time .................... 1.08s
===================

=== TABU RE-GAUGE ===
  depth span .............. +/-4 wraps, tenure 40
  field ladder ............ +1.01474555 x 2pi*r per wind (0 pairs; FIXED)
  ladder u origin ......... -135.03285299553318
  iterations .............. 1 (canonical best at 1)
  moves ................... 0 chart + 1 group + 0 nbhd + 0 graded (of 10 eligible groups)
  phase-flat regions ...... 27 measured only
  phase lateral targets ... 225 trusted, 45 nonzero measured only
  energy (cell units) ..... 217016.9 -> 204195.9
  movable charts .......... 113 / 370
  charts moved ............ 5 / 370
  welds torn .............. 10 / 368 usable (+30 excluded)
  lateral pairs coupled ... 225 (torn 15)
  happy-family bonds ...... 114 (torn 9)
  state archive ........... 2 kept, 2 SAT-verified
  exact winner ............ #1 at iter 1, score 204195.9
  hash rebuilds ........... 0
  cross after (exact) ..... 117465 pairs
  intra after (exact) ..... 82366 pairs
  intra |dr|/pitch after .. ~0:5384 ~0.5:11703 ~1:23502 ~1.5:19499 ~2:11409 >2.5:10869
=====================
  exact workload .......... 367909 queries; 356388 AABB rejects; 8983 cache hits / 2538 misses (2538 entries); 1288038 SAT tests
[tiled_atlas] sweep 1/1, tile 50/64 z09_y00_x03, loaded=40
[overlap_fix] active core: disabling tile-local pre-wind so the halo remains frozen
[overlap_fix] production preset: large-grid bounded
[overlap_fix] large-input guard: 40 cubes/94589 faces; tabu_iters=1 rounds=1 (pass --tabu-iters N to override)
[overlap_fix] active core: z[5504,5632) y[2816,3200) x[2688,3072); loaded complement is fixed halo
[overlap_fix] 40 cubes, 62021 vertices, 94589 faces, pitch=11.39
[overlap_fix]   label charts               t=0.0s
[overlap_fix]   build neighbours           t=0.0s
[overlap_fix]   label groups               t=0.1s
[overlap_fix]   uv index: raw              t=0.1s
[overlap_fix]   uv index: before           t=0.1s
[overlap_fix]   scan: raw                  t=0.2s
[overlap_fix]   scan: before               t=0.3s
[overlap_fix]   tabu place                 t=0.5s
[overlap_fix]     exact potential graph: 19085 pairs (19.5822% dense), 4 v bins
[overlap_fix]     tabu iter 1/1, best e=290530.1 @0, 0 moves, t=0.5s (0.54 s/iter)
[overlap_fix]   scan: after                t=1.0s
[overlap_fix]   group 9: shifted, 41 charts, r=521.7 (spread 252.9), wraps=0 du=0.0 dv=0.0, overlap 44300 -> 27804

=== PREFIT COMPONENT CULL ===
  charts before / after ... 494 / 442
  size hist (faces) ........ 1:14 2-3:12 4-7:11 8-15:13 16-31:25 32-63:34 64-127:144 128-255:82 256-511:150 512+:9
  max Sander QC hist ....... <=2:342 <=4:90 <=8:16 <=16:7 <=32:14 <=64:8 <=128:3 <=256:6 >256:8
  charts killed ............ 35 small, 19 projected-degenerate
  welded groups before/after 91 / 91
  group size hist .......... <=1:0 <=3:0 <=7:2 <=15:9 <=31:17 <=63:12 <=127:20 <=255:8 <=511:3 <=1023:2 <=2047:5 >2047:13
  groups killed ............ 0 small
  faces killed ............. 44 stretch + 1446 chart + 0 group
==========================

=== OVERLAP FIX ===
  charts .................. 442
  welded groups ........... 91 (largest 50 charts)
  authentic weld edges .... 490
  faces killed (total) .... 1490 / 94589

  -- is the error a whole number of turns? --
  weld |du/circ - round| .. <0.05:406 0.15:23 0.25:15 0.35:16 more:30  (82.9% clean)
  welds off by >=1 wrap ... 51 / 490
  phase |turn - round| ..... <0.05:490 0.15:0 0.25:0 0.35:0 more:0  (100.0% clean)
  nonzero phase targets .... 42 / 490
  trusted / untrusted ..... 0 / 0 (+0 over the wrap cap)
  wrap range .............. 0 .. 0

  -- gauge reconciliation --
  charts wind-corrected ... 0 / 442
  gauge islands ........... 0 (tree 0, cycle 0)
  cycle consistent ........ 0
  cycle INCONSISTENT ...... 0  (holonomy; no gauge can fix these)

  -- overlap --
  cross-group ............. 127815 raw -> 127815 post-wind -> 111319 final
  intra-group ............. 159158 raw -> 159158 post-wind
  intra |dr|/pitch ........ ~0:10042 ~0.5:22148 ~1:28661 ~1.5:22663 ~2:17415 >2.5:58229
    (~0..0.5 = folds no gauge fixes; ~1+ = wrong-wrap, re-gauge CAN fix)
  groups overlapping ...... 46 -> 47
  settled / shifted ....... 90 / 1
  parked / stuck .......... 0 / 0
  time .................... 1.26s
===================

=== TABU RE-GAUGE ===
  depth span .............. +/-4 wraps, tenure 40
  field ladder ............ +1.01474555 x 2pi*r per wind (0 pairs; FIXED)
  ladder u origin ......... -135.03285299553318
  iterations .............. 1 (canonical best at 1)
  moves ................... 0 chart + 1 group + 0 nbhd + 0 graded (of 8 eligible groups)
  phase-flat regions ...... 19 measured only
  phase lateral targets ... 258 trusted, 31 nonzero measured only
  energy (cell units) ..... 290530.1 -> 269310.7
  movable charts .......... 119 / 442
  charts moved ............ 14 / 442
  welds torn .............. 30 / 439 usable (+51 excluded)
  lateral pairs coupled ... 261 (torn 10)
  happy-family bonds ...... 41 (torn 0)
  state archive ........... 2 kept, 2 SAT-verified
  exact winner ............ #1 at iter 1, score 269310.7
  hash rebuilds ........... 0
  cross after (exact) ..... 111319 pairs
  intra after (exact) ..... 153340 pairs
  intra |dr|/pitch after .. ~0:9553 ~0.5:21383 ~1:27922 ~1.5:22309 ~2:17008 >2.5:55165
=====================
  exact workload .......... 393463 queries; 380650 AABB rejects; 9952 cache hits / 2861 misses (2861 entries); 1351212 SAT tests
[tiled_atlas] sweep 1/1, tile 51/64 z09_y00_x06, loaded=40
[overlap_fix] active core: disabling tile-local pre-wind so the halo remains frozen
[overlap_fix] production preset: large-grid bounded
[overlap_fix] large-input guard: 40 cubes/47692 faces; tabu_iters=1 rounds=1 (pass --tabu-iters N to override)
[overlap_fix] active core: z[5504,5632) y[2816,3200) x[3072,3456); loaded complement is fixed halo
[overlap_fix] 40 cubes, 45182 vertices, 47692 faces, pitch=11.39
[overlap_fix]   label charts               t=0.0s
[overlap_fix]   build neighbours           t=0.0s
[overlap_fix]   label groups               t=0.1s
[overlap_fix]   uv index: raw              t=0.1s
[overlap_fix]   uv index: before           t=0.1s
[overlap_fix]   scan: raw                  t=0.1s
[overlap_fix]   scan: before               t=0.1s
[overlap_fix]   tabu place                 t=0.2s
[overlap_fix]     exact potential graph: 8515 pairs (19.5030% dense), 4 v bins
[overlap_fix]     tabu iter 1/1, best e=55066.7 @0, 0 moves, t=0.2s (0.22 s/iter)
[overlap_fix]   scan: after                t=0.4s
[overlap_fix]   group 4: shifted, 10 charts, r=684.8 (spread 428.1), wraps=0 du=0.0 dv=0.0, overlap 12417 -> 7238

=== PREFIT COMPONENT CULL ===
  charts before / after ... 344 / 296
  size hist (faces) ........ 1:17 2-3:13 4-7:19 8-15:19 16-31:21 32-63:47 64-127:66 128-255:72 256-511:68 512+:2
  max Sander QC hist ....... <=2:314 <=4:18 <=8:5 <=16:2 <=32:2 <=64:1 <=128:1 <=256:0 >256:1
  charts killed ............ 45 small, 3 projected-degenerate
  welded groups before/after 91 / 91
  group size hist .......... <=1:0 <=3:0 <=7:4 <=15:6 <=31:11 <=63:19 <=127:13 <=255:6 <=511:11 <=1023:5 <=2047:12 >2047:4
  groups killed ............ 0 small
  faces killed ............. 13 stretch + 482 chart + 0 group
==========================

=== OVERLAP FIX ===
  charts .................. 296
  welded groups ........... 91 (largest 30 charts)
  authentic weld edges .... 245
  faces killed (total) .... 495 / 47692

  -- is the error a whole number of turns? --
  weld |du/circ - round| .. <0.05:199 0.15:21 0.25:6 0.35:8 more:11  (81.2% clean)
  welds off by >=1 wrap ... 39 / 245
  phase |turn - round| ..... <0.05:245 0.15:0 0.25:0 0.35:0 more:0  (100.0% clean)
  nonzero phase targets .... 42 / 245
  trusted / untrusted ..... 0 / 0 (+0 over the wrap cap)
  wrap range .............. 0 .. 0

  -- gauge reconciliation --
  charts wind-corrected ... 0 / 296
  gauge islands ........... 0 (tree 0, cycle 0)
  cycle consistent ........ 0
  cycle INCONSISTENT ...... 0  (holonomy; no gauge can fix these)

  -- overlap --
  cross-group ............. 38895 raw -> 38895 post-wind -> 33716 final
  intra-group ............. 13237 raw -> 13237 post-wind
  intra |dr|/pitch ........ ~0:1109 ~0.5:3452 ~1:2822 ~1.5:2069 ~2:1487 >2.5:2298
    (~0..0.5 = folds no gauge fixes; ~1+ = wrong-wrap, re-gauge CAN fix)
  groups overlapping ...... 36 -> 36
  settled / shifted ....... 90 / 1
  parked / stuck .......... 0 / 0
  time .................... 0.52s
===================

=== TABU RE-GAUGE ===
  depth span .............. +/-4 wraps, tenure 40
  field ladder ............ +1.01474555 x 2pi*r per wind (0 pairs; FIXED)
  ladder u origin ......... -135.03285299553318
  iterations .............. 1 (canonical best at 1)
  moves ................... 0 chart + 1 group + 0 nbhd + 0 graded (of 6 eligible groups)
  phase-flat regions ...... 23 measured only
  phase lateral targets ... 81 trusted, 21 nonzero measured only
  energy (cell units) ..... 55066.7 -> 50160.3
  movable charts .......... 74 / 296
  charts moved ............ 3 / 296
  welds torn .............. 20 / 217 usable (+28 excluded)
  lateral pairs coupled ... 81 (torn 3)
  happy-family bonds ...... 30 (torn 0)
  state archive ........... 2 kept, 2 SAT-verified
  exact winner ............ #1 at iter 1, score 50160.3
  hash rebuilds ........... 0
  cross after (exact) ..... 33716 pairs
  intra after (exact) ..... 13239 pairs
  intra |dr|/pitch after .. ~0:1105 ~0.5:3447 ~1:2833 ~1.5:2069 ~2:1487 >2.5:2298
=====================
  exact workload .......... 173433 queries; 169219 AABB rejects; 3357 cache hits / 857 misses (857 entries); 291922 SAT tests
[tiled_atlas] sweep 1/1, tile 52/64 z09_y00_x09, loaded=16
[overlap_fix] active core: disabling tile-local pre-wind so the halo remains frozen
[overlap_fix] production preset: large-grid bounded
[overlap_fix] large-input guard: 16 cubes/13145 faces; tabu_iters=1 rounds=1 (pass --tabu-iters N to override)
[overlap_fix] active core: z[5504,5632) y[2816,3200) x[3456,3584); loaded complement is fixed halo
[overlap_fix] 16 cubes, 16674 vertices, 13145 faces, pitch=11.39
[overlap_fix]   label charts               t=0.0s
[overlap_fix]   build neighbours           t=0.0s
[overlap_fix]   label groups               t=0.0s
[overlap_fix]   uv index: raw              t=0.0s
[overlap_fix]   uv index: before           t=0.0s
[overlap_fix]   scan: raw                  t=0.0s
[overlap_fix]   scan: before               t=0.0s
[overlap_fix]   tabu place                 t=0.0s
[overlap_fix]     exact potential graph: 644 pairs (16.4454% dense), 4 v bins
[overlap_fix]     tabu iter 1/1, best e=826.3 @0, 0 moves, t=0.0s (0.05 s/iter)
[overlap_fix]   scan: after                t=0.1s

=== PREFIT COMPONENT CULL ===
  charts before / after ... 107 / 89
  size hist (faces) ........ 1:5 2-3:5 4-7:9 8-15:6 16-31:9 32-63:18 64-127:17 128-255:17 256-511:21 512+:0
  max Sander QC hist ....... <=2:104 <=4:2 <=8:0 <=16:1 <=32:0 <=64:0 <=128:0 <=256:0 >256:0
  charts killed ............ 18 small, 0 projected-degenerate
  welded groups before/after 49 / 49
  group size hist .......... <=1:0 <=3:0 <=7:1 <=15:2 <=31:7 <=63:8 <=127:7 <=255:9 <=511:10 <=1023:1 <=2047:4 >2047:0
  groups killed ............ 0 small
  faces killed ............. 0 stretch + 58 chart + 0 group
==========================

=== OVERLAP FIX ===
  charts .................. 89
  welded groups ........... 49 (largest 7 charts)
  authentic weld edges .... 44
  faces killed (total) .... 58 / 13145

  -- is the error a whole number of turns? --
  weld |du/circ - round| .. <0.05:35 0.15:3 0.25:0 0.35:4 more:2  (79.5% clean)
  welds off by >=1 wrap ... 6 / 44
  phase |turn - round| ..... <0.05:44 0.15:0 0.25:0 0.35:0 more:0  (100.0% clean)
  nonzero phase targets .... 8 / 44
  trusted / untrusted ..... 0 / 0 (+0 over the wrap cap)
  wrap range .............. 0 .. 0

  -- gauge reconciliation --
  charts wind-corrected ... 0 / 89
  gauge islands ........... 0 (tree 0, cycle 0)
  cycle consistent ........ 0
  cycle INCONSISTENT ...... 0  (holonomy; no gauge can fix these)

  -- overlap --
  cross-group ............. 334 raw -> 334 post-wind -> 334 final
  intra-group ............. 265 raw -> 265 post-wind
  intra |dr|/pitch ........ ~0:33 ~0.5:186 ~1:46 ~1.5:0 ~2:0 >2.5:0
    (~0..0.5 = folds no gauge fixes; ~1+ = wrong-wrap, re-gauge CAN fix)
  groups overlapping ...... 4 -> 4
  settled / shifted ....... 49 / 0
  parked / stuck .......... 0 / 0
  time .................... 0.11s
===================

=== TABU RE-GAUGE ===
  depth span .............. +/-4 wraps, tenure 40
  field ladder ............ +1.01474555 x 2pi*r per wind (0 pairs; FIXED)
  ladder u origin ......... -135.03285299553318
  iterations .............. 1 (canonical best at 0)
  moves ................... 1 chart + 0 group + 0 nbhd + 0 graded (of 2 eligible groups)
  phase-flat regions ...... 20 measured only
  phase lateral targets ... 12 trusted, 1 nonzero measured only
  energy (cell units) ..... 826.3 -> 826.3
  movable charts .......... 15 / 89
  charts moved ............ 0 / 89
  welds torn .............. 0 / 37 usable (+7 excluded)
  lateral pairs coupled ... 12 (torn 0)
  happy-family bonds ...... 18 (torn 0)
  state archive ........... 2 kept, 2 SAT-verified
  exact winner ............ #0 at iter 0, score 826.3
  hash rebuilds ........... 0
  cross after (exact) ..... 334 pairs
  intra after (exact) ..... 265 pairs
  intra |dr|/pitch after .. ~0:33 ~0.5:186 ~1:46 ~1.5:0 ~2:0 >2.5:0
=====================
  exact workload .......... 6380 queries; 6134 AABB rejects; 176 cache hits / 70 misses (70 entries); 20498 SAT tests
[tiled_atlas] sweep 1/1, tile 53/64 z09_y03_x00, loaded=40
[overlap_fix] active core: disabling tile-local pre-wind so the halo remains frozen
[overlap_fix] production preset: large-grid bounded
[overlap_fix] large-input guard: 40 cubes/41281 faces; tabu_iters=1 rounds=1 (pass --tabu-iters N to override)
[overlap_fix] active core: z[5504,5632) y[3200,3584) x[2304,2688); loaded complement is fixed halo
[overlap_fix] 40 cubes, 54151 vertices, 41281 faces, pitch=11.39
[overlap_fix]   label charts               t=0.0s
[overlap_fix]   build neighbours           t=0.0s
[overlap_fix]   label groups               t=0.0s
[overlap_fix]   uv index: raw              t=0.0s
[overlap_fix]   uv index: before           t=0.0s
[overlap_fix]   scan: raw                  t=0.1s
[overlap_fix]   scan: before               t=0.1s
[overlap_fix]   tabu place                 t=0.2s
[overlap_fix]     exact potential graph: 6337 pairs (22.8525% dense), 4 v bins
[overlap_fix]     tabu iter 1/1, best e=72771.2 @0, 0 moves, t=0.2s (0.20 s/iter)
[overlap_fix]   scan: after                t=0.4s
[overlap_fix]   group 9: shifted, 9 charts, r=334.4 (spread 188.6), wraps=0 du=0.0 dv=0.0, overlap 12162 -> 6126

=== PREFIT COMPONENT CULL ===
  charts before / after ... 287 / 236
  size hist (faces) ........ 1:13 2-3:15 4-7:24 8-15:13 16-31:13 32-63:29 64-127:71 128-255:39 256-511:67 512+:3
  max Sander QC hist ....... <=2:218 <=4:53 <=8:8 <=16:0 <=32:2 <=64:2 <=128:1 <=256:0 >256:3
  charts killed ............ 46 small, 5 projected-degenerate
  welded groups before/after 87 / 87
  group size hist .......... <=1:0 <=3:0 <=7:4 <=15:12 <=31:9 <=63:11 <=127:17 <=255:9 <=511:6 <=1023:5 <=2047:6 >2047:8
  groups killed ............ 0 small
  faces killed ............. 0 stretch + 709 chart + 0 group
==========================

=== OVERLAP FIX ===
  charts .................. 236
  welded groups ........... 87 (largest 22 charts)
  authentic weld edges .... 192
  faces killed (total) .... 709 / 41281

  -- is the error a whole number of turns? --
  weld |du/circ - round| .. <0.05:143 0.15:12 0.25:6 0.35:14 more:17  (74.5% clean)
  welds off by >=1 wrap ... 29 / 192
  phase |turn - round| ..... <0.05:192 0.15:0 0.25:0 0.35:0 more:0  (100.0% clean)
  nonzero phase targets .... 22 / 192
  trusted / untrusted ..... 0 / 0 (+0 over the wrap cap)
  wrap range .............. 0 .. 0

  -- gauge reconciliation --
  charts wind-corrected ... 0 / 236
  gauge islands ........... 0 (tree 0, cycle 0)
  cycle consistent ........ 0
  cycle INCONSISTENT ...... 0  (holonomy; no gauge can fix these)

  -- overlap --
  cross-group ............. 51747 raw -> 51747 post-wind -> 45711 final
  intra-group ............. 19558 raw -> 19558 post-wind
  intra |dr|/pitch ........ ~0:1145 ~0.5:2243 ~1:4356 ~1.5:7133 ~2:3380 >2.5:1301
    (~0..0.5 = folds no gauge fixes; ~1+ = wrong-wrap, re-gauge CAN fix)
  groups overlapping ...... 44 -> 44
  settled / shifted ....... 86 / 1
  parked / stuck .......... 0 / 0
  time .................... 0.50s
===================

=== TABU RE-GAUGE ===
  depth span .............. +/-4 wraps, tenure 40
  field ladder ............ +1.01474555 x 2pi*r per wind (0 pairs; FIXED)
  ladder u origin ......... -135.03285299553318
  iterations .............. 1 (canonical best at 1)
  moves ................... 0 chart + 1 group + 0 nbhd + 0 graded (of 7 eligible groups)
  phase-flat regions ...... 21 measured only
  phase lateral targets ... 54 trusted, 18 nonzero measured only
  energy (cell units) ..... 72771.2 -> 66768.4
  movable charts .......... 40 / 236
  charts moved ............ 2 / 236
  welds torn .............. 8 / 161 usable (+31 excluded)
  lateral pairs coupled ... 54 (torn 0)
  happy-family bonds ...... 28 (torn 0)
  state archive ........... 2 kept, 2 SAT-verified
  exact winner ............ #1 at iter 1, score 66768.4
  hash rebuilds ........... 0
  cross after (exact) ..... 45711 pairs
  intra after (exact) ..... 19519 pairs
  intra |dr|/pitch after .. ~0:1142 ~0.5:2208 ~1:4355 ~1.5:7133 ~2:3380 >2.5:1301
=====================
  exact workload .......... 77763 queries; 74987 AABB rejects; 2160 cache hits / 616 misses (616 entries); 294947 SAT tests
[tiled_atlas] sweep 1/1, tile 54/64 z09_y03_x03, loaded=50
[overlap_fix] active core: disabling tile-local pre-wind so the halo remains frozen
[overlap_fix] production preset: large-grid bounded
[overlap_fix] large-input guard: 50 cubes/62560 faces; tabu_iters=1 rounds=1 (pass --tabu-iters N to override)
[overlap_fix] active core: z[5504,5632) y[3200,3584) x[2688,3072); loaded complement is fixed halo
[overlap_fix] 50 cubes, 65548 vertices, 62560 faces, pitch=11.39
[overlap_fix]   label charts               t=0.0s
[overlap_fix]   build neighbours           t=0.0s
[overlap_fix]   label groups               t=0.1s
[overlap_fix]   uv index: raw              t=0.1s
[overlap_fix]   uv index: before           t=0.1s
[overlap_fix]   scan: raw                  t=0.1s
[overlap_fix]   scan: before               t=0.2s
[overlap_fix]   tabu place                 t=0.3s
[overlap_fix]     exact potential graph: 13801 pairs (17.6461% dense), 4 v bins
[overlap_fix]     tabu iter 1/1, best e=146511.8 @0, 0 moves, t=0.3s (0.32 s/iter)
[overlap_fix]   scan: after                t=0.6s
[overlap_fix]   group 10: shifted, 42 charts, r=200.9 (spread 326.8), wraps=0 du=0.0 dv=0.0, overlap 21836 -> 7580

=== PREFIT COMPONENT CULL ===
  charts before / after ... 470 / 396
  size hist (faces) ........ 1:20 2-3:20 4-7:26 8-15:16 16-31:46 32-63:60 64-127:117 128-255:70 256-511:91 512+:4
  max Sander QC hist ....... <=2:318 <=4:90 <=8:22 <=16:11 <=32:8 <=64:6 <=128:4 <=256:4 >256:7
  charts killed ............ 58 small, 17 projected-degenerate
  welded groups before/after 137 / 137
  group size hist .......... <=1:0 <=3:0 <=7:4 <=15:11 <=31:26 <=63:24 <=127:27 <=255:14 <=511:10 <=1023:8 <=2047:5 >2047:8
  groups killed ............ 0 small
  faces killed ............. 171 stretch + 2002 chart + 0 group
==========================

=== OVERLAP FIX ===
  charts .................. 396
  welded groups ........... 137 (largest 50 charts)
  authentic weld edges .... 333
  faces killed (total) .... 2173 / 62560

  -- is the error a whole number of turns? --
  weld |du/circ - round| .. <0.05:250 0.15:24 0.25:17 0.35:16 more:26  (75.1% clean)
  welds off by >=1 wrap ... 49 / 333
  phase |turn - round| ..... <0.05:333 0.15:0 0.25:0 0.35:0 more:0  (100.0% clean)
  nonzero phase targets .... 46 / 333
  trusted / untrusted ..... 0 / 0 (+0 over the wrap cap)
  wrap range .............. 0 .. 0

  -- gauge reconciliation --
  charts wind-corrected ... 0 / 396
  gauge islands ........... 0 (tree 0, cycle 0)
  cycle consistent ........ 0
  cycle INCONSISTENT ...... 0  (holonomy; no gauge can fix these)

  -- overlap --
  cross-group ............. 45591 raw -> 45591 post-wind -> 31335 final
  intra-group ............. 97809 raw -> 97809 post-wind
  intra |dr|/pitch ........ ~0:5959 ~0.5:13241 ~1:19061 ~1.5:17702 ~2:13299 >2.5:28547
    (~0..0.5 = folds no gauge fixes; ~1+ = wrong-wrap, re-gauge CAN fix)
  groups overlapping ...... 57 -> 57
  settled / shifted ....... 136 / 1
  parked / stuck .......... 0 / 0
  time .................... 0.79s
===================

=== TABU RE-GAUGE ===
  depth span .............. +/-4 wraps, tenure 40
  field ladder ............ +1.01474555 x 2pi*r per wind (0 pairs; FIXED)
  ladder u origin ......... -135.03285299553318
  iterations .............. 1 (canonical best at 1)
  moves ................... 0 chart + 1 group + 0 nbhd + 0 graded (of 9 eligible groups)
  phase-flat regions ...... 32 measured only
  phase lateral targets ... 173 trusted, 16 nonzero measured only
  energy (cell units) ..... 146511.8 -> 129698.6
  movable charts .......... 82 / 396
  charts moved ............ 13 / 396
  welds torn .............. 24 / 283 usable (+50 excluded)
  lateral pairs coupled ... 182 (torn 10)
  happy-family bonds ...... 54 (torn 0)
  state archive ........... 2 kept, 2 SAT-verified
  exact winner ............ #1 at iter 1, score 129698.6
  hash rebuilds ........... 0
  cross after (exact) ..... 31335 pairs
  intra after (exact) ..... 94349 pairs
  intra |dr|/pitch after .. ~0:5927 ~0.5:13392 ~1:18792 ~1.5:17306 ~2:11857 >2.5:27075
=====================
  exact workload .......... 216733 queries; 208709 AABB rejects; 6541 cache hits / 1483 misses (1483 entries); 668741 SAT tests
[tiled_atlas] sweep 1/1, tile 55/64 z09_y03_x06, loaded=50
[overlap_fix] active core: disabling tile-local pre-wind so the halo remains frozen
[overlap_fix] production preset: large-grid bounded
[overlap_fix] large-input guard: 50 cubes/41054 faces; tabu_iters=1 rounds=1 (pass --tabu-iters N to override)
[overlap_fix] active core: z[5504,5632) y[3200,3584) x[3072,3456); loaded complement is fixed halo
[overlap_fix] 50 cubes, 48328 vertices, 41054 faces, pitch=11.39
[overlap_fix]   label charts               t=0.0s
[overlap_fix]   build neighbours           t=0.0s
[overlap_fix]   label groups               t=0.0s
[overlap_fix]   uv index: raw              t=0.0s
[overlap_fix]   uv index: before           t=0.0s
[overlap_fix]   scan: raw                  t=0.1s
[overlap_fix]   scan: before               t=0.1s
[overlap_fix]   tabu place                 t=0.2s
[overlap_fix]     exact potential graph: 10128 pairs (22.4319% dense), 4 v bins
[overlap_fix]     tabu iter 1/1, best e=51082.4 @0, 0 moves, t=0.2s (0.19 s/iter)
[overlap_fix]   scan: after                t=0.3s
[overlap_fix]   group 44: shifted, 15 charts, r=494.0 (spread 125.2), wraps=0 du=0.0 dv=0.0, overlap 8593 -> 6350

=== PREFIT COMPONENT CULL ===
  charts before / after ... 365 / 301
  size hist (faces) ........ 1:20 2-3:17 4-7:29 8-15:20 16-31:32 32-63:63 64-127:69 128-255:63 256-511:47 512+:5
  max Sander QC hist ....... <=2:335 <=4:12 <=8:3 <=16:7 <=32:1 <=64:2 <=128:3 <=256:0 >256:2
  charts killed ............ 57 small, 7 projected-degenerate
  welded groups before/after 114 / 114
  group size hist .......... <=1:0 <=3:0 <=7:7 <=15:7 <=31:16 <=63:25 <=127:18 <=255:13 <=511:7 <=1023:6 <=2047:13 >2047:2
  groups killed ............ 0 small
  faces killed ............. 13 stretch + 1294 chart + 0 group
==========================

=== OVERLAP FIX ===
  charts .................. 301
  welded groups ........... 114 (largest 15 charts)
  authentic weld edges .... 222
  faces killed (total) .... 1307 / 41054

  -- is the error a whole number of turns? --
  weld |du/circ - round| .. <0.05:182 0.15:24 0.25:5 0.35:2 more:9  (82.0% clean)
  welds off by >=1 wrap ... 30 / 222
  phase |turn - round| ..... <0.05:222 0.15:0 0.25:0 0.35:0 more:0  (100.0% clean)
  nonzero phase targets .... 37 / 222
  trusted / untrusted ..... 0 / 0 (+0 over the wrap cap)
  wrap range .............. 0 .. 0

  -- gauge reconciliation --
  charts wind-corrected ... 0 / 301
  gauge islands ........... 0 (tree 0, cycle 0)
  cycle consistent ........ 0
  cycle INCONSISTENT ...... 0  (holonomy; no gauge can fix these)

  -- overlap --
  cross-group ............. 42017 raw -> 42017 post-wind -> 39774 final
  intra-group ............. 6368 raw -> 6368 post-wind
  intra |dr|/pitch ........ ~0:876 ~0.5:1658 ~1:938 ~1.5:1120 ~2:736 >2.5:1040
    (~0..0.5 = folds no gauge fixes; ~1+ = wrong-wrap, re-gauge CAN fix)
  groups overlapping ...... 48 -> 48
  settled / shifted ....... 113 / 1
  parked / stuck .......... 0 / 0
  time .................... 0.47s
===================

=== TABU RE-GAUGE ===
  depth span .............. +/-4 wraps, tenure 40
  field ladder ............ +1.01474555 x 2pi*r per wind (0 pairs; FIXED)
  ladder u origin ......... -135.03285299553318
  iterations .............. 1 (canonical best at 1)
  moves ................... 0 chart + 1 group + 0 nbhd + 0 graded (of 6 eligible groups)
  phase-flat regions ...... 31 measured only
  phase lateral targets ... 87 trusted, 7 nonzero measured only
  energy (cell units) ..... 51082.4 -> 49006.4
  movable charts .......... 39 / 301
  charts moved ............ 2 / 301
  welds torn .............. 17 / 204 usable (+18 excluded)
  lateral pairs coupled ... 87 (torn 2)
  happy-family bonds ...... 85 (torn 0)
  state archive ........... 2 kept, 2 SAT-verified
  exact winner ............ #1 at iter 1, score 49006.4
  hash rebuilds ........... 0
  cross after (exact) ..... 39774 pairs
  intra after (exact) ..... 6267 pairs
  intra |dr|/pitch after .. ~0:775 ~0.5:1658 ~1:938 ~1.5:1120 ~2:736 >2.5:1040
=====================
  exact workload .......... 110816 queries; 108795 AABB rejects; 1577 cache hits / 444 misses (444 entries); 114313 SAT tests
[tiled_atlas] sweep 1/1, tile 56/64 z09_y03_x09, loaded=20
[overlap_fix] active core: disabling tile-local pre-wind so the halo remains frozen
[overlap_fix] production preset: large-grid bounded
[overlap_fix] large-input guard: 20 cubes/13577 faces; tabu_iters=1 rounds=1 (pass --tabu-iters N to override)
[overlap_fix] active core: z[5504,5632) y[3200,3584) x[3456,3584); loaded complement is fixed halo
[overlap_fix] 20 cubes, 16570 vertices, 13577 faces, pitch=11.39
[overlap_fix]   label charts               t=0.0s
[overlap_fix]   build neighbours           t=0.0s
[overlap_fix]   label groups               t=0.0s
[overlap_fix]   uv index: raw              t=0.0s
[overlap_fix]   uv index: before           t=0.0s
[overlap_fix]   scan: raw                  t=0.0s
[overlap_fix]   scan: before               t=0.0s
[overlap_fix]   tabu place                 t=0.0s
[overlap_fix]     exact potential graph: 726 pairs (18.1273% dense), 4 v bins
[overlap_fix]     tabu iter 1/1, best e=1831.6 @0, 0 moves, t=0.0s (0.05 s/iter)
[overlap_fix]   scan: after                t=0.1s

=== PREFIT COMPONENT CULL ===
  charts before / after ... 108 / 90
  size hist (faces) ........ 1:3 2-3:7 4-7:11 8-15:6 16-31:12 32-63:17 64-127:16 128-255:15 256-511:20 512+:1
  max Sander QC hist ....... <=2:106 <=4:1 <=8:0 <=16:1 <=32:0 <=64:0 <=128:0 <=256:0 >256:0
  charts killed ............ 18 small, 0 projected-degenerate
  welded groups before/after 44 / 44
  group size hist .......... <=1:0 <=3:0 <=7:2 <=15:1 <=31:8 <=63:7 <=127:10 <=255:7 <=511:3 <=1023:2 <=2047:2 >2047:2
  groups killed ............ 0 small
  faces killed ............. 0 stretch + 61 chart + 0 group
==========================

=== OVERLAP FIX ===
  charts .................. 90
  welded groups ........... 44 (largest 11 charts)
  authentic weld edges .... 55
  faces killed (total) .... 61 / 13577

  -- is the error a whole number of turns? --
  weld |du/circ - round| .. <0.05:47 0.15:5 0.25:0 0.35:1 more:2  (85.5% clean)
  welds off by >=1 wrap ... 5 / 55
  phase |turn - round| ..... <0.05:55 0.15:0 0.25:0 0.35:0 more:0  (100.0% clean)
  nonzero phase targets .... 8 / 55
  trusted / untrusted ..... 0 / 0 (+0 over the wrap cap)
  wrap range .............. 0 .. 0

  -- gauge reconciliation --
  charts wind-corrected ... 0 / 90
  gauge islands ........... 0 (tree 0, cycle 0)
  cycle consistent ........ 0
  cycle INCONSISTENT ...... 0  (holonomy; no gauge can fix these)

  -- overlap --
  cross-group ............. 846 raw -> 846 post-wind -> 846 final
  intra-group ............. 552 raw -> 552 post-wind
  intra |dr|/pitch ........ ~0:146 ~0.5:304 ~1:46 ~1.5:1 ~2:0 >2.5:55
    (~0..0.5 = folds no gauge fixes; ~1+ = wrong-wrap, re-gauge CAN fix)
  groups overlapping ...... 6 -> 6
  settled / shifted ....... 44 / 0
  parked / stuck .......... 0 / 0
  time .................... 0.11s
===================

=== TABU RE-GAUGE ===
  depth span .............. +/-4 wraps, tenure 40
  field ladder ............ +1.01474555 x 2pi*r per wind (0 pairs; FIXED)
  ladder u origin ......... -135.03285299553318
  iterations .............. 1 (canonical best at 0)
  moves ................... 1 chart + 0 group + 0 nbhd + 0 graded (of 3 eligible groups)
  phase-flat regions ...... 13 measured only
  phase lateral targets ... 16 trusted, 0 nonzero measured only
  energy (cell units) ..... 1831.6 -> 1831.6
  movable charts .......... 11 / 90
  charts moved ............ 0 / 90
  welds torn .............. 3 / 52 usable (+3 excluded)
  lateral pairs coupled ... 16 (torn 0)
  happy-family bonds ...... 8 (torn 0)
  state archive ........... 2 kept, 2 SAT-verified
  exact winner ............ #0 at iter 0, score 1831.6
  hash rebuilds ........... 0
  cross after (exact) ..... 846 pairs
  intra after (exact) ..... 552 pairs
  intra |dr|/pitch after .. ~0:146 ~0.5:304 ~1:46 ~1.5:1 ~2:0 >2.5:55
=====================
  exact workload .......... 4978 queries; 4787 AABB rejects; 146 cache hits / 45 misses (45 entries); 3252 SAT tests
[tiled_atlas] sweep 1/1, tile 57/64 z09_y06_x00, loaded=40
[overlap_fix] active core: disabling tile-local pre-wind so the halo remains frozen
[overlap_fix] production preset: large-grid bounded
[overlap_fix] large-input guard: 40 cubes/41396 faces; tabu_iters=1 rounds=1 (pass --tabu-iters N to override)
[overlap_fix] active core: z[5504,5632) y[3584,3968) x[2304,2688); loaded complement is fixed halo
[overlap_fix] 40 cubes, 41360 vertices, 41396 faces, pitch=11.39
[overlap_fix]   label charts               t=0.0s
[overlap_fix]   build neighbours           t=0.0s
[overlap_fix]   label groups               t=0.0s
[overlap_fix]   uv index: raw              t=0.0s
[overlap_fix]   uv index: before           t=0.0s
[overlap_fix]   scan: raw                  t=0.1s
[overlap_fix]   scan: before               t=0.1s
[overlap_fix]   tabu place                 t=0.2s
[overlap_fix]     exact potential graph: 3608 pairs (17.4249% dense), 4 v bins
[overlap_fix]     tabu iter 1/1, best e=42069.8 @0, 0 moves, t=0.2s (0.19 s/iter)
[overlap_fix]   scan: after                t=0.3s
[overlap_fix]   group 20: shifted, 13 charts, r=637.3 (spread 133.7), wraps=0 du=0.0 dv=0.0, overlap 16488 -> 9948

=== PREFIT COMPONENT CULL ===
  charts before / after ... 229 / 204
  size hist (faces) ........ 1:6 2-3:9 4-7:9 8-15:12 16-31:11 32-63:16 64-127:53 128-255:40 256-511:72 512+:1
  max Sander QC hist ....... <=2:212 <=4:8 <=8:5 <=16:1 <=32:0 <=64:1 <=128:0 <=256:0 >256:2
  charts killed ............ 23 small, 2 projected-degenerate
  welded groups before/after 61 / 61
  group size hist .......... <=1:0 <=3:0 <=7:1 <=15:11 <=31:8 <=63:6 <=127:9 <=255:7 <=511:2 <=1023:2 <=2047:7 >2047:8
  groups killed ............ 0 small
  faces killed ............. 0 stretch + 359 chart + 0 group
==========================

=== OVERLAP FIX ===
  charts .................. 204
  welded groups ........... 61 (largest 14 charts)
  authentic weld edges .... 193
  faces killed (total) .... 359 / 41396

  -- is the error a whole number of turns? --
  weld |du/circ - round| .. <0.05:147 0.15:23 0.25:7 0.35:10 more:6  (76.2% clean)
  welds off by >=1 wrap ... 19 / 193
  phase |turn - round| ..... <0.05:193 0.15:0 0.25:0 0.35:0 more:0  (100.0% clean)
  nonzero phase targets .... 13 / 193
  trusted / untrusted ..... 0 / 0 (+0 over the wrap cap)
  wrap range .............. 0 .. 0

  -- gauge reconciliation --
  charts wind-corrected ... 0 / 204
  gauge islands ........... 0 (tree 0, cycle 0)
  cycle consistent ........ 0
  cycle INCONSISTENT ...... 0  (holonomy; no gauge can fix these)

  -- overlap --
  cross-group ............. 33886 raw -> 33886 post-wind -> 27346 final
  intra-group ............. 7015 raw -> 7015 post-wind
  intra |dr|/pitch ........ ~0:1114 ~0.5:2280 ~1:2553 ~1.5:400 ~2:63 >2.5:605
    (~0..0.5 = folds no gauge fixes; ~1+ = wrong-wrap, re-gauge CAN fix)
  groups overlapping ...... 27 -> 27
  settled / shifted ....... 60 / 1
  parked / stuck .......... 0 / 0
  time .................... 0.44s
===================

=== TABU RE-GAUGE ===
  depth span .............. +/-4 wraps, tenure 40
  field ladder ............ +1.01474555 x 2pi*r per wind (0 pairs; FIXED)
  ladder u origin ......... -135.03285299553318
  iterations .............. 1 (canonical best at 1)
  moves ................... 0 chart + 1 group + 0 nbhd + 0 graded (of 4 eligible groups)
  phase-flat regions ...... 19 measured only
  phase lateral targets ... 62 trusted, 20 nonzero measured only
  energy (cell units) ..... 42069.8 -> 37609.0
  movable charts .......... 32 / 204
  charts moved ............ 4 / 204
  welds torn .............. 14 / 176 usable (+17 excluded)
  lateral pairs coupled ... 63 (torn 3)
  happy-family bonds ...... 95 (torn 6)
  state archive ........... 2 kept, 2 SAT-verified
  exact winner ............ #1 at iter 1, score 37609.0
  hash rebuilds ........... 0
  cross after (exact) ..... 27346 pairs
  intra after (exact) ..... 7015 pairs
  intra |dr|/pitch after .. ~0:1114 ~0.5:2280 ~1:2553 ~1.5:400 ~2:63 >2.5:605
=====================
  exact workload .......... 43144 queries; 41761 AABB rejects; 1099 cache hits / 284 misses (284 entries); 81260 SAT tests
[tiled_atlas] sweep 1/1, tile 58/64 z09_y06_x03, loaded=50
[overlap_fix] active core: disabling tile-local pre-wind so the halo remains frozen
[overlap_fix] production preset: large-grid bounded
[overlap_fix] large-input guard: 50 cubes/62109 faces; tabu_iters=1 rounds=1 (pass --tabu-iters N to override)
[overlap_fix] active core: z[5504,5632) y[3584,3968) x[2688,3072); loaded complement is fixed halo
[overlap_fix] 50 cubes, 50401 vertices, 62109 faces, pitch=11.39
[overlap_fix]   label charts               t=0.0s
[overlap_fix]   build neighbours           t=0.0s
[overlap_fix]   label groups               t=0.1s
[overlap_fix]   uv index: raw              t=0.1s
[overlap_fix]   uv index: before           t=0.1s
[overlap_fix]   scan: raw                  t=0.1s
[overlap_fix]   scan: before               t=0.2s
[overlap_fix]   tabu place                 t=0.3s
[overlap_fix]     exact potential graph: 10439 pairs (17.3893% dense), 4 v bins
[overlap_fix]     tabu iter 1/1, best e=98700.8 @0, 0 moves, t=0.3s (0.29 s/iter)
[overlap_fix]   scan: after                t=0.5s
[overlap_fix]   group 30: shifted, 23 charts, r=380.9 (spread 190.1), wraps=0 du=0.0 dv=0.0, overlap 18790 -> 14613

=== PREFIT COMPONENT CULL ===
  charts before / after ... 380 / 347
  size hist (faces) ........ 1:6 2-3:10 4-7:12 8-15:7 16-31:31 32-63:37 64-127:89 128-255:93 256-511:94 512+:1
  max Sander QC hist ....... <=2:347 <=4:8 <=8:7 <=16:7 <=32:1 <=64:3 <=128:3 <=256:0 >256:4
  charts killed ............ 25 small, 8 projected-degenerate
  welded groups before/after 85 / 85
  group size hist .......... <=1:0 <=3:0 <=7:2 <=15:6 <=31:19 <=63:9 <=127:13 <=255:6 <=511:8 <=1023:3 <=2047:3 >2047:16
  groups killed ............ 0 small
  faces killed ............. 4 stretch + 1545 chart + 0 group
==========================

=== OVERLAP FIX ===
  charts .................. 347
  welded groups ........... 85 (largest 23 charts)
  authentic weld edges .... 356
  faces killed (total) .... 1549 / 62109

  -- is the error a whole number of turns? --
  weld |du/circ - round| .. <0.05:280 0.15:43 0.25:13 0.35:15 more:5  (78.7% clean)
  welds off by >=1 wrap ... 32 / 356
  phase |turn - round| ..... <0.05:356 0.15:0 0.25:0 0.35:0 more:0  (100.0% clean)
  nonzero phase targets .... 36 / 356
  trusted / untrusted ..... 0 / 0 (+0 over the wrap cap)
  wrap range .............. 0 .. 0

  -- gauge reconciliation --
  charts wind-corrected ... 0 / 347
  gauge islands ........... 0 (tree 0, cycle 0)
  cycle consistent ........ 0
  cycle INCONSISTENT ...... 0  (holonomy; no gauge can fix these)

  -- overlap --
  cross-group ............. 64188 raw -> 64188 post-wind -> 60011 final
  intra-group ............. 32601 raw -> 32601 post-wind
  intra |dr|/pitch ........ ~0:2567 ~0.5:4923 ~1:2205 ~1.5:4252 ~2:5548 >2.5:13106
    (~0..0.5 = folds no gauge fixes; ~1+ = wrong-wrap, re-gauge CAN fix)
  groups overlapping ...... 39 -> 39
  settled / shifted ....... 84 / 1
  parked / stuck .......... 0 / 0
  time .................... 0.68s
===================

=== TABU RE-GAUGE ===
  depth span .............. +/-4 wraps, tenure 40
  field ladder ............ +1.01474555 x 2pi*r per wind (0 pairs; FIXED)
  ladder u origin ......... -135.03285299553318
  iterations .............. 1 (canonical best at 1)
  moves ................... 0 chart + 1 group + 0 nbhd + 0 graded (of 12 eligible groups)
  phase-flat regions ...... 22 measured only
  phase lateral targets ... 144 trusted, 27 nonzero measured only
  energy (cell units) ..... 98700.8 -> 92676.8
  movable charts .......... 66 / 347
  charts moved ............ 4 / 347
  welds torn .............. 20 / 334 usable (+22 excluded)
  lateral pairs coupled ... 144 (torn 5)
  happy-family bonds ...... 104 (torn 0)
  state archive ........... 2 kept, 2 SAT-verified
  exact winner ............ #1 at iter 1, score 92676.8
  hash rebuilds ........... 0
  cross after (exact) ..... 60011 pairs
  intra after (exact) ..... 30639 pairs
  intra |dr|/pitch after .. ~0:2567 ~0.5:4913 ~1:2149 ~1.5:4158 ~2:5397 >2.5:11455
=====================
  exact workload .......... 183797 queries; 180371 AABB rejects; 2708 cache hits / 718 misses (718 entries); 245120 SAT tests
[tiled_atlas] sweep 1/1, tile 59/64 z09_y06_x06, loaded=50
[overlap_fix] active core: disabling tile-local pre-wind so the halo remains frozen
[overlap_fix] production preset: large-grid bounded
[overlap_fix] large-input guard: 50 cubes/82478 faces; tabu_iters=1 rounds=1 (pass --tabu-iters N to override)
[overlap_fix] active core: z[5504,5632) y[3584,3968) x[3072,3456); loaded complement is fixed halo
[overlap_fix] 50 cubes, 51381 vertices, 82478 faces, pitch=11.39
[overlap_fix]   label charts               t=0.0s
[overlap_fix]   build neighbours           t=0.0s
[overlap_fix]   label groups               t=0.1s
[overlap_fix]   uv index: raw              t=0.1s
[overlap_fix]   uv index: before           t=0.1s
[overlap_fix]   scan: raw                  t=0.1s
[overlap_fix]   scan: before               t=0.3s
[overlap_fix]   tabu place                 t=0.3s
[overlap_fix]     exact potential graph: 13107 pairs (18.2979% dense), 4 v bins
[overlap_fix]     tabu iter 1/1, best e=129900.2 @0, 0 moves, t=0.4s (0.40 s/iter)
[overlap_fix]   scan: after                t=0.7s
[overlap_fix]   group 20: shifted, 20 charts, r=388.6 (spread 155.0), wraps=0 du=0.0 dv=0.0, overlap 25042 -> 12157

=== PREFIT COMPONENT CULL ===
  charts before / after ... 408 / 379
  size hist (faces) ........ 1:3 2-3:6 4-7:11 8-15:6 16-31:18 32-63:28 64-127:105 128-255:93 256-511:120 512+:18
  max Sander QC hist ....... <=2:364 <=4:14 <=8:6 <=16:8 <=32:1 <=64:4 <=128:4 <=256:1 >256:6
  charts killed ............ 15 small, 14 projected-degenerate
  welded groups before/after 83 / 83
  group size hist .......... <=1:0 <=3:0 <=7:4 <=15:4 <=31:12 <=63:9 <=127:14 <=255:9 <=511:6 <=1023:2 <=2047:5 >2047:18
  groups killed ............ 0 small
  faces killed ............. 4 stretch + 2885 chart + 0 group
==========================

=== OVERLAP FIX ===
  charts .................. 379
  welded groups ........... 83 (largest 23 charts)
  authentic weld edges .... 413
  faces killed (total) .... 2889 / 82478

  -- is the error a whole number of turns? --
  weld |du/circ - round| .. <0.05:329 0.15:44 0.25:11 0.35:10 more:19  (79.7% clean)
  welds off by >=1 wrap ... 50 / 413
  phase |turn - round| ..... <0.05:413 0.15:0 0.25:0 0.35:0 more:0  (100.0% clean)
  nonzero phase targets .... 29 / 413
  trusted / untrusted ..... 0 / 0 (+0 over the wrap cap)
  wrap range .............. 0 .. 0

  -- gauge reconciliation --
  charts wind-corrected ... 0 / 379
  gauge islands ........... 0 (tree 0, cycle 0)
  cycle consistent ........ 0
  cycle INCONSISTENT ...... 0  (holonomy; no gauge can fix these)

  -- overlap --
  cross-group ............. 76842 raw -> 76842 post-wind -> 63957 final
  intra-group ............. 50430 raw -> 50430 post-wind
  intra |dr|/pitch ........ ~0:2716 ~0.5:2133 ~1:1237 ~1.5:3275 ~2:5242 >2.5:35827
    (~0..0.5 = folds no gauge fixes; ~1+ = wrong-wrap, re-gauge CAN fix)
  groups overlapping ...... 36 -> 36
  settled / shifted ....... 82 / 1
  parked / stuck .......... 0 / 0
  time .................... 0.89s
===================

=== TABU RE-GAUGE ===
  depth span .............. +/-4 wraps, tenure 40
  field ladder ............ +1.01474555 x 2pi*r per wind (0 pairs; FIXED)
  ladder u origin ......... -135.03285299553318
  iterations .............. 1 (canonical best at 1)
  moves ................... 0 chart + 1 group + 0 nbhd + 0 graded (of 11 eligible groups)
  phase-flat regions ...... 23 measured only
  phase lateral targets ... 108 trusted, 12 nonzero measured only
  energy (cell units) ..... 129900.2 -> 117602.3
  movable charts .......... 65 / 379
  charts moved ............ 6 / 379
  welds torn .............. 33 / 383 usable (+30 excluded)
  lateral pairs coupled ... 108 (torn 11)
  happy-family bonds ...... 88 (torn 0)
  state archive ........... 2 kept, 2 SAT-verified
  exact winner ............ #1 at iter 1, score 117602.3
  hash rebuilds ........... 0
  cross after (exact) ..... 63957 pairs
  intra after (exact) ..... 50404 pairs
  intra |dr|/pitch after .. ~0:2709 ~0.5:2115 ~1:1233 ~1.5:3234 ~2:5292 >2.5:35821
=====================
  exact workload .......... 225481 queries; 220080 AABB rejects; 4443 cache hits / 958 misses (958 entries); 425725 SAT tests
[tiled_atlas] sweep 1/1, tile 60/64 z09_y06_x09, loaded=20
[overlap_fix] active core: disabling tile-local pre-wind so the halo remains frozen
[overlap_fix] production preset: large-grid bounded
[overlap_fix] large-input guard: 20 cubes/31170 faces; tabu_iters=1 rounds=1 (pass --tabu-iters N to override)
[overlap_fix] active core: z[5504,5632) y[3584,3968) x[3456,3584); loaded complement is fixed halo
[overlap_fix] 20 cubes, 18171 vertices, 31170 faces, pitch=11.39
[overlap_fix]   label charts               t=0.0s
[overlap_fix]   build neighbours           t=0.0s
[overlap_fix]   label groups               t=0.0s
[overlap_fix]   uv index: raw              t=0.0s
[overlap_fix]   uv index: before           t=0.0s
[overlap_fix]   scan: raw                  t=0.0s
[overlap_fix]   scan: before               t=0.1s
[overlap_fix]   tabu place                 t=0.1s
[overlap_fix]     exact potential graph: 1326 pairs (17.1097% dense), 4 v bins
[overlap_fix]     tabu iter 1/1, best e=11922.4 @0, 0 moves, t=0.1s (0.12 s/iter)
[overlap_fix]   scan: after                t=0.2s
[overlap_fix]   group 11: shifted, 7 charts, r=757.2 (spread 162.6), wraps=0 du=0.0 dv=0.0, overlap 2468 -> 169

=== PREFIT COMPONENT CULL ===
  charts before / after ... 131 / 125
  size hist (faces) ........ 1:0 2-3:1 4-7:5 8-15:3 16-31:6 32-63:4 64-127:31 128-255:23 256-511:46 512+:12
  max Sander QC hist ....... <=2:121 <=4:4 <=8:1 <=16:3 <=32:0 <=64:1 <=128:0 <=256:1 >256:0
  charts killed ............ 4 small, 2 projected-degenerate
  welded groups before/after 38 / 38
  group size hist .......... <=1:0 <=3:0 <=7:1 <=15:3 <=31:4 <=63:1 <=127:6 <=255:5 <=511:1 <=1023:3 <=2047:7 >2047:7
  groups killed ............ 0 small
  faces killed ............. 0 stretch + 450 chart + 0 group
==========================

=== OVERLAP FIX ===
  charts .................. 125
  welded groups ........... 38 (largest 9 charts)
  authentic weld edges .... 114
  faces killed (total) .... 450 / 31170

  -- is the error a whole number of turns? --
  weld |du/circ - round| .. <0.05:82 0.15:9 0.25:5 0.35:4 more:14  (71.9% clean)
  welds off by >=1 wrap ... 24 / 114
  phase |turn - round| ..... <0.05:114 0.15:0 0.25:0 0.35:0 more:0  (100.0% clean)
  nonzero phase targets .... 7 / 114
  trusted / untrusted ..... 0 / 0 (+0 over the wrap cap)
  wrap range .............. 0 .. 0

  -- gauge reconciliation --
  charts wind-corrected ... 0 / 125
  gauge islands ........... 0 (tree 0, cycle 0)
  cycle consistent ........ 0
  cycle INCONSISTENT ...... 0  (holonomy; no gauge can fix these)

  -- overlap --
  cross-group ............. 9200 raw -> 9200 post-wind -> 6901 final
  intra-group ............. 1850 raw -> 1850 post-wind
  intra |dr|/pitch ........ ~0:729 ~0.5:583 ~1:210 ~1.5:207 ~2:120 >2.5:1
    (~0..0.5 = folds no gauge fixes; ~1+ = wrong-wrap, re-gauge CAN fix)
  groups overlapping ...... 11 -> 11
  settled / shifted ....... 37 / 1
  parked / stuck .......... 0 / 0
  time .................... 0.28s
===================

=== TABU RE-GAUGE ===
  depth span .............. +/-4 wraps, tenure 40
  field ladder ............ +1.01474555 x 2pi*r per wind (0 pairs; FIXED)
  ladder u origin ......... -135.03285299553318
  iterations .............. 1 (canonical best at 1)
  moves ................... 0 chart + 1 group + 0 nbhd + 0 graded (of 3 eligible groups)
  phase-flat regions ...... 12 measured only
  phase lateral targets ... 9 trusted, 2 nonzero measured only
  energy (cell units) ..... 11922.4 -> 10391.4
  movable charts .......... 14 / 125
  charts moved ............ 2 / 125
  welds torn .............. 12 / 96 usable (+18 excluded)
  lateral pairs coupled ... 9 (torn 0)
  happy-family bonds ...... 30 (torn 3)
  state archive ........... 2 kept, 2 SAT-verified
  exact winner ............ #1 at iter 1, score 10391.4
  hash rebuilds ........... 0
  cross after (exact) ..... 6901 pairs
  intra after (exact) ..... 1850 pairs
  intra |dr|/pitch after .. ~0:729 ~0.5:583 ~1:210 ~1.5:207 ~2:120 >2.5:1
=====================
  exact workload .......... 11802 queries; 11239 AABB rejects; 452 cache hits / 111 misses (111 entries); 22206 SAT tests
[tiled_atlas] sweep 1/1, tile 61/64 z09_y09_x00, loaded=16
[overlap_fix] active core: disabling tile-local pre-wind so the halo remains frozen
[overlap_fix] production preset: large-grid bounded
[overlap_fix] large-input guard: 16 cubes/33713 faces; tabu_iters=1 rounds=1 (pass --tabu-iters N to override)
[overlap_fix] active core: z[5504,5632) y[3968,4096) x[2304,2688); loaded complement is fixed halo
[overlap_fix] 16 cubes, 19777 vertices, 33713 faces, pitch=11.39
[overlap_fix]   label charts               t=0.0s
[overlap_fix]   build neighbours           t=0.0s
[overlap_fix]   label groups               t=0.0s
[overlap_fix]   uv index: raw              t=0.0s
[overlap_fix]   uv index: before           t=0.0s
[overlap_fix]   scan: raw                  t=0.1s
[overlap_fix]   scan: before               t=0.1s
[overlap_fix]   tabu place                 t=0.1s
[overlap_fix]     exact potential graph: 2280 pairs (22.4564% dense), 4 v bins
[overlap_fix]     tabu iter 1/1, best e=32057.8 @0, 0 moves, t=0.1s (0.15 s/iter)
[overlap_fix]   scan: after                t=0.3s
[overlap_fix]   group 3: shifted, 11 charts, r=723.2 (spread 143.4), wraps=0 du=0.0 dv=0.0, overlap 6521 -> 2432

=== PREFIT COMPONENT CULL ===
  charts before / after ... 150 / 143
  size hist (faces) ........ 1:1 2-3:2 4-7:2 8-15:4 16-31:4 32-63:8 64-127:39 128-255:26 256-511:63 512+:1
  max Sander QC hist ....... <=2:138 <=4:5 <=8:4 <=16:1 <=32:0 <=64:0 <=128:0 <=256:0 >256:2
  charts killed ............ 5 small, 2 projected-degenerate
  welded groups before/after 35 / 35
  group size hist .......... <=1:0 <=3:0 <=7:0 <=15:4 <=31:3 <=63:3 <=127:3 <=255:6 <=511:2 <=1023:1 <=2047:5 >2047:8
  groups killed ............ 0 small
  faces killed ............. 0 stretch + 306 chart + 0 group
==========================

=== OVERLAP FIX ===
  charts .................. 143
  welded groups ........... 35 (largest 14 charts)
  authentic weld edges .... 146
  faces killed (total) .... 306 / 33713

  -- is the error a whole number of turns? --
  weld |du/circ - round| .. <0.05:110 0.15:20 0.25:5 0.35:8 more:3  (75.3% clean)
  welds off by >=1 wrap ... 23 / 146
  phase |turn - round| ..... <0.05:146 0.15:0 0.25:0 0.35:0 more:0  (100.0% clean)
  nonzero phase targets .... 6 / 146
  trusted / untrusted ..... 0 / 0 (+0 over the wrap cap)
  wrap range .............. 0 .. 0

  -- gauge reconciliation --
  charts wind-corrected ... 0 / 143
  gauge islands ........... 0 (tree 0, cycle 0)
  cycle consistent ........ 0
  cycle INCONSISTENT ...... 0  (holonomy; no gauge can fix these)

  -- overlap --
  cross-group ............. 26435 raw -> 26435 post-wind -> 22346 final
  intra-group ............. 4471 raw -> 4471 post-wind
  intra |dr|/pitch ........ ~0:707 ~0.5:1696 ~1:2050 ~1.5:18 ~2:0 >2.5:0
    (~0..0.5 = folds no gauge fixes; ~1+ = wrong-wrap, re-gauge CAN fix)
  groups overlapping ...... 18 -> 17
  settled / shifted ....... 34 / 1
  parked / stuck .......... 0 / 0
  time .................... 0.33s
===================

=== TABU RE-GAUGE ===
  depth span .............. +/-4 wraps, tenure 40
  field ladder ............ +1.01474555 x 2pi*r per wind (0 pairs; FIXED)
  ladder u origin ......... -135.03285299553318
  iterations .............. 1 (canonical best at 1)
  moves ................... 0 chart + 1 group + 0 nbhd + 0 graded (of 2 eligible groups)
  phase-flat regions ...... 14 measured only
  phase lateral targets ... 53 trusted, 19 nonzero measured only
  energy (cell units) ..... 32057.8 -> 28066.3
  movable charts .......... 38 / 143
  charts moved ............ 4 / 143
  welds torn .............. 15 / 134 usable (+12 excluded)
  lateral pairs coupled ... 54 (torn 3)
  happy-family bonds ...... 63 (torn 0)
  state archive ........... 2 kept, 2 SAT-verified
  exact winner ............ #1 at iter 1, score 28066.3
  hash rebuilds ........... 0
  cross after (exact) ..... 22346 pairs
  intra after (exact) ..... 4390 pairs
  intra |dr|/pitch after .. ~0:640 ~0.5:1682 ~1:2050 ~1.5:18 ~2:0 >2.5:0
=====================
  exact workload .......... 47352 queries; 45738 AABB rejects; 1402 cache hits / 212 misses (212 entries); 67418 SAT tests
[tiled_atlas] sweep 1/1, tile 62/64 z09_y09_x03, loaded=20
[overlap_fix] active core: disabling tile-local pre-wind so the halo remains frozen
[overlap_fix] production preset: large-grid bounded
[overlap_fix] large-input guard: 20 cubes/33973 faces; tabu_iters=1 rounds=1 (pass --tabu-iters N to override)
[overlap_fix] active core: z[5504,5632) y[3968,4096) x[2688,3072); loaded complement is fixed halo
[overlap_fix] 20 cubes, 19975 vertices, 33973 faces, pitch=11.39
[overlap_fix]   label charts               t=0.0s
[overlap_fix]   build neighbours           t=0.0s
[overlap_fix]   label groups               t=0.0s
[overlap_fix]   uv index: raw              t=0.0s
[overlap_fix]   uv index: before           t=0.0s
[overlap_fix]   scan: raw                  t=0.1s
[overlap_fix]   scan: before               t=0.1s
[overlap_fix]   tabu place                 t=0.1s
[overlap_fix]     exact potential graph: 2927 pairs (22.4446% dense), 4 v bins
[overlap_fix]     tabu iter 1/1, best e=49820.0 @0, 0 moves, t=0.2s (0.15 s/iter)
[overlap_fix]   scan: after                t=0.3s
[overlap_fix]   group 10: shifted, 10 charts, r=663.4 (spread 105.3), wraps=0 du=0.0 dv=0.0, overlap 14136 -> 8282

=== PREFIT COMPONENT CULL ===
  charts before / after ... 163 / 162
  size hist (faces) ........ 1:0 2-3:0 4-7:1 8-15:0 16-31:0 32-63:5 64-127:44 128-255:59 256-511:54 512+:0
  max Sander QC hist ....... <=2:159 <=4:0 <=8:2 <=16:0 <=32:1 <=64:1 <=128:0 <=256:0 >256:0
  charts killed ............ 1 small, 0 projected-degenerate
  welded groups before/after 22 / 22
  group size hist .......... <=1:0 <=3:0 <=7:0 <=15:0 <=31:0 <=63:0 <=127:1 <=255:2 <=511:5 <=1023:1 <=2047:3 >2047:10
  groups killed ............ 0 small
  faces killed ............. 0 stretch + 5 chart + 0 group
==========================

=== OVERLAP FIX ===
  charts .................. 162
  welded groups ........... 22 (largest 21 charts)
  authentic weld edges .... 190
  faces killed (total) .... 5 / 33973

  -- is the error a whole number of turns? --
  weld |du/circ - round| .. <0.05:149 0.15:23 0.25:7 0.35:10 more:1  (78.4% clean)
  welds off by >=1 wrap ... 20 / 190
  phase |turn - round| ..... <0.05:190 0.15:0 0.25:0 0.35:0 more:0  (100.0% clean)
  nonzero phase targets .... 15 / 190
  trusted / untrusted ..... 0 / 0 (+0 over the wrap cap)
  wrap range .............. 0 .. 0

  -- gauge reconciliation --
  charts wind-corrected ... 0 / 162
  gauge islands ........... 0 (tree 0, cycle 0)
  cycle consistent ........ 0
  cycle INCONSISTENT ...... 0  (holonomy; no gauge can fix these)

  -- overlap --
  cross-group ............. 34998 raw -> 34998 post-wind -> 29144 final
  intra-group ............. 13879 raw -> 13879 post-wind
  intra |dr|/pitch ........ ~0:1667 ~0.5:3848 ~1:1482 ~1.5:1566 ~2:1650 >2.5:3666
    (~0..0.5 = folds no gauge fixes; ~1+ = wrong-wrap, re-gauge CAN fix)
  groups overlapping ...... 13 -> 13
  settled / shifted ....... 21 / 1
  parked / stuck .......... 0 / 0
  time .................... 0.35s
===================

=== TABU RE-GAUGE ===
  depth span .............. +/-4 wraps, tenure 40
  field ladder ............ +1.01474555 x 2pi*r per wind (0 pairs; FIXED)
  ladder u origin ......... -135.03285299553318
  iterations .............. 1 (canonical best at 1)
  moves ................... 0 chart + 1 group + 0 nbhd + 0 graded (of 5 eligible groups)
  phase-flat regions ...... 11 measured only
  phase lateral targets ... 60 trusted, 22 nonzero measured only
  energy (cell units) ..... 49820.0 -> 40416.7
  movable charts .......... 25 / 162
  charts moved ............ 3 / 162
  welds torn .............. 14 / 177 usable (+13 excluded)
  lateral pairs coupled ... 60 (torn 2)
  happy-family bonds ...... 106 (torn 0)
  state archive ........... 2 kept, 2 SAT-verified
  exact winner ............ #1 at iter 1, score 40416.7
  hash rebuilds ........... 0
  cross after (exact) ..... 29144 pairs
  intra after (exact) ..... 10039 pairs
  intra |dr|/pitch after .. ~0:1593 ~0.5:3664 ~1:1319 ~1.5:1339 ~2:1173 >2.5:951
=====================
  exact workload .......... 35885 queries; 34151 AABB rejects; 1493 cache hits / 241 misses (241 entries); 108013 SAT tests
[tiled_atlas] sweep 1/1, tile 63/64 z09_y09_x06, loaded=20
[overlap_fix] active core: disabling tile-local pre-wind so the halo remains frozen
[overlap_fix] production preset: large-grid bounded
[overlap_fix] large-input guard: 20 cubes/42938 faces; tabu_iters=1 rounds=1 (pass --tabu-iters N to override)
[overlap_fix] active core: z[5504,5632) y[3968,4096) x[3072,3456); loaded complement is fixed halo
[overlap_fix] 20 cubes, 25142 vertices, 42938 faces, pitch=11.39
[overlap_fix]   label charts               t=0.0s
[overlap_fix]   build neighbours           t=0.0s
[overlap_fix]   label groups               t=0.0s
[overlap_fix]   uv index: raw              t=0.0s
[overlap_fix]   uv index: before           t=0.0s
[overlap_fix]   scan: raw                  t=0.1s
[overlap_fix]   scan: before               t=0.1s
[overlap_fix]   tabu place                 t=0.2s
[overlap_fix]     exact potential graph: 3879 pairs (21.8338% dense), 4 v bins
[overlap_fix]     tabu iter 1/1, best e=66746.4 @0, 0 moves, t=0.2s (0.20 s/iter)
[overlap_fix]   scan: after                t=0.3s
[overlap_fix]   group 10: shifted, 10 charts, r=712.9 (spread 184.4), wraps=0 du=0.0 dv=0.0, overlap 8017 -> 1488

=== PREFIT COMPONENT CULL ===
  charts before / after ... 195 / 189
  size hist (faces) ........ 1:1 2-3:0 4-7:3 8-15:3 16-31:4 32-63:5 64-127:56 128-255:49 256-511:65 512+:9
  max Sander QC hist ....... <=2:178 <=4:6 <=8:3 <=16:3 <=32:1 <=64:2 <=128:0 <=256:1 >256:1
  charts killed ............ 3 small, 3 projected-degenerate
  welded groups before/after 38 / 38
  group size hist .......... <=1:0 <=3:0 <=7:1 <=15:2 <=31:4 <=63:2 <=127:3 <=255:5 <=511:4 <=1023:2 <=2047:4 >2047:11
  groups killed ............ 0 small
  faces killed ............. 0 stretch + 791 chart + 0 group
==========================

=== OVERLAP FIX ===
  charts .................. 189
  welded groups ........... 38 (largest 16 charts)
  authentic weld edges .... 205
  faces killed (total) .... 791 / 42938

  -- is the error a whole number of turns? --
  weld |du/circ - round| .. <0.05:140 0.15:26 0.25:13 0.35:8 more:18  (68.3% clean)
  welds off by >=1 wrap ... 38 / 205
  phase |turn - round| ..... <0.05:205 0.15:0 0.25:0 0.35:0 more:0  (100.0% clean)
  nonzero phase targets .... 20 / 205
  trusted / untrusted ..... 0 / 0 (+0 over the wrap cap)
  wrap range .............. 0 .. 0

  -- gauge reconciliation --
  charts wind-corrected ... 0 / 189
  gauge islands ........... 0 (tree 0, cycle 0)
  cycle consistent ........ 0
  cycle INCONSISTENT ...... 0  (holonomy; no gauge can fix these)

  -- overlap --
  cross-group ............. 35642 raw -> 35642 post-wind -> 29113 final
  intra-group ............. 29607 raw -> 29607 post-wind
  intra |dr|/pitch ........ ~0:603 ~0.5:568 ~1:127 ~1.5:482 ~2:898 >2.5:26929
    (~0..0.5 = folds no gauge fixes; ~1+ = wrong-wrap, re-gauge CAN fix)
  groups overlapping ...... 11 -> 11
  settled / shifted ....... 37 / 1
  parked / stuck .......... 0 / 0
  time .................... 0.44s
===================

=== TABU RE-GAUGE ===
  depth span .............. +/-4 wraps, tenure 40
  field ladder ............ +1.01474555 x 2pi*r per wind (0 pairs; FIXED)
  ladder u origin ......... -135.03285299553318
  iterations .............. 1 (canonical best at 1)
  moves ................... 0 chart + 1 group + 0 nbhd + 0 graded (of 5 eligible groups)
  phase-flat regions ...... 14 measured only
  phase lateral targets ... 30 trusted, 11 nonzero measured only
  energy (cell units) ..... 66746.4 -> 60430.7
  movable charts .......... 28 / 189
  charts moved ............ 3 / 189
  welds torn .............. 18 / 178 usable (+27 excluded)
  lateral pairs coupled ... 30 (torn 4)
  happy-family bonds ...... 42 (torn 0)
  state archive ........... 2 kept, 2 SAT-verified
  exact winner ............ #1 at iter 1, score 60430.7
  hash rebuilds ........... 0
  cross after (exact) ..... 29113 pairs
  intra after (exact) ..... 29581 pairs
  intra |dr|/pitch after .. ~0:590 ~0.5:555 ~1:127 ~1.5:482 ~2:898 >2.5:26929
=====================
  exact workload .......... 47749 queries; 45769 AABB rejects; 1723 cache hits / 257 misses (257 entries); 171935 SAT tests
[tiled_atlas] sweep 1/1, tile 64/64 z09_y09_x09, loaded=8
[overlap_fix] active core: disabling tile-local pre-wind so the halo remains frozen
[overlap_fix] production preset: large-grid bounded
[overlap_fix] large-input guard: 8 cubes/19442 faces; tabu_iters=1 rounds=1 (pass --tabu-iters N to override)
[overlap_fix] active core: z[5504,5632) y[3968,4096) x[3456,3584); loaded complement is fixed halo
[overlap_fix] 8 cubes, 11292 vertices, 19442 faces, pitch=11.39
[overlap_fix]   label charts               t=0.0s
[overlap_fix]   build neighbours           t=0.0s
[overlap_fix]   label groups               t=0.0s
[overlap_fix]   uv index: raw              t=0.0s
[overlap_fix]   uv index: before           t=0.0s
[overlap_fix]   scan: raw                  t=0.0s
[overlap_fix]   scan: before               t=0.0s
[overlap_fix]   tabu place                 t=0.1s
[overlap_fix]     exact potential graph: 681 pairs (23.2741% dense), 4 v bins
[overlap_fix]     tabu iter 1/1, best e=7007.3 @0, 0 moves, t=0.1s (0.07 s/iter)
[overlap_fix]   scan: after                t=0.1s
[overlap_fix]   group 15: shifted, 4 charts, r=887.2 (spread 160.8), wraps=0 du=0.0 dv=0.0, overlap 4475 -> 1944

=== PREFIT COMPONENT CULL ===
  charts before / after ... 81 / 77
  size hist (faces) ........ 1:0 2-3:0 4-7:3 8-15:3 16-31:4 32-63:2 64-127:21 128-255:11 256-511:28 512+:9
  max Sander QC hist ....... <=2:72 <=4:4 <=8:0 <=16:3 <=32:0 <=64:1 <=128:0 <=256:1 >256:0
  charts killed ............ 2 small, 2 projected-degenerate
  welded groups before/after 29 / 29
  group size hist .......... <=1:0 <=3:0 <=7:1 <=15:3 <=31:4 <=63:1 <=127:3 <=255:4 <=511:1 <=1023:3 <=2047:8 >2047:1
  groups killed ............ 0 small
  faces killed ............. 0 stretch + 442 chart + 0 group
==========================

=== OVERLAP FIX ===
  charts .................. 77
  welded groups ........... 29 (largest 7 charts)
  authentic weld edges .... 61
  faces killed (total) .... 442 / 19442

  -- is the error a whole number of turns? --
  weld |du/circ - round| .. <0.05:31 0.15:6 0.25:9 0.35:2 more:13  (50.8% clean)
  welds off by >=1 wrap ... 25 / 61
  phase |turn - round| ..... <0.05:61 0.15:0 0.25:0 0.35:0 more:0  (100.0% clean)
  nonzero phase targets .... 4 / 61
  trusted / untrusted ..... 0 / 0 (+0 over the wrap cap)
  wrap range .............. 0 .. 0

  -- gauge reconciliation --
  charts wind-corrected ... 0 / 77
  gauge islands ........... 0 (tree 0, cycle 0)
  cycle consistent ........ 0
  cycle INCONSISTENT ...... 0  (holonomy; no gauge can fix these)

  -- overlap --
  cross-group ............. 5835 raw -> 5835 post-wind -> 3304 final
  intra-group ............. 351 raw -> 351 post-wind
  intra |dr|/pitch ........ ~0:174 ~0.5:175 ~1:2 ~1.5:0 ~2:0 >2.5:0
    (~0..0.5 = folds no gauge fixes; ~1+ = wrong-wrap, re-gauge CAN fix)
  groups overlapping ...... 8 -> 8
  settled / shifted ....... 28 / 1
  parked / stuck .......... 0 / 0
  time .................... 0.17s
===================

=== TABU RE-GAUGE ===
  depth span .............. +/-4 wraps, tenure 40
  field ladder ............ +1.01474555 x 2pi*r per wind (0 pairs; FIXED)
  ladder u origin ......... -135.03285299553318
  iterations .............. 1 (canonical best at 1)
  moves ................... 1 chart + 0 group + 0 nbhd + 0 graded (of 1 eligible groups)
  phase-flat regions ...... 6 measured only
  phase lateral targets ... 7 trusted, 2 nonzero measured only
  energy (cell units) ..... 7007.3 -> 4539.3
  movable charts .......... 8 / 77
  charts moved ............ 1 / 77
  welds torn .............. 12 / 46 usable (+15 excluded)
  lateral pairs coupled ... 7 (torn 0)
  happy-family bonds ...... 11 (torn 0)
  state archive ........... 2 kept, 2 SAT-verified
  exact winner ............ #1 at iter 1, score 4539.3
  hash rebuilds ........... 0
  cross after (exact) ..... 3304 pairs
  intra after (exact) ..... 328 pairs
  intra |dr|/pitch after .. ~0:157 ~0.5:169 ~1:2 ~1.5:0 ~2:0 >2.5:0
=====================
  exact workload .......... 3787 queries; 3628 AABB rejects; 130 cache hits / 29 misses (29 entries); 10044 SAT tests
[tiled_atlas] final no-move global audit/export
[overlap_fix] production preset: large-grid bounded
[overlap_fix] 998 cubes, 1171938 vertices, 1762542 faces, pitch=11.39
[overlap_fix]   label charts               t=0.0s
[overlap_fix]   build neighbours           t=0.2s
[overlap_fix]   label groups               t=2.5s
[overlap_fix]   uv index: raw              t=2.5s
[overlap_fix]   uv index: before           t=2.5s
[overlap_fix]   scan: raw                  t=3.4s
[overlap_fix]     scan 100000/1762542 faces, 316900 pairs, 0.1s (680175 faces/s)
[overlap_fix]     scan 200000/1762542 faces, 751698 pairs, 0.3s (634731 faces/s)
[overlap_fix]     scan 300000/1762542 faces, 1036898 pairs, 0.5s (655144 faces/s)
[overlap_fix]     scan 400000/1762542 faces, 1582770 pairs, 0.7s (614558 faces/s)
[overlap_fix]     scan 500000/1762542 faces, 1859992 pairs, 0.8s (631230 faces/s)
[overlap_fix]     scan 600000/1762542 faces, 2395953 pairs, 1.0s (610979 faces/s)
[overlap_fix]     scan 700000/1762542 faces, 2772446 pairs, 1.1s (612633 faces/s)
[overlap_fix]     scan 800000/1762542 faces, 3191320 pairs, 1.3s (612623 faces/s)
[overlap_fix]     scan 900000/1762542 faces, 3574955 pairs, 1.5s (614736 faces/s)
[overlap_fix]     scan 1000000/1762542 faces, 3959982 pairs, 1.6s (616471 faces/s)
[overlap_fix]     scan 1100000/1762542 faces, 4306426 pairs, 1.8s (619684 faces/s)
[overlap_fix]     scan 1200000/1762542 faces, 4720745 pairs, 1.9s (617788 faces/s)
[overlap_fix]     scan 1300000/1762542 faces, 5003160 pairs, 2.1s (623841 faces/s)
[overlap_fix]     scan 1400000/1762542 faces, 5368664 pairs, 2.2s (624308 faces/s)
[overlap_fix]     scan 1500000/1762542 faces, 5722843 pairs, 2.4s (626197 faces/s)
[overlap_fix]     scan 1600000/1762542 faces, 5973000 pairs, 2.5s (633049 faces/s)
[overlap_fix]     scan 1700000/1762542 faces, 6310317 pairs, 2.7s (635493 faces/s)
[overlap_fix]   scan: before               t=7.1s
[overlap_fix]     scan 100000/1762542 faces, 316900 pairs, 0.1s (675967 faces/s)
[overlap_fix]     scan 200000/1762542 faces, 751698 pairs, 0.3s (627106 faces/s)
[overlap_fix]     scan 300000/1762542 faces, 1036898 pairs, 0.5s (647925 faces/s)
[overlap_fix]     scan 400000/1762542 faces, 1582770 pairs, 0.7s (605948 faces/s)
[overlap_fix]     scan 500000/1762542 faces, 1859992 pairs, 0.8s (622602 faces/s)
[overlap_fix]     scan 600000/1762542 faces, 2395953 pairs, 1.0s (602169 faces/s)
[overlap_fix]     scan 700000/1762542 faces, 2772446 pairs, 1.2s (603858 faces/s)
[overlap_fix]     scan 800000/1762542 faces, 3191320 pairs, 1.3s (603629 faces/s)
[overlap_fix]     scan 900000/1762542 faces, 3574955 pairs, 1.5s (605709 faces/s)
[overlap_fix]     scan 1000000/1762542 faces, 3959982 pairs, 1.6s (607701 faces/s)
[overlap_fix]     scan 1100000/1762542 faces, 4306426 pairs, 1.8s (611056 faces/s)
[overlap_fix]     scan 1200000/1762542 faces, 4720745 pairs, 2.0s (609482 faces/s)
[overlap_fix]     scan 1300000/1762542 faces, 5003160 pairs, 2.1s (615877 faces/s)
[overlap_fix]     scan 1400000/1762542 faces, 5368664 pairs, 2.3s (616836 faces/s)
[overlap_fix]     scan 1500000/1762542 faces, 5722843 pairs, 2.4s (618991 faces/s)
[overlap_fix]     scan 1600000/1762542 faces, 5973000 pairs, 2.6s (625945 faces/s)
[overlap_fix]     scan 1700000/1762542 faces, 6310317 pairs, 2.7s (628583 faces/s)
[overlap_fix]   tabu place                 t=9.9s
[overlap_fix]     exact potential graph: 1167326 pairs (3.3441% dense), 20 v bins
[overlap_fix]     scan 100000/1762542 faces, 316900 pairs, 0.1s (681608 faces/s)
[overlap_fix]     scan 200000/1762542 faces, 751698 pairs, 0.3s (634329 faces/s)
[overlap_fix]     scan 300000/1762542 faces, 1036898 pairs, 0.5s (655017 faces/s)
[overlap_fix]     scan 400000/1762542 faces, 1582770 pairs, 0.7s (612928 faces/s)
[overlap_fix]     scan 500000/1762542 faces, 1859992 pairs, 0.8s (629978 faces/s)
[overlap_fix]     scan 600000/1762542 faces, 2395953 pairs, 1.0s (609901 faces/s)
[overlap_fix]     scan 700000/1762542 faces, 2772446 pairs, 1.1s (611005 faces/s)
[overlap_fix]     scan 800000/1762542 faces, 3191320 pairs, 1.3s (610271 faces/s)
[overlap_fix]     scan 900000/1762542 faces, 3574955 pairs, 1.5s (612046 faces/s)
[overlap_fix]     scan 1000000/1762542 faces, 3959982 pairs, 1.6s (613724 faces/s)
[overlap_fix]     scan 1100000/1762542 faces, 4306426 pairs, 1.8s (616940 faces/s)
[overlap_fix]     scan 1200000/1762542 faces, 4720745 pairs, 2.0s (614735 faces/s)
[overlap_fix]     scan 1300000/1762542 faces, 5003160 pairs, 2.1s (620888 faces/s)
[overlap_fix]     scan 1400000/1762542 faces, 5368664 pairs, 2.3s (621602 faces/s)
[overlap_fix]     scan 1500000/1762542 faces, 5722843 pairs, 2.4s (623509 faces/s)
[overlap_fix]     scan 1600000/1762542 faces, 5973000 pairs, 2.5s (630372 faces/s)
[overlap_fix]     scan 1700000/1762542 faces, 6310317 pairs, 2.7s (632866 faces/s)
[overlap_fix]   scan: after                t=16.6s
[overlap_fix]     scan 100000/1762542 faces, 316900 pairs, 0.1s (677280 faces/s)
[overlap_fix]     scan 200000/1762542 faces, 751698 pairs, 0.3s (629870 faces/s)
[overlap_fix]     scan 300000/1762542 faces, 1036898 pairs, 0.5s (651063 faces/s)
[overlap_fix]     scan 400000/1762542 faces, 1582770 pairs, 0.7s (609883 faces/s)
[overlap_fix]     scan 500000/1762542 faces, 1859992 pairs, 0.8s (627379 faces/s)
[overlap_fix]     scan 600000/1762542 faces, 2395953 pairs, 1.0s (606614 faces/s)
[overlap_fix]     scan 700000/1762542 faces, 2772446 pairs, 1.2s (607517 faces/s)
[overlap_fix]     scan 800000/1762542 faces, 3191320 pairs, 1.3s (606735 faces/s)
[overlap_fix]     scan 900000/1762542 faces, 3574955 pairs, 1.5s (608755 faces/s)
[overlap_fix]     scan 1000000/1762542 faces, 3959982 pairs, 1.6s (610420 faces/s)
[overlap_fix]     scan 1100000/1762542 faces, 4306426 pairs, 1.8s (613539 faces/s)
[overlap_fix]     scan 1200000/1762542 faces, 4720745 pairs, 2.0s (611544 faces/s)
[overlap_fix]     scan 1300000/1762542 faces, 5003160 pairs, 2.1s (617611 faces/s)
[overlap_fix]     scan 1400000/1762542 faces, 5368664 pairs, 2.3s (618287 faces/s)
[overlap_fix]     scan 1500000/1762542 faces, 5722843 pairs, 2.4s (620302 faces/s)
[overlap_fix]     scan 1600000/1762542 faces, 5973000 pairs, 2.6s (627292 faces/s)
[overlap_fix]     scan 1700000/1762542 faces, 6310317 pairs, 2.7s (629985 faces/s)

=== PREFIT COMPONENT CULL ===
  charts before / after ... 9073 / 8356
  size hist (faces) ........ 1:167 2-3:183 4-7:229 8-15:222 16-31:370 32-63:652 64-127:2389 128-255:1803 256-511:2898 512+:160
  max Sander QC hist ....... <=2:7982 <=4:515 <=8:146 <=16:97 <=32:77 <=64:80 <=128:59 <=256:37 >256:80
  charts killed ............ 527 small, 196 projected-degenerate
  welded groups before/after 738 / 738
  group size hist .......... <=1:0 <=3:0 <=7:31 <=15:111 <=31:178 <=63:134 <=127:145 <=255:60 <=511:37 <=1023:15 <=2047:4 >2047:23
  groups killed ............ 0 small
  faces killed ............. 492 stretch + 26557 chart + 0 group
==========================

=== OVERLAP FIX ===
  charts .................. 8356
  welded groups ........... 738 (largest 1676 charts)
  authentic weld edges .... 12639
  faces killed (total) .... 27049 / 1762542

  -- is the error a whole number of turns? --
  weld |du/circ - round| .. <0.05:10224 0.15:1112 0.25:577 0.35:329 more:397  (80.9% clean)
  welds off by >=1 wrap ... 1397 / 12639
  phase |turn - round| ..... <0.05:12639 0.15:0 0.25:0 0.35:0 more:0  (100.0% clean)
  nonzero phase targets .... 1412 / 12639
  trusted / untrusted ..... 0 / 0 (+0 over the wrap cap)
  wrap range .............. 0 .. 0

  -- gauge reconciliation --
  charts wind-corrected ... 0 / 8356
  gauge islands ........... 0 (tree 0, cycle 0)
  cycle consistent ........ 0
  cycle INCONSISTENT ...... 0  (holonomy; no gauge can fix these)

  -- overlap --
  cross-group ............. 2371771 raw -> 2371771 post-wind -> 2371771 final
  intra-group ............. 4039882 raw -> 4039882 post-wind
  intra |dr|/pitch ........ ~0:160342 ~0.5:350514 ~1:491800 ~1.5:455814 ~2:464342 >2.5:2117070
    (~0..0.5 = folds no gauge fixes; ~1+ = wrong-wrap, re-gauge CAN fix)
  groups overlapping ...... 292 -> 292
  settled / shifted ....... 738 / 0
  parked / stuck .......... 0 / 0
  time .................... 20.64s
===================

=== TABU RE-GAUGE ===
  depth span .............. +/-4 wraps, tenure 40
  field ladder ............ +1.01474555 x 2pi*r per wind (0 pairs; FIXED)
  ladder u origin ......... -135.03285299553318
  iterations .............. 0 (canonical best at 0)
  moves ................... 0 chart + 0 group + 0 nbhd + 0 graded (of 9 eligible groups)
  phase-flat regions ...... 79 measured only
  phase lateral targets ... 5086 trusted, 60 nonzero measured only
  energy (cell units) ..... 6513121.3 -> 6513121.3
  movable charts .......... 8356 / 8356
  charts moved ............ 0 / 8356
  welds torn .............. 732 / 11836 usable (+803 excluded)
  lateral pairs coupled ... 5116 (torn 0)
  happy-family bonds ...... 215 (torn 0)
  state archive ........... 1 kept, 1 SAT-verified
  exact winner ............ #0 at iter 0, score 6513121.3
  hash rebuilds ........... 0
  cross after (exact) ..... 2371771 pairs
  intra after (exact) ..... 4039882 pairs
  intra |dr|/pitch after .. ~0:160342 ~0.5:350514 ~1:491800 ~1.5:455814 ~2:464342 >2.5:2117070
=====================
  exact workload .......... 3501978 queries; 3441777 AABB rejects; 40134 cache hits / 20067 misses (20067 entries); 10225653 SAT tests
[tiled_atlas] final RAW texture
[obj_bake_raw] in=D:\work\scrollfiesta_public\output\pherc0139_10x10x10_gpu_run_20260730\tiled_atlas\atlas\atlas_bake.obj raw=D:\work\vesuvius-c\.migration_scrollfiesta_public_v2\PHerc0139-10x10x10\cubes_RAW out=D:\work\scrollfiesta_public\output\pherc0139_10x10x10_gpu_run_20260730\tiled_atlas\texture id=tiled
  parsed: 1171938 verts, 1171938 vt, 1735493 faces (0.7s)
  cube table: 12x12x12 cubes (chunk 128) over bbox
TIFFOpen: D:\work\vesuvius-c\.migration_scrollfiesta_public_v2\PHerc0139-10x10x10\cubes_RAW/z04352_y02816_x02176.tif: Cannot open.
TIFFOpen: D:\work\vesuvius-c\.migration_scrollfiesta_public_v2\PHerc0139-10x10x10\cubes_RAW/z04352_y02688_x02304.tif: Cannot open.
TIFFOpen: D:\work\vesuvius-c\.migration_scrollfiesta_public_v2\PHerc0139-10x10x10\cubes_RAW/z04224_y02816_x02432.tif: Cannot open.
TIFFOpen: D:\work\vesuvius-c\.migration_scrollfiesta_public_v2\PHerc0139-10x10x10\cubes_RAW/z04352_y02688_x02432.tif: Cannot open.
TIFFOpen: D:\work\vesuvius-c\.migration_scrollfiesta_public_v2\PHerc0139-10x10x10\cubes_RAW/z04352_y02688_x02560.tif: Cannot open.
TIFFOpen: D:\work\vesuvius-c\.migration_scrollfiesta_public_v2\PHerc0139-10x10x10\cubes_RAW/z04224_y02816_x02560.tif: Cannot open.
TIFFOpen: D:\work\vesuvius-c\.migration_scrollfiesta_public_v2\PHerc0139-10x10x10\cubes_RAW/z04352_y02688_x02688.tif: Cannot open.
TIFFOpen: D:\work\vesuvius-c\.migration_scrollfiesta_public_v2\PHerc0139-10x10x10\cubes_RAW/z04480_y02688_x02688.tif: Cannot open.
TIFFOpen: D:\work\vesuvius-c\.migration_scrollfiesta_public_v2\PHerc0139-10x10x10\cubes_RAW/z04224_y02816_x02816.tif: Cannot open.
TIFFOpen: D:\work\vesuvius-c\.migration_scrollfiesta_public_v2\PHerc0139-10x10x10\cubes_RAW/z04352_y02688_x02816.tif: Cannot open.
TIFFOpen: D:\work\vesuvius-c\.migration_scrollfiesta_public_v2\PHerc0139-10x10x10\cubes_RAW/z04352_y02688_x02944.tif: Cannot open.
TIFFOpen: D:\work\vesuvius-c\.migration_scrollfiesta_public_v2\PHerc0139-10x10x10\cubes_RAW/z04480_y02688_x02816.tif: Cannot open.
TIFFOpen: D:\work\vesuvius-c\.migration_scrollfiesta_public_v2\PHerc0139-10x10x10\cubes_RAW/z04224_y02816_x02944.tif: Cannot open.
TIFFOpen: D:\work\vesuvius-c\.migration_scrollfiesta_public_v2\PHerc0139-10x10x10\cubes_RAW/z04224_y02944_x02944.tif: Cannot open.
TIFFOpen: D:\work\vesuvius-c\.migration_scrollfiesta_public_v2\PHerc0139-10x10x10\cubes_RAW/z04224_y02816_x03072.tif: Cannot open.
TIFFOpen: D:\work\vesuvius-c\.migration_scrollfiesta_public_v2\PHerc0139-10x10x10\cubes_RAW/z04352_y02688_x03072.tif: Cannot open.
TIFFOpen: D:\work\vesuvius-c\.migration_scrollfiesta_public_v2\PHerc0139-10x10x10\cubes_RAW/z04480_y02688_x03072.tif: Cannot open.
TIFFOpen: D:\work\vesuvius-c\.migration_scrollfiesta_public_v2\PHerc0139-10x10x10\cubes_RAW/z04224_y02816_x03200.tif: Cannot open.
TIFFOpen: D:\work\vesuvius-c\.migration_scrollfiesta_public_v2\PHerc0139-10x10x10\cubes_RAW/z04352_y02688_x03200.tif: Cannot open.
TIFFOpen: D:\work\vesuvius-c\.migration_scrollfiesta_public_v2\PHerc0139-10x10x10\cubes_RAW/z04352_y02688_x03328.tif: Cannot open.
TIFFOpen: D:\work\vesuvius-c\.migration_scrollfiesta_public_v2\PHerc0139-10x10x10\cubes_RAW/z04224_y02816_x03328.tif: Cannot open.
TIFFOpen: D:\work\vesuvius-c\.migration_scrollfiesta_public_v2\PHerc0139-10x10x10\cubes_RAW/z04224_y02816_x03456.tif: Cannot open.
TIFFOpen: D:\work\vesuvius-c\.migration_scrollfiesta_public_v2\PHerc0139-10x10x10\cubes_RAW/z04352_y02816_x03584.tif: Cannot open.
TIFFOpen: D:\work\vesuvius-c\.migration_scrollfiesta_public_v2\PHerc0139-10x10x10\cubes_RAW/z04352_y02944_x03584.tif: Cannot open.
TIFFOpen: D:\work\vesuvius-c\.migration_scrollfiesta_public_v2\PHerc0139-10x10x10\cubes_RAW/z04352_y02688_x03456.tif: Cannot open.
TIFFOpen: D:\work\vesuvius-c\.migration_scrollfiesta_public_v2\PHerc0139-10x10x10\cubes_RAW/z04224_y02944_x03456.tif: Cannot open.
TIFFOpen: D:\work\vesuvius-c\.migration_scrollfiesta_public_v2\PHerc0139-10x10x10\cubes_RAW/z04352_y02944_x02176.tif: Cannot open.
TIFFOpen: D:\work\vesuvius-c\.migration_scrollfiesta_public_v2\PHerc0139-10x10x10\cubes_RAW/z04224_y02944_x02304.tif: Cannot open.
TIFFOpen: D:\work\vesuvius-c\.migration_scrollfiesta_public_v2\PHerc0139-10x10x10\cubes_RAW/z04224_y02944_x02432.tif: Cannot open.
TIFFOpen: D:\work\vesuvius-c\.migration_scrollfiesta_public_v2\PHerc0139-10x10x10\cubes_RAW/z04224_y02944_x02560.tif: Cannot open.
TIFFOpen: D:\work\vesuvius-c\.migration_scrollfiesta_public_v2\PHerc0139-10x10x10\cubes_RAW/z04224_y02944_x02688.tif: Cannot open.
TIFFOpen: D:\work\vesuvius-c\.migration_scrollfiesta_public_v2\PHerc0139-10x10x10\cubes_RAW/z04224_y02944_x02816.tif: Cannot open.
TIFFOpen: D:\work\vesuvius-c\.migration_scrollfiesta_public_v2\PHerc0139-10x10x10\cubes_RAW/z04224_y02944_x03072.tif: Cannot open.
TIFFOpen: D:\work\vesuvius-c\.migration_scrollfiesta_public_v2\PHerc0139-10x10x10\cubes_RAW/z04224_y02944_x03200.tif: Cannot open.
TIFFOpen: D:\work\vesuvius-c\.migration_scrollfiesta_public_v2\PHerc0139-10x10x10\cubes_RAW/z04224_y02944_x03328.tif: Cannot open.
TIFFOpen: D:\work\vesuvius-c\.migration_scrollfiesta_public_v2\PHerc0139-10x10x10\cubes_RAW/z04224_y03072_x03456.tif: Cannot open.
TIFFOpen: D:\work\vesuvius-c\.migration_scrollfiesta_public_v2\PHerc0139-10x10x10\cubes_RAW/z04224_y03072_x02304.tif: Cannot open.
TIFFOpen: D:\work\vesuvius-c\.migration_scrollfiesta_public_v2\PHerc0139-10x10x10\cubes_RAW/z04352_y03072_x02176.tif: Cannot open.
TIFFOpen: D:\work\vesuvius-c\.migration_scrollfiesta_public_v2\PHerc0139-10x10x10\cubes_RAW/z04224_y03072_x02432.tif: Cannot open.
TIFFOpen: D:\work\vesuvius-c\.migration_scrollfiesta_public_v2\PHerc0139-10x10x10\cubes_RAW/z04224_y03072_x02560.tif: Cannot open.
TIFFOpen: D:\work\vesuvius-c\.migration_scrollfiesta_public_v2\PHerc0139-10x10x10\cubes_RAW/z04224_y03072_x02688.tif: Cannot open.
TIFFOpen: D:\work\vesuvius-c\.migration_scrollfiesta_public_v2\PHerc0139-10x10x10\cubes_RAW/z04224_y03072_x02816.tif: Cannot open.
TIFFOpen: D:\work\vesuvius-c\.migration_scrollfiesta_public_v2\PHerc0139-10x10x10\cubes_RAW/z04224_y03200_x02816.tif: Cannot open.
TIFFOpen: D:\work\vesuvius-c\.migration_scrollfiesta_public_v2\PHerc0139-10x10x10\cubes_RAW/z04224_y03072_x02944.tif: Cannot open.
TIFFOpen: D:\work\vesuvius-c\.migration_scrollfiesta_public_v2\PHerc0139-10x10x10\cubes_RAW/z04224_y03072_x03072.tif: Cannot open.
TIFFOpen: D:\work\vesuvius-c\.migration_scrollfiesta_public_v2\PHerc0139-10x10x10\cubes_RAW/z04224_y03072_x03200.tif: Cannot open.
TIFFOpen: D:\work\vesuvius-c\.migration_scrollfiesta_public_v2\PHerc0139-10x10x10\cubes_RAW/z04224_y03072_x03328.tif: Cannot open.
TIFFOpen: D:\work\vesuvius-c\.migration_scrollfiesta_public_v2\PHerc0139-10x10x10\cubes_RAW/z04352_y03072_x03584.tif: Cannot open.
TIFFOpen: D:\work\vesuvius-c\.migration_scrollfiesta_public_v2\PHerc0139-10x10x10\cubes_RAW/z04352_y03200_x02176.tif: Cannot open.
TIFFOpen: D:\work\vesuvius-c\.migration_scrollfiesta_public_v2\PHerc0139-10x10x10\cubes_RAW/z04224_y03200_x02688.tif: Cannot open.
TIFFOpen: D:\work\vesuvius-c\.migration_scrollfiesta_public_v2\PHerc0139-10x10x10\cubes_RAW/z04224_y03200_x02944.tif: Cannot open.
TIFFOpen: D:\work\vesuvius-c\.migration_scrollfiesta_public_v2\PHerc0139-10x10x10\cubes_RAW/z04224_y03200_x03072.tif: Cannot open.
TIFFOpen: D:\work\vesuvius-c\.migration_scrollfiesta_public_v2\PHerc0139-10x10x10\cubes_RAW/z04224_y03200_x03200.tif: Cannot open.
TIFFOpen: D:\work\vesuvius-c\.migration_scrollfiesta_public_v2\PHerc0139-10x10x10\cubes_RAW/z04224_y03200_x03328.tif: Cannot open.
TIFFOpen: D:\work\vesuvius-c\.migration_scrollfiesta_public_v2\PHerc0139-10x10x10\cubes_RAW/z04352_y03200_x03584.tif: Cannot open.
TIFFOpen: D:\work\vesuvius-c\.migration_scrollfiesta_public_v2\PHerc0139-10x10x10\cubes_RAW/z04224_y03200_x03456.tif: Cannot open.
TIFFOpen: D:\work\vesuvius-c\.migration_scrollfiesta_public_v2\PHerc0139-10x10x10\cubes_RAW/z04352_y03328_x02176.tif: Cannot open.
TIFFOpen: D:\work\vesuvius-c\.migration_scrollfiesta_public_v2\PHerc0139-10x10x10\cubes_RAW/z04224_y03328_x02304.tif: Cannot open.
TIFFOpen: D:\work\vesuvius-c\.migration_scrollfiesta_public_v2\PHerc0139-10x10x10\cubes_RAW/z04224_y03328_x02560.tif: Cannot open.
TIFFOpen: D:\work\vesuvius-c\.migration_scrollfiesta_public_v2\PHerc0139-10x10x10\cubes_RAW/z04224_y03328_x02688.tif: Cannot open.
TIFFOpen: D:\work\vesuvius-c\.migration_scrollfiesta_public_v2\PHerc0139-10x10x10\cubes_RAW/z04224_y03328_x02816.tif: Cannot open.
TIFFOpen: D:\work\vesuvius-c\.migration_scrollfiesta_public_v2\PHerc0139-10x10x10\cubes_RAW/z04224_y03456_x02816.tif: Cannot open.
TIFFOpen: D:\work\vesuvius-c\.migration_scrollfiesta_public_v2\PHerc0139-10x10x10\cubes_RAW/z04224_y03328_x02944.tif: Cannot open.
TIFFOpen: D:\work\vesuvius-c\.migration_scrollfiesta_public_v2\PHerc0139-10x10x10\cubes_RAW/z04224_y03456_x02944.tif: Cannot open.
TIFFOpen: D:\work\vesuvius-c\.migration_scrollfiesta_public_v2\PHerc0139-10x10x10\cubes_RAW/z04224_y03328_x03072.tif: Cannot open.
TIFFOpen: D:\work\vesuvius-c\.migration_scrollfiesta_public_v2\PHerc0139-10x10x10\cubes_RAW/z04224_y03328_x03200.tif: Cannot open.
TIFFOpen: D:\work\vesuvius-c\.migration_scrollfiesta_public_v2\PHerc0139-10x10x10\cubes_RAW/z04352_y03328_x03584.tif: Cannot open.
TIFFOpen: D:\work\vesuvius-c\.migration_scrollfiesta_public_v2\PHerc0139-10x10x10\cubes_RAW/z04224_y03328_x03456.tif: Cannot open.
TIFFOpen: D:\work\vesuvius-c\.migration_scrollfiesta_public_v2\PHerc0139-10x10x10\cubes_RAW/z04352_y03456_x03584.tif: Cannot open.
TIFFOpen: D:\work\vesuvius-c\.migration_scrollfiesta_public_v2\PHerc0139-10x10x10\cubes_RAW/z04224_y03456_x02304.tif: Cannot open.
TIFFOpen: D:\work\vesuvius-c\.migration_scrollfiesta_public_v2\PHerc0139-10x10x10\cubes_RAW/z04352_y03456_x02176.tif: Cannot open.
TIFFOpen: D:\work\vesuvius-c\.migration_scrollfiesta_public_v2\PHerc0139-10x10x10\cubes_RAW/z04480_y03456_x02176.tif: Cannot open.
TIFFOpen: D:\work\vesuvius-c\.migration_scrollfiesta_public_v2\PHerc0139-10x10x10\cubes_RAW/z04224_y03456_x02432.tif: Cannot open.
TIFFOpen: D:\work\vesuvius-c\.migration_scrollfiesta_public_v2\PHerc0139-10x10x10\cubes_RAW/z04224_y03456_x02560.tif: Cannot open.
TIFFOpen: D:\work\vesuvius-c\.migration_scrollfiesta_public_v2\PHerc0139-10x10x10\cubes_RAW/z04224_y03456_x02688.tif: Cannot open.
TIFFOpen: D:\work\vesuvius-c\.migration_scrollfiesta_public_v2\PHerc0139-10x10x10\cubes_RAW/z04224_y03584_x02944.tif: Cannot open.
TIFFOpen: D:\work\vesuvius-c\.migration_scrollfiesta_public_v2\PHerc0139-10x10x10\cubes_RAW/z04224_y03456_x03072.tif: Cannot open.
TIFFOpen: D:\work\vesuvius-c\.migration_scrollfiesta_public_v2\PHerc0139-10x10x10\cubes_RAW/z04224_y03584_x03072.tif: Cannot open.
TIFFOpen: D:\work\vesuvius-c\.migration_scrollfiesta_public_v2\PHerc0139-10x10x10\cubes_RAW/z04224_y03456_x03200.tif: Cannot open.
TIFFOpen: D:\work\vesuvius-c\.migration_scrollfiesta_public_v2\PHerc0139-10x10x10\cubes_RAW/z04224_y03456_x03328.tif: Cannot open.
TIFFOpen: D:\work\vesuvius-c\.migration_scrollfiesta_public_v2\PHerc0139-10x10x10\cubes_RAW/z04224_y03456_x03456.tif: Cannot open.
TIFFOpen: D:\work\vesuvius-c\.migration_scrollfiesta_public_v2\PHerc0139-10x10x10\cubes_RAW/z04224_y03584_x03328.tif: Cannot open.
TIFFOpen: D:\work\vesuvius-c\.migration_scrollfiesta_public_v2\PHerc0139-10x10x10\cubes_RAW/z04224_y03584_x02304.tif: Cannot open.
TIFFOpen: D:\work\vesuvius-c\.migration_scrollfiesta_public_v2\PHerc0139-10x10x10\cubes_RAW/z04352_y03584_x02176.tif: Cannot open.
TIFFOpen: D:\work\vesuvius-c\.migration_scrollfiesta_public_v2\PHerc0139-10x10x10\cubes_RAW/z04224_y03584_x02560.tif: Cannot open.
TIFFOpen: D:\work\vesuvius-c\.migration_scrollfiesta_public_v2\PHerc0139-10x10x10\cubes_RAW/z04224_y03584_x02688.tif: Cannot open.
TIFFOpen: D:\work\vesuvius-c\.migration_scrollfiesta_public_v2\PHerc0139-10x10x10\cubes_RAW/z04224_y03584_x02816.tif: Cannot open.
TIFFOpen: D:\work\vesuvius-c\.migration_scrollfiesta_public_v2\PHerc0139-10x10x10\cubes_RAW/z04224_y03584_x03200.tif: Cannot open.
TIFFOpen: D:\work\vesuvius-c\.migration_scrollfiesta_public_v2\PHerc0139-10x10x10\cubes_RAW/z04224_y03712_x03328.tif: Cannot open.
TIFFOpen: D:\work\vesuvius-c\.migration_scrollfiesta_public_v2\PHerc0139-10x10x10\cubes_RAW/z04352_y03584_x03584.tif: Cannot open.
TIFFOpen: D:\work\vesuvius-c\.migration_scrollfiesta_public_v2\PHerc0139-10x10x10\cubes_RAW/z04224_y03584_x03456.tif: Cannot open.
TIFFOpen: D:\work\vesuvius-c\.migration_scrollfiesta_public_v2\PHerc0139-10x10x10\cubes_RAW/z04224_y03712_x02304.tif: Cannot open.
TIFFOpen: D:\work\vesuvius-c\.migration_scrollfiesta_public_v2\PHerc0139-10x10x10\cubes_RAW/z04352_y03712_x02176.tif: Cannot open.
TIFFOpen: D:\work\vesuvius-c\.migration_scrollfiesta_public_v2\PHerc0139-10x10x10\cubes_RAW/z04224_y03712_x02432.tif: Cannot open.
TIFFOpen: D:\work\vesuvius-c\.migration_scrollfiesta_public_v2\PHerc0139-10x10x10\cubes_RAW/z04224_y03840_x02432.tif: Cannot open.
TIFFOpen: D:\work\vesuvius-c\.migration_scrollfiesta_public_v2\PHerc0139-10x10x10\cubes_RAW/z04224_y03712_x02560.tif: Cannot open.
TIFFOpen: D:\work\vesuvius-c\.migration_scrollfiesta_public_v2\PHerc0139-10x10x10\cubes_RAW/z04224_y03712_x02688.tif: Cannot open.
TIFFOpen: D:\work\vesuvius-c\.migration_scrollfiesta_public_v2\PHerc0139-10x10x10\cubes_RAW/z04224_y03840_x02688.tif: Cannot open.
TIFFOpen: D:\work\vesuvius-c\.migration_scrollfiesta_public_v2\PHerc0139-10x10x10\cubes_RAW/z04224_y03712_x02816.tif: Cannot open.
TIFFOpen: D:\work\vesuvius-c\.migration_scrollfiesta_public_v2\PHerc0139-10x10x10\cubes_RAW/z04224_y03840_x02816.tif: Cannot open.
TIFFOpen: D:\work\vesuvius-c\.migration_scrollfiesta_public_v2\PHerc0139-10x10x10\cubes_RAW/z04224_y03712_x02944.tif: Cannot open.
TIFFOpen: D:\work\vesuvius-c\.migration_scrollfiesta_public_v2\PHerc0139-10x10x10\cubes_RAW/z04224_y03712_x03072.tif: Cannot open.
TIFFOpen: D:\work\vesuvius-c\.migration_scrollfiesta_public_v2\PHerc0139-10x10x10\cubes_RAW/z04224_y03712_x03200.tif: Cannot open.
TIFFOpen: D:\work\vesuvius-c\.migration_scrollfiesta_public_v2\PHerc0139-10x10x10\cubes_RAW/z04224_y03712_x03456.tif: Cannot open.
TIFFOpen: D:\work\vesuvius-c\.migration_scrollfiesta_public_v2\PHerc0139-10x10x10\cubes_RAW/z04352_y03712_x03584.tif: Cannot open.
TIFFOpen: D:\work\vesuvius-c\.migration_scrollfiesta_public_v2\PHerc0139-10x10x10\cubes_RAW/z04224_y03840_x03456.tif: Cannot open.
TIFFOpen: D:\work\vesuvius-c\.migration_scrollfiesta_public_v2\PHerc0139-10x10x10\cubes_RAW/z04352_y03840_x03584.tif: Cannot open.
TIFFOpen: D:\work\vesuvius-c\.migration_scrollfiesta_public_v2\PHerc0139-10x10x10\cubes_RAW/z04224_y03840_x02304.tif: Cannot open.
TIFFOpen: D:\work\vesuvius-c\.migration_scrollfiesta_public_v2\PHerc0139-10x10x10\cubes_RAW/z04352_y03840_x02176.tif: Cannot open.
TIFFOpen: D:\work\vesuvius-c\.migration_scrollfiesta_public_v2\PHerc0139-10x10x10\cubes_RAW/z04224_y03840_x02560.tif: Cannot open.
TIFFOpen: D:\work\vesuvius-c\.migration_scrollfiesta_public_v2\PHerc0139-10x10x10\cubes_RAW/z04224_y03840_x02944.tif: Cannot open.
TIFFOpen: D:\work\vesuvius-c\.migration_scrollfiesta_public_v2\PHerc0139-10x10x10\cubes_RAW/z04224_y03968_x02944.tif: Cannot open.
TIFFOpen: D:\work\vesuvius-c\.migration_scrollfiesta_public_v2\PHerc0139-10x10x10\cubes_RAW/z04224_y03840_x03072.tif: Cannot open.
TIFFOpen: D:\work\vesuvius-c\.migration_scrollfiesta_public_v2\PHerc0139-10x10x10\cubes_RAW/z04224_y03968_x03072.tif: Cannot open.
TIFFOpen: D:\work\vesuvius-c\.migration_scrollfiesta_public_v2\PHerc0139-10x10x10\cubes_RAW/z04224_y03840_x03200.tif: Cannot open.
TIFFOpen: D:\work\vesuvius-c\.migration_scrollfiesta_public_v2\PHerc0139-10x10x10\cubes_RAW/z04224_y03840_x03328.tif: Cannot open.
TIFFOpen: D:\work\vesuvius-c\.migration_scrollfiesta_public_v2\PHerc0139-10x10x10\cubes_RAW/z04224_y03968_x03456.tif: Cannot open.
TIFFOpen: D:\work\vesuvius-c\.migration_scrollfiesta_public_v2\PHerc0139-10x10x10\cubes_RAW/z04352_y03968_x03584.tif: Cannot open.
TIFFOpen: D:\work\vesuvius-c\.migration_scrollfiesta_public_v2\PHerc0139-10x10x10\cubes_RAW/z04224_y03968_x02304.tif: Cannot open.
TIFFOpen: D:\work\vesuvius-c\.migration_scrollfiesta_public_v2\PHerc0139-10x10x10\cubes_RAW/z04352_y04096_x02304.tif: Cannot open.
TIFFOpen: D:\work\vesuvius-c\.migration_scrollfiesta_public_v2\PHerc0139-10x10x10\cubes_RAW/z04480_y04096_x02304.tif: Cannot open.
TIFFOpen: D:\work\vesuvius-c\.migration_scrollfiesta_public_v2\PHerc0139-10x10x10\cubes_RAW/z04352_y04096_x02432.tif: Cannot open.
TIFFOpen: D:\work\vesuvius-c\.migration_scrollfiesta_public_v2\PHerc0139-10x10x10\cubes_RAW/z04352_y03968_x02176.tif: Cannot open.
TIFFOpen: D:\work\vesuvius-c\.migration_scrollfiesta_public_v2\PHerc0139-10x10x10\cubes_RAW/z04224_y03968_x02432.tif: Cannot open.
TIFFOpen: D:\work\vesuvius-c\.migration_scrollfiesta_public_v2\PHerc0139-10x10x10\cubes_RAW/z04352_y04096_x02560.tif: Cannot open.
TIFFOpen: D:\work\vesuvius-c\.migration_scrollfiesta_public_v2\PHerc0139-10x10x10\cubes_RAW/z04480_y04096_x02432.tif: Cannot open.
TIFFOpen: D:\work\vesuvius-c\.migration_scrollfiesta_public_v2\PHerc0139-10x10x10\cubes_RAW/z04224_y03968_x02560.tif: Cannot open.
TIFFOpen: D:\work\vesuvius-c\.migration_scrollfiesta_public_v2\PHerc0139-10x10x10\cubes_RAW/z04352_y04096_x02688.tif: Cannot open.
TIFFOpen: D:\work\vesuvius-c\.migration_scrollfiesta_public_v2\PHerc0139-10x10x10\cubes_RAW/z04224_y03968_x02688.tif: Cannot open.
TIFFOpen: D:\work\vesuvius-c\.migration_scrollfiesta_public_v2\PHerc0139-10x10x10\cubes_RAW/z04224_y04096_x02688.tif: Cannot open.
TIFFOpen: D:\work\vesuvius-c\.migration_scrollfiesta_public_v2\PHerc0139-10x10x10\cubes_RAW/z04224_y03968_x02816.tif: Cannot open.
TIFFOpen: D:\work\vesuvius-c\.migration_scrollfiesta_public_v2\PHerc0139-10x10x10\cubes_RAW/z04352_y04096_x02816.tif: Cannot open.
TIFFOpen: D:\work\vesuvius-c\.migration_scrollfiesta_public_v2\PHerc0139-10x10x10\cubes_RAW/z04352_y04096_x02944.tif: Cannot open.
TIFFOpen: D:\work\vesuvius-c\.migration_scrollfiesta_public_v2\PHerc0139-10x10x10\cubes_RAW/z04352_y04096_x03072.tif: Cannot open.
TIFFOpen: D:\work\vesuvius-c\.migration_scrollfiesta_public_v2\PHerc0139-10x10x10\cubes_RAW/z04480_y04096_x02944.tif: Cannot open.
TIFFOpen: D:\work\vesuvius-c\.migration_scrollfiesta_public_v2\PHerc0139-10x10x10\cubes_RAW/z04224_y04096_x02944.tif: Cannot open.
TIFFOpen: D:\work\vesuvius-c\.migration_scrollfiesta_public_v2\PHerc0139-10x10x10\cubes_RAW/z04352_y04096_x03200.tif: Cannot open.
TIFFOpen: D:\work\vesuvius-c\.migration_scrollfiesta_public_v2\PHerc0139-10x10x10\cubes_RAW/z04480_y04096_x03072.tif: Cannot open.
TIFFOpen: D:\work\vesuvius-c\.migration_scrollfiesta_public_v2\PHerc0139-10x10x10\cubes_RAW/z04224_y03968_x03200.tif: Cannot open.
TIFFOpen: D:\work\vesuvius-c\.migration_scrollfiesta_public_v2\PHerc0139-10x10x10\cubes_RAW/z04352_y04096_x03328.tif: Cannot open.
TIFFOpen: D:\work\vesuvius-c\.migration_scrollfiesta_public_v2\PHerc0139-10x10x10\cubes_RAW/z04224_y03968_x03328.tif: Cannot open.
TIFFOpen: D:\work\vesuvius-c\.migration_scrollfiesta_public_v2\PHerc0139-10x10x10\cubes_RAW/z04480_y04096_x03328.tif: Cannot open.
TIFFOpen: D:\work\vesuvius-c\.migration_scrollfiesta_public_v2\PHerc0139-10x10x10\cubes_RAW/z04352_y04096_x03456.tif: Cannot open.
TIFFOpen: D:\work\vesuvius-c\.migration_scrollfiesta_public_v2\PHerc0139-10x10x10\cubes_RAW/z04480_y02816_x02176.tif: Cannot open.
TIFFOpen: D:\work\vesuvius-c\.migration_scrollfiesta_public_v2\PHerc0139-10x10x10\cubes_RAW/z04480_y02688_x02304.tif: Cannot open.
TIFFOpen: D:\work\vesuvius-c\.migration_scrollfiesta_public_v2\PHerc0139-10x10x10\cubes_RAW/z04608_y02816_x02176.tif: Cannot open.
TIFFOpen: D:\work\vesuvius-c\.migration_scrollfiesta_public_v2\PHerc0139-10x10x10\cubes_RAW/z04480_y02688_x02432.tif: Cannot open.
TIFFOpen: D:\work\vesuvius-c\.migration_scrollfiesta_public_v2\PHerc0139-10x10x10\cubes_RAW/z04480_y02688_x02560.tif: Cannot open.
TIFFOpen: D:\work\vesuvius-c\.migration_scrollfiesta_public_v2\PHerc0139-10x10x10\cubes_RAW/z04608_y02688_x02688.tif: Cannot open.
TIFFOpen: D:\work\vesuvius-c\.migration_scrollfiesta_public_v2\PHerc0139-10x10x10\cubes_RAW/z04608_y02688_x02816.tif: Cannot open.
TIFFOpen: D:\work\vesuvius-c\.migration_scrollfiesta_public_v2\PHerc0139-10x10x10\cubes_RAW/z04480_y02688_x02944.tif: Cannot open.
TIFFOpen: D:\work\vesuvius-c\.migration_scrollfiesta_public_v2\PHerc0139-10x10x10\cubes_RAW/z04480_y02688_x03200.tif: Cannot open.
TIFFOpen: D:\work\vesuvius-c\.migration_scrollfiesta_public_v2\PHerc0139-10x10x10\cubes_RAW/z04608_y02688_x03200.tif: Cannot open.
TIFFOpen: D:\work\vesuvius-c\.migration_scrollfiesta_public_v2\PHerc0139-10x10x10\cubes_RAW/z04480_y02688_x03328.tif: Cannot open.
TIFFOpen: D:\work\vesuvius-c\.migration_scrollfiesta_public_v2\PHerc0139-10x10x10\cubes_RAW/z04480_y02816_x03584.tif: Cannot open.
TIFFOpen: D:\work\vesuvius-c\.migration_scrollfiesta_public_v2\PHerc0139-10x10x10\cubes_RAW/z04480_y02688_x03456.tif: Cannot open.
TIFFOpen: D:\work\vesuvius-c\.migration_scrollfiesta_public_v2\PHerc0139-10x10x10\cubes_RAW/z04480_y02688_x03584.tif: Cannot open.
TIFFOpen: D:\work\vesuvius-c\.migration_scrollfiesta_public_v2\PHerc0139-10x10x10\cubes_RAW/z04608_y02688_x03456.tif: Cannot open.
TIFFOpen: D:\work\vesuvius-c\.migration_scrollfiesta_public_v2\PHerc0139-10x10x10\cubes_RAW/z04480_y02944_x02176.tif: Cannot open.
TIFFOpen: D:\work\vesuvius-c\.migration_scrollfiesta_public_v2\PHerc0139-10x10x10\cubes_RAW/z04480_y02944_x03584.tif: Cannot open.
TIFFOpen: D:\work\vesuvius-c\.migration_scrollfiesta_public_v2\PHerc0139-10x10x10\cubes_RAW/z04480_y03072_x02176.tif: Cannot open.
TIFFOpen: D:\work\vesuvius-c\.migration_scrollfiesta_public_v2\PHerc0139-10x10x10\cubes_RAW/z04480_y03072_x03584.tif: Cannot open.
TIFFOpen: D:\work\vesuvius-c\.migration_scrollfiesta_public_v2\PHerc0139-10x10x10\cubes_RAW/z04608_y03072_x03584.tif: Cannot open.
TIFFOpen: D:\work\vesuvius-c\.migration_scrollfiesta_public_v2\PHerc0139-10x10x10\cubes_RAW/z04480_y03200_x02176.tif: Cannot open.
TIFFOpen: D:\work\vesuvius-c\.migration_scrollfiesta_public_v2\PHerc0139-10x10x10\cubes_RAW/z04480_y03328_x02176.tif: Cannot open.
TIFFOpen: D:\work\vesuvius-c\.migration_scrollfiesta_public_v2\PHerc0139-10x10x10\cubes_RAW/z04480_y03328_x03584.tif: Cannot open.
TIFFOpen: D:\work\vesuvius-c\.migration_scrollfiesta_public_v2\PHerc0139-10x10x10\cubes_RAW/z04480_y03456_x03584.tif: Cannot open.
TIFFOpen: D:\work\vesuvius-c\.migration_scrollfiesta_public_v2\PHerc0139-10x10x10\cubes_RAW/z04608_y03456_x03584.tif: Cannot open.
TIFFOpen: D:\work\vesuvius-c\.migration_scrollfiesta_public_v2\PHerc0139-10x10x10\cubes_RAW/z04480_y03584_x02176.tif: Cannot open.
TIFFOpen: D:\work\vesuvius-c\.migration_scrollfiesta_public_v2\PHerc0139-10x10x10\cubes_RAW/z04480_y03584_x03584.tif: Cannot open.
TIFFOpen: D:\work\vesuvius-c\.migration_scrollfiesta_public_v2\PHerc0139-10x10x10\cubes_RAW/z04480_y03712_x03584.tif: Cannot open.
TIFFOpen: D:\work\vesuvius-c\.migration_scrollfiesta_public_v2\PHerc0139-10x10x10\cubes_RAW/z04480_y03712_x02176.tif: Cannot open.
TIFFOpen: D:\work\vesuvius-c\.migration_scrollfiesta_public_v2\PHerc0139-10x10x10\cubes_RAW/z04480_y03840_x03584.tif: Cannot open.
TIFFOpen: D:\work\vesuvius-c\.migration_scrollfiesta_public_v2\PHerc0139-10x10x10\cubes_RAW/z04480_y03840_x02176.tif: Cannot open.
TIFFOpen: D:\work\vesuvius-c\.migration_scrollfiesta_public_v2\PHerc0139-10x10x10\cubes_RAW/z04480_y03968_x02176.tif: Cannot open.
TIFFOpen: D:\work\vesuvius-c\.migration_scrollfiesta_public_v2\PHerc0139-10x10x10\cubes_RAW/z04608_y04096_x02304.tif: Cannot open.
TIFFOpen: D:\work\vesuvius-c\.migration_scrollfiesta_public_v2\PHerc0139-10x10x10\cubes_RAW/z04480_y04096_x02176.tif: Cannot open.
TIFFOpen: D:\work\vesuvius-c\.migration_scrollfiesta_public_v2\PHerc0139-10x10x10\cubes_RAW/z04608_y04096_x02432.tif: Cannot open.
TIFFOpen: D:\work\vesuvius-c\.migration_scrollfiesta_public_v2\PHerc0139-10x10x10\cubes_RAW/z04480_y04096_x02688.tif: Cannot open.
TIFFOpen: D:\work\vesuvius-c\.migration_scrollfiesta_public_v2\PHerc0139-10x10x10\cubes_RAW/z04608_y04096_x02688.tif: Cannot open.
TIFFOpen: D:\work\vesuvius-c\.migration_scrollfiesta_public_v2\PHerc0139-10x10x10\cubes_RAW/z04480_y04096_x02816.tif: Cannot open.
TIFFOpen: D:\work\vesuvius-c\.migration_scrollfiesta_public_v2\PHerc0139-10x10x10\cubes_RAW/z04608_y04096_x02816.tif: Cannot open.
TIFFOpen: D:\work\vesuvius-c\.migration_scrollfiesta_public_v2\PHerc0139-10x10x10\cubes_RAW/z04608_y04096_x02944.tif: Cannot open.
TIFFOpen: D:\work\vesuvius-c\.migration_scrollfiesta_public_v2\PHerc0139-10x10x10\cubes_RAW/z04608_y04096_x03072.tif: Cannot open.
TIFFOpen: D:\work\vesuvius-c\.migration_scrollfiesta_public_v2\PHerc0139-10x10x10\cubes_RAW/z04480_y04096_x03200.tif: Cannot open.
TIFFOpen: D:\work\vesuvius-c\.migration_scrollfiesta_public_v2\PHerc0139-10x10x10\cubes_RAW/z04480_y03968_x03584.tif: Cannot open.
TIFFOpen: D:\work\vesuvius-c\.migration_scrollfiesta_public_v2\PHerc0139-10x10x10\cubes_RAW/z04480_y04096_x03456.tif: Cannot open.
TIFFOpen: D:\work\vesuvius-c\.migration_scrollfiesta_public_v2\PHerc0139-10x10x10\cubes_RAW/z04608_y04096_x03456.tif: Cannot open.
TIFFOpen: D:\work\vesuvius-c\.migration_scrollfiesta_public_v2\PHerc0139-10x10x10\cubes_RAW/z04608_y02688_x02304.tif: Cannot open.
TIFFOpen: D:\work\vesuvius-c\.migration_scrollfiesta_public_v2\PHerc0139-10x10x10\cubes_RAW/z04608_y02688_x02176.tif: Cannot open.
TIFFOpen: D:\work\vesuvius-c\.migration_scrollfiesta_public_v2\PHerc0139-10x10x10\cubes_RAW/z04608_y02688_x02432.tif: Cannot open.
TIFFOpen: D:\work\vesuvius-c\.migration_scrollfiesta_public_v2\PHerc0139-10x10x10\cubes_RAW/z04736_y02688_x02432.tif: Cannot open.
TIFFOpen: D:\work\vesuvius-c\.migration_scrollfiesta_public_v2\PHerc0139-10x10x10\cubes_RAW/z04608_y02688_x02560.tif: Cannot open.
TIFFOpen: D:\work\vesuvius-c\.migration_scrollfiesta_public_v2\PHerc0139-10x10x10\cubes_RAW/z04736_y02688_x02560.tif: Cannot open.
TIFFOpen: D:\work\vesuvius-c\.migration_scrollfiesta_public_v2\PHerc0139-10x10x10\cubes_RAW/z04736_y02688_x02688.tif: Cannot open.
TIFFOpen: D:\work\vesuvius-c\.migration_scrollfiesta_public_v2\PHerc0139-10x10x10\cubes_RAW/z04608_y02688_x02944.tif: Cannot open.
TIFFOpen: D:\work\vesuvius-c\.migration_scrollfiesta_public_v2\PHerc0139-10x10x10\cubes_RAW/z04736_y02688_x02816.tif: Cannot open.
TIFFOpen: D:\work\vesuvius-c\.migration_scrollfiesta_public_v2\PHerc0139-10x10x10\cubes_RAW/z04608_y02688_x03072.tif: Cannot open.
TIFFOpen: D:\work\vesuvius-c\.migration_scrollfiesta_public_v2\PHerc0139-10x10x10\cubes_RAW/z04736_y02688_x03072.tif: Cannot open.
TIFFOpen: D:\work\vesuvius-c\.migration_scrollfiesta_public_v2\PHerc0139-10x10x10\cubes_RAW/z04608_y02688_x03328.tif: Cannot open.
TIFFOpen: D:\work\vesuvius-c\.migration_scrollfiesta_public_v2\PHerc0139-10x10x10\cubes_RAW/z04736_y02688_x03328.tif: Cannot open.
TIFFOpen: D:\work\vesuvius-c\.migration_scrollfiesta_public_v2\PHerc0139-10x10x10\cubes_RAW/z04608_y02816_x03584.tif: Cannot open.
TIFFOpen: D:\work\vesuvius-c\.migration_scrollfiesta_public_v2\PHerc0139-10x10x10\cubes_RAW/z04608_y02944_x02176.tif: Cannot open.
TIFFOpen: D:\work\vesuvius-c\.migration_scrollfiesta_public_v2\PHerc0139-10x10x10\cubes_RAW/z04608_y02944_x03584.tif: Cannot open.
TIFFOpen: D:\work\vesuvius-c\.migration_scrollfiesta_public_v2\PHerc0139-10x10x10\cubes_RAW/z04608_y03072_x02176.tif: Cannot open.
TIFFOpen: D:\work\vesuvius-c\.migration_scrollfiesta_public_v2\PHerc0139-10x10x10\cubes_RAW/z04608_y03200_x03584.tif: Cannot open.
TIFFOpen: D:\work\vesuvius-c\.migration_scrollfiesta_public_v2\PHerc0139-10x10x10\cubes_RAW/z04608_y03200_x02176.tif: Cannot open.
TIFFOpen: D:\work\vesuvius-c\.migration_scrollfiesta_public_v2\PHerc0139-10x10x10\cubes_RAW/z04608_y03328_x02176.tif: Cannot open.
TIFFOpen: D:\work\vesuvius-c\.migration_scrollfiesta_public_v2\PHerc0139-10x10x10\cubes_RAW/z04608_y03328_x03584.tif: Cannot open.
TIFFOpen: D:\work\vesuvius-c\.migration_scrollfiesta_public_v2\PHerc0139-10x10x10\cubes_RAW/z04608_y03456_x02176.tif: Cannot open.
TIFFOpen: D:\work\vesuvius-c\.migration_scrollfiesta_public_v2\PHerc0139-10x10x10\cubes_RAW/z04736_y03456_x03584.tif: Cannot open.
TIFFOpen: D:\work\vesuvius-c\.migration_scrollfiesta_public_v2\PHerc0139-10x10x10\cubes_RAW/z04608_y03584_x02176.tif: Cannot open.
TIFFOpen: D:\work\vesuvius-c\.migration_scrollfiesta_public_v2\PHerc0139-10x10x10\cubes_RAW/z04608_y03584_x03584.tif: Cannot open.
TIFFOpen: D:\work\vesuvius-c\.migration_scrollfiesta_public_v2\PHerc0139-10x10x10\cubes_RAW/z04608_y03712_x03584.tif: Cannot open.
TIFFOpen: D:\work\vesuvius-c\.migration_scrollfiesta_public_v2\PHerc0139-10x10x10\cubes_RAW/z04608_y03712_x02176.tif: Cannot open.
TIFFOpen: D:\work\vesuvius-c\.migration_scrollfiesta_public_v2\PHerc0139-10x10x10\cubes_RAW/z04608_y03840_x02176.tif: Cannot open.
TIFFOpen: D:\work\vesuvius-c\.migration_scrollfiesta_public_v2\PHerc0139-10x10x10\cubes_RAW/z04608_y03840_x03584.tif: Cannot open.
TIFFOpen: D:\work\vesuvius-c\.migration_scrollfiesta_public_v2\PHerc0139-10x10x10\cubes_RAW/z04608_y03968_x02176.tif: Cannot open.
TIFFOpen: D:\work\vesuvius-c\.migration_scrollfiesta_public_v2\PHerc0139-10x10x10\cubes_RAW/z04736_y04096_x02304.tif: Cannot open.
TIFFOpen: D:\work\vesuvius-c\.migration_scrollfiesta_public_v2\PHerc0139-10x10x10\cubes_RAW/z04608_y04096_x02560.tif: Cannot open.
TIFFOpen: D:\work\vesuvius-c\.migration_scrollfiesta_public_v2\PHerc0139-10x10x10\cubes_RAW/z04736_y04096_x02560.tif: Cannot open.
TIFFOpen: D:\work\vesuvius-c\.migration_scrollfiesta_public_v2\PHerc0139-10x10x10\cubes_RAW/z04736_y04096_x02688.tif: Cannot open.
TIFFOpen: D:\work\vesuvius-c\.migration_scrollfiesta_public_v2\PHerc0139-10x10x10\cubes_RAW/z04608_y04096_x03200.tif: Cannot open.
TIFFOpen: D:\work\vesuvius-c\.migration_scrollfiesta_public_v2\PHerc0139-10x10x10\cubes_RAW/z04608_y04096_x03328.tif: Cannot open.
TIFFOpen: D:\work\vesuvius-c\.migration_scrollfiesta_public_v2\PHerc0139-10x10x10\cubes_RAW/z04736_y04096_x03328.tif: Cannot open.
TIFFOpen: D:\work\vesuvius-c\.migration_scrollfiesta_public_v2\PHerc0139-10x10x10\cubes_RAW/z04608_y03968_x03584.tif: Cannot open.
TIFFOpen: D:\work\vesuvius-c\.migration_scrollfiesta_public_v2\PHerc0139-10x10x10\cubes_RAW/z04736_y04096_x03456.tif: Cannot open.
TIFFOpen: D:\work\vesuvius-c\.migration_scrollfiesta_public_v2\PHerc0139-10x10x10\cubes_RAW/z04736_y02816_x02176.tif: Cannot open.
TIFFOpen: D:\work\vesuvius-c\.migration_scrollfiesta_public_v2\PHerc0139-10x10x10\cubes_RAW/z04736_y02688_x02304.tif: Cannot open.
TIFFOpen: D:\work\vesuvius-c\.migration_scrollfiesta_public_v2\PHerc0139-10x10x10\cubes_RAW/z04864_y02688_x02688.tif: Cannot open.
TIFFOpen: D:\work\vesuvius-c\.migration_scrollfiesta_public_v2\PHerc0139-10x10x10\cubes_RAW/z04736_y02688_x02944.tif: Cannot open.
TIFFOpen: D:\work\vesuvius-c\.migration_scrollfiesta_public_v2\PHerc0139-10x10x10\cubes_RAW/z04864_y02688_x02816.tif: Cannot open.
TIFFOpen: D:\work\vesuvius-c\.migration_scrollfiesta_public_v2\PHerc0139-10x10x10\cubes_RAW/z04864_y02688_x02944.tif: Cannot open.
TIFFOpen: D:\work\vesuvius-c\.migration_scrollfiesta_public_v2\PHerc0139-10x10x10\cubes_RAW/z04736_y02688_x03200.tif: Cannot open.
TIFFOpen: D:\work\vesuvius-c\.migration_scrollfiesta_public_v2\PHerc0139-10x10x10\cubes_RAW/z04864_y02688_x03200.tif: Cannot open.
TIFFOpen: D:\work\vesuvius-c\.migration_scrollfiesta_public_v2\PHerc0139-10x10x10\cubes_RAW/z04736_y02816_x03584.tif: Cannot open.
TIFFOpen: D:\work\vesuvius-c\.migration_scrollfiesta_public_v2\PHerc0139-10x10x10\cubes_RAW/z04736_y02688_x03456.tif: Cannot open.
TIFFOpen: D:\work\vesuvius-c\.migration_scrollfiesta_public_v2\PHerc0139-10x10x10\cubes_RAW/z04864_y02688_x03456.tif: Cannot open.
TIFFOpen: D:\work\vesuvius-c\.migration_scrollfiesta_public_v2\PHerc0139-10x10x10\cubes_RAW/z04736_y02944_x02176.tif: Cannot open.
TIFFOpen: D:\work\vesuvius-c\.migration_scrollfiesta_public_v2\PHerc0139-10x10x10\cubes_RAW/z04736_y02944_x03584.tif: Cannot open.
TIFFOpen: D:\work\vesuvius-c\.migration_scrollfiesta_public_v2\PHerc0139-10x10x10\cubes_RAW/z04736_y03072_x02176.tif: Cannot open.
TIFFOpen: D:\work\vesuvius-c\.migration_scrollfiesta_public_v2\PHerc0139-10x10x10\cubes_RAW/z04736_y03072_x03584.tif: Cannot open.
TIFFOpen: D:\work\vesuvius-c\.migration_scrollfiesta_public_v2\PHerc0139-10x10x10\cubes_RAW/z04736_y03200_x03584.tif: Cannot open.
TIFFOpen: D:\work\vesuvius-c\.migration_scrollfiesta_public_v2\PHerc0139-10x10x10\cubes_RAW/z04736_y03200_x02176.tif: Cannot open.
TIFFOpen: D:\work\vesuvius-c\.migration_scrollfiesta_public_v2\PHerc0139-10x10x10\cubes_RAW/z04864_y03072_x03584.tif: Cannot open.
TIFFOpen: D:\work\vesuvius-c\.migration_scrollfiesta_public_v2\PHerc0139-10x10x10\cubes_RAW/z04864_y03200_x03584.tif: Cannot open.
TIFFOpen: D:\work\vesuvius-c\.migration_scrollfiesta_public_v2\PHerc0139-10x10x10\cubes_RAW/z04736_y03328_x02176.tif: Cannot open.
TIFFOpen: D:\work\vesuvius-c\.migration_scrollfiesta_public_v2\PHerc0139-10x10x10\cubes_RAW/z04736_y03456_x02176.tif: Cannot open.
TIFFOpen: D:\work\vesuvius-c\.migration_scrollfiesta_public_v2\PHerc0139-10x10x10\cubes_RAW/z04864_y03456_x03584.tif: Cannot open.
TIFFOpen: D:\work\vesuvius-c\.migration_scrollfiesta_public_v2\PHerc0139-10x10x10\cubes_RAW/z04736_y03584_x02176.tif: Cannot open.
TIFFOpen: D:\work\vesuvius-c\.migration_scrollfiesta_public_v2\PHerc0139-10x10x10\cubes_RAW/z04736_y03584_x03584.tif: Cannot open.
TIFFOpen: D:\work\vesuvius-c\.migration_scrollfiesta_public_v2\PHerc0139-10x10x10\cubes_RAW/z04736_y03712_x03584.tif: Cannot open.
TIFFOpen: D:\work\vesuvius-c\.migration_scrollfiesta_public_v2\PHerc0139-10x10x10\cubes_RAW/z04736_y03712_x02176.tif: Cannot open.
TIFFOpen: D:\work\vesuvius-c\.migration_scrollfiesta_public_v2\PHerc0139-10x10x10\cubes_RAW/z04736_y03840_x02176.tif: Cannot open.
TIFFOpen: D:\work\vesuvius-c\.migration_scrollfiesta_public_v2\PHerc0139-10x10x10\cubes_RAW/z04736_y03840_x03584.tif: Cannot open.
TIFFOpen: D:\work\vesuvius-c\.migration_scrollfiesta_public_v2\PHerc0139-10x10x10\cubes_RAW/z04736_y03968_x03584.tif: Cannot open.
TIFFOpen: D:\work\vesuvius-c\.migration_scrollfiesta_public_v2\PHerc0139-10x10x10\cubes_RAW/z04736_y03968_x02176.tif: Cannot open.
TIFFOpen: D:\work\vesuvius-c\.migration_scrollfiesta_public_v2\PHerc0139-10x10x10\cubes_RAW/z04864_y04096_x02304.tif: Cannot open.
TIFFOpen: D:\work\vesuvius-c\.migration_scrollfiesta_public_v2\PHerc0139-10x10x10\cubes_RAW/z04736_y04096_x02432.tif: Cannot open.
TIFFOpen: D:\work\vesuvius-c\.migration_scrollfiesta_public_v2\PHerc0139-10x10x10\cubes_RAW/z04864_y04096_x02560.tif: Cannot open.
TIFFOpen: D:\work\vesuvius-c\.migration_scrollfiesta_public_v2\PHerc0139-10x10x10\cubes_RAW/z04864_y04096_x02688.tif: Cannot open.
TIFFOpen: D:\work\vesuvius-c\.migration_scrollfiesta_public_v2\PHerc0139-10x10x10\cubes_RAW/z04736_y04096_x02816.tif: Cannot open.
TIFFOpen: D:\work\vesuvius-c\.migration_scrollfiesta_public_v2\PHerc0139-10x10x10\cubes_RAW/z04864_y04096_x02816.tif: Cannot open.
TIFFOpen: D:\work\vesuvius-c\.migration_scrollfiesta_public_v2\PHerc0139-10x10x10\cubes_RAW/z04736_y04096_x02944.tif: Cannot open.
TIFFOpen: D:\work\vesuvius-c\.migration_scrollfiesta_public_v2\PHerc0139-10x10x10\cubes_RAW/z04864_y04096_x02944.tif: Cannot open.
TIFFOpen: D:\work\vesuvius-c\.migration_scrollfiesta_public_v2\PHerc0139-10x10x10\cubes_RAW/z04736_y04096_x03072.tif: Cannot open.
TIFFOpen: D:\work\vesuvius-c\.migration_scrollfiesta_public_v2\PHerc0139-10x10x10\cubes_RAW/z04864_y04096_x03072.tif: Cannot open.
TIFFOpen: D:\work\vesuvius-c\.migration_scrollfiesta_public_v2\PHerc0139-10x10x10\cubes_RAW/z04736_y04096_x03200.tif: Cannot open.
TIFFOpen: D:\work\vesuvius-c\.migration_scrollfiesta_public_v2\PHerc0139-10x10x10\cubes_RAW/z04864_y04096_x03200.tif: Cannot open.
TIFFOpen: D:\work\vesuvius-c\.migration_scrollfiesta_public_v2\PHerc0139-10x10x10\cubes_RAW/z04736_y04096_x03584.tif: Cannot open.
TIFFOpen: D:\work\vesuvius-c\.migration_scrollfiesta_public_v2\PHerc0139-10x10x10\cubes_RAW/z04864_y02816_x02176.tif: Cannot open.
TIFFOpen: D:\work\vesuvius-c\.migration_scrollfiesta_public_v2\PHerc0139-10x10x10\cubes_RAW/z04864_y02688_x02304.tif: Cannot open.
TIFFOpen: D:\work\vesuvius-c\.migration_scrollfiesta_public_v2\PHerc0139-10x10x10\cubes_RAW/z04864_y02688_x02176.tif: Cannot open.
TIFFOpen: D:\work\vesuvius-c\.migration_scrollfiesta_public_v2\PHerc0139-10x10x10\cubes_RAW/z04992_y02688_x02304.tif: Cannot open.
TIFFOpen: D:\work\vesuvius-c\.migration_scrollfiesta_public_v2\PHerc0139-10x10x10\cubes_RAW/z04864_y02688_x02432.tif: Cannot open.
TIFFOpen: D:\work\vesuvius-c\.migration_scrollfiesta_public_v2\PHerc0139-10x10x10\cubes_RAW/z04864_y02688_x02560.tif: Cannot open.
TIFFOpen: D:\work\vesuvius-c\.migration_scrollfiesta_public_v2\PHerc0139-10x10x10\cubes_RAW/z04992_y02688_x02560.tif: Cannot open.
TIFFOpen: D:\work\vesuvius-c\.migration_scrollfiesta_public_v2\PHerc0139-10x10x10\cubes_RAW/z04992_y02688_x02688.tif: Cannot open.
TIFFOpen: D:\work\vesuvius-c\.migration_scrollfiesta_public_v2\PHerc0139-10x10x10\cubes_RAW/z04864_y02688_x03072.tif: Cannot open.
TIFFOpen: D:\work\vesuvius-c\.migration_scrollfiesta_public_v2\PHerc0139-10x10x10\cubes_RAW/z04864_y02688_x03328.tif: Cannot open.
TIFFOpen: D:\work\vesuvius-c\.migration_scrollfiesta_public_v2\PHerc0139-10x10x10\cubes_RAW/z04864_y02816_x03584.tif: Cannot open.
TIFFOpen: D:\work\vesuvius-c\.migration_scrollfiesta_public_v2\PHerc0139-10x10x10\cubes_RAW/z04864_y02944_x03584.tif: Cannot open.
TIFFOpen: D:\work\vesuvius-c\.migration_scrollfiesta_public_v2\PHerc0139-10x10x10\cubes_RAW/z04864_y02944_x02176.tif: Cannot open.
TIFFOpen: D:\work\vesuvius-c\.migration_scrollfiesta_public_v2\PHerc0139-10x10x10\cubes_RAW/z04864_y03072_x02176.tif: Cannot open.
TIFFOpen: D:\work\vesuvius-c\.migration_scrollfiesta_public_v2\PHerc0139-10x10x10\cubes_RAW/z04992_y03072_x03584.tif: Cannot open.
TIFFOpen: D:\work\vesuvius-c\.migration_scrollfiesta_public_v2\PHerc0139-10x10x10\cubes_RAW/z04864_y03200_x02176.tif: Cannot open.
TIFFOpen: D:\work\vesuvius-c\.migration_scrollfiesta_public_v2\PHerc0139-10x10x10\cubes_RAW/z04864_y03328_x02176.tif: Cannot open.
TIFFOpen: D:\work\vesuvius-c\.migration_scrollfiesta_public_v2\PHerc0139-10x10x10\cubes_RAW/z04864_y03328_x03584.tif: Cannot open.
TIFFOpen: D:\work\vesuvius-c\.migration_scrollfiesta_public_v2\PHerc0139-10x10x10\cubes_RAW/z04992_y03328_x03584.tif: Cannot open.
TIFFOpen: D:\work\vesuvius-c\.migration_scrollfiesta_public_v2\PHerc0139-10x10x10\cubes_RAW/z04864_y03456_x02176.tif: Cannot open.
TIFFOpen: D:\work\vesuvius-c\.migration_scrollfiesta_public_v2\PHerc0139-10x10x10\cubes_RAW/z04864_y03584_x03584.tif: Cannot open.
TIFFOpen: D:\work\vesuvius-c\.migration_scrollfiesta_public_v2\PHerc0139-10x10x10\cubes_RAW/z04864_y03584_x02176.tif: Cannot open.
TIFFOpen: D:\work\vesuvius-c\.migration_scrollfiesta_public_v2\PHerc0139-10x10x10\cubes_RAW/z04864_y03712_x03584.tif: Cannot open.
TIFFOpen: D:\work\vesuvius-c\.migration_scrollfiesta_public_v2\PHerc0139-10x10x10\cubes_RAW/z04864_y03712_x02176.tif: Cannot open.
TIFFOpen: D:\work\vesuvius-c\.migration_scrollfiesta_public_v2\PHerc0139-10x10x10\cubes_RAW/z04864_y03840_x03584.tif: Cannot open.
TIFFOpen: D:\work\vesuvius-c\.migration_scrollfiesta_public_v2\PHerc0139-10x10x10\cubes_RAW/z04864_y03840_x02176.tif: Cannot open.
TIFFOpen: D:\work\vesuvius-c\.migration_scrollfiesta_public_v2\PHerc0139-10x10x10\cubes_RAW/z04864_y03968_x02176.tif: Cannot open.
TIFFOpen: D:\work\vesuvius-c\.migration_scrollfiesta_public_v2\PHerc0139-10x10x10\cubes_RAW/z04864_y03968_x03584.tif: Cannot open.
TIFFOpen: D:\work\vesuvius-c\.migration_scrollfiesta_public_v2\PHerc0139-10x10x10\cubes_RAW/z04992_y04096_x02304.tif: Cannot open.
TIFFOpen: D:\work\vesuvius-c\.migration_scrollfiesta_public_v2\PHerc0139-10x10x10\cubes_RAW/z04864_y04096_x02432.tif: Cannot open.
TIFFOpen: D:\work\vesuvius-c\.migration_scrollfiesta_public_v2\PHerc0139-10x10x10\cubes_RAW/z04992_y04096_x02432.tif: Cannot open.
TIFFOpen: D:\work\vesuvius-c\.migration_scrollfiesta_public_v2\PHerc0139-10x10x10\cubes_RAW/z04992_y04096_x02560.tif: Cannot open.
TIFFOpen: D:\work\vesuvius-c\.migration_scrollfiesta_public_v2\PHerc0139-10x10x10\cubes_RAW/z04992_y04096_x03072.tif: Cannot open.
TIFFOpen: D:\work\vesuvius-c\.migration_scrollfiesta_public_v2\PHerc0139-10x10x10\cubes_RAW/z04992_y04096_x03200.tif: Cannot open.
TIFFOpen: D:\work\vesuvius-c\.migration_scrollfiesta_public_v2\PHerc0139-10x10x10\cubes_RAW/z04864_y04096_x03328.tif: Cannot open.
TIFFOpen: D:\work\vesuvius-c\.migration_scrollfiesta_public_v2\PHerc0139-10x10x10\cubes_RAW/z04992_y04096_x03328.tif: Cannot open.
TIFFOpen: D:\work\vesuvius-c\.migration_scrollfiesta_public_v2\PHerc0139-10x10x10\cubes_RAW/z04864_y04096_x03456.tif: Cannot open.
TIFFOpen: D:\work\vesuvius-c\.migration_scrollfiesta_public_v2\PHerc0139-10x10x10\cubes_RAW/z04992_y04096_x03456.tif: Cannot open.
TIFFOpen: D:\work\vesuvius-c\.migration_scrollfiesta_public_v2\PHerc0139-10x10x10\cubes_RAW/z04864_y04096_x03584.tif: Cannot open.
TIFFOpen: D:\work\vesuvius-c\.migration_scrollfiesta_public_v2\PHerc0139-10x10x10\cubes_RAW/z04992_y02816_x02176.tif: Cannot open.
TIFFOpen: D:\work\vesuvius-c\.migration_scrollfiesta_public_v2\PHerc0139-10x10x10\cubes_RAW/z04992_y02688_x02432.tif: Cannot open.
TIFFOpen: D:\work\vesuvius-c\.migration_scrollfiesta_public_v2\PHerc0139-10x10x10\cubes_RAW/z04992_y02688_x02176.tif: Cannot open.
TIFFOpen: D:\work\vesuvius-c\.migration_scrollfiesta_public_v2\PHerc0139-10x10x10\cubes_RAW/z05120_y02688_x02304.tif: Cannot open.
TIFFOpen: D:\work\vesuvius-c\.migration_scrollfiesta_public_v2\PHerc0139-10x10x10\cubes_RAW/z05120_y02688_x02432.tif: Cannot open.
TIFFOpen: D:\work\vesuvius-c\.migration_scrollfiesta_public_v2\PHerc0139-10x10x10\cubes_RAW/z05120_y02688_x02560.tif: Cannot open.
TIFFOpen: D:\work\vesuvius-c\.migration_scrollfiesta_public_v2\PHerc0139-10x10x10\cubes_RAW/z05120_y02688_x02688.tif: Cannot open.
TIFFOpen: D:\work\vesuvius-c\.migration_scrollfiesta_public_v2\PHerc0139-10x10x10\cubes_RAW/z04992_y02688_x02816.tif: Cannot open.
TIFFOpen: D:\work\vesuvius-c\.migration_scrollfiesta_public_v2\PHerc0139-10x10x10\cubes_RAW/z04992_y02688_x02944.tif: Cannot open.
TIFFOpen: D:\work\vesuvius-c\.migration_scrollfiesta_public_v2\PHerc0139-10x10x10\cubes_RAW/z05120_y02688_x02944.tif: Cannot open.
TIFFOpen: D:\work\vesuvius-c\.migration_scrollfiesta_public_v2\PHerc0139-10x10x10\cubes_RAW/z04992_y02688_x03072.tif: Cannot open.
TIFFOpen: D:\work\vesuvius-c\.migration_scrollfiesta_public_v2\PHerc0139-10x10x10\cubes_RAW/z05120_y02688_x03072.tif: Cannot open.
TIFFOpen: D:\work\vesuvius-c\.migration_scrollfiesta_public_v2\PHerc0139-10x10x10\cubes_RAW/z04992_y02688_x03200.tif: Cannot open.
TIFFOpen: D:\work\vesuvius-c\.migration_scrollfiesta_public_v2\PHerc0139-10x10x10\cubes_RAW/z05120_y02688_x03200.tif: Cannot open.
TIFFOpen: D:\work\vesuvius-c\.migration_scrollfiesta_public_v2\PHerc0139-10x10x10\cubes_RAW/z04992_y02688_x03328.tif: Cannot open.
TIFFOpen: D:\work\vesuvius-c\.migration_scrollfiesta_public_v2\PHerc0139-10x10x10\cubes_RAW/z04992_y02816_x03584.tif: Cannot open.
TIFFOpen: D:\work\vesuvius-c\.migration_scrollfiesta_public_v2\PHerc0139-10x10x10\cubes_RAW/z04992_y02944_x03584.tif: Cannot open.
TIFFOpen: D:\work\vesuvius-c\.migration_scrollfiesta_public_v2\PHerc0139-10x10x10\cubes_RAW/z04992_y02688_x03456.tif: Cannot open.
TIFFOpen: D:\work\vesuvius-c\.migration_scrollfiesta_public_v2\PHerc0139-10x10x10\cubes_RAW/z05120_y02688_x03456.tif: Cannot open.
TIFFOpen: D:\work\vesuvius-c\.migration_scrollfiesta_public_v2\PHerc0139-10x10x10\cubes_RAW/z04992_y02944_x02176.tif: Cannot open.
TIFFOpen: D:\work\vesuvius-c\.migration_scrollfiesta_public_v2\PHerc0139-10x10x10\cubes_RAW/z05120_y02944_x02176.tif: Cannot open.
TIFFOpen: D:\work\vesuvius-c\.migration_scrollfiesta_public_v2\PHerc0139-10x10x10\cubes_RAW/z04992_y03072_x02176.tif: Cannot open.
TIFFOpen: D:\work\vesuvius-c\.migration_scrollfiesta_public_v2\PHerc0139-10x10x10\cubes_RAW/z04992_y03200_x02176.tif: Cannot open.
TIFFOpen: D:\work\vesuvius-c\.migration_scrollfiesta_public_v2\PHerc0139-10x10x10\cubes_RAW/z05120_y03200_x02176.tif: Cannot open.
TIFFOpen: D:\work\vesuvius-c\.migration_scrollfiesta_public_v2\PHerc0139-10x10x10\cubes_RAW/z04992_y03200_x03584.tif: Cannot open.
TIFFOpen: D:\work\vesuvius-c\.migration_scrollfiesta_public_v2\PHerc0139-10x10x10\cubes_RAW/z04992_y03328_x02176.tif: Cannot open.
TIFFOpen: D:\work\vesuvius-c\.migration_scrollfiesta_public_v2\PHerc0139-10x10x10\cubes_RAW/z04992_y03456_x03584.tif: Cannot open.
TIFFOpen: D:\work\vesuvius-c\.migration_scrollfiesta_public_v2\PHerc0139-10x10x10\cubes_RAW/z04992_y03456_x02176.tif: Cannot open.
TIFFOpen: D:\work\vesuvius-c\.migration_scrollfiesta_public_v2\PHerc0139-10x10x10\cubes_RAW/z04992_y03584_x02176.tif: Cannot open.
TIFFOpen: D:\work\vesuvius-c\.migration_scrollfiesta_public_v2\PHerc0139-10x10x10\cubes_RAW/z04992_y03584_x03584.tif: Cannot open.
TIFFOpen: D:\work\vesuvius-c\.migration_scrollfiesta_public_v2\PHerc0139-10x10x10\cubes_RAW/z04992_y03712_x02176.tif: Cannot open.
TIFFOpen: D:\work\vesuvius-c\.migration_scrollfiesta_public_v2\PHerc0139-10x10x10\cubes_RAW/z04992_y03712_x03584.tif: Cannot open.
TIFFOpen: D:\work\vesuvius-c\.migration_scrollfiesta_public_v2\PHerc0139-10x10x10\cubes_RAW/z04992_y03840_x03584.tif: Cannot open.
TIFFOpen: D:\work\vesuvius-c\.migration_scrollfiesta_public_v2\PHerc0139-10x10x10\cubes_RAW/z04992_y03840_x02176.tif: Cannot open.
TIFFOpen: D:\work\vesuvius-c\.migration_scrollfiesta_public_v2\PHerc0139-10x10x10\cubes_RAW/z04992_y03968_x03584.tif: Cannot open.
TIFFOpen: D:\work\vesuvius-c\.migration_scrollfiesta_public_v2\PHerc0139-10x10x10\cubes_RAW/z04992_y03968_x02176.tif: Cannot open.
TIFFOpen: D:\work\vesuvius-c\.migration_scrollfiesta_public_v2\PHerc0139-10x10x10\cubes_RAW/z05120_y04096_x02304.tif: Cannot open.
TIFFOpen: D:\work\vesuvius-c\.migration_scrollfiesta_public_v2\PHerc0139-10x10x10\cubes_RAW/z04992_y04096_x02176.tif: Cannot open.
TIFFOpen: D:\work\vesuvius-c\.migration_scrollfiesta_public_v2\PHerc0139-10x10x10\cubes_RAW/z05120_y04096_x02432.tif: Cannot open.
TIFFOpen: D:\work\vesuvius-c\.migration_scrollfiesta_public_v2\PHerc0139-10x10x10\cubes_RAW/z04992_y04096_x02688.tif: Cannot open.
TIFFOpen: D:\work\vesuvius-c\.migration_scrollfiesta_public_v2\PHerc0139-10x10x10\cubes_RAW/z05120_y04096_x02560.tif: Cannot open.
TIFFOpen: D:\work\vesuvius-c\.migration_scrollfiesta_public_v2\PHerc0139-10x10x10\cubes_RAW/z04992_y04096_x02816.tif: Cannot open.
TIFFOpen: D:\work\vesuvius-c\.migration_scrollfiesta_public_v2\PHerc0139-10x10x10\cubes_RAW/z04992_y04096_x02944.tif: Cannot open.
TIFFOpen: D:\work\vesuvius-c\.migration_scrollfiesta_public_v2\PHerc0139-10x10x10\cubes_RAW/z05120_y04096_x02944.tif: Cannot open.
TIFFOpen: D:\work\vesuvius-c\.migration_scrollfiesta_public_v2\PHerc0139-10x10x10\cubes_RAW/z05120_y04096_x03072.tif: Cannot open.
TIFFOpen: D:\work\vesuvius-c\.migration_scrollfiesta_public_v2\PHerc0139-10x10x10\cubes_RAW/z05120_y04096_x03200.tif: Cannot open.
TIFFOpen: D:\work\vesuvius-c\.migration_scrollfiesta_public_v2\PHerc0139-10x10x10\cubes_RAW/z05120_y04096_x03328.tif: Cannot open.
TIFFOpen: D:\work\vesuvius-c\.migration_scrollfiesta_public_v2\PHerc0139-10x10x10\cubes_RAW/z05120_y04096_x03456.tif: Cannot open.
TIFFOpen: D:\work\vesuvius-c\.migration_scrollfiesta_public_v2\PHerc0139-10x10x10\cubes_RAW/z04992_y04096_x03584.tif: Cannot open.
TIFFOpen: D:\work\vesuvius-c\.migration_scrollfiesta_public_v2\PHerc0139-10x10x10\cubes_RAW/z05120_y02816_x02176.tif: Cannot open.
TIFFOpen: D:\work\vesuvius-c\.migration_scrollfiesta_public_v2\PHerc0139-10x10x10\cubes_RAW/z05120_y02688_x02176.tif: Cannot open.
TIFFOpen: D:\work\vesuvius-c\.migration_scrollfiesta_public_v2\PHerc0139-10x10x10\cubes_RAW/z05248_y02688_x02432.tif: Cannot open.
TIFFOpen: D:\work\vesuvius-c\.migration_scrollfiesta_public_v2\PHerc0139-10x10x10\cubes_RAW/z05248_y02688_x02560.tif: Cannot open.
TIFFOpen: D:\work\vesuvius-c\.migration_scrollfiesta_public_v2\PHerc0139-10x10x10\cubes_RAW/z05120_y02688_x02816.tif: Cannot open.
TIFFOpen: D:\work\vesuvius-c\.migration_scrollfiesta_public_v2\PHerc0139-10x10x10\cubes_RAW/z05248_y02688_x02816.tif: Cannot open.
TIFFOpen: D:\work\vesuvius-c\.migration_scrollfiesta_public_v2\PHerc0139-10x10x10\cubes_RAW/z05120_y02688_x03328.tif: Cannot open.
TIFFOpen: D:\work\vesuvius-c\.migration_scrollfiesta_public_v2\PHerc0139-10x10x10\cubes_RAW/z05120_y02816_x03584.tif: Cannot open.
TIFFOpen: D:\work\vesuvius-c\.migration_scrollfiesta_public_v2\PHerc0139-10x10x10\cubes_RAW/z05120_y02944_x03584.tif: Cannot open.
TIFFOpen: D:\work\vesuvius-c\.migration_scrollfiesta_public_v2\PHerc0139-10x10x10\cubes_RAW/z05120_y03072_x02176.tif: Cannot open.
TIFFOpen: D:\work\vesuvius-c\.migration_scrollfiesta_public_v2\PHerc0139-10x10x10\cubes_RAW/z05120_y03072_x03584.tif: Cannot open.
TIFFOpen: D:\work\vesuvius-c\.migration_scrollfiesta_public_v2\PHerc0139-10x10x10\cubes_RAW/z05120_y03200_x03584.tif: Cannot open.
TIFFOpen: D:\work\vesuvius-c\.migration_scrollfiesta_public_v2\PHerc0139-10x10x10\cubes_RAW/z05120_y03328_x02176.tif: Cannot open.
TIFFOpen: D:\work\vesuvius-c\.migration_scrollfiesta_public_v2\PHerc0139-10x10x10\cubes_RAW/z05120_y03456_x02176.tif: Cannot open.
TIFFOpen: D:\work\vesuvius-c\.migration_scrollfiesta_public_v2\PHerc0139-10x10x10\cubes_RAW/z05120_y03456_x03584.tif: Cannot open.
TIFFOpen: D:\work\vesuvius-c\.migration_scrollfiesta_public_v2\PHerc0139-10x10x10\cubes_RAW/z05120_y03584_x03584.tif: Cannot open.
TIFFOpen: D:\work\vesuvius-c\.migration_scrollfiesta_public_v2\PHerc0139-10x10x10\cubes_RAW/z05120_y03712_x03584.tif: Cannot open.
TIFFOpen: D:\work\vesuvius-c\.migration_scrollfiesta_public_v2\PHerc0139-10x10x10\cubes_RAW/z05120_y03712_x02176.tif: Cannot open.
TIFFOpen: D:\work\vesuvius-c\.migration_scrollfiesta_public_v2\PHerc0139-10x10x10\cubes_RAW/z05120_y03840_x02176.tif: Cannot open.
TIFFOpen: D:\work\vesuvius-c\.migration_scrollfiesta_public_v2\PHerc0139-10x10x10\cubes_RAW/z05120_y03840_x03584.tif: Cannot open.
TIFFOpen: D:\work\vesuvius-c\.migration_scrollfiesta_public_v2\PHerc0139-10x10x10\cubes_RAW/z05120_y03968_x02176.tif: Cannot open.
TIFFOpen: D:\work\vesuvius-c\.migration_scrollfiesta_public_v2\PHerc0139-10x10x10\cubes_RAW/z05248_y04096_x02304.tif: Cannot open.
TIFFOpen: D:\work\vesuvius-c\.migration_scrollfiesta_public_v2\PHerc0139-10x10x10\cubes_RAW/z05120_y04096_x02176.tif: Cannot open.
TIFFOpen: D:\work\vesuvius-c\.migration_scrollfiesta_public_v2\PHerc0139-10x10x10\cubes_RAW/z05248_y04096_x02432.tif: Cannot open.
TIFFOpen: D:\work\vesuvius-c\.migration_scrollfiesta_public_v2\PHerc0139-10x10x10\cubes_RAW/z05120_y04096_x02688.tif: Cannot open.
TIFFOpen: D:\work\vesuvius-c\.migration_scrollfiesta_public_v2\PHerc0139-10x10x10\cubes_RAW/z05248_y04096_x02560.tif: Cannot open.
TIFFOpen: D:\work\vesuvius-c\.migration_scrollfiesta_public_v2\PHerc0139-10x10x10\cubes_RAW/z05248_y04096_x02688.tif: Cannot open.
TIFFOpen: D:\work\vesuvius-c\.migration_scrollfiesta_public_v2\PHerc0139-10x10x10\cubes_RAW/z05120_y04096_x02816.tif: Cannot open.
TIFFOpen: D:\work\vesuvius-c\.migration_scrollfiesta_public_v2\PHerc0139-10x10x10\cubes_RAW/z05248_y04096_x02816.tif: Cannot open.
TIFFOpen: D:\work\vesuvius-c\.migration_scrollfiesta_public_v2\PHerc0139-10x10x10\cubes_RAW/z05248_y04096_x02944.tif: Cannot open.
TIFFOpen: D:\work\vesuvius-c\.migration_scrollfiesta_public_v2\PHerc0139-10x10x10\cubes_RAW/z05248_y04096_x03072.tif: Cannot open.
TIFFOpen: D:\work\vesuvius-c\.migration_scrollfiesta_public_v2\PHerc0139-10x10x10\cubes_RAW/z05248_y04096_x03200.tif: Cannot open.
TIFFOpen: D:\work\vesuvius-c\.migration_scrollfiesta_public_v2\PHerc0139-10x10x10\cubes_RAW/z05248_y04096_x03328.tif: Cannot open.
TIFFOpen: D:\work\vesuvius-c\.migration_scrollfiesta_public_v2\PHerc0139-10x10x10\cubes_RAW/z05120_y03968_x03584.tif: Cannot open.
TIFFOpen: D:\work\vesuvius-c\.migration_scrollfiesta_public_v2\PHerc0139-10x10x10\cubes_RAW/z05120_y04096_x03584.tif: Cannot open.
TIFFOpen: D:\work\vesuvius-c\.migration_scrollfiesta_public_v2\PHerc0139-10x10x10\cubes_RAW/z05248_y02816_x02176.tif: Cannot open.
TIFFOpen: D:\work\vesuvius-c\.migration_scrollfiesta_public_v2\PHerc0139-10x10x10\cubes_RAW/z05248_y02688_x02304.tif: Cannot open.
TIFFOpen: D:\work\vesuvius-c\.migration_scrollfiesta_public_v2\PHerc0139-10x10x10\cubes_RAW/z05376_y02688_x02304.tif: Cannot open.
TIFFOpen: D:\work\vesuvius-c\.migration_scrollfiesta_public_v2\PHerc0139-10x10x10\cubes_RAW/z05248_y02688_x02688.tif: Cannot open.
TIFFOpen: D:\work\vesuvius-c\.migration_scrollfiesta_public_v2\PHerc0139-10x10x10\cubes_RAW/z05376_y02688_x02560.tif: Cannot open.
TIFFOpen: D:\work\vesuvius-c\.migration_scrollfiesta_public_v2\PHerc0139-10x10x10\cubes_RAW/z05248_y02688_x02944.tif: Cannot open.
TIFFOpen: D:\work\vesuvius-c\.migration_scrollfiesta_public_v2\PHerc0139-10x10x10\cubes_RAW/z05376_y02688_x02816.tif: Cannot open.
TIFFOpen: D:\work\vesuvius-c\.migration_scrollfiesta_public_v2\PHerc0139-10x10x10\cubes_RAW/z05248_y02688_x03072.tif: Cannot open.
TIFFOpen: D:\work\vesuvius-c\.migration_scrollfiesta_public_v2\PHerc0139-10x10x10\cubes_RAW/z05376_y02688_x03072.tif: Cannot open.
TIFFOpen: D:\work\vesuvius-c\.migration_scrollfiesta_public_v2\PHerc0139-10x10x10\cubes_RAW/z05248_y02688_x03200.tif: Cannot open.
TIFFOpen: D:\work\vesuvius-c\.migration_scrollfiesta_public_v2\PHerc0139-10x10x10\cubes_RAW/z05248_y02688_x03328.tif: Cannot open.
TIFFOpen: D:\work\vesuvius-c\.migration_scrollfiesta_public_v2\PHerc0139-10x10x10\cubes_RAW/z05376_y02688_x03328.tif: Cannot open.
TIFFOpen: D:\work\vesuvius-c\.migration_scrollfiesta_public_v2\PHerc0139-10x10x10\cubes_RAW/z05248_y02816_x03584.tif: Cannot open.
TIFFOpen: D:\work\vesuvius-c\.migration_scrollfiesta_public_v2\PHerc0139-10x10x10\cubes_RAW/z05248_y02944_x03584.tif: Cannot open.
TIFFOpen: D:\work\vesuvius-c\.migration_scrollfiesta_public_v2\PHerc0139-10x10x10\cubes_RAW/z05248_y02688_x03456.tif: Cannot open.
TIFFOpen: D:\work\vesuvius-c\.migration_scrollfiesta_public_v2\PHerc0139-10x10x10\cubes_RAW/z05248_y02944_x02176.tif: Cannot open.
TIFFOpen: D:\work\vesuvius-c\.migration_scrollfiesta_public_v2\PHerc0139-10x10x10\cubes_RAW/z05376_y02944_x02176.tif: Cannot open.
TIFFOpen: D:\work\vesuvius-c\.migration_scrollfiesta_public_v2\PHerc0139-10x10x10\cubes_RAW/z05248_y03072_x03584.tif: Cannot open.
TIFFOpen: D:\work\vesuvius-c\.migration_scrollfiesta_public_v2\PHerc0139-10x10x10\cubes_RAW/z05376_y02944_x03584.tif: Cannot open.
TIFFOpen: D:\work\vesuvius-c\.migration_scrollfiesta_public_v2\PHerc0139-10x10x10\cubes_RAW/z05248_y03072_x02176.tif: Cannot open.
TIFFOpen: D:\work\vesuvius-c\.migration_scrollfiesta_public_v2\PHerc0139-10x10x10\cubes_RAW/z05376_y03072_x02176.tif: Cannot open.
TIFFOpen: D:\work\vesuvius-c\.migration_scrollfiesta_public_v2\PHerc0139-10x10x10\cubes_RAW/z05248_y03200_x02176.tif: Cannot open.
TIFFOpen: D:\work\vesuvius-c\.migration_scrollfiesta_public_v2\PHerc0139-10x10x10\cubes_RAW/z05248_y03200_x03584.tif: Cannot open.
TIFFOpen: D:\work\vesuvius-c\.migration_scrollfiesta_public_v2\PHerc0139-10x10x10\cubes_RAW/z05248_y03328_x02176.tif: Cannot open.
TIFFOpen: D:\work\vesuvius-c\.migration_scrollfiesta_public_v2\PHerc0139-10x10x10\cubes_RAW/z05248_y03328_x03584.tif: Cannot open.
TIFFOpen: D:\work\vesuvius-c\.migration_scrollfiesta_public_v2\PHerc0139-10x10x10\cubes_RAW/z05248_y03456_x02176.tif: Cannot open.
TIFFOpen: D:\work\vesuvius-c\.migration_scrollfiesta_public_v2\PHerc0139-10x10x10\cubes_RAW/z05248_y03456_x03584.tif: Cannot open.
TIFFOpen: D:\work\vesuvius-c\.migration_scrollfiesta_public_v2\PHerc0139-10x10x10\cubes_RAW/z05376_y03456_x03584.tif: Cannot open.
TIFFOpen: D:\work\vesuvius-c\.migration_scrollfiesta_public_v2\PHerc0139-10x10x10\cubes_RAW/z05248_y03584_x03584.tif: Cannot open.
TIFFOpen: D:\work\vesuvius-c\.migration_scrollfiesta_public_v2\PHerc0139-10x10x10\cubes_RAW/z05248_y03712_x02176.tif: Cannot open.
TIFFOpen: D:\work\vesuvius-c\.migration_scrollfiesta_public_v2\PHerc0139-10x10x10\cubes_RAW/z05248_y03712_x03584.tif: Cannot open.
TIFFOpen: D:\work\vesuvius-c\.migration_scrollfiesta_public_v2\PHerc0139-10x10x10\cubes_RAW/z05248_y03840_x03584.tif: Cannot open.
TIFFOpen: D:\work\vesuvius-c\.migration_scrollfiesta_public_v2\PHerc0139-10x10x10\cubes_RAW/z05248_y03840_x02176.tif: Cannot open.
TIFFOpen: D:\work\vesuvius-c\.migration_scrollfiesta_public_v2\PHerc0139-10x10x10\cubes_RAW/z05248_y03968_x03584.tif: Cannot open.
TIFFOpen: D:\work\vesuvius-c\.migration_scrollfiesta_public_v2\PHerc0139-10x10x10\cubes_RAW/z05248_y03968_x02176.tif: Cannot open.
TIFFOpen: D:\work\vesuvius-c\.migration_scrollfiesta_public_v2\PHerc0139-10x10x10\cubes_RAW/z05376_y04096_x02304.tif: Cannot open.
TIFFOpen: D:\work\vesuvius-c\.migration_scrollfiesta_public_v2\PHerc0139-10x10x10\cubes_RAW/z05376_y04096_x02432.tif: Cannot open.
TIFFOpen: D:\work\vesuvius-c\.migration_scrollfiesta_public_v2\PHerc0139-10x10x10\cubes_RAW/z05376_y04096_x02688.tif: Cannot open.
TIFFOpen: D:\work\vesuvius-c\.migration_scrollfiesta_public_v2\PHerc0139-10x10x10\cubes_RAW/z05376_y04096_x02816.tif: Cannot open.
TIFFOpen: D:\work\vesuvius-c\.migration_scrollfiesta_public_v2\PHerc0139-10x10x10\cubes_RAW/z05376_y04096_x02944.tif: Cannot open.
TIFFOpen: D:\work\vesuvius-c\.migration_scrollfiesta_public_v2\PHerc0139-10x10x10\cubes_RAW/z05376_y04096_x03072.tif: Cannot open.
TIFFOpen: D:\work\vesuvius-c\.migration_scrollfiesta_public_v2\PHerc0139-10x10x10\cubes_RAW/z05376_y04096_x03200.tif: Cannot open.
TIFFOpen: D:\work\vesuvius-c\.migration_scrollfiesta_public_v2\PHerc0139-10x10x10\cubes_RAW/z05248_y04096_x03456.tif: Cannot open.
TIFFOpen: D:\work\vesuvius-c\.migration_scrollfiesta_public_v2\PHerc0139-10x10x10\cubes_RAW/z05248_y04096_x03584.tif: Cannot open.
TIFFOpen: D:\work\vesuvius-c\.migration_scrollfiesta_public_v2\PHerc0139-10x10x10\cubes_RAW/z05376_y02816_x02176.tif: Cannot open.
TIFFOpen: D:\work\vesuvius-c\.migration_scrollfiesta_public_v2\PHerc0139-10x10x10\cubes_RAW/z05376_y02688_x02176.tif: Cannot open.
TIFFOpen: D:\work\vesuvius-c\.migration_scrollfiesta_public_v2\PHerc0139-10x10x10\cubes_RAW/z05376_y02688_x02432.tif: Cannot open.
TIFFOpen: D:\work\vesuvius-c\.migration_scrollfiesta_public_v2\PHerc0139-10x10x10\cubes_RAW/z05376_y02688_x02688.tif: Cannot open.
TIFFOpen: D:\work\vesuvius-c\.migration_scrollfiesta_public_v2\PHerc0139-10x10x10\cubes_RAW/z05504_y02688_x02560.tif: Cannot open.
TIFFOpen: D:\work\vesuvius-c\.migration_scrollfiesta_public_v2\PHerc0139-10x10x10\cubes_RAW/z05376_y02688_x02944.tif: Cannot open.
TIFFOpen: D:\work\vesuvius-c\.migration_scrollfiesta_public_v2\PHerc0139-10x10x10\cubes_RAW/z05504_y02688_x02944.tif: Cannot open.
TIFFOpen: D:\work\vesuvius-c\.migration_scrollfiesta_public_v2\PHerc0139-10x10x10\cubes_RAW/z05504_y02688_x03072.tif: Cannot open.
TIFFOpen: D:\work\vesuvius-c\.migration_scrollfiesta_public_v2\PHerc0139-10x10x10\cubes_RAW/z05376_y02688_x03200.tif: Cannot open.
TIFFOpen: D:\work\vesuvius-c\.migration_scrollfiesta_public_v2\PHerc0139-10x10x10\cubes_RAW/z05504_y02688_x03200.tif: Cannot open.
TIFFOpen: D:\work\vesuvius-c\.migration_scrollfiesta_public_v2\PHerc0139-10x10x10\cubes_RAW/z05376_y02688_x03456.tif: Cannot open.
TIFFOpen: D:\work\vesuvius-c\.migration_scrollfiesta_public_v2\PHerc0139-10x10x10\cubes_RAW/z05376_y02816_x03584.tif: Cannot open.
TIFFOpen: D:\work\vesuvius-c\.migration_scrollfiesta_public_v2\PHerc0139-10x10x10\cubes_RAW/z05504_y02688_x03456.tif: Cannot open.
TIFFOpen: D:\work\vesuvius-c\.migration_scrollfiesta_public_v2\PHerc0139-10x10x10\cubes_RAW/z05376_y03072_x03584.tif: Cannot open.
TIFFOpen: D:\work\vesuvius-c\.migration_scrollfiesta_public_v2\PHerc0139-10x10x10\cubes_RAW/z05376_y03200_x02176.tif: Cannot open.
TIFFOpen: D:\work\vesuvius-c\.migration_scrollfiesta_public_v2\PHerc0139-10x10x10\cubes_RAW/z05376_y03200_x03584.tif: Cannot open.
TIFFOpen: D:\work\vesuvius-c\.migration_scrollfiesta_public_v2\PHerc0139-10x10x10\cubes_RAW/z05376_y03328_x02176.tif: Cannot open.
TIFFOpen: D:\work\vesuvius-c\.migration_scrollfiesta_public_v2\PHerc0139-10x10x10\cubes_RAW/z05376_y03328_x03584.tif: Cannot open.
TIFFOpen: D:\work\vesuvius-c\.migration_scrollfiesta_public_v2\PHerc0139-10x10x10\cubes_RAW/z05504_y03456_x03584.tif: Cannot open.
TIFFOpen: D:\work\vesuvius-c\.migration_scrollfiesta_public_v2\PHerc0139-10x10x10\cubes_RAW/z05376_y03584_x03584.tif: Cannot open.
TIFFOpen: D:\work\vesuvius-c\.migration_scrollfiesta_public_v2\PHerc0139-10x10x10\cubes_RAW/z05376_y03712_x02176.tif: Cannot open.
TIFFOpen: D:\work\vesuvius-c\.migration_scrollfiesta_public_v2\PHerc0139-10x10x10\cubes_RAW/z05376_y03712_x03584.tif: Cannot open.
TIFFOpen: D:\work\vesuvius-c\.migration_scrollfiesta_public_v2\PHerc0139-10x10x10\cubes_RAW/z05376_y03840_x02176.tif: Cannot open.
TIFFOpen: D:\work\vesuvius-c\.migration_scrollfiesta_public_v2\PHerc0139-10x10x10\cubes_RAW/z05376_y03840_x03584.tif: Cannot open.
TIFFOpen: D:\work\vesuvius-c\.migration_scrollfiesta_public_v2\PHerc0139-10x10x10\cubes_RAW/z05376_y03968_x03584.tif: Cannot open.
TIFFOpen: D:\work\vesuvius-c\.migration_scrollfiesta_public_v2\PHerc0139-10x10x10\cubes_RAW/z05376_y03968_x02176.tif: Cannot open.
TIFFOpen: D:\work\vesuvius-c\.migration_scrollfiesta_public_v2\PHerc0139-10x10x10\cubes_RAW/z05504_y04096_x02304.tif: Cannot open.
TIFFOpen: D:\work\vesuvius-c\.migration_scrollfiesta_public_v2\PHerc0139-10x10x10\cubes_RAW/z05376_y04096_x02176.tif: Cannot open.
TIFFOpen: D:\work\vesuvius-c\.migration_scrollfiesta_public_v2\PHerc0139-10x10x10\cubes_RAW/z05504_y04096_x02432.tif: Cannot open.
TIFFOpen: D:\work\vesuvius-c\.migration_scrollfiesta_public_v2\PHerc0139-10x10x10\cubes_RAW/z05376_y04096_x02560.tif: Cannot open.
TIFFOpen: D:\work\vesuvius-c\.migration_scrollfiesta_public_v2\PHerc0139-10x10x10\cubes_RAW/z05504_y04096_x02560.tif: Cannot open.
TIFFOpen: D:\work\vesuvius-c\.migration_scrollfiesta_public_v2\PHerc0139-10x10x10\cubes_RAW/z05504_y04096_x02688.tif: Cannot open.
TIFFOpen: D:\work\vesuvius-c\.migration_scrollfiesta_public_v2\PHerc0139-10x10x10\cubes_RAW/z05504_y04096_x03072.tif: Cannot open.
TIFFOpen: D:\work\vesuvius-c\.migration_scrollfiesta_public_v2\PHerc0139-10x10x10\cubes_RAW/z05504_y04096_x03200.tif: Cannot open.
TIFFOpen: D:\work\vesuvius-c\.migration_scrollfiesta_public_v2\PHerc0139-10x10x10\cubes_RAW/z05376_y04096_x03328.tif: Cannot open.
TIFFOpen: D:\work\vesuvius-c\.migration_scrollfiesta_public_v2\PHerc0139-10x10x10\cubes_RAW/z05504_y04096_x03328.tif: Cannot open.
TIFFOpen: D:\work\vesuvius-c\.migration_scrollfiesta_public_v2\PHerc0139-10x10x10\cubes_RAW/z05376_y04096_x03456.tif: Cannot open.
TIFFOpen: D:\work\vesuvius-c\.migration_scrollfiesta_public_v2\PHerc0139-10x10x10\cubes_RAW/z05504_y04096_x03456.tif: Cannot open.
TIFFOpen: D:\work\vesuvius-c\.migration_scrollfiesta_public_v2\PHerc0139-10x10x10\cubes_RAW/z05376_y04096_x03584.tif: Cannot open.
TIFFOpen: D:\work\vesuvius-c\.migration_scrollfiesta_public_v2\PHerc0139-10x10x10\cubes_RAW/z05632_y02816_x02304.tif: Cannot open.
TIFFOpen: D:\work\vesuvius-c\.migration_scrollfiesta_public_v2\PHerc0139-10x10x10\cubes_RAW/z05632_y02944_x02304.tif: Cannot open.
TIFFOpen: D:\work\vesuvius-c\.migration_scrollfiesta_public_v2\PHerc0139-10x10x10\cubes_RAW/z05504_y02816_x02176.tif: Cannot open.
TIFFOpen: D:\work\vesuvius-c\.migration_scrollfiesta_public_v2\PHerc0139-10x10x10\cubes_RAW/z05504_y02688_x02304.tif: Cannot open.
TIFFOpen: D:\work\vesuvius-c\.migration_scrollfiesta_public_v2\PHerc0139-10x10x10\cubes_RAW/z05632_y02816_x02432.tif: Cannot open.
TIFFOpen: D:\work\vesuvius-c\.migration_scrollfiesta_public_v2\PHerc0139-10x10x10\cubes_RAW/z05504_y02688_x02432.tif: Cannot open.
TIFFOpen: D:\work\vesuvius-c\.migration_scrollfiesta_public_v2\PHerc0139-10x10x10\cubes_RAW/z05632_y02816_x02560.tif: Cannot open.
TIFFOpen: D:\work\vesuvius-c\.migration_scrollfiesta_public_v2\PHerc0139-10x10x10\cubes_RAW/z05632_y02944_x02432.tif: Cannot open.
TIFFOpen: D:\work\vesuvius-c\.migration_scrollfiesta_public_v2\PHerc0139-10x10x10\cubes_RAW/z05632_y02944_x02560.tif: Cannot open.
TIFFOpen: D:\work\vesuvius-c\.migration_scrollfiesta_public_v2\PHerc0139-10x10x10\cubes_RAW/z05632_y02816_x02688.tif: Cannot open.
TIFFOpen: D:\work\vesuvius-c\.migration_scrollfiesta_public_v2\PHerc0139-10x10x10\cubes_RAW/z05632_y02944_x02688.tif: Cannot open.
TIFFOpen: D:\work\vesuvius-c\.migration_scrollfiesta_public_v2\PHerc0139-10x10x10\cubes_RAW/z05504_y02688_x02688.tif: Cannot open.
TIFFOpen: D:\work\vesuvius-c\.migration_scrollfiesta_public_v2\PHerc0139-10x10x10\cubes_RAW/z05504_y02688_x02816.tif: Cannot open.
TIFFOpen: D:\work\vesuvius-c\.migration_scrollfiesta_public_v2\PHerc0139-10x10x10\cubes_RAW/z05632_y02816_x02816.tif: Cannot open.
TIFFOpen: D:\work\vesuvius-c\.migration_scrollfiesta_public_v2\PHerc0139-10x10x10\cubes_RAW/z05632_y02688_x02816.tif: Cannot open.
TIFFOpen: D:\work\vesuvius-c\.migration_scrollfiesta_public_v2\PHerc0139-10x10x10\cubes_RAW/z05632_y02816_x02944.tif: Cannot open.
TIFFOpen: D:\work\vesuvius-c\.migration_scrollfiesta_public_v2\PHerc0139-10x10x10\cubes_RAW/z05632_y02944_x02816.tif: Cannot open.
TIFFOpen: D:\work\vesuvius-c\.migration_scrollfiesta_public_v2\PHerc0139-10x10x10\cubes_RAW/z05632_y02944_x02944.tif: Cannot open.
TIFFOpen: D:\work\vesuvius-c\.migration_scrollfiesta_public_v2\PHerc0139-10x10x10\cubes_RAW/z05632_y02816_x03072.tif: Cannot open.
TIFFOpen: D:\work\vesuvius-c\.migration_scrollfiesta_public_v2\PHerc0139-10x10x10\cubes_RAW/z05632_y02688_x03072.tif: Cannot open.
TIFFOpen: D:\work\vesuvius-c\.migration_scrollfiesta_public_v2\PHerc0139-10x10x10\cubes_RAW/z05632_y02816_x03200.tif: Cannot open.
TIFFOpen: D:\work\vesuvius-c\.migration_scrollfiesta_public_v2\PHerc0139-10x10x10\cubes_RAW/z05504_y02688_x03328.tif: Cannot open.
TIFFOpen: D:\work\vesuvius-c\.migration_scrollfiesta_public_v2\PHerc0139-10x10x10\cubes_RAW/z05632_y02688_x03200.tif: Cannot open.
TIFFOpen: D:\work\vesuvius-c\.migration_scrollfiesta_public_v2\PHerc0139-10x10x10\cubes_RAW/z05632_y02816_x03328.tif: Cannot open.
TIFFOpen: D:\work\vesuvius-c\.migration_scrollfiesta_public_v2\PHerc0139-10x10x10\cubes_RAW/z05632_y02944_x03328.tif: Cannot open.
TIFFOpen: D:\work\vesuvius-c\.migration_scrollfiesta_public_v2\PHerc0139-10x10x10\cubes_RAW/z05632_y02688_x03328.tif: Cannot open.
TIFFOpen: D:\work\vesuvius-c\.migration_scrollfiesta_public_v2\PHerc0139-10x10x10\cubes_RAW/z05504_y02816_x03584.tif: Cannot open.
TIFFOpen: D:\work\vesuvius-c\.migration_scrollfiesta_public_v2\PHerc0139-10x10x10\cubes_RAW/z05632_y02816_x03456.tif: Cannot open.
TIFFOpen: D:\work\vesuvius-c\.migration_scrollfiesta_public_v2\PHerc0139-10x10x10\cubes_RAW/z05504_y02944_x03584.tif: Cannot open.
TIFFOpen: D:\work\vesuvius-c\.migration_scrollfiesta_public_v2\PHerc0139-10x10x10\cubes_RAW/z05632_y02944_x03456.tif: Cannot open.
TIFFOpen: D:\work\vesuvius-c\.migration_scrollfiesta_public_v2\PHerc0139-10x10x10\cubes_RAW/z05504_y02688_x03584.tif: Cannot open.
TIFFOpen: D:\work\vesuvius-c\.migration_scrollfiesta_public_v2\PHerc0139-10x10x10\cubes_RAW/z05632_y02688_x03456.tif: Cannot open.
TIFFOpen: D:\work\vesuvius-c\.migration_scrollfiesta_public_v2\PHerc0139-10x10x10\cubes_RAW/z05504_y02944_x02176.tif: Cannot open.
TIFFOpen: D:\work\vesuvius-c\.migration_scrollfiesta_public_v2\PHerc0139-10x10x10\cubes_RAW/z05632_y03072_x02304.tif: Cannot open.
TIFFOpen: D:\work\vesuvius-c\.migration_scrollfiesta_public_v2\PHerc0139-10x10x10\cubes_RAW/z05632_y02816_x02176.tif: Cannot open.
TIFFOpen: D:\work\vesuvius-c\.migration_scrollfiesta_public_v2\PHerc0139-10x10x10\cubes_RAW/z05632_y02944_x02176.tif: Cannot open.
TIFFOpen: D:\work\vesuvius-c\.migration_scrollfiesta_public_v2\PHerc0139-10x10x10\cubes_RAW/z05632_y03072_x02560.tif: Cannot open.
TIFFOpen: D:\work\vesuvius-c\.migration_scrollfiesta_public_v2\PHerc0139-10x10x10\cubes_RAW/z05632_y03072_x02688.tif: Cannot open.
TIFFOpen: D:\work\vesuvius-c\.migration_scrollfiesta_public_v2\PHerc0139-10x10x10\cubes_RAW/z05632_y03072_x02816.tif: Cannot open.
TIFFOpen: D:\work\vesuvius-c\.migration_scrollfiesta_public_v2\PHerc0139-10x10x10\cubes_RAW/z05632_y03072_x02944.tif: Cannot open.
TIFFOpen: D:\work\vesuvius-c\.migration_scrollfiesta_public_v2\PHerc0139-10x10x10\cubes_RAW/z05632_y02944_x03072.tif: Cannot open.
TIFFOpen: D:\work\vesuvius-c\.migration_scrollfiesta_public_v2\PHerc0139-10x10x10\cubes_RAW/z05632_y02944_x03200.tif: Cannot open.
TIFFOpen: D:\work\vesuvius-c\.migration_scrollfiesta_public_v2\PHerc0139-10x10x10\cubes_RAW/z05632_y03072_x03200.tif: Cannot open.
TIFFOpen: D:\work\vesuvius-c\.migration_scrollfiesta_public_v2\PHerc0139-10x10x10\cubes_RAW/z05504_y03072_x02176.tif: Cannot open.
TIFFOpen: D:\work\vesuvius-c\.migration_scrollfiesta_public_v2\PHerc0139-10x10x10\cubes_RAW/z05632_y03200_x02304.tif: Cannot open.
TIFFOpen: D:\work\vesuvius-c\.migration_scrollfiesta_public_v2\PHerc0139-10x10x10\cubes_RAW/z05632_y03072_x02432.tif: Cannot open.
TIFFOpen: D:\work\vesuvius-c\.migration_scrollfiesta_public_v2\PHerc0139-10x10x10\cubes_RAW/z05632_y03200_x02688.tif: Cannot open.
TIFFOpen: D:\work\vesuvius-c\.migration_scrollfiesta_public_v2\PHerc0139-10x10x10\cubes_RAW/z05632_y03200_x02816.tif: Cannot open.
TIFFOpen: D:\work\vesuvius-c\.migration_scrollfiesta_public_v2\PHerc0139-10x10x10\cubes_RAW/z05632_y03200_x02944.tif: Cannot open.
TIFFOpen: D:\work\vesuvius-c\.migration_scrollfiesta_public_v2\PHerc0139-10x10x10\cubes_RAW/z05632_y03072_x03072.tif: Cannot open.
TIFFOpen: D:\work\vesuvius-c\.migration_scrollfiesta_public_v2\PHerc0139-10x10x10\cubes_RAW/z05632_y03200_x03200.tif: Cannot open.
TIFFOpen: D:\work\vesuvius-c\.migration_scrollfiesta_public_v2\PHerc0139-10x10x10\cubes_RAW/z05632_y03072_x03328.tif: Cannot open.
TIFFOpen: D:\work\vesuvius-c\.migration_scrollfiesta_public_v2\PHerc0139-10x10x10\cubes_RAW/z05504_y03072_x03584.tif: Cannot open.
TIFFOpen: D:\work\vesuvius-c\.migration_scrollfiesta_public_v2\PHerc0139-10x10x10\cubes_RAW/z05632_y03072_x03456.tif: Cannot open.
TIFFOpen: D:\work\vesuvius-c\.migration_scrollfiesta_public_v2\PHerc0139-10x10x10\cubes_RAW/z05504_y03200_x02176.tif: Cannot open.
TIFFOpen: D:\work\vesuvius-c\.migration_scrollfiesta_public_v2\PHerc0139-10x10x10\cubes_RAW/z05632_y03200_x02176.tif: Cannot open.
TIFFOpen: D:\work\vesuvius-c\.migration_scrollfiesta_public_v2\PHerc0139-10x10x10\cubes_RAW/z05632_y03200_x02432.tif: Cannot open.
TIFFOpen: D:\work\vesuvius-c\.migration_scrollfiesta_public_v2\PHerc0139-10x10x10\cubes_RAW/z05632_y03200_x02560.tif: Cannot open.
TIFFOpen: D:\work\vesuvius-c\.migration_scrollfiesta_public_v2\PHerc0139-10x10x10\cubes_RAW/z05632_y03200_x03072.tif: Cannot open.
TIFFOpen: D:\work\vesuvius-c\.migration_scrollfiesta_public_v2\PHerc0139-10x10x10\cubes_RAW/z05632_y03200_x03328.tif: Cannot open.
TIFFOpen: D:\work\vesuvius-c\.migration_scrollfiesta_public_v2\PHerc0139-10x10x10\cubes_RAW/z05504_y03200_x03584.tif: Cannot open.
TIFFOpen: D:\work\vesuvius-c\.migration_scrollfiesta_public_v2\PHerc0139-10x10x10\cubes_RAW/z05632_y03200_x03456.tif: Cannot open.
TIFFOpen: D:\work\vesuvius-c\.migration_scrollfiesta_public_v2\PHerc0139-10x10x10\cubes_RAW/z05632_y03328_x02304.tif: Cannot open.
TIFFOpen: D:\work\vesuvius-c\.migration_scrollfiesta_public_v2\PHerc0139-10x10x10\cubes_RAW/z05504_y03328_x02176.tif: Cannot open.
TIFFOpen: D:\work\vesuvius-c\.migration_scrollfiesta_public_v2\PHerc0139-10x10x10\cubes_RAW/z05632_y03328_x02432.tif: Cannot open.
TIFFOpen: D:\work\vesuvius-c\.migration_scrollfiesta_public_v2\PHerc0139-10x10x10\cubes_RAW/z05632_y03328_x02560.tif: Cannot open.
TIFFOpen: D:\work\vesuvius-c\.migration_scrollfiesta_public_v2\PHerc0139-10x10x10\cubes_RAW/z05632_y03328_x02688.tif: Cannot open.
TIFFOpen: D:\work\vesuvius-c\.migration_scrollfiesta_public_v2\PHerc0139-10x10x10\cubes_RAW/z05632_y03328_x02816.tif: Cannot open.
TIFFOpen: D:\work\vesuvius-c\.migration_scrollfiesta_public_v2\PHerc0139-10x10x10\cubes_RAW/z05632_y03456_x02816.tif: Cannot open.
TIFFOpen: D:\work\vesuvius-c\.migration_scrollfiesta_public_v2\PHerc0139-10x10x10\cubes_RAW/z05632_y03328_x02944.tif: Cannot open.
TIFFOpen: D:\work\vesuvius-c\.migration_scrollfiesta_public_v2\PHerc0139-10x10x10\cubes_RAW/z05632_y03328_x03072.tif: Cannot open.
TIFFOpen: D:\work\vesuvius-c\.migration_scrollfiesta_public_v2\PHerc0139-10x10x10\cubes_RAW/z05632_y03328_x03200.tif: Cannot open.
TIFFOpen: D:\work\vesuvius-c\.migration_scrollfiesta_public_v2\PHerc0139-10x10x10\cubes_RAW/z05632_y03328_x03328.tif: Cannot open.
TIFFOpen: D:\work\vesuvius-c\.migration_scrollfiesta_public_v2\PHerc0139-10x10x10\cubes_RAW/z05632_y03328_x03456.tif: Cannot open.
TIFFOpen: D:\work\vesuvius-c\.migration_scrollfiesta_public_v2\PHerc0139-10x10x10\cubes_RAW/z05504_y03328_x03584.tif: Cannot open.
TIFFOpen: D:\work\vesuvius-c\.migration_scrollfiesta_public_v2\PHerc0139-10x10x10\cubes_RAW/z05632_y03456_x02304.tif: Cannot open.
TIFFOpen: D:\work\vesuvius-c\.migration_scrollfiesta_public_v2\PHerc0139-10x10x10\cubes_RAW/z05504_y03456_x02176.tif: Cannot open.
TIFFOpen: D:\work\vesuvius-c\.migration_scrollfiesta_public_v2\PHerc0139-10x10x10\cubes_RAW/z05632_y03456_x02432.tif: Cannot open.
TIFFOpen: D:\work\vesuvius-c\.migration_scrollfiesta_public_v2\PHerc0139-10x10x10\cubes_RAW/z05632_y03456_x02560.tif: Cannot open.
TIFFOpen: D:\work\vesuvius-c\.migration_scrollfiesta_public_v2\PHerc0139-10x10x10\cubes_RAW/z05632_y03456_x02688.tif: Cannot open.
TIFFOpen: D:\work\vesuvius-c\.migration_scrollfiesta_public_v2\PHerc0139-10x10x10\cubes_RAW/z05632_y03456_x02944.tif: Cannot open.
TIFFOpen: D:\work\vesuvius-c\.migration_scrollfiesta_public_v2\PHerc0139-10x10x10\cubes_RAW/z05632_y03456_x03072.tif: Cannot open.
TIFFOpen: D:\work\vesuvius-c\.migration_scrollfiesta_public_v2\PHerc0139-10x10x10\cubes_RAW/z05632_y03456_x03200.tif: Cannot open.
TIFFOpen: D:\work\vesuvius-c\.migration_scrollfiesta_public_v2\PHerc0139-10x10x10\cubes_RAW/z05632_y03456_x03328.tif: Cannot open.
TIFFOpen: D:\work\vesuvius-c\.migration_scrollfiesta_public_v2\PHerc0139-10x10x10\cubes_RAW/z05632_y03456_x03456.tif: Cannot open.
TIFFOpen: D:\work\vesuvius-c\.migration_scrollfiesta_public_v2\PHerc0139-10x10x10\cubes_RAW/z05632_y03456_x03584.tif: Cannot open.
TIFFOpen: D:\work\vesuvius-c\.migration_scrollfiesta_public_v2\PHerc0139-10x10x10\cubes_RAW/z05632_y03584_x02304.tif: Cannot open.
TIFFOpen: D:\work\vesuvius-c\.migration_scrollfiesta_public_v2\PHerc0139-10x10x10\cubes_RAW/z05632_y03584_x02432.tif: Cannot open.
TIFFOpen: D:\work\vesuvius-c\.migration_scrollfiesta_public_v2\PHerc0139-10x10x10\cubes_RAW/z05632_y03584_x02560.tif: Cannot open.
TIFFOpen: D:\work\vesuvius-c\.migration_scrollfiesta_public_v2\PHerc0139-10x10x10\cubes_RAW/z05632_y03584_x02688.tif: Cannot open.
TIFFOpen: D:\work\vesuvius-c\.migration_scrollfiesta_public_v2\PHerc0139-10x10x10\cubes_RAW/z05632_y03584_x02816.tif: Cannot open.
TIFFOpen: D:\work\vesuvius-c\.migration_scrollfiesta_public_v2\PHerc0139-10x10x10\cubes_RAW/z05632_y03584_x02944.tif: Cannot open.
TIFFOpen: D:\work\vesuvius-c\.migration_scrollfiesta_public_v2\PHerc0139-10x10x10\cubes_RAW/z05632_y03584_x03072.tif: Cannot open.
TIFFOpen: D:\work\vesuvius-c\.migration_scrollfiesta_public_v2\PHerc0139-10x10x10\cubes_RAW/z05632_y03584_x03200.tif: Cannot open.
TIFFOpen: D:\work\vesuvius-c\.migration_scrollfiesta_public_v2\PHerc0139-10x10x10\cubes_RAW/z05632_y03584_x03328.tif: Cannot open.
TIFFOpen: D:\work\vesuvius-c\.migration_scrollfiesta_public_v2\PHerc0139-10x10x10\cubes_RAW/z05632_y03712_x03200.tif: Cannot open.
TIFFOpen: D:\work\vesuvius-c\.migration_scrollfiesta_public_v2\PHerc0139-10x10x10\cubes_RAW/z05632_y03584_x03456.tif: Cannot open.
TIFFOpen: D:\work\vesuvius-c\.migration_scrollfiesta_public_v2\PHerc0139-10x10x10\cubes_RAW/z05504_y03584_x03584.tif: Cannot open.
TIFFOpen: D:\work\vesuvius-c\.migration_scrollfiesta_public_v2\PHerc0139-10x10x10\cubes_RAW/z05632_y03584_x03584.tif: Cannot open.
TIFFOpen: D:\work\vesuvius-c\.migration_scrollfiesta_public_v2\PHerc0139-10x10x10\cubes_RAW/z05632_y03712_x02304.tif: Cannot open.
TIFFOpen: D:\work\vesuvius-c\.migration_scrollfiesta_public_v2\PHerc0139-10x10x10\cubes_RAW/z05632_y03712_x02432.tif: Cannot open.
TIFFOpen: D:\work\vesuvius-c\.migration_scrollfiesta_public_v2\PHerc0139-10x10x10\cubes_RAW/z05632_y03712_x02560.tif: Cannot open.
TIFFOpen: D:\work\vesuvius-c\.migration_scrollfiesta_public_v2\PHerc0139-10x10x10\cubes_RAW/z05632_y03712_x02688.tif: Cannot open.
TIFFOpen: D:\work\vesuvius-c\.migration_scrollfiesta_public_v2\PHerc0139-10x10x10\cubes_RAW/z05632_y03712_x02816.tif: Cannot open.
TIFFOpen: D:\work\vesuvius-c\.migration_scrollfiesta_public_v2\PHerc0139-10x10x10\cubes_RAW/z05632_y03712_x02944.tif: Cannot open.
TIFFOpen: D:\work\vesuvius-c\.migration_scrollfiesta_public_v2\PHerc0139-10x10x10\cubes_RAW/z05632_y03712_x03072.tif: Cannot open.
TIFFOpen: D:\work\vesuvius-c\.migration_scrollfiesta_public_v2\PHerc0139-10x10x10\cubes_RAW/z05632_y03712_x03328.tif: Cannot open.
TIFFOpen: D:\work\vesuvius-c\.migration_scrollfiesta_public_v2\PHerc0139-10x10x10\cubes_RAW/z05632_y03840_x03200.tif: Cannot open.
TIFFOpen: D:\work\vesuvius-c\.migration_scrollfiesta_public_v2\PHerc0139-10x10x10\cubes_RAW/z05632_y03712_x03456.tif: Cannot open.
TIFFOpen: D:\work\vesuvius-c\.migration_scrollfiesta_public_v2\PHerc0139-10x10x10\cubes_RAW/z05504_y03712_x03584.tif: Cannot open.
TIFFOpen: D:\work\vesuvius-c\.migration_scrollfiesta_public_v2\PHerc0139-10x10x10\cubes_RAW/z05504_y03840_x03584.tif: Cannot open.
TIFFOpen: D:\work\vesuvius-c\.migration_scrollfiesta_public_v2\PHerc0139-10x10x10\cubes_RAW/z05632_y03840_x02304.tif: Cannot open.
TIFFOpen: D:\work\vesuvius-c\.migration_scrollfiesta_public_v2\PHerc0139-10x10x10\cubes_RAW/z05504_y03840_x02176.tif: Cannot open.
TIFFOpen: D:\work\vesuvius-c\.migration_scrollfiesta_public_v2\PHerc0139-10x10x10\cubes_RAW/z05632_y03968_x02304.tif: Cannot open.
TIFFOpen: D:\work\vesuvius-c\.migration_scrollfiesta_public_v2\PHerc0139-10x10x10\cubes_RAW/z05504_y03968_x02176.tif: Cannot open.
TIFFOpen: D:\work\vesuvius-c\.migration_scrollfiesta_public_v2\PHerc0139-10x10x10\cubes_RAW/z05632_y03840_x02176.tif: Cannot open.
TIFFOpen: D:\work\vesuvius-c\.migration_scrollfiesta_public_v2\PHerc0139-10x10x10\cubes_RAW/z05632_y03840_x02432.tif: Cannot open.
TIFFOpen: D:\work\vesuvius-c\.migration_scrollfiesta_public_v2\PHerc0139-10x10x10\cubes_RAW/z05632_y03968_x02432.tif: Cannot open.
TIFFOpen: D:\work\vesuvius-c\.migration_scrollfiesta_public_v2\PHerc0139-10x10x10\cubes_RAW/z05632_y03840_x02560.tif: Cannot open.
TIFFOpen: D:\work\vesuvius-c\.migration_scrollfiesta_public_v2\PHerc0139-10x10x10\cubes_RAW/z05632_y03968_x02560.tif: Cannot open.
TIFFOpen: D:\work\vesuvius-c\.migration_scrollfiesta_public_v2\PHerc0139-10x10x10\cubes_RAW/z05632_y03840_x02688.tif: Cannot open.
TIFFOpen: D:\work\vesuvius-c\.migration_scrollfiesta_public_v2\PHerc0139-10x10x10\cubes_RAW/z05632_y03968_x02688.tif: Cannot open.
TIFFOpen: D:\work\vesuvius-c\.migration_scrollfiesta_public_v2\PHerc0139-10x10x10\cubes_RAW/z05632_y03840_x02816.tif: Cannot open.
TIFFOpen: D:\work\vesuvius-c\.migration_scrollfiesta_public_v2\PHerc0139-10x10x10\cubes_RAW/z05632_y03840_x02944.tif: Cannot open.
TIFFOpen: D:\work\vesuvius-c\.migration_scrollfiesta_public_v2\PHerc0139-10x10x10\cubes_RAW/z05632_y03840_x03072.tif: Cannot open.
TIFFOpen: D:\work\vesuvius-c\.migration_scrollfiesta_public_v2\PHerc0139-10x10x10\cubes_RAW/z05632_y03968_x03072.tif: Cannot open.
TIFFOpen: D:\work\vesuvius-c\.migration_scrollfiesta_public_v2\PHerc0139-10x10x10\cubes_RAW/z05632_y03840_x03328.tif: Cannot open.
TIFFOpen: D:\work\vesuvius-c\.migration_scrollfiesta_public_v2\PHerc0139-10x10x10\cubes_RAW/z05632_y03968_x03328.tif: Cannot open.
TIFFOpen: D:\work\vesuvius-c\.migration_scrollfiesta_public_v2\PHerc0139-10x10x10\cubes_RAW/z05632_y03840_x03456.tif: Cannot open.
TIFFOpen: D:\work\vesuvius-c\.migration_scrollfiesta_public_v2\PHerc0139-10x10x10\cubes_RAW/z05632_y03968_x03456.tif: Cannot open.
TIFFOpen: D:\work\vesuvius-c\.migration_scrollfiesta_public_v2\PHerc0139-10x10x10\cubes_RAW/z05504_y03968_x03584.tif: Cannot open.
TIFFOpen: D:\work\vesuvius-c\.migration_scrollfiesta_public_v2\PHerc0139-10x10x10\cubes_RAW/z05632_y04096_x02304.tif: Cannot open.
TIFFOpen: D:\work\vesuvius-c\.migration_scrollfiesta_public_v2\PHerc0139-10x10x10\cubes_RAW/z05632_y04096_x02432.tif: Cannot open.
TIFFOpen: D:\work\vesuvius-c\.migration_scrollfiesta_public_v2\PHerc0139-10x10x10\cubes_RAW/z05632_y04096_x02560.tif: Cannot open.
TIFFOpen: D:\work\vesuvius-c\.migration_scrollfiesta_public_v2\PHerc0139-10x10x10\cubes_RAW/z05504_y04096_x02816.tif: Cannot open.
TIFFOpen: D:\work\vesuvius-c\.migration_scrollfiesta_public_v2\PHerc0139-10x10x10\cubes_RAW/z05632_y04096_x02688.tif: Cannot open.
TIFFOpen: D:\work\vesuvius-c\.migration_scrollfiesta_public_v2\PHerc0139-10x10x10\cubes_RAW/z05632_y03968_x02816.tif: Cannot open.
TIFFOpen: D:\work\vesuvius-c\.migration_scrollfiesta_public_v2\PHerc0139-10x10x10\cubes_RAW/z05632_y04096_x02816.tif: Cannot open.
TIFFOpen: D:\work\vesuvius-c\.migration_scrollfiesta_public_v2\PHerc0139-10x10x10\cubes_RAW/z05632_y03968_x02944.tif: Cannot open.
TIFFOpen: D:\work\vesuvius-c\.migration_scrollfiesta_public_v2\PHerc0139-10x10x10\cubes_RAW/z05504_y04096_x02944.tif: Cannot open.
TIFFOpen: D:\work\vesuvius-c\.migration_scrollfiesta_public_v2\PHerc0139-10x10x10\cubes_RAW/z05632_y04096_x02944.tif: Cannot open.
TIFFOpen: D:\work\vesuvius-c\.migration_scrollfiesta_public_v2\PHerc0139-10x10x10\cubes_RAW/z05632_y04096_x03072.tif: Cannot open.
TIFFOpen: D:\work\vesuvius-c\.migration_scrollfiesta_public_v2\PHerc0139-10x10x10\cubes_RAW/z05632_y03968_x03200.tif: Cannot open.
TIFFOpen: D:\work\vesuvius-c\.migration_scrollfiesta_public_v2\PHerc0139-10x10x10\cubes_RAW/z05632_y04096_x03200.tif: Cannot open.
  sampled: 1171938/1171938 verts (100.00%), 1000 cubes loaded, 620 missing (4.2s)
  contrast window: [32, 200] (stretch on)
  intensity percentiles p1/p25/p50/p75/p99: 32 / 103 / 130 / 149 / 200
  wrote D:\work\scrollfiesta_public\output\pherc0139_10x10x10_gpu_run_20260730\tiled_atlas\texture/tiled_raw3d.obj
  wrote D:\work\scrollfiesta_public\output\pherc0139_10x10x10_gpu_run_20260730\tiled_atlas\texture/tiled_rawflat.obj
  [diag] class px: ok=2588417 (98.23%) skip-uv=40520 (1.54%) skip-3d=0 (0.00%) dark=6047 (0.23%) multi=2031976 bg=33236720  (% of non-bg non-multi)
  [diag] hot tile  0: px(15360..15616, 320..384) u=[46080,46848] v=[960,1152]  bad=99.4% (2751/2768)
  [diag] hot tile  1: px(7168..7424, 320..384) u=[21504,22272] v=[960,1152]  bad=86.4% (552/639)
  [diag] hot tile  2: px(768..1024, 192..256) u=[2304,3072] v=[576,768]  bad=82.3% (700/851)
  [diag] hot tile  3: px(19712..19968, 320..384) u=[59136,59904] v=[960,1152]  bad=80.3% (8961/11155)
  [diag] hot tile  4: px(14592..14848, 256..320) u=[43776,44544] v=[768,960]  bad=72.2% (5963/8257)
  [diag] hot tile  5: px(16896..17152, 320..384) u=[50688,51456] v=[960,1152]  bad=47.1% (4633/9837)
  [diag] hot tile  6: px(16640..16896, 320..384) u=[49920,50688] v=[960,1152]  bad=43.9% (3962/9019)
  [diag] hot tile  7: px(13312..13568, 192..256) u=[39936,40704] v=[576,768]  bad=35.7% (2827/7922)
  [diag] hot tile  8: px(15360..15616, 256..320) u=[46080,46848] v=[768,960]  bad=35.4% (3826/10811)
  [diag] hot tile  9: px(256..512, 256..320) u=[768,1536] v=[768,960]  bad=26.4% (601/2274)
  [diag] hot tile 10: px(14336..14592, 384..448) u=[43008,43776] v=[1152,1344]  bad=18.0% (893/4965)
  [diag] hot tile 11: px(15104..15360, 320..384) u=[45312,46080] v=[960,1152]  bad=15.3% (1481/9675)
  [diag] wrote D:\work\scrollfiesta_public\output\pherc0139_10x10x10_gpu_run_20260730\tiled_atlas\texture/tiled_diag{class,stretch,squash,verr}.tif (zmin est 4352.00)
  wrote D:\work\scrollfiesta_public\output\pherc0139_10x10x10_gpu_run_20260730\tiled_atlas\texture/tiled_rawtex.tif (88560x428 px, 12.2% filled, 2033641 multi-cover px, skipped 1823 uv-stretched + 0 big-3d faces, 10.8s)
[obj_bake_raw] SUMMARY id=tiled verts=1171938 sampled=100.00% cubes=1000/1620 window=[32,200] parse=0.7s sample=4.2s write=13.5s
[tiled_atlas] complete: D:\work\scrollfiesta_public\output\pherc0139_10x10x10_gpu_run_20260730\tiled_atlas
