scroll_whole: dump=output\pherc0139_4x21x21_run\mesh\dump out=output\pherc0139_4x21x21_run\placed stage=step12_final chunk=128 pitch=auto axis=(0,3405,2878) gate=3.5 skin=4.0 concurrent=32
[cal] seed z04352_y02432_x03328: spiral a=1.169 b=-8.0267 r2=0.775 sense=-1 (pitch estimated 8.027)
[pitch] auto-estimated 8.0267 vox/turn from seed z04352_y02432_x03328; rebuilding spiral schedule
[schedule] 1702 cubes, 1 flood component(s), seed=z04352_y02432_x03328 r=1044 pitch=8.0267 (auto)
[unwrap 25/1702] z04352_y02304_x01664 status=0 nv=1226 skin=306 r2=0.958 (0.2s elapsed)
[unwrap 50/1702] z04352_y02304_x02432 status=0 nv=1830 skin=431 r2=0.757 (0.3s elapsed)
[unwrap 75/1702] z04352_y02560_x01664 status=0 nv=1402 skin=393 r2=0.982 (0.5s elapsed)
[unwrap 100/1702] z04352_y02560_x02304 status=0 nv=2622 skin=724 r2=0.864 (0.7s elapsed)
[unwrap 125/1702] z04352_y02688_x03840 status=0 nv=1406 skin=351 r2=0.808 (0.8s elapsed)
[unwrap 150/1702] z04352_y02944_x04096 status=0 nv=1057 skin=268 r2=0.904 (1.0s elapsed)
[unwrap 175/1702] z04352_y03072_x02816 status=0 nv=1260 skin=369 r2=0.911 (1.1s elapsed)
[unwrap 200/1702] z04352_y03328_x02688 status=0 nv=822 skin=270 r2=0.944 (1.2s elapsed)
[unwrap 225/1702] z04352_y03456_x03840 status=0 nv=949 skin=237 r2=0.694 (1.4s elapsed)
[unwrap 250/1702] z04352_y03584_x03712 status=0 nv=891 skin=246 r2=0.632 (1.5s elapsed)
[unwrap 275/1702] z04352_y03712_x03328 status=0 nv=1096 skin=230 r2=0.647 (1.6s elapsed)
[unwrap 300/1702] z04352_y03840_x03200 status=0 nv=1171 skin=461 r2=0.778 (1.8s elapsed)
[unwrap 325/1702] z04352_y04096_x01536 status=0 nv=1573 skin=426 r2=0.925 (2.0s elapsed)
[unwrap 350/1702] z04352_y04096_x02304 status=0 nv=1636 skin=413 r2=0.489 (2.1s elapsed)
[unwrap 375/1702] z04352_y04480_x02688 status=0 nv=50 skin=15 r2=-1.000 (2.3s elapsed)
[unwrap 400/1702] z04352_y04352_x02560 status=0 nv=2173 skin=578 r2=0.722 (2.3s elapsed)
[unwrap 425/1702] z04480_y02048_x03712 status=0 nv=1367 skin=320 r2=0.704 (2.5s elapsed)
[unwrap 450/1702] z04480_y02176_x03840 status=0 nv=1311 skin=311 r2=0.748 (2.6s elapsed)
[unwrap 475/1702] z04480_y02432_x01792 status=0 nv=2393 skin=849 r2=0.964 (2.8s elapsed)
[unwrap 500/1702] z04480_y02432_x02176 status=0 nv=2972 skin=728 r2=0.819 (3.1s elapsed)
[unwrap 525/1702] z04480_y02688_x03584 status=0 nv=1133 skin=323 r2=0.667 (3.6s elapsed)
[unwrap 550/1702] z04480_y02816_x01536 status=0 nv=2376 skin=654 r2=0.794 (3.9s elapsed)
[unwrap 575/1702] z04480_y02944_x02944 status=0 nv=1660 skin=395 r2=0.759 (4.3s elapsed)
[unwrap 600/1702] z04480_y03200_x03200 status=0 nv=574 skin=126 r2=0.841 (4.6s elapsed)
[unwrap 625/1702] z04480_y03072_x01920 status=0 nv=1745 skin=513 r2=0.738 (4.9s elapsed)
[unwrap 650/1702] z04480_y03200_x01792 status=0 nv=2638 skin=511 r2=0.856 (5.3s elapsed)
[unwrap 675/1702] z04480_y03712_x02304 status=0 nv=822 skin=236 r2=0.788 (5.6s elapsed)
[unwrap 700/1702] z04480_y03584_x01536 status=0 nv=2386 skin=452 r2=0.603 (5.9s elapsed)
[unwrap 725/1702] z04480_y03968_x02944 status=0 nv=949 skin=359 r2=0.962 (6.2s elapsed)
[unwrap 750/1702] z04480_y04096_x03200 status=0 nv=1276 skin=386 r2=0.806 (6.7s elapsed)
[unwrap 775/1702] z04480_y03968_x02432 status=0 nv=1630 skin=511 r2=0.715 (7.0s elapsed)
[unwrap 800/1702] z04480_y04480_x03328 status=0 nv=50 skin=0 r2=-0.838 (7.5s elapsed)
[unwrap 825/1702] z04480_y04608_x01664 status=0 nv=1985 skin=422 r2=0.767 (7.6s elapsed)
[unwrap 850/1702] z04608_y02048_x03840 status=0 nv=1135 skin=269 r2=0.729 (7.9s elapsed)
[unwrap 875/1702] z04608_y02176_x01792 status=0 nv=3148 skin=660 r2=0.902 (8.3s elapsed)
[unwrap 900/1702] z04608_y02176_x03456 status=0 nv=1602 skin=416 r2=0.687 (8.6s elapsed)
[unwrap 925/1702] z04608_y02432_x02560 status=0 nv=1841 skin=390 r2=0.953 (9.0s elapsed)
[unwrap 950/1702] z04608_y02560_x02304 status=0 nv=1639 skin=429 r2=0.948 (9.2s elapsed)
[unwrap 975/1702] z04608_y02688_x02176 status=0 nv=2710 skin=625 r2=0.865 (9.4s elapsed)
[unwrap 1000/1702] z04608_y02816_x02048 status=0 nv=2216 skin=631 r2=0.863 (9.6s elapsed)
[unwrap 1025/1702] z04608_y03200_x03200 status=0 nv=627 skin=189 r2=0.773 (9.7s elapsed)
[unwrap 1050/1702] z04608_y03328_x02560 status=0 nv=1086 skin=283 r2=0.770 (9.8s elapsed)
[unwrap 1075/1702] z04608_y03456_x03712 status=0 nv=968 skin=217 r2=0.710 (10.0s elapsed)
[unwrap 1100/1702] z04608_y03584_x03328 status=0 nv=952 skin=244 r2=0.511 (10.1s elapsed)
[unwrap 1125/1702] z04608_y03712_x03072 status=0 nv=1470 skin=427 r2=0.756 (10.2s elapsed)
[unwrap 1150/1702] z04608_y03840_x03456 status=0 nv=1416 skin=413 r2=0.478 (10.4s elapsed)
[unwrap 1175/1702] z04608_y03968_x02688 status=0 nv=1180 skin=461 r2=0.899 (10.6s elapsed)
[unwrap 1200/1702] z04608_y04224_x02304 status=0 nv=1488 skin=401 r2=0.804 (10.7s elapsed)
[unwrap 1225/1702] z04608_y04352_x04096 status=0 nv=1095 skin=305 r2=0.869 (10.9s elapsed)
[unwrap 1250/1702] z04608_y04352_x02432 status=0 nv=2406 skin=637 r2=0.801 (10.9s elapsed)
[unwrap 1275/1702] z04608_y04480_x02560 status=0 nv=1688 skin=525 r2=0.686 (11.1s elapsed)
[unwrap 1300/1702] z04736_y02176_x03456 status=0 nv=875 skin=381 r2=0.760 (11.2s elapsed)
[unwrap 1325/1702] z04736_y02304_x04096 status=0 nv=1064 skin=309 r2=0.844 (11.3s elapsed)
[unwrap 1350/1702] z04736_y02560_x02944 status=0 nv=713 skin=194 r2=0.888 (11.5s elapsed)
[unwrap 1375/1702] z04736_y02560_x03456 status=0 nv=748 skin=226 r2=0.481 (11.6s elapsed)
[unwrap 1400/1702] z04736_y02688_x03072 status=0 nv=1584 skin=367 r2=0.573 (11.7s elapsed)
[unwrap 1425/1702] z04736_y02944_x02304 status=0 nv=1400 skin=437 r2=0.885 (11.9s elapsed)
[unwrap 1450/1702] z04736_y02944_x01920 status=0 nv=2363 skin=700 r2=0.878 (12.0s elapsed)
[unwrap 1475/1702] z04736_y03072_x02688 status=0 nv=2307 skin=621 r2=0.939 (12.2s elapsed)
[unwrap 1500/1702] z04736_y03200_x01536 status=0 nv=2175 skin=549 r2=0.768 (12.3s elapsed)
[unwrap 1525/1702] z04736_y03584_x03712 status=0 nv=863 skin=275 r2=0.670 (12.4s elapsed)
[unwrap 1550/1702] z04736_y03456_x01792 status=0 nv=3036 skin=812 r2=0.700 (12.5s elapsed)
[unwrap 1575/1702] z04736_y03840_x02304 status=0 nv=1429 skin=343 r2=0.781 (12.9s elapsed)
[unwrap 1600/1702] z04736_y03968_x02432 status=0 nv=1558 skin=398 r2=0.760 (13.1s elapsed)
[unwrap 1625/1702] z04736_y04224_x01536 status=0 nv=1802 skin=458 r2=0.772 (13.2s elapsed)
[unwrap 1650/1702] z04736_y04352_x01536 status=0 nv=2582 skin=607 r2=0.781 (13.4s elapsed)
[unwrap 1675/1702] z04736_y04480_x02432 status=0 nv=1326 skin=470 r2=0.956 (13.5s elapsed)
[unwrap 1700/1702] z04736_y04352_x02304 status=0 nv=2262 skin=546 r2=0.888 (13.6s elapsed)
[unwrap] done: 1702 cubes (0 reused, 0 degenerate/failed) in 13.6s
[register] 694558 skins loaded (18.5 MB)
[register] z04480_y02432_x03328: wk_cube=-1 du=9.60 pairs=28 groups=8(direct 4) mad=0.0021/1.12 (comp 0)
[register] z04736_y02432_x03328: wk_cube=-3 du=19.01 pairs=33 groups=6(direct 4) mad=0.0018/1.42 (comp 0)
[register] z04352_y02432_x03200: wk_cube=-7 du=13.54 pairs=42 groups=11(direct 8) mad=0.0010/0.31 (comp 0)
[register] z04480_y02432_x03200: wk_cube=-8 du=21.42 pairs=55 groups=9(direct 7) mad=0.0015/2.25 (comp 0)
[register] z04608_y02432_x03200: wk_cube=-7 du=10.49 pairs=54 groups=7(direct 6) mad=0.0018/1.74 (comp 0)
[register] z04736_y02432_x03200: wk_cube=-12 du=25.08 pairs=32 groups=8(direct 5) mad=0.0015/0.76 (comp 0)
[register] z04352_y02304_x03072: wk_cube=-5 du=2.51 pairs=35 groups=10(direct 6) mad=0.0005/0.15 (comp 0)
[register] z04352_y02304_x02944: wk_cube=-13 du=20.20 pairs=39 groups=8(direct 5) mad=0.0004/0.19 (comp 0)
[register] z04480_y02304_x02944: wk_cube=-13 du=25.83 pairs=42 groups=9(direct 7) mad=0.0014/0.87 (comp 0)
[register] z04608_y02304_x02944: wk_cube=-11 du=25.22 pairs=45 groups=7(direct 6) mad=0.0008/1.07 (comp 0)
[register] z04736_y02304_x02944: wk_cube=-13 du=28.20 pairs=39 groups=7(direct 5) mad=0.0021/0.90 (comp 0)
[register] z04352_y02304_x02816: wk_cube=-19 du=37.16 pairs=45 groups=8(direct 5) mad=0.0005/0.21 (comp 0)
[register] z04352_y02304_x02688: wk_cube=-22 du=46.31 pairs=34 groups=8(direct 5) mad=0.0005/0.08 (comp 0)
[register] z04608_y02304_x02688: wk_cube=+4 du=-8.06 pairs=35 groups=9(direct 5) mad=0.0016/0.42 (comp 0)
[register] z04736_y02304_x02688: wk_cube=+5 du=-6.94 pairs=68 groups=8(direct 8) mad=0.0012/0.62 (comp 0)
[register] z04480_y02304_x02816: wk_cube=-15 du=16.01 pairs=128 groups=7(direct 7) mad=0.0020/1.62 (comp 0)
[register] z04608_y02304_x02816: wk_cube=-11 du=6.67 pairs=157 groups=10(direct 10) mad=0.0008/1.84 (comp 0)
[register] z04736_y02304_x02816: wk_cube=-15 du=29.70 pairs=127 groups=8(direct 8) mad=0.0020/1.77 (comp 0)
[register] z04480_y02304_x03072: wk_cube=-5 du=1.20 pairs=91 groups=7(direct 7) mad=0.0007/0.99 (comp 0)
[register] z04608_y02304_x03072: wk_cube=-7 du=27.07 pairs=91 groups=8(direct 7) mad=0.0014/1.06 (comp 0)
[register] z04736_y02304_x03072: wk_cube=-9 du=20.12 pairs=73 groups=7(direct 6) mad=0.0009/0.48 (comp 0)
[register] z04352_y02304_x02560: wk_cube=-25 du=40.55 pairs=24 groups=5(direct 3) mad=0.0008/1.03 (comp 0)
[register] z04480_y02304_x02560: wk_cube=-2 du=-4.36 pairs=24 groups=6(direct 3) mad=0.0026/5.86 (comp 0)
[register] z04608_y02304_x02560: wk_cube=-3 du=4.01 pairs=62 groups=8(direct 8) mad=0.0014/0.57 (comp 0)
[register] z04736_y02304_x02560: wk_cube=+3 du=-10.33 pairs=76 groups=8(direct 8) mad=0.0006/0.63 (comp 0)
[register] z04480_y02304_x03200: wk_cube=-2 du=7.83 pairs=50 groups=5(direct 5) mad=0.0010/1.14 (comp 0)
[register] z04608_y02304_x03200: wk_cube=-2 du=2.03 pairs=48 groups=7(direct 4) mad=0.0017/2.76 (comp 0)
[register] z04736_y02304_x03200: wk_cube=-5 du=16.23 pairs=64 groups=9(direct 6) mad=0.0014/1.65 (comp 0)
[register] z04352_y02432_x02432: wk_cube=-6 du=22.83 pairs=24 groups=11(direct 4) mad=0.0014/2.08 (comp 0)
[register] z04352_y02432_x02304: wk_cube=-5 du=-11.74 pairs=141 groups=24(direct 5) mad=0.0017/1.09 (comp 0)
[register] z04480_y02432_x02304: wk_cube=-3 du=-14.85 pairs=67 groups=17(direct 8) mad=0.0014/1.41 (comp 0)
[register] z04608_y02432_x02304: wk_cube=-4 du=19.41 pairs=80 groups=16(direct 11) mad=0.0016/0.73 (comp 0)
[register] z04736_y02432_x02304: wk_cube=-4 du=20.59 pairs=49 groups=12(direct 8) mad=0.0019/0.97 (comp 0)
[register] z04480_y02432_x02432: wk_cube=-4 du=15.78 pairs=72 groups=11(direct 8) mad=0.0011/1.39 (comp 0)
[register] z04608_y02432_x02432: wk_cube=-4 du=24.57 pairs=94 groups=11(direct 10) mad=0.0010/1.19 (comp 0)
[register] z04736_y02432_x02432: wk_cube=-4 du=23.50 pairs=118 groups=11(direct 11) mad=0.0009/0.74 (comp 0)
[register] z04480_y02304_x02432: wk_cube=+1 du=-4.09 pairs=70 groups=8(direct 6) mad=0.0024/2.30 (comp 0)
[register] z04608_y02304_x02432: wk_cube=-1 du=9.49 pairs=105 groups=10(direct 7) mad=0.0023/1.81 (comp 0)
[register] z04736_y02304_x02432: wk_cube=-2 du=13.26 pairs=93 groups=10(direct 7) mad=0.0014/1.63 (comp 0)
[register] z04352_y02432_x03456: wk_cube=+8 du=-17.78 pairs=33 groups=11(direct 7) mad=0.0009/0.04 (comp 0)
[register] z04480_y02560_x03456: wk_cube=-3 du=12.96 pairs=28 groups=10(direct 6) mad=0.0016/1.95 (comp 0)
[register] z04608_y02560_x03456: wk_cube=-5 du=17.08 pairs=36 groups=11(direct 7) mad=0.0016/1.19 (comp 0)
[register] z04352_y02560_x03584: wk_cube=+9 du=-14.53 pairs=26 groups=9(direct 7) mad=0.0008/0.03 (comp 0)
[register] z04480_y02688_x03584: wk_cube=-2 du=-1.52 pairs=50 groups=8(direct 7) mad=0.0013/1.33 (comp 0)
[register] z04608_y02688_x03584: wk_cube=-5 du=2.71 pairs=24 groups=7(direct 4) mad=0.0014/1.19 (comp 0)
[register] z04736_y02688_x03584: wk_cube=-8 du=6.42 pairs=27 groups=13(direct 6) mad=0.0006/0.76 (comp 0)
[register] z04480_y02560_x03584: wk_cube=+6 du=-5.49 pairs=95 groups=10(direct 8) mad=0.0012/1.35 (comp 0)
[register] z04608_y02560_x03584: wk_cube=+1 du=21.57 pairs=171 groups=11(direct 10) mad=0.0018/2.19 (comp 0)
[register] z04736_y02560_x03584: wk_cube=+3 du=12.78 pairs=66 groups=8(direct 6) mad=0.0023/2.27 (comp 0)
[register] z04352_y02688_x03712: wk_cube=+7 du=-14.69 pairs=39 groups=8(direct 5) mad=0.0006/0.15 (comp 0)
[register] z04480_y02816_x03712: wk_cube=-1 du=2.09 pairs=37 groups=7(direct 4) mad=0.0016/0.82 (comp 0)
[register] z04608_y02816_x03712: wk_cube=-3 du=23.86 pairs=31 groups=9(direct 5) mad=0.0010/0.51 (comp 0)
[register] z04736_y02816_x03712: wk_cube=-5 du=31.65 pairs=26 groups=5(direct 4) mad=0.0013/1.97 (comp 0)
[register] z04352_y03200_x03840: wk_cube=+0 du=1.41 pairs=59 groups=5(direct 4) mad=0.0011/0.71 (comp 0)
[register] z04352_y03328_x03840: wk_cube=-8 du=-15.04 pairs=24 groups=6(direct 4) mad=0.0006/0.35 (comp 0)
[register] z04480_y03456_x03840: wk_cube=+3 du=17.52 pairs=30 groups=6(direct 4) mad=0.0013/1.05 (comp 0)
[register] z04608_y03456_x03840: wk_cube=+5 du=26.02 pairs=27 groups=6(direct 5) mad=0.0014/0.74 (comp 0)
[register] z04480_y03584_x03840: wk_cube=+2 du=6.09 pairs=55 groups=7(direct 4) mad=0.0017/4.35 (comp 0)
[register] z04608_y03584_x03840: wk_cube=+3 du=10.55 pairs=47 groups=7(direct 7) mad=0.0010/1.06 (comp 0)
[register] z04736_y03584_x03840: wk_cube=+7 du=31.31 pairs=80 groups=6(direct 6) mad=0.0012/1.19 (comp 0)
[register] z04480_y03328_x03840: wk_cube=-1 du=1.27 pairs=138 groups=7(direct 7) mad=0.0016/1.20 (comp 0)
[register] z04608_y03328_x03840: wk_cube=+7 du=27.63 pairs=81 groups=6(direct 6) mad=0.0019/1.10 (comp 0)
[register] z04736_y03328_x03840: wk_cube=+1 du=-0.69 pairs=61 groups=5(direct 5) mad=0.0018/3.56 (comp 0)
[register] z04608_y03072_x03840: wk_cube=-1 du=3.14 pairs=35 groups=4(direct 3) mad=0.0014/2.70 (comp 0)
[register] z04352_y03712_x03840: wk_cube=-4 du=9.83 pairs=36 groups=11(direct 5) mad=0.0007/0.77 (comp 0)
[register] z04480_y03712_x03840: wk_cube=-1 du=15.41 pairs=63 groups=10(direct 8) mad=0.0010/1.36 (comp 0)
[register] z04608_y03712_x03840: wk_cube=+2 du=4.44 pairs=65 groups=10(direct 9) mad=0.0010/2.11 (comp 0)
[register] z04736_y03712_x03840: wk_cube=+3 du=28.94 pairs=56 groups=9(direct 8) mad=0.0013/1.61 (comp 0)
[register] z04480_y02944_x03840: wk_cube=-3 du=7.71 pairs=40 groups=6(direct 3) mad=0.0019/2.13 (comp 0)
[register] z04608_y02944_x03840: wk_cube=-5 du=7.54 pairs=51 groups=7(direct 6) mad=0.0011/1.02 (comp 0)
[register] z04736_y02944_x03840: wk_cube=-5 du=2.43 pairs=26 groups=6(direct 4) mad=0.0013/1.10 (comp 0)
[register] z04480_y02944_x03712: wk_cube=-2 du=7.49 pairs=44 groups=8(direct 4) mad=18.8495/19561.38 (comp 0)
[register] z04608_y02944_x03712: wk_cube=-6 du=33.05 pairs=54 groups=10(direct 6) mad=0.0012/1.49 (comp 0)
[register] z04736_y02944_x03712: wk_cube=-8 du=13.52 pairs=33 groups=9(direct 4) mad=0.0016/2.55 (comp 0)
[register] z04480_y02688_x03712: wk_cube=+6 du=-17.34 pairs=81 groups=7(direct 6) mad=0.0007/0.71 (comp 0)
[register] z04608_y02688_x03712: wk_cube=+3 du=-13.88 pairs=100 groups=9(direct 7) mad=0.0014/1.63 (comp 0)
[register] z04736_y02688_x03712: wk_cube=+0 du=-21.56 pairs=97 groups=11(direct 9) mad=0.0007/1.15 (comp 0)
[register] z04480_y02432_x03456: wk_cube=+6 du=-9.56 pairs=77 groups=9(direct 9) mad=0.0011/2.04 (comp 0)
[register] z04608_y02432_x03456: wk_cube=+7 du=-10.10 pairs=54 groups=7(direct 6) mad=0.0018/1.69 (comp 0)
[register] z04736_y02432_x03456: wk_cube=+4 du=6.06 pairs=57 groups=7(direct 6) mad=0.0014/1.43 (comp 0)
[register] z04352_y03712_x03712: wk_cube=-10 du=-21.88 pairs=25 groups=7(direct 4) mad=0.0007/0.59 (comp 0)
[register] z04480_y03840_x03712: wk_cube=+1 du=3.26 pairs=25 groups=9(direct 4) mad=0.0015/0.83 (comp 0)
[register] z04608_y03840_x03712: wk_cube=+4 du=24.32 pairs=33 groups=11(direct 6) mad=0.0018/0.95 (comp 0)
[register] z04736_y03840_x03712: wk_cube=+7 du=32.61 pairs=39 groups=8(direct 5) mad=0.0012/1.15 (comp 0)
[register] z04480_y04096_x03584: wk_cube=+3 du=30.04 pairs=29 groups=16(direct 5) mad=0.0012/0.72 (comp 0)
[register] z04608_y04096_x03584: wk_cube=+7 du=56.76 pairs=45 groups=8(direct 7) mad=0.0015/0.98 (comp 0)
[register] z04480_y03968_x03584: wk_cube=+2 du=13.10 pairs=43 groups=9(direct 4) mad=0.0017/2.09 (comp 0)
[register] z04608_y03968_x03584: wk_cube=+9 du=40.52 pairs=35 groups=6(direct 4) mad=0.0019/1.00 (comp 0)
[register] z04736_y03968_x03584: wk_cube=+7 du=55.82 pairs=39 groups=8(direct 5) mad=0.0009/1.55 (comp 0)
[register] z04352_y04096_x03456: wk_cube=-10 du=-21.43 pairs=25 groups=8(direct 4) mad=0.0009/0.28 (comp 0)
[register] z04608_y04224_x03328: wk_cube=+2 du=26.76 pairs=24 groups=11(direct 5) mad=0.0020/1.14 (comp 0)
[register] z04736_y04224_x03328: wk_cube=+1 du=20.99 pairs=55 groups=12(direct 8) mad=0.0019/1.06 (comp 0)
[register] z04480_y04224_x03456: wk_cube=+8 du=11.21 pairs=39 groups=9(direct 5) mad=0.0016/0.80 (comp 0)
[register] z04608_y04224_x03456: wk_cube=+10 du=39.22 pairs=53 groups=14(direct 8) mad=0.0010/0.97 (comp 0)
[register] z04736_y04224_x03456: wk_cube=+11 du=32.98 pairs=58 groups=15(direct 9) mad=0.0010/0.92 (comp 0)
[register] z04480_y04096_x03456: wk_cube=-7 du=-9.08 pairs=83 groups=16(direct 7) mad=0.0014/1.99 (comp 0)
[register] z04608_y04096_x03456: wk_cube=-2 du=31.00 pairs=55 groups=13(direct 6) mad=0.0033/4.53 (comp 0)
[register] z04736_y04096_x03456: wk_cube=-1 du=31.23 pairs=61 groups=9(direct 9) mad=0.0018/1.72 (comp 0)
[register] z04480_y03968_x03712: wk_cube=+2 du=15.40 pairs=73 groups=9(direct 6) mad=0.0026/6.14 (comp 0)
[register] z04608_y03968_x03712: wk_cube=+14 du=75.15 pairs=160 groups=9(direct 8) mad=0.0012/0.86 (comp 0)
[register] z04736_y03968_x03712: wk_cube=+6 du=21.85 pairs=111 groups=10(direct 8) mad=0.0012/1.86 (comp 0)
[register] z04480_y03712_x03712: wk_cube=-8 du=-5.11 pairs=77 groups=7(direct 5) mad=12.5647/12916.91 (comp 0)
[register] z04608_y03712_x03712: wk_cube=-4 du=9.79 pairs=91 groups=6(direct 6) mad=0.0049/12.89 (comp 0)
[register] z04736_y03712_x03712: wk_cube=-1 du=21.32 pairs=77 groups=6(direct 5) mad=0.0032/22.13 (comp 0)
[register] z04352_y02432_x02176: wk_cube=-8 du=-13.45 pairs=37 groups=17(direct 4) mad=0.0009/0.67 (comp 0)
[register] z04352_y02560_x02176: wk_cube=-12 du=-4.31 pairs=47 groups=11(direct 6) mad=0.0007/0.74 (comp 0)
[register] z04480_y02560_x02176: wk_cube=-11 du=-0.55 pairs=59 groups=14(direct 6) mad=0.0022/2.58 (comp 0)
[register] z04608_y02560_x02176: wk_cube=-3 du=-26.81 pairs=190 groups=17(direct 5) mad=0.0022/2.74 (comp 0)
[register] z04736_y02560_x02176: wk_cube=-1 du=-30.02 pairs=39 groups=14(direct 8) mad=0.0020/1.34 (comp 0)
[register] z04352_y02560_x02048: wk_cube=-13 du=-6.12 pairs=48 groups=14(direct 5) mad=0.0011/0.73 (comp 0)
[register] z04352_y02688_x02048: wk_cube=-14 du=-5.28 pairs=41 groups=19(direct 5) mad=0.0013/0.54 (comp 0)
[register] z04480_y02688_x02048: wk_cube=-12 du=-9.70 pairs=76 groups=17(direct 3) mad=12.5647/14072.19 (comp 0)
[register] z04608_y02688_x02048: wk_cube=-9 du=-7.51 pairs=129 groups=19(direct 8) mad=6.2829/7012.21 (comp 0)
[register] z04736_y02688_x02048: wk_cube=-4 du=-9.36 pairs=38 groups=23(direct 7) mad=0.0023/1.56 (comp 0)
[register] z04480_y02560_x02048: wk_cube=-11 du=-6.44 pairs=166 groups=18(direct 10) mad=0.0015/3.51 (comp 0)
[register] z04608_y02560_x02048: wk_cube=-7 du=-13.08 pairs=230 groups=21(direct 10) mad=0.0018/2.43 (comp 0)
[register] z04736_y02560_x02048: wk_cube=-3 du=-32.83 pairs=218 groups=17(direct 10) mad=0.0014/2.56 (comp 0)
[register] z04352_y02688_x01920: wk_cube=-14 du=2.19 pairs=43 groups=14(direct 6) mad=0.0009/0.18 (comp 0)
[register] z04352_y02816_x01920: wk_cube=-13 du=2.41 pairs=40 groups=13(direct 6) mad=0.0007/0.16 (comp 0)
[register] z04480_y02816_x01920: wk_cube=-13 du=1.29 pairs=54 groups=13(direct 3) mad=0.0018/2.65 (comp 0)
[register] z04608_y02816_x01920: wk_cube=-9 du=0.54 pairs=53 groups=18(direct 4) mad=0.0019/2.14 (comp 0)
[register] z04736_y02816_x01920: wk_cube=-4 du=1.46 pairs=69 groups=13(direct 6) mad=0.0033/5.15 (comp 0)
[register] z04352_y02944_x01920: wk_cube=-10 du=-0.03 pairs=46 groups=17(direct 5) mad=0.0012/0.40 (comp 0)
[register] z04352_y02944_x01792: wk_cube=-6 du=1.69 pairs=48 groups=18(direct 4) mad=0.0013/2.04 (comp 0)
[register] z04352_y03072_x01792: wk_cube=-4 du=-2.36 pairs=84 groups=14(direct 4) mad=0.0017/0.86 (comp 0)
[register] z04352_y03200_x01792: wk_cube=+0 du=-1.16 pairs=38 groups=12(direct 5) mad=0.0007/0.35 (comp 0)
[register] z04480_y03200_x01792: wk_cube=+1 du=2.79 pairs=53 groups=17(direct 5) mad=0.0030/6.75 (comp 0)
[register] z04608_y03200_x01792: wk_cube=+4 du=6.72 pairs=62 groups=13(direct 7) mad=0.0019/2.33 (comp 0)
[register] z04736_y03200_x01792: wk_cube=+7 du=10.99 pairs=63 groups=15(direct 8) mad=0.0013/0.87 (comp 0)
[register] z04352_y03328_x01792: wk_cube=+6 du=-0.26 pairs=45 groups=13(direct 4) mad=0.0007/0.49 (comp 0)
[register] z04352_y03456_x01792: wk_cube=+7 du=7.24 pairs=77 groups=19(direct 5) mad=0.0007/0.73 (comp 0)
[register] z04480_y03456_x01792: wk_cube=+9 du=-11.89 pairs=60 groups=12(direct 8) mad=0.0018/1.29 (comp 0)
[register] z04608_y03456_x01792: wk_cube=+9 du=-10.05 pairs=36 groups=13(direct 6) mad=0.0019/2.11 (comp 0)
[register] z04736_y03456_x01792: wk_cube=+16 du=22.70 pairs=111 groups=16(direct 6) mad=0.0011/1.66 (comp 0)
[register] z04352_y03584_x01792: wk_cube=+16 du=24.12 pairs=49 groups=15(direct 6) mad=0.0004/0.40 (comp 0)
[register] z04480_y03584_x01792: wk_cube=+16 du=24.34 pairs=85 groups=16(direct 11) mad=0.0010/0.81 (comp 0)
[register] z04608_y03584_x01792: wk_cube=+9 du=17.66 pairs=136 groups=18(direct 9) mad=0.0007/0.47 (comp 0)
[register] z04736_y03584_x01792: wk_cube=+20 du=28.66 pairs=112 groups=19(direct 8) mad=0.0013/0.83 (comp 0)
[register] z04480_y03328_x01792: wk_cube=+6 du=-1.10 pairs=202 groups=14(direct 12) mad=0.0008/1.16 (comp 0)
[register] z04608_y03328_x01792: wk_cube=+5 du=-19.70 pairs=176 groups=13(direct 13) mad=0.0010/1.33 (comp 0)
[register] z04736_y03328_x01792: wk_cube=+9 du=19.45 pairs=201 groups=14(direct 12) mad=0.0009/1.20 (comp 0)
[register] z04480_y03072_x01792: wk_cube=-3 du=-0.25 pairs=98 groups=22(direct 8) mad=0.0011/1.88 (comp 0)
[register] z04608_y03072_x01792: wk_cube=-1 du=7.15 pairs=105 groups=18(direct 9) mad=0.0010/1.20 (comp 0)
[register] z04736_y03072_x01792: wk_cube=+2 du=21.54 pairs=124 groups=22(direct 12) mad=0.0009/1.54 (comp 0)
[register] z04352_y03712_x01792: wk_cube=+21 du=38.69 pairs=52 groups=12(direct 7) mad=0.0005/0.16 (comp 0)
[register] z04480_y03712_x01792: wk_cube=+21 du=28.81 pairs=75 groups=18(direct 6) mad=0.0008/0.38 (comp 0)
[register] z04608_y03712_x01792: wk_cube=+22 du=33.72 pairs=100 groups=15(direct 7) mad=0.0019/1.31 (comp 0)
[register] z04736_y03712_x01792: wk_cube=+21 du=54.90 pairs=71 groups=11(direct 4) mad=0.0023/10.41 (comp 0)
[register] z04480_y02944_x01792: wk_cube=-6 du=4.95 pairs=246 groups=27(direct 7) mad=12.5667/14168.68 (comp 0)
[register] z04608_y02944_x01792: wk_cube=-2 du=2.87 pairs=161 groups=16(direct 9) mad=0.0010/1.62 (comp 0)
[register] z04736_y02944_x01792: wk_cube=-1 du=24.72 pairs=184 groups=19(direct 11) mad=0.0011/1.64 (comp 0)
[register] z04480_y02944_x01920: wk_cube=-10 du=1.56 pairs=145 groups=16(direct 13) mad=0.0013/1.89 (comp 0)
[register] z04608_y02944_x01920: wk_cube=-9 du=8.33 pairs=321 groups=20(direct 12) mad=0.0015/2.95 (comp 0)
[register] z04736_y02944_x01920: wk_cube=-3 du=15.17 pairs=228 groups=14(direct 9) mad=0.0021/1.54 (comp 0)
[register] z04480_y02688_x01920: wk_cube=-13 du=4.32 pairs=140 groups=14(direct 10) mad=0.0021/2.66 (comp 0)
[register] z04608_y02688_x01920: wk_cube=-6 du=-7.45 pairs=171 groups=15(direct 8) mad=0.0026/9.89 (comp 0)
[register] z04736_y02688_x01920: wk_cube=-2 du=-15.54 pairs=136 groups=14(direct 6) mad=0.0018/3.89 (comp 0)
[register] z04352_y03840_x01920: wk_cube=+3 du=17.08 pairs=27 groups=8(direct 4) mad=0.0005/0.67 (comp 0)
[register] z04480_y03840_x01920: wk_cube=+3 du=20.00 pairs=35 groups=9(direct 5) mad=0.0015/1.17 (comp 0)
[register] z04608_y03840_x01920: wk_cube=+2 du=18.48 pairs=33 groups=10(direct 5) mad=0.0022/1.27 (comp 0)
[register] z04736_y03840_x01920: wk_cube=+1 du=17.13 pairs=35 groups=11(direct 5) mad=0.0020/2.00 (comp 0)
[register] z04480_y04096_x02048: wk_cube=+3 du=-14.28 pairs=35 groups=9(direct 7) mad=0.0012/1.10 (comp 0)
[register] z04608_y04096_x02048: wk_cube=+3 du=-14.15 pairs=32 groups=13(direct 5) mad=0.0019/1.44 (comp 0)
[register] z04736_y04096_x02048: wk_cube=+5 du=-5.40 pairs=74 groups=14(direct 10) mad=0.0014/1.21 (comp 0)
[register] z04480_y03968_x02048: wk_cube=+4 du=-21.61 pairs=56 groups=12(direct 8) mad=0.0021/2.27 (comp 0)
[register] z04608_y03968_x02048: wk_cube=+4 du=-16.88 pairs=55 groups=9(direct 8) mad=0.0014/1.07 (comp 0)
[register] z04736_y03968_x02048: wk_cube=+8 du=-23.39 pairs=72 groups=8(direct 8) mad=0.0021/3.31 (comp 0)
[register] z04352_y04096_x02176: wk_cube=-11 du=39.14 pairs=38 groups=17(direct 7) mad=0.0010/0.63 (comp 0)
[register] z04352_y04224_x02176: wk_cube=-6 du=6.48 pairs=37 groups=13(direct 6) mad=0.0017/1.96 (comp 0)
[register] z04352_y04224_x02304: wk_cube=-15 du=34.66 pairs=48 groups=13(direct 8) mad=0.0012/0.42 (comp 0)
[register] z04480_y04224_x02304: wk_cube=-16 du=39.54 pairs=64 groups=12(direct 6) mad=0.0026/1.56 (comp 0)
[register] z04608_y04224_x02304: wk_cube=-11 du=20.81 pairs=34 groups=11(direct 6) mad=0.0020/1.48 (comp 0)
[register] z04736_y04224_x02304: wk_cube=-8 du=15.66 pairs=48 groups=11(direct 7) mad=0.0015/0.87 (comp 0)
[register] z04480_y04224_x02176: wk_cube=-3 du=-28.10 pairs=69 groups=11(direct 10) mad=0.0012/0.61 (comp 0)
[register] z04608_y04224_x02176: wk_cube=-2 du=-32.23 pairs=129 groups=12(direct 9) mad=0.0013/1.02 (comp 0)
[register] z04736_y04224_x02176: wk_cube=-3 du=6.00 pairs=124 groups=15(direct 10) mad=0.0014/1.87 (comp 0)
[register] z04480_y04096_x02176: wk_cube=-6 du=34.93 pairs=98 groups=10(direct 9) mad=0.0020/2.05 (comp 0)
[register] z04608_y04096_x02176: wk_cube=-5 du=2.50 pairs=112 groups=11(direct 9) mad=0.0014/3.72 (comp 0)
[register] z04736_y04096_x02176: wk_cube=+0 du=-17.78 pairs=166 groups=12(direct 11) mad=0.0009/3.31 (comp 0)
[register] z04480_y03968_x01920: wk_cube=+3 du=-5.96 pairs=110 groups=11(direct 10) mad=0.0013/1.64 (comp 0)
[register] z04608_y03968_x01920: wk_cube=+9 du=-16.70 pairs=144 groups=14(direct 8) mad=0.0014/1.71 (comp 0)
[register] z04736_y03968_x01920: wk_cube=+8 du=-11.33 pairs=101 groups=11(direct 10) mad=0.0012/1.88 (comp 0)
[register] z04480_y03712_x01920: wk_cube=+0 du=-1.53 pairs=71 groups=8(direct 7) mad=0.0010/1.16 (comp 0)
[register] z04608_y03712_x01920: wk_cube=+0 du=3.62 pairs=95 groups=8(direct 8) mad=0.0012/2.19 (comp 0)
[register] z04736_y03712_x01920: wk_cube=-1 du=4.94 pairs=92 groups=9(direct 9) mad=0.0011/1.52 (comp 0)
[register] z04480_y02432_x02176: wk_cube=-5 du=-25.93 pairs=151 groups=21(direct 9) mad=0.0017/4.06 (comp 0)
[register] z04608_y02432_x02176: wk_cube=-1 du=-14.40 pairs=265 groups=19(direct 11) mad=0.0027/2.77 (comp 0)
[register] z04736_y02432_x02176: wk_cube=+1 du=-33.96 pairs=112 groups=14(direct 10) mad=0.0030/6.18 (comp 0)
[register] z04352_y04352_x03072: wk_cube=-6 du=-1.62 pairs=76 groups=14(direct 7) mad=0.0007/0.54 (comp 0)
[register] z04480_y04352_x03072: wk_cube=-7 du=-4.18 pairs=30 groups=18(direct 3) mad=0.0021/3.29 (comp 0)
[register] z04608_y04352_x03072: wk_cube=-3 du=0.30 pairs=61 groups=12(direct 8) mad=0.0019/1.82 (comp 0)
[register] z04736_y04352_x03072: wk_cube=-3 du=2.39 pairs=48 groups=14(direct 8) mad=0.0018/1.73 (comp 0)
[register] z04352_y04352_x02944: wk_cube=-12 du=-5.41 pairs=60 groups=15(direct 4) mad=0.0008/0.35 (comp 0)
[register] z04480_y04352_x02944: wk_cube=-11 du=-9.15 pairs=241 groups=18(direct 9) mad=0.0019/2.39 (comp 0)
[register] z04608_y04352_x02944: wk_cube=-6 du=8.01 pairs=125 groups=10(direct 7) mad=0.0012/2.91 (comp 0)
[register] z04736_y04352_x02944: wk_cube=-5 du=6.67 pairs=63 groups=16(direct 7) mad=0.0019/1.29 (comp 0)
[register] z04352_y04352_x02816: wk_cube=-14 du=-10.81 pairs=96 groups=17(direct 8) mad=0.0011/0.51 (comp 0)
[register] z04352_y04352_x02688: wk_cube=-15 du=-16.27 pairs=41 groups=12(direct 6) mad=0.0010/0.44 (comp 0)
[register] z04352_y04352_x02560: wk_cube=-13 du=-9.02 pairs=52 groups=17(direct 8) mad=0.0012/0.41 (comp 0)
[register] z04480_y04352_x02560: wk_cube=-9 du=-20.87 pairs=36 groups=18(direct 7) mad=0.0018/1.02 (comp 0)
[register] z04608_y04352_x02560: wk_cube=-2 du=-37.39 pairs=39 groups=16(direct 5) mad=0.0020/1.77 (comp 0)
[register] z04736_y04352_x02560: wk_cube=+0 du=-42.00 pairs=31 groups=11(direct 4) mad=0.0022/1.63 (comp 0)
[register] z04480_y04352_x02688: wk_cube=-10 du=-13.35 pairs=137 groups=20(direct 7) mad=0.0014/0.66 (comp 0)
[register] z04608_y04352_x02688: wk_cube=-6 du=-27.35 pairs=101 groups=16(direct 6) mad=0.0028/5.00 (comp 0)
[register] z04736_y04352_x02688: wk_cube=-2 du=-40.43 pairs=68 groups=12(direct 8) mad=0.0013/0.84 (comp 0)
[register] z04480_y04352_x02816: wk_cube=-13 du=-15.50 pairs=192 groups=19(direct 8) mad=0.0027/7.24 (comp 0)
[register] z04608_y04352_x02816: wk_cube=-7 du=8.20 pairs=159 groups=13(direct 7) mad=0.0019/4.49 (comp 0)
[register] z04736_y04352_x02816: wk_cube=-5 du=-0.06 pairs=149 groups=12(direct 12) mad=0.0018/0.99 (comp 0)
[register] z04352_y04352_x02432: wk_cube=-8 du=-17.21 pairs=37 groups=14(direct 4) mad=0.0011/0.44 (comp 0)
[register] z04480_y04352_x02432: wk_cube=-5 du=-28.72 pairs=331 groups=13(direct 5) mad=0.0010/1.23 (comp 0)
[register] z04608_y04352_x02432: wk_cube=+2 du=-34.80 pairs=78 groups=19(direct 8) mad=0.0016/2.55 (comp 0)
[register] z04736_y04352_x02432: wk_cube=+2 du=-40.30 pairs=62 groups=12(direct 6) mad=0.0025/4.00 (comp 0)
[register] z04480_y04352_x03200: wk_cube=-2 du=3.97 pairs=108 groups=11(direct 6) mad=0.0014/3.34 (comp 0)
[register] z04608_y04352_x03200: wk_cube=-1 du=5.13 pairs=184 groups=11(direct 8) mad=0.0013/1.47 (comp 0)
[register] z04736_y04352_x03200: wk_cube=+1 du=-3.20 pairs=82 groups=9(direct 8) mad=0.0013/1.83 (comp 0)
[register] z04480_y04224_x03200: wk_cube=-4 du=-11.85 pairs=64 groups=8(direct 7) mad=0.0021/2.34 (comp 0)
[register] z04608_y04224_x03200: wk_cube=-1 du=-2.34 pairs=100 groups=10(direct 8) mad=0.0035/10.93 (comp 0)
[register] z04736_y04224_x03200: wk_cube=-3 du=-0.05 pairs=68 groups=9(direct 8) mad=0.0026/2.47 (comp 0)
[register] z04352_y04224_x02432: wk_cube=-23 du=72.22 pairs=99 groups=16(direct 11) mad=0.0014/0.53 (comp 0)
[register] z04480_y04224_x02432: wk_cube=-18 du=13.73 pairs=120 groups=12(direct 7) mad=0.0031/8.00 (comp 0)
[register] z04608_y04224_x02432: wk_cube=-15 du=33.74 pairs=109 groups=11(direct 8) mad=0.0011/1.92 (comp 0)
[register] z04736_y04224_x02432: wk_cube=-12 du=15.10 pairs=110 groups=10(direct 10) mad=0.0018/0.74 (comp 0)
[register] z04352_y04352_x02304: wk_cube=-1 du=-41.08 pairs=82 groups=12(direct 10) mad=0.0013/1.35 (comp 0)
[register] z04480_y04352_x02304: wk_cube=+2 du=-37.97 pairs=140 groups=11(direct 11) mad=0.0023/5.35 (comp 0)
[register] z04608_y04352_x02304: wk_cube=+3 du=-35.01 pairs=123 groups=14(direct 11) mad=0.0020/1.60 (comp 0)
[register] z04736_y04352_x02304: wk_cube=+3 du=-44.15 pairs=135 groups=13(direct 9) mad=0.0030/3.22 (comp 0)
[register] z04352_y04352_x03328: wk_cube=+7 du=8.79 pairs=97 groups=19(direct 12) mad=0.0012/0.52 (comp 0)
[register] z04480_y04352_x03328: wk_cube=+7 du=-14.94 pairs=65 groups=6(direct 5) mad=0.0013/2.46 (comp 0)
[register] z04608_y04352_x03328: wk_cube=+6 du=-0.11 pairs=81 groups=10(direct 8) mad=0.0016/1.14 (comp 0)
[register] z04736_y04352_x03328: wk_cube=+7 du=-4.35 pairs=89 groups=10(direct 10) mad=0.0016/2.25 (comp 0)
[register] z04352_y02432_x02560: wk_cube=-7 du=21.57 pairs=45 groups=10(direct 8) mad=0.0010/0.56 (comp 0)
[register] z04480_y02432_x02560: wk_cube=-6 du=21.58 pairs=97 groups=10(direct 8) mad=0.0015/1.43 (comp 0)
[register] z04608_y02432_x02560: wk_cube=-3 du=-13.08 pairs=108 groups=10(direct 9) mad=0.0018/2.19 (comp 0)
[register] z04736_y02432_x02560: wk_cube=-2 du=19.57 pairs=82 groups=7(direct 6) mad=0.0009/0.49 (comp 0)
[register] z04352_y03840_x01792: wk_cube=+26 du=46.91 pairs=71 groups=10(direct 8) mad=0.0010/1.33 (comp 0)
[register] z04480_y03840_x01792: wk_cube=+27 du=46.20 pairs=71 groups=12(direct 7) mad=0.0012/1.90 (comp 0)
[register] z04608_y03840_x01792: wk_cube=+27 du=44.09 pairs=83 groups=10(direct 9) mad=0.0020/3.20 (comp 0)
[register] z04736_y03840_x01792: wk_cube=+25 du=65.14 pairs=183 groups=10(direct 10) mad=0.0016/0.90 (comp 0)
[register] z04480_y04480_x02816: wk_cube=-5 du=-10.79 pairs=29 groups=12(direct 4) mad=0.0018/1.60 (comp 0)
[register] z04608_y04480_x02816: wk_cube=-2 du=-6.78 pairs=193 groups=13(direct 9) mad=0.0013/1.83 (comp 0)
[register] z04736_y04480_x02816: wk_cube=+0 du=4.66 pairs=55 groups=10(direct 10) mad=0.0016/1.26 (comp 0)
[register] z04352_y03840_x03840: wk_cube=-6 du=-1.68 pairs=122 groups=10(direct 8) mad=0.0014/2.09 (comp 0)
[register] z04480_y03840_x03840: wk_cube=-1 du=-0.12 pairs=95 groups=9(direct 9) mad=0.0017/1.90 (comp 0)
[register] z04608_y03840_x03840: wk_cube=+0 du=13.66 pairs=117 groups=8(direct 7) mad=0.0024/4.75 (comp 0)
[register] z04736_y03840_x03840: wk_cube=+2 du=39.93 pairs=146 groups=10(direct 8) mad=0.0020/1.73 (comp 0)
[register] z04352_y02432_x03072: wk_cube=-6 du=8.69 pairs=129 groups=10(direct 10) mad=0.0010/0.51 (comp 0)
[register] z04480_y02432_x03072: wk_cube=-15 du=33.90 pairs=91 groups=9(direct 7) mad=0.0015/1.99 (comp 0)
[register] z04608_y02432_x03072: wk_cube=-16 du=49.28 pairs=80 groups=6(direct 6) mad=0.0016/1.85 (comp 0)
[register] z04736_y02432_x03072: wk_cube=-15 du=27.90 pairs=78 groups=8(direct 7) mad=0.0023/1.32 (comp 0)
[register] z04352_y02560_x02304: wk_cube=-12 du=26.53 pairs=96 groups=21(direct 8) mad=0.0016/2.01 (comp 0)
[register] z04480_y02560_x02304: wk_cube=-10 du=24.55 pairs=153 groups=15(direct 11) mad=0.0014/2.49 (comp 0)
[register] z04608_y02560_x02304: wk_cube=-6 du=14.38 pairs=140 groups=11(direct 10) mad=0.0021/3.75 (comp 0)
[register] z04736_y02560_x02304: wk_cube=-3 du=0.54 pairs=277 groups=12(direct 10) mad=0.0020/1.81 (comp 0)
[register] z04352_y03072_x01920: wk_cube=-9 du=-8.48 pairs=166 groups=14(direct 7) mad=0.0017/0.86 (comp 0)
[register] z04480_y03072_x01920: wk_cube=-7 du=-5.32 pairs=111 groups=16(direct 10) mad=0.0021/2.61 (comp 0)
[register] z04608_y03072_x01920: wk_cube=-6 du=7.65 pairs=232 groups=13(direct 9) mad=0.0020/2.36 (comp 0)
[register] z04736_y03072_x01920: wk_cube=-1 du=14.07 pairs=247 groups=22(direct 11) mad=0.0015/1.58 (comp 0)
[register] z04480_y04480_x02688: wk_cube=-4 du=-30.54 pairs=100 groups=12(direct 6) mad=0.0018/3.06 (comp 0)
[register] z04608_y04480_x02688: wk_cube=+1 du=-11.54 pairs=120 groups=16(direct 12) mad=0.0015/1.62 (comp 0)
[register] z04736_y04480_x02688: wk_cube=+2 du=-32.27 pairs=47 groups=8(direct 7) mad=0.0016/2.13 (comp 0)
[register] z04480_y04480_x02944: wk_cube=-5 du=-14.04 pairs=143 groups=12(direct 8) mad=0.0018/1.15 (comp 0)
[register] z04608_y04480_x02944: wk_cube=-1 du=-26.65 pairs=235 groups=16(direct 10) mad=0.0015/1.43 (comp 0)
[register] z04736_y04480_x02944: wk_cube=+1 du=9.25 pairs=65 groups=9(direct 8) mad=0.0012/1.87 (comp 0)
[register] z04352_y03072_x03712: wk_cube=+5 du=-3.01 pairs=37 groups=5(direct 3) mad=0.0012/0.86 (comp 0)
[register] z04480_y03072_x03712: wk_cube=+2 du=10.99 pairs=61 groups=5(direct 5) mad=0.0025/3.38 (comp 0)
[register] z04608_y03072_x03712: wk_cube=+0 du=23.75 pairs=55 groups=8(direct 6) mad=0.0011/1.29 (comp 0)
[register] z04736_y03072_x03712: wk_cube=-2 du=17.15 pairs=66 groups=6(direct 6) mad=0.0035/3.16 (comp 0)
[register] z04352_y02816_x03840: wk_cube=+7 du=-1.60 pairs=59 groups=9(direct 4) mad=0.0010/0.93 (comp 0)
[register] z04480_y02816_x03840: wk_cube=+6 du=6.54 pairs=69 groups=9(direct 5) mad=0.0011/2.52 (comp 0)
[register] z04608_y02816_x03840: wk_cube=+4 du=14.14 pairs=117 groups=8(direct 7) mad=0.0010/0.78 (comp 0)
[register] z04736_y02816_x03840: wk_cube=+4 du=11.44 pairs=87 groups=8(direct 6) mad=0.0009/0.85 (comp 0)
[register] z04352_y02560_x03328: wk_cube=-8 du=18.11 pairs=43 groups=10(direct 6) mad=0.0014/1.11 (comp 0)
[register] z04480_y02560_x03328: wk_cube=-11 du=28.44 pairs=62 groups=9(direct 9) mad=0.0013/1.51 (comp 0)
[register] z04608_y02560_x03328: wk_cube=-14 du=45.60 pairs=74 groups=12(direct 10) mad=0.0015/1.00 (comp 0)
[register] z04736_y02560_x03328: wk_cube=-9 du=21.86 pairs=42 groups=8(direct 7) mad=0.0020/1.71 (comp 0)
[register] z04352_y02816_x02048: wk_cube=-15 du=0.28 pairs=108 groups=14(direct 7) mad=0.0015/1.40 (comp 0)
[register] z04480_y02816_x02048: wk_cube=-15 du=-0.65 pairs=173 groups=16(direct 8) mad=0.0022/3.07 (comp 0)
[register] z04608_y02816_x02048: wk_cube=-12 du=5.25 pairs=169 groups=17(direct 11) mad=0.0025/4.70 (comp 0)
[register] z04736_y02816_x02048: wk_cube=-6 du=2.87 pairs=140 groups=16(direct 10) mad=0.0024/8.84 (comp 0)
[register] z04352_y02816_x01792: wk_cube=-9 du=4.46 pairs=93 groups=16(direct 7) mad=0.0012/1.14 (comp 0)
[register] z04480_y02816_x01792: wk_cube=-8 du=6.22 pairs=143 groups=11(direct 8) mad=0.0032/6.79 (comp 0)
[register] z04608_y02816_x01792: wk_cube=-4 du=5.50 pairs=230 groups=19(direct 12) mad=0.0016/5.61 (comp 0)
[register] z04736_y02816_x01792: wk_cube=-1 du=25.75 pairs=423 groups=19(direct 9) mad=0.0020/2.06 (comp 0)
[register] z04480_y03328_x03968: wk_cube=+1 du=4.16 pairs=53 groups=7(direct 6) mad=0.0012/1.22 (comp 0)
[register] z04608_y03328_x03968: wk_cube=+0 du=13.28 pairs=28 groups=6(direct 4) mad=0.0019/1.41 (comp 0)
[register] z04736_y03328_x03968: wk_cube=+1 du=22.89 pairs=27 groups=8(direct 4) mad=0.0017/2.66 (comp 0)
[register] z04352_y03328_x01664: wk_cube=+11 du=22.94 pairs=49 groups=18(direct 5) mad=0.0008/0.42 (comp 0)
[register] z04480_y03328_x01664: wk_cube=+12 du=28.78 pairs=134 groups=12(direct 9) mad=0.0012/0.95 (comp 0)
[register] z04608_y03328_x01664: wk_cube=+13 du=27.67 pairs=69 groups=15(direct 9) mad=0.0013/0.83 (comp 0)
[register] z04736_y03328_x01664: wk_cube=+14 du=28.14 pairs=150 groups=16(direct 13) mad=0.0013/1.02 (comp 0)
[register] z04352_y02816_x03584: wk_cube=-7 du=29.57 pairs=47 groups=7(direct 4) mad=0.0006/0.28 (comp 0)
[register] z04480_y02816_x03584: wk_cube=-12 du=63.25 pairs=52 groups=8(direct 5) mad=0.0011/0.99 (comp 0)
[register] z04608_y02816_x03584: wk_cube=-11 du=57.11 pairs=30 groups=7(direct 4) mad=0.0009/1.05 (comp 0)
[register] z04352_y03584_x03712: wk_cube=-6 du=-36.89 pairs=55 groups=7(direct 4) mad=0.0007/1.04 (comp 0)
[register] z04480_y03584_x03712: wk_cube=-3 du=-18.32 pairs=78 groups=5(direct 4) mad=6.2834/6056.65 (comp 0)
[register] z04608_y03584_x03712: wk_cube=-3 du=13.68 pairs=37 groups=6(direct 3) mad=0.0020/1.31 (comp 0)
[register] z04736_y03584_x03712: wk_cube=-2 du=15.54 pairs=93 groups=7(direct 5) mad=0.0018/1.23 (comp 0)
[register] z04352_y03584_x01920: wk_cube=-7 du=-11.59 pairs=70 groups=11(direct 9) mad=0.0005/0.20 (comp 0)
[register] z04480_y03584_x01920: wk_cube=+11 du=-2.33 pairs=174 groups=10(direct 10) mad=0.0014/0.63 (comp 0)
[register] z04608_y03584_x01920: wk_cube=+6 du=-9.20 pairs=148 groups=17(direct 10) mad=0.0010/1.00 (comp 0)
[register] z04736_y03584_x01920: wk_cube=-8 du=-4.70 pairs=160 groups=19(direct 11) mad=0.0029/4.23 (comp 0)
[register] z04352_y02304_x03328: wk_cube=+4 du=-24.89 pairs=47 groups=7(direct 5) mad=0.0015/2.00 (comp 0)
[register] z04480_y02304_x03328: wk_cube=+5 du=-14.44 pairs=45 groups=4(direct 4) mad=0.0014/1.37 (comp 0)
[register] z04608_y02304_x03328: wk_cube=+2 du=3.97 pairs=43 groups=7(direct 5) mad=0.0023/1.26 (comp 0)
[register] z04736_y02304_x03328: wk_cube=+1 du=3.01 pairs=78 groups=7(direct 7) mad=0.0011/1.51 (comp 0)
[register] z04352_y03456_x01664: wk_cube=+19 du=31.96 pairs=74 groups=11(direct 11) mad=0.0006/0.35 (comp 0)
[register] z04480_y03456_x01664: wk_cube=+17 du=17.19 pairs=142 groups=18(direct 12) mad=0.0007/0.53 (comp 0)
[register] z04608_y03456_x01664: wk_cube=+16 du=42.03 pairs=244 groups=15(direct 13) mad=0.0010/1.04 (comp 0)
[register] z04736_y03456_x01664: wk_cube=+21 du=37.48 pairs=128 groups=11(direct 11) mad=0.0007/0.59 (comp 0)
[register] z04352_y03456_x03968: wk_cube=-4 du=8.78 pairs=48 groups=10(direct 4) mad=0.0008/1.19 (comp 0)
[register] z04480_y03456_x03968: wk_cube=-2 du=16.02 pairs=74 groups=7(direct 6) mad=0.0020/3.16 (comp 0)
[register] z04608_y03456_x03968: wk_cube=-1 du=-3.02 pairs=68 groups=9(direct 6) mad=0.0009/1.04 (comp 0)
[register] z04736_y03456_x03968: wk_cube=-1 du=20.09 pairs=68 groups=10(direct 5) mad=0.0024/3.73 (comp 0)
[register] z04352_y02304_x02304: wk_cube=-1 du=-7.08 pairs=114 groups=16(direct 8) mad=0.0014/2.81 (comp 0)
[register] z04480_y02304_x02304: wk_cube=-1 du=-11.93 pairs=280 groups=17(direct 9) mad=0.0013/1.86 (comp 0)
[register] z04608_y02304_x02304: wk_cube=-1 du=8.22 pairs=196 groups=12(direct 11) mad=0.0020/1.15 (comp 0)
[register] z04736_y02304_x02304: wk_cube=-1 du=11.51 pairs=109 groups=12(direct 7) mad=0.0014/2.25 (comp 0)
[register] z04352_y02432_x02688: wk_cube=-7 du=21.87 pairs=72 groups=11(direct 8) mad=0.0007/0.33 (comp 0)
[register] z04480_y02432_x02688: wk_cube=-6 du=24.95 pairs=147 groups=14(direct 11) mad=0.0030/2.95 (comp 0)
[register] z04608_y02432_x02688: wk_cube=-2 du=23.53 pairs=148 groups=9(direct 9) mad=0.0017/2.42 (comp 0)
[register] z04736_y02432_x02688: wk_cube=-1 du=21.07 pairs=95 groups=7(direct 7) mad=0.0014/1.03 (comp 0)
[register] z04480_y03200_x03968: wk_cube=+2 du=-0.04 pairs=36 groups=4(direct 4) mad=0.0021/4.34 (comp 0)
[register] z04608_y03200_x03968: wk_cube=+5 du=12.88 pairs=36 groups=6(direct 5) mad=0.0009/0.61 (comp 0)
[register] z04736_y03200_x03968: wk_cube=+4 du=21.25 pairs=37 groups=7(direct 6) mad=0.0013/0.78 (comp 0)
[register] z04352_y03200_x01664: wk_cube=+3 du=16.35 pairs=228 groups=15(direct 9) mad=0.0012/1.25 (comp 0)
[register] z04480_y03200_x01664: wk_cube=+6 du=23.45 pairs=135 groups=13(direct 10) mad=0.0009/1.19 (comp 0)
[register] z04608_y03200_x01664: wk_cube=+8 du=14.65 pairs=147 groups=14(direct 8) mad=6.2823/6747.56 (comp 0)
[register] z04736_y03200_x01664: wk_cube=+11 du=32.14 pairs=242 groups=18(direct 9) mad=0.0014/1.84 (comp 0)
[register] z04480_y02176_x02816: wk_cube=+3 du=-17.39 pairs=31 groups=7(direct 5) mad=0.0014/0.99 (comp 0)
[register] z04608_y02176_x02816: wk_cube=+3 du=-17.27 pairs=63 groups=7(direct 7) mad=0.0008/0.68 (comp 0)
[register] z04736_y02176_x02816: wk_cube=+0 du=-1.75 pairs=39 groups=6(direct 6) mad=0.0010/1.02 (comp 0)
[register] z04352_y04224_x03072: wk_cube=-8 du=-34.28 pairs=57 groups=9(direct 8) mad=0.0011/0.84 (comp 0)
[register] z04480_y04224_x03072: wk_cube=+0 du=-2.88 pairs=95 groups=9(direct 7) mad=0.0016/1.34 (comp 0)
[register] z04608_y04224_x03072: wk_cube=-1 du=-0.21 pairs=101 groups=11(direct 8) mad=0.0025/3.99 (comp 0)
[register] z04736_y04224_x03072: wk_cube=-2 du=0.92 pairs=86 groups=8(direct 8) mad=0.0014/1.54 (comp 0)
[register] z04352_y04224_x02560: wk_cube=-25 du=60.65 pairs=101 groups=15(direct 8) mad=0.0014/1.07 (comp 0)
[register] z04480_y04224_x02560: wk_cube=-24 du=60.72 pairs=137 groups=12(direct 11) mad=0.0016/3.99 (comp 0)
[register] z04608_y04224_x02560: wk_cube=-18 du=41.82 pairs=116 groups=11(direct 10) mad=0.0017/3.22 (comp 0)
[register] z04736_y04224_x02560: wk_cube=-15 du=3.31 pairs=66 groups=9(direct 8) mad=0.0019/2.12 (comp 0)
[register] z04352_y03840_x03584: wk_cube=-6 du=-19.74 pairs=43 groups=7(direct 3) mad=25.1316/24022.56 (comp 0)
[register] z04480_y03840_x03584: wk_cube=-8 du=-24.38 pairs=66 groups=10(direct 6) mad=0.0011/1.70 (comp 0)
[register] z04608_y03840_x03584: wk_cube=-3 du=-8.40 pairs=127 groups=11(direct 7) mad=0.0013/2.01 (comp 0)
[register] z04736_y03840_x03584: wk_cube=+0 du=5.56 pairs=84 groups=6(direct 5) mad=0.0035/4.09 (comp 0)
[register] z04352_y02688_x02176: wk_cube=-15 du=8.38 pairs=103 groups=17(direct 7) mad=0.0011/2.75 (comp 0)
[register] z04480_y02688_x02176: wk_cube=-13 du=7.96 pairs=152 groups=15(direct 11) mad=0.0019/1.95 (comp 0)
[register] z04608_y02688_x02176: wk_cube=-10 du=6.48 pairs=171 groups=15(direct 8) mad=0.0053/15.05 (comp 0)
[register] z04736_y02688_x02176: wk_cube=-4 du=-8.31 pairs=142 groups=14(direct 12) mad=0.0025/1.42 (comp 0)
[register] z04352_y03840_x02048: wk_cube=-2 du=34.57 pairs=44 groups=12(direct 6) mad=0.0008/0.68 (comp 0)
[register] z04480_y03840_x02048: wk_cube=+0 du=15.59 pairs=64 groups=8(direct 6) mad=0.0015/1.22 (comp 0)
[register] z04608_y03840_x02048: wk_cube=+0 du=22.31 pairs=86 groups=8(direct 7) mad=0.0031/2.41 (comp 0)
[register] z04736_y03840_x02048: wk_cube=-1 du=20.15 pairs=108 groups=8(direct 8) mad=0.0029/1.84 (comp 0)
[register] z04480_y04480_x02560: wk_cube=-1 du=-33.10 pairs=93 groups=13(direct 8) mad=0.0016/1.62 (comp 0)
[register] z04608_y04480_x02560: wk_cube=+5 du=-28.58 pairs=112 groups=16(direct 11) mad=0.0015/2.22 (comp 0)
[register] z04736_y04480_x02560: wk_cube=+5 du=-43.51 pairs=54 groups=7(direct 7) mad=0.0016/1.90 (comp 0)
[register] z04352_y02432_x02944: wk_cube=-18 du=30.24 pairs=60 groups=9(direct 8) mad=0.0006/0.42 (comp 0)
[register] z04480_y02432_x02944: wk_cube=-20 du=59.17 pairs=99 groups=9(direct 9) mad=0.0011/0.95 (comp 0)
[register] z04608_y02432_x02944: wk_cube=-16 du=52.46 pairs=76 groups=7(direct 7) mad=0.0010/2.09 (comp 0)
[register] z04736_y02432_x02944: wk_cube=-18 du=35.08 pairs=92 groups=8(direct 7) mad=0.0013/2.08 (comp 0)
[register] z04352_y04480_x03072: wk_cube=+0 du=6.22 pairs=25 groups=9(direct 5) mad=0.0005/0.57 (comp 0)
[register] z04608_y04480_x03072: wk_cube=+2 du=-7.87 pairs=89 groups=9(direct 9) mad=0.0010/0.82 (comp 0)
[register] z04736_y04480_x03072: wk_cube=+2 du=16.94 pairs=47 groups=6(direct 6) mad=0.0010/1.06 (comp 0)
[register] z04352_y02176_x02944: wk_cube=+5 du=-9.62 pairs=38 groups=6(direct 5) mad=0.0006/0.51 (comp 0)
[register] z04480_y02176_x02944: wk_cube=+9 du=-27.75 pairs=49 groups=6(direct 6) mad=0.0005/0.42 (comp 0)
[register] z04608_y02176_x02944: wk_cube=+6 du=-17.35 pairs=100 groups=8(direct 8) mad=0.0008/1.10 (comp 0)
[register] z04736_y02176_x02944: wk_cube=+4 du=-11.51 pairs=61 groups=7(direct 7) mad=0.0010/0.82 (comp 0)
[register] z04352_y02688_x03456: wk_cube=-9 du=19.19 pairs=44 groups=7(direct 6) mad=0.0008/0.28 (comp 0)
[register] z04480_y02688_x03456: wk_cube=-12 du=34.81 pairs=80 groups=6(direct 6) mad=0.0011/1.18 (comp 0)
[register] z04608_y02688_x03456: wk_cube=-15 du=49.59 pairs=44 groups=7(direct 6) mad=0.0021/1.62 (comp 0)
[register] z04736_y02688_x03456: wk_cube=-17 du=61.27 pairs=47 groups=8(direct 7) mad=0.0015/1.52 (comp 0)
[register] z04352_y04096_x03328: wk_cube=-17 du=-27.90 pairs=59 groups=10(direct 8) mad=0.0010/0.40 (comp 0)
[register] z04480_y04096_x03328: wk_cube=-17 du=-20.60 pairs=79 groups=11(direct 8) mad=0.0030/7.48 (comp 0)
[register] z04608_y04096_x03328: wk_cube=-12 du=-21.69 pairs=91 groups=12(direct 9) mad=0.0030/1.96 (comp 0)
[register] z04736_y04096_x03328: wk_cube=-11 du=-18.95 pairs=71 groups=10(direct 9) mad=0.0022/1.73 (comp 0)
[register] z04352_y04224_x02048: wk_cube=+4 du=-22.23 pairs=51 groups=12(direct 6) mad=0.0020/1.88 (comp 0)
[register] z04480_y04224_x02048: wk_cube=+5 du=-28.78 pairs=78 groups=12(direct 10) mad=0.0012/1.12 (comp 0)
[register] z04608_y04224_x02048: wk_cube=+1 du=5.17 pairs=160 groups=13(direct 11) mad=0.0019/2.85 (comp 0)
[register] z04736_y04224_x02048: wk_cube=+3 du=-13.92 pairs=203 groups=15(direct 10) mad=0.0010/2.51 (comp 0)
[register] z04352_y04096_x02304: wk_cube=-19 du=51.52 pairs=57 groups=14(direct 9) mad=0.0016/1.34 (comp 0)
[register] z04480_y04096_x02304: wk_cube=-17 du=45.65 pairs=101 groups=11(direct 10) mad=0.0014/2.47 (comp 0)
[register] z04608_y04096_x02304: wk_cube=-14 du=48.57 pairs=100 groups=16(direct 9) mad=0.0019/2.79 (comp 0)
[register] z04736_y04096_x02304: wk_cube=-8 du=21.63 pairs=126 groups=14(direct 10) mad=0.0022/4.00 (comp 0)
[register] z04352_y04224_x03584: wk_cube=+7 du=10.08 pairs=24 groups=6(direct 4) mad=0.0009/0.79 (comp 0)
[register] z04480_y04224_x03584: wk_cube=+13 du=45.33 pairs=94 groups=10(direct 8) mad=0.0009/1.44 (comp 0)
[register] z04608_y04224_x03584: wk_cube=+19 du=77.82 pairs=64 groups=12(direct 9) mad=0.0011/2.35 (comp 0)
[register] z04736_y04224_x03584: wk_cube=+21 du=63.89 pairs=69 groups=11(direct 7) mad=0.0014/1.54 (comp 0)
[register] z04352_y04096_x01920: wk_cube=+10 du=-27.99 pairs=34 groups=14(direct 6) mad=0.0010/0.84 (comp 0)
[register] z04480_y04096_x01920: wk_cube=+11 du=-46.97 pairs=96 groups=10(direct 8) mad=0.0012/1.78 (comp 0)
[register] z04608_y04096_x01920: wk_cube=+9 du=-18.23 pairs=132 groups=11(direct 9) mad=0.0018/2.03 (comp 0)
[register] z04736_y04096_x01920: wk_cube=+12 du=-33.23 pairs=169 groups=11(direct 10) mad=0.0010/2.06 (comp 0)
[register] z04352_y04096_x03712: wk_cube=+1 du=8.49 pairs=57 groups=8(direct 2) mad=0.0017/2.04 (comp 0)
[register] z04480_y04096_x03712: wk_cube=+8 du=59.37 pairs=61 groups=15(direct 6) mad=0.0020/0.92 (comp 0)
[register] z04608_y04096_x03712: wk_cube=+11 du=80.06 pairs=94 groups=7(direct 7) mad=0.0015/3.56 (comp 0)
[register] z04736_y04096_x03712: wk_cube=+5 du=16.76 pairs=107 groups=7(direct 7) mad=12.5652/13774.57 (comp 0)
[register] z04352_y03200_x01920: wk_cube=-4 du=5.46 pairs=45 groups=12(direct 5) mad=0.0012/0.63 (comp 0)
[register] z04480_y03200_x01920: wk_cube=-3 du=7.03 pairs=152 groups=12(direct 8) mad=0.0024/8.45 (comp 0)
[register] z04608_y03200_x01920: wk_cube=+0 du=-5.16 pairs=129 groups=10(direct 9) mad=0.0015/3.44 (comp 0)
[register] z04736_y03200_x01920: wk_cube=+3 du=-6.79 pairs=141 groups=16(direct 9) mad=0.0011/1.64 (comp 0)
[register] z04352_y03200_x03712: wk_cube=-1 du=1.75 pairs=47 groups=6(direct 6) mad=0.0012/0.50 (comp 0)
[register] z04480_y03200_x03712: wk_cube=-1 du=1.61 pairs=164 groups=6(direct 6) mad=0.0014/1.00 (comp 0)
[register] z04608_y03200_x03712: wk_cube=+3 du=14.63 pairs=47 groups=5(direct 4) mad=0.0010/0.88 (comp 0)
[register] z04736_y03200_x03712: wk_cube=+3 du=-2.87 pairs=54 groups=7(direct 5) mad=0.0014/1.03 (comp 0)
[register] z04352_y02176_x02688: wk_cube=-5 du=-13.89 pairs=53 groups=8(direct 4) mad=0.0009/2.61 (comp 0)
[register] z04480_y02176_x02688: wk_cube=+0 du=-12.72 pairs=94 groups=7(direct 5) mad=0.0011/5.71 (comp 0)
[register] z04608_y02176_x02688: wk_cube=+1 du=-3.19 pairs=193 groups=8(direct 7) mad=0.0009/0.86 (comp 0)
[register] z04736_y02176_x02688: wk_cube=+1 du=-0.63 pairs=81 groups=8(direct 5) mad=0.0006/0.31 (comp 0)
[register] z04352_y02432_x02816: wk_cube=-21 du=57.40 pairs=100 groups=13(direct 11) mad=0.0017/0.91 (comp 0)
[register] z04480_y02432_x02816: wk_cube=-7 du=21.56 pairs=188 groups=10(direct 10) mad=6.2838/7216.28 (comp 0)
[register] z04608_y02432_x02816: wk_cube=-17 du=34.05 pairs=133 groups=8(direct 7) mad=6.2835/5966.58 (comp 0)
[register] z04736_y02432_x02816: wk_cube=-21 du=41.19 pairs=103 groups=8(direct 8) mad=0.0017/2.42 (comp 0)
[register] z04352_y03584_x01664: wk_cube=+27 du=68.33 pairs=119 groups=14(direct 11) mad=0.0005/0.39 (comp 0)
[register] z04480_y03584_x01664: wk_cube=+26 du=46.92 pairs=133 groups=14(direct 11) mad=0.0006/1.09 (comp 0)
[register] z04608_y03584_x01664: wk_cube=+26 du=54.13 pairs=146 groups=11(direct 10) mad=0.0005/0.59 (comp 0)
[register] z04736_y03584_x01664: wk_cube=+26 du=41.79 pairs=138 groups=12(direct 11) mad=0.0007/0.55 (comp 0)
[register] z04352_y03584_x03968: wk_cube=-8 du=-2.81 pairs=83 groups=10(direct 8) mad=0.0011/0.81 (comp 0)
[register] z04480_y03584_x03968: wk_cube=-4 du=14.68 pairs=133 groups=11(direct 10) mad=0.0012/0.88 (comp 0)
[register] z04608_y03584_x03968: wk_cube=+4 du=21.33 pairs=131 groups=10(direct 9) mad=0.0015/3.55 (comp 0)
[register] z04736_y03584_x03968: wk_cube=+0 du=25.22 pairs=143 groups=12(direct 9) mad=0.0017/1.19 (comp 0)
[register] z04352_y03456_x03712: wk_cube=-3 du=-22.84 pairs=86 groups=7(direct 4) mad=0.0025/2.95 (comp 0)
[register] z04480_y03456_x03712: wk_cube=+2 du=-32.08 pairs=57 groups=5(direct 4) mad=0.0012/1.81 (comp 0)
[register] z04608_y03456_x03712: wk_cube=+2 du=17.61 pairs=73 groups=7(direct 3) mad=12.5650/11083.53 (comp 0)
[register] z04736_y03456_x03712: wk_cube=+4 du=31.43 pairs=86 groups=7(direct 6) mad=0.0034/6.78 (comp 0)
[register] z04352_y03456_x01920: wk_cube=+6 du=5.34 pairs=234 groups=12(direct 11) mad=0.0010/0.56 (comp 0)
[register] z04480_y03456_x01920: wk_cube=+0 du=-12.22 pairs=154 groups=17(direct 9) mad=0.0010/0.74 (comp 0)
[register] z04608_y03456_x01920: wk_cube=-1 du=-15.80 pairs=180 groups=15(direct 13) mad=0.0007/0.92 (comp 0)
[register] z04736_y03456_x01920: wk_cube=-1 du=-42.24 pairs=142 groups=9(direct 8) mad=0.0025/5.02 (comp 0)
[register] z04480_y03072_x03968: wk_cube=+3 du=3.04 pairs=24 groups=4(direct 4) mad=0.0009/1.37 (comp 0)
[register] z04608_y03072_x03968: wk_cube=+5 du=14.88 pairs=30 groups=5(direct 5) mad=0.0010/1.29 (comp 0)
[register] z04736_y03072_x03968: wk_cube=+6 du=22.36 pairs=46 groups=5(direct 5) mad=0.0009/0.98 (comp 0)
[register] z04352_y03072_x01664: wk_cube=-1 du=17.83 pairs=120 groups=20(direct 6) mad=0.0045/1.49 (comp 0)
[register] z04480_y03072_x01664: wk_cube=+2 du=11.34 pairs=136 groups=19(direct 10) mad=0.0017/3.33 (comp 0)
[register] z04608_y03072_x01664: wk_cube=+4 du=43.83 pairs=259 groups=13(direct 10) mad=0.0019/1.01 (comp 0)
[register] z04736_y03072_x01664: wk_cube=+5 du=31.02 pairs=146 groups=16(direct 10) mad=0.0015/2.14 (comp 0)
[register] z04480_y03968_x03456: wk_cube=-2 du=-4.34 pairs=53 groups=14(direct 8) mad=0.0031/3.09 (comp 0)
[register] z04608_y03968_x03456: wk_cube=-2 du=7.86 pairs=61 groups=6(direct 6) mad=0.0027/2.12 (comp 0)
[register] z04736_y03968_x03456: wk_cube=+1 du=23.90 pairs=114 groups=10(direct 5) mad=0.0017/2.40 (comp 0)
[register] z04352_y03328_x01920: wk_cube=+0 du=-8.50 pairs=136 groups=17(direct 9) mad=6.2818/5847.76 (comp 0)
[register] z04480_y03328_x01920: wk_cube=+0 du=-21.00 pairs=365 groups=21(direct 11) mad=0.0019/1.88 (comp 0)
[register] z04608_y03328_x01920: wk_cube=+1 du=-25.75 pairs=169 groups=10(direct 10) mad=0.0018/3.26 (comp 0)
[register] z04736_y03328_x01920: wk_cube=+4 du=-21.11 pairs=155 groups=9(direct 9) mad=0.0048/25.25 (comp 0)
[register] z04352_y03328_x03712: wk_cube=-1 du=-11.16 pairs=62 groups=7(direct 7) mad=0.0010/1.19 (comp 0)
[register] z04480_y03328_x03712: wk_cube=+2 du=10.67 pairs=99 groups=7(direct 7) mad=0.0020/2.19 (comp 0)
[register] z04608_y03328_x03712: wk_cube=+1 du=-8.77 pairs=90 groups=7(direct 7) mad=0.0015/1.89 (comp 0)
[register] z04736_y03328_x03712: wk_cube=+3 du=-11.98 pairs=80 groups=5(direct 5) mad=0.0030/9.00 (comp 0)
[register] z04352_y03968_x02176: wk_cube=-14 du=59.80 pairs=64 groups=18(direct 7) mad=0.0019/1.25 (comp 0)
[register] z04480_y03968_x02176: wk_cube=-8 du=21.11 pairs=118 groups=13(direct 7) mad=6.2842/6021.69 (comp 0)
[register] z04608_y03968_x02176: wk_cube=-7 du=21.02 pairs=101 groups=10(direct 9) mad=0.0012/2.30 (comp 0)
[register] z04736_y03968_x02176: wk_cube=-1 du=-4.48 pairs=90 groups=8(direct 8) mad=0.0017/1.91 (comp 0)
[register] z04352_y02560_x03712: wk_cube=+16 du=-31.15 pairs=54 groups=15(direct 7) mad=0.0009/0.32 (comp 0)
[register] z04480_y02560_x03712: wk_cube=+14 du=-39.43 pairs=73 groups=8(direct 7) mad=0.0016/1.52 (comp 0)
[register] z04608_y02560_x03712: wk_cube=+12 du=-25.82 pairs=94 groups=8(direct 7) mad=0.0021/17.79 (comp 0)
[register] z04736_y02560_x03712: wk_cube=+11 du=-8.71 pairs=76 groups=8(direct 7) mad=0.0019/3.78 (comp 0)
[register] z04352_y02432_x03584: wk_cube=+16 du=-52.85 pairs=33 groups=10(direct 5) mad=0.0009/0.45 (comp 0)
[register] z04480_y02432_x03584: wk_cube=+14 du=-23.18 pairs=108 groups=9(direct 8) mad=0.0017/1.02 (comp 0)
[register] z04608_y02432_x03584: wk_cube=+15 du=-22.37 pairs=45 groups=5(direct 5) mad=0.0022/3.30 (comp 0)
[register] z04736_y02432_x03584: wk_cube=+12 du=-31.78 pairs=59 groups=8(direct 7) mad=0.0011/0.99 (comp 0)
[register] z04352_y04224_x02944: wk_cube=-16 du=-18.99 pairs=102 groups=11(direct 6) mad=0.0009/1.07 (comp 0)
[register] z04480_y04224_x02944: wk_cube=-13 du=-11.56 pairs=115 groups=11(direct 9) mad=0.0021/3.57 (comp 0)
[register] z04608_y04224_x02944: wk_cube=-8 du=6.28 pairs=87 groups=10(direct 7) mad=0.0021/2.63 (comp 0)
[register] z04736_y04224_x02944: wk_cube=-5 du=4.50 pairs=85 groups=11(direct 10) mad=0.0028/2.15 (comp 0)
[register] z04352_y02176_x03072: wk_cube=+0 du=0.44 pairs=96 groups=9(direct 8) mad=0.0007/0.57 (comp 0)
[register] z04480_y02176_x03072: wk_cube=+1 du=-22.53 pairs=74 groups=7(direct 6) mad=0.0008/1.42 (comp 0)
[register] z04608_y02176_x03072: wk_cube=+2 du=-29.08 pairs=82 groups=8(direct 7) mad=0.0011/2.55 (comp 0)
[register] z04736_y02176_x03072: wk_cube=-1 du=-14.38 pairs=80 groups=8(direct 8) mad=0.0014/2.23 (comp 0)
[register] z04352_y04224_x02688: wk_cube=-30 du=71.89 pairs=68 groups=12(direct 8) mad=0.0015/1.28 (comp 0)
[register] z04480_y04224_x02688: wk_cube=-26 du=69.90 pairs=131 groups=12(direct 8) mad=0.0020/7.24 (comp 0)
[register] z04608_y04224_x02688: wk_cube=-20 du=25.04 pairs=126 groups=10(direct 8) mad=0.0022/7.52 (comp 0)
[register] z04736_y04224_x02688: wk_cube=-20 du=35.49 pairs=68 groups=9(direct 8) mad=0.0021/3.17 (comp 0)
[register] z04352_y02560_x01920: wk_cube=-14 du=3.83 pairs=53 groups=13(direct 4) mad=0.0021/12.40 (comp 0)
[register] z04480_y02560_x01920: wk_cube=-12 du=-14.65 pairs=151 groups=14(direct 11) mad=0.0015/0.90 (comp 0)
[register] z04608_y02560_x01920: wk_cube=-7 du=2.77 pairs=268 groups=14(direct 9) mad=0.0019/2.57 (comp 0)
[register] z04736_y02560_x01920: wk_cube=-3 du=3.05 pairs=224 groups=21(direct 9) mad=6.2825/7531.99 (comp 0)
[register] z04352_y02432_x02048: wk_cube=-11 du=-8.51 pairs=54 groups=15(direct 8) mad=0.0012/0.70 (comp 0)
[register] z04480_y02432_x02048: wk_cube=-8 du=-16.79 pairs=188 groups=15(direct 9) mad=0.0013/1.98 (comp 0)
[register] z04608_y02432_x02048: wk_cube=-3 du=-33.23 pairs=220 groups=21(direct 12) mad=0.0011/2.16 (comp 0)
[register] z04736_y02432_x02048: wk_cube=-1 du=-40.35 pairs=164 groups=20(direct 11) mad=0.0016/2.22 (comp 0)
[register] z04352_y02176_x02560: wk_cube=-9 du=-11.53 pairs=34 groups=10(direct 3) mad=0.0016/3.38 (comp 0)
[register] z04480_y02176_x02560: wk_cube=-4 du=-15.21 pairs=78 groups=9(direct 8) mad=0.0008/0.69 (comp 0)
[register] z04608_y02176_x02560: wk_cube=-3 du=-9.03 pairs=86 groups=7(direct 7) mad=0.0013/1.21 (comp 0)
[register] z04736_y02176_x02560: wk_cube=-2 du=-5.80 pairs=51 groups=9(direct 4) mad=0.0012/0.57 (comp 0)
[register] z04352_y04352_x02176: wk_cube=-1 du=-12.76 pairs=77 groups=13(direct 10) mad=0.0011/0.40 (comp 0)
[register] z04480_y04352_x02176: wk_cube=+4 du=-33.34 pairs=120 groups=13(direct 12) mad=0.0011/1.94 (comp 0)
[register] z04608_y04352_x02176: wk_cube=+3 du=-31.72 pairs=134 groups=17(direct 11) mad=0.0011/1.15 (comp 0)
[register] z04736_y04352_x02176: wk_cube=+0 du=-8.56 pairs=159 groups=10(direct 9) mad=0.0015/2.51 (comp 0)
[register] z04352_y04352_x03456: wk_cube=+17 du=37.09 pairs=41 groups=10(direct 6) mad=0.0007/0.55 (comp 0)
[register] z04480_y04352_x03456: wk_cube=+17 du=25.53 pairs=64 groups=9(direct 6) mad=0.0009/1.34 (comp 0)
[register] z04608_y04352_x03456: wk_cube=+15 du=26.71 pairs=49 groups=9(direct 8) mad=0.0008/0.56 (comp 0)
[register] z04736_y04352_x03456: wk_cube=+15 du=17.33 pairs=98 groups=10(direct 9) mad=0.0010/0.83 (comp 0)
[register] z04352_y04224_x02816: wk_cube=-22 du=-22.49 pairs=120 groups=15(direct 10) mad=0.0019/3.30 (comp 0)
[register] z04480_y04224_x02816: wk_cube=-17 du=-13.84 pairs=204 groups=12(direct 9) mad=6.2842/6186.82 (comp 0)
[register] z04608_y04224_x02816: wk_cube=-9 du=-29.82 pairs=203 groups=11(direct 10) mad=0.0027/6.56 (comp 0)
[register] z04736_y04224_x02816: wk_cube=-6 du=-8.22 pairs=170 groups=14(direct 9) mad=0.0038/5.18 (comp 0)
[register] z04352_y03968_x01792: wk_cube=+25 du=57.36 pairs=76 groups=12(direct 8) mad=0.0008/1.78 (comp 0)
[register] z04480_y03968_x01792: wk_cube=+25 du=49.39 pairs=130 groups=13(direct 10) mad=0.0014/1.22 (comp 0)
[register] z04608_y03968_x01792: wk_cube=+27 du=37.03 pairs=194 groups=12(direct 9) mad=6.2822/5734.05 (comp 0)
[register] z04736_y03968_x01792: wk_cube=+27 du=37.10 pairs=133 groups=13(direct 9) mad=0.0015/1.26 (comp 0)
[register] z04352_y03968_x03840: wk_cube=+3 du=10.21 pairs=106 groups=9(direct 5) mad=0.0008/0.92 (comp 0)
[register] z04480_y03968_x03840: wk_cube=+4 du=9.59 pairs=169 groups=6(direct 5) mad=0.0013/1.01 (comp 0)
[register] z04608_y03968_x03840: wk_cube=+11 du=27.64 pairs=92 groups=8(direct 8) mad=0.0012/2.36 (comp 0)
[register] z04736_y03968_x03840: wk_cube=+9 du=24.19 pairs=136 groups=8(direct 7) mad=0.0021/3.18 (comp 0)
[register] z04480_y04480_x02432: wk_cube=+0 du=0.84 pairs=242 groups=22(direct 8) mad=0.0010/0.75 (comp 0)
[register] z04608_y04480_x02432: wk_cube=+10 du=-64.44 pairs=133 groups=10(direct 9) mad=0.0016/4.51 (comp 0)
[register] z04736_y04480_x02432: wk_cube=+5 du=-71.07 pairs=125 groups=9(direct 8) mad=0.0021/1.94 (comp 0)
[register] z04352_y04480_x03200: wk_cube=+6 du=26.31 pairs=45 groups=8(direct 7) mad=0.0008/0.94 (comp 0)
[register] z04608_y04480_x03200: wk_cube=+1 du=13.07 pairs=118 groups=2(direct 2) mad=0.0007/1.14 (comp 0)
[register] z04736_y04480_x03200: wk_cube=+4 du=16.58 pairs=47 groups=5(direct 5) mad=0.0011/1.20 (comp 0)
[register] z04352_y02560_x02432: wk_cube=-10 du=28.00 pairs=60 groups=12(direct 7) mad=0.0012/1.11 (comp 0)
[register] z04480_y02560_x02432: wk_cube=-9 du=27.60 pairs=135 groups=10(direct 9) mad=0.0034/3.00 (comp 0)
[register] z04608_y02560_x02432: wk_cube=-7 du=26.75 pairs=121 groups=9(direct 8) mad=0.0010/0.79 (comp 0)
[register] z04736_y02560_x02432: wk_cube=-8 du=23.70 pairs=86 groups=9(direct 8) mad=0.0020/0.78 (comp 0)
[register] z04352_y03712_x01664: wk_cube=+30 du=77.09 pairs=57 groups=8(direct 8) mad=0.0004/0.20 (comp 0)
[register] z04480_y03712_x01664: wk_cube=+36 du=86.28 pairs=181 groups=8(direct 8) mad=0.0011/0.98 (comp 0)
[register] z04608_y03712_x01664: wk_cube=+33 du=70.83 pairs=62 groups=8(direct 7) mad=0.0007/0.74 (comp 0)
[register] z04736_y03712_x01664: wk_cube=+33 du=67.51 pairs=84 groups=10(direct 9) mad=0.0006/0.56 (comp 0)
[register] z04352_y03712_x03968: wk_cube=-2 du=20.83 pairs=81 groups=7(direct 6) mad=0.0007/1.04 (comp 0)
[register] z04480_y03712_x03968: wk_cube=-2 du=15.17 pairs=91 groups=8(direct 8) mad=0.0009/1.74 (comp 0)
[register] z04608_y03712_x03968: wk_cube=+2 du=19.97 pairs=156 groups=9(direct 8) mad=0.0010/1.93 (comp 0)
[register] z04736_y03712_x03968: wk_cube=+5 du=27.40 pairs=150 groups=11(direct 9) mad=0.0015/2.08 (comp 0)
[register] z04352_y02688_x03840: wk_cube=+15 du=-36.45 pairs=61 groups=9(direct 6) mad=0.0008/0.57 (comp 0)
[register] z04480_y02688_x03840: wk_cube=+12 du=-31.71 pairs=109 groups=9(direct 7) mad=0.0024/3.50 (comp 0)
[register] z04608_y02688_x03840: wk_cube=+11 du=-14.74 pairs=89 groups=9(direct 6) mad=0.0008/5.06 (comp 0)
[register] z04736_y02688_x03840: wk_cube=+8 du=-5.05 pairs=98 groups=11(direct 9) mad=0.0012/1.41 (comp 0)
[register] z04352_y02560_x03200: wk_cube=-11 du=19.28 pairs=64 groups=12(direct 8) mad=0.0014/1.00 (comp 0)
[register] z04480_y02560_x03200: wk_cube=-19 du=53.44 pairs=64 groups=9(direct 9) mad=0.0020/2.62 (comp 0)
[register] z04608_y02560_x03200: wk_cube=-19 du=55.02 pairs=90 groups=10(direct 10) mad=0.0016/1.22 (comp 0)
[register] z04736_y02560_x03200: wk_cube=-19 du=48.90 pairs=68 groups=9(direct 8) mad=0.0018/1.69 (comp 0)
[register] z04352_y02688_x01792: wk_cube=-12 du=3.79 pairs=129 groups=15(direct 7) mad=0.0030/2.31 (comp 0)
[register] z04480_y02688_x01792: wk_cube=-11 du=6.38 pairs=153 groups=14(direct 9) mad=0.0018/2.14 (comp 0)
[register] z04608_y02688_x01792: wk_cube=-6 du=13.17 pairs=233 groups=22(direct 9) mad=0.0018/2.21 (comp 0)
[register] z04736_y02688_x01792: wk_cube=-1 du=7.90 pairs=176 groups=14(direct 8) mad=0.0014/1.70 (comp 0)
[register] z04352_y02304_x03456: wk_cube=+10 du=-24.22 pairs=37 groups=5(direct 4) mad=0.0014/2.22 (comp 0)
[register] z04480_y02304_x03456: wk_cube=+11 du=-14.21 pairs=40 groups=5(direct 4) mad=0.0011/2.34 (comp 0)
[register] z04608_y02304_x03456: wk_cube=+11 du=-23.30 pairs=64 groups=8(direct 6) mad=0.0012/2.26 (comp 0)
[register] z04736_y02304_x03456: wk_cube=+6 du=2.59 pairs=85 groups=8(direct 7) mad=0.0015/2.31 (comp 0)
[register] z04352_y02944_x02048: wk_cube=-14 du=2.13 pairs=147 groups=16(direct 7) mad=0.0022/1.68 (comp 0)
[register] z04480_y02944_x02048: wk_cube=-14 du=2.82 pairs=183 groups=13(direct 9) mad=0.0028/3.52 (comp 0)
[register] z04608_y02944_x02048: wk_cube=-11 du=2.04 pairs=200 groups=17(direct 9) mad=0.0024/7.80 (comp 0)
[register] z04736_y02944_x02048: wk_cube=-6 du=0.82 pairs=174 groups=14(direct 11) mad=0.0027/2.48 (comp 0)
[register] z04352_y02944_x03968: wk_cube=+3 du=-6.76 pairs=25 groups=6(direct 3) mad=0.0006/0.44 (comp 0)
[register] z04480_y02944_x03968: wk_cube=+2 du=-4.81 pairs=58 groups=6(direct 4) mad=0.0025/2.95 (comp 0)
[register] z04608_y02944_x03968: wk_cube=+1 du=1.66 pairs=53 groups=7(direct 4) mad=6.2842/7673.77 (comp 0)
[register] z04736_y02944_x03968: wk_cube=+1 du=1.29 pairs=58 groups=7(direct 5) mad=0.0019/3.37 (comp 0)
[register] z04352_y02944_x03584: wk_cube=-5 du=-1.91 pairs=39 groups=9(direct 4) mad=0.0014/0.80 (comp 0)
[register] z04480_y02944_x03584: wk_cube=-8 du=66.22 pairs=144 groups=10(direct 9) mad=0.0018/1.47 (comp 0)
[register] z04608_y02944_x03584: wk_cube=-8 du=39.28 pairs=51 groups=14(direct 8) mad=0.0009/1.21 (comp 0)
[register] z04736_y02944_x03584: wk_cube=-11 du=36.23 pairs=39 groups=18(direct 7) mad=0.0009/0.52 (comp 0)
[register] z04352_y02944_x01664: wk_cube=-4 du=5.87 pairs=88 groups=13(direct 6) mad=6.2827/7821.09 (comp 0)
[register] z04480_y02944_x01664: wk_cube=-3 du=21.52 pairs=108 groups=13(direct 11) mad=0.0019/2.16 (comp 0)
[register] z04608_y02944_x01664: wk_cube=-1 du=26.87 pairs=147 groups=15(direct 10) mad=0.0023/2.93 (comp 0)
[register] z04736_y02944_x01664: wk_cube=+2 du=21.96 pairs=258 groups=15(direct 6) mad=0.0018/1.45 (comp 0)
[register] z04352_y02304_x02176: wk_cube=-4 du=-17.21 pairs=77 groups=19(direct 7) mad=0.0017/1.35 (comp 0)
[register] z04480_y02304_x02176: wk_cube=-1 du=-35.48 pairs=301 groups=16(direct 9) mad=0.0018/4.47 (comp 0)
[register] z04608_y02304_x02176: wk_cube=+4 du=-40.15 pairs=196 groups=21(direct 9) mad=6.2816/7295.54 (comp 0)
[register] z04736_y02304_x02176: wk_cube=+4 du=-44.49 pairs=149 groups=21(direct 12) mad=0.0020/3.73 (comp 0)
[register] z04352_y02176_x03200: wk_cube=+7 du=-23.80 pairs=59 groups=9(direct 9) mad=0.0005/0.22 (comp 0)
[register] z04480_y02176_x03200: wk_cube=+7 du=-37.01 pairs=64 groups=7(direct 6) mad=0.0005/0.42 (comp 0)
[register] z04608_y02176_x03200: wk_cube=-2 du=2.22 pairs=232 groups=10(direct 9) mad=0.0013/1.11 (comp 0)
[register] z04736_y02176_x03200: wk_cube=-1 du=21.09 pairs=171 groups=9(direct 9) mad=0.0018/3.02 (comp 0)
[register] z04352_y03712_x03584: wk_cube=-18 du=-60.11 pairs=38 groups=6(direct 4) mad=0.0017/1.60 (comp 0)
[register] z04480_y03712_x03584: wk_cube=-5 du=-39.10 pairs=77 groups=5(direct 4) mad=31.4168/29398.81 (comp 0)
[register] z04608_y03712_x03584: wk_cube=-1 du=-21.80 pairs=51 groups=7(direct 3) mad=0.0031/2.44 (comp 0)
[register] z04736_y03712_x03584: wk_cube=-7 du=1.08 pairs=51 groups=6(direct 3) mad=0.0011/2.84 (comp 0)
[register] z04352_y03712_x02048: wk_cube=-5 du=-1.25 pairs=93 groups=7(direct 5) mad=0.0010/0.59 (comp 0)
[register] z04480_y03712_x02048: wk_cube=-3 du=30.88 pairs=51 groups=7(direct 5) mad=0.0019/1.16 (comp 0)
[register] z04608_y03712_x02048: wk_cube=-2 du=32.74 pairs=48 groups=8(direct 6) mad=0.0020/0.76 (comp 0)
[register] z04736_y03712_x02048: wk_cube=-2 du=31.26 pairs=42 groups=9(direct 6) mad=0.0010/1.00 (comp 0)
[register] z04352_y02176_x02432: wk_cube=-13 du=-10.62 pairs=86 groups=15(direct 6) mad=0.0022/4.18 (comp 0)
[register] z04480_y02176_x02432: wk_cube=-9 du=-23.75 pairs=107 groups=12(direct 9) mad=12.5638/16405.87 (comp 0)
[register] z04608_y02176_x02432: wk_cube=-7 du=-15.00 pairs=89 groups=11(direct 8) mad=0.0021/2.57 (comp 0)
[register] z04736_y02176_x02432: wk_cube=-5 du=-13.90 pairs=103 groups=11(direct 7) mad=0.0018/3.74 (comp 0)
[register] z04352_y04096_x03200: wk_cube=-23 du=-44.19 pairs=51 groups=11(direct 6) mad=0.0011/0.83 (comp 0)
[register] z04480_y04096_x03200: wk_cube=-22 du=-41.10 pairs=84 groups=9(direct 8) mad=0.0032/5.50 (comp 0)
[register] z04608_y04096_x03200: wk_cube=-19 du=-1.86 pairs=104 groups=10(direct 9) mad=0.0016/4.93 (comp 0)
[register] z04736_y04096_x03200: wk_cube=-16 du=-24.59 pairs=100 groups=12(direct 7) mad=0.0026/2.98 (comp 0)
[register] z04352_y04096_x02432: wk_cube=-28 du=47.92 pairs=66 groups=16(direct 8) mad=0.0016/1.11 (comp 0)
[register] z04480_y04096_x02432: wk_cube=-25 du=65.15 pairs=84 groups=10(direct 9) mad=0.0029/3.78 (comp 0)
[register] z04608_y04096_x02432: wk_cube=-22 du=71.59 pairs=89 groups=16(direct 8) mad=0.0018/2.55 (comp 0)
[register] z04736_y04096_x02432: wk_cube=-14 du=33.38 pairs=106 groups=11(direct 10) mad=0.0020/2.88 (comp 0)
[register] z04352_y04480_x02304: wk_cube=+7 du=-12.30 pairs=35 groups=11(direct 6) mad=0.0006/1.07 (comp 0)
[register] z04480_y04480_x02304: wk_cube=+9 du=-25.66 pairs=163 groups=13(direct 9) mad=0.0020/3.80 (comp 0)
[register] z04608_y04480_x02304: wk_cube=+16 du=-39.73 pairs=150 groups=11(direct 11) mad=0.0014/1.57 (comp 0)
[register] z04736_y04480_x02304: wk_cube=+9 du=-50.15 pairs=106 groups=9(direct 7) mad=0.0020/2.06 (comp 0)
[register] z04352_y04480_x03328: wk_cube=+14 du=34.40 pairs=64 groups=9(direct 4) mad=0.0015/1.87 (comp 0)
[register] z04736_y04480_x03328: wk_cube=+12 du=50.75 pairs=28 groups=5(direct 3) mad=0.0009/2.14 (comp 0)
[register] z04352_y02688_x02304: wk_cube=-14 du=11.08 pairs=77 groups=13(direct 6) mad=0.0015/2.03 (comp 0)
[register] z04480_y02688_x02304: wk_cube=-13 du=7.35 pairs=142 groups=11(direct 9) mad=0.0019/3.13 (comp 0)
[register] z04608_y02688_x02304: wk_cube=-9 du=6.16 pairs=132 groups=11(direct 10) mad=0.0023/4.38 (comp 0)
[register] z04736_y02688_x02304: wk_cube=-10 du=8.59 pairs=102 groups=10(direct 7) mad=0.0017/1.92 (comp 0)
[register] z04352_y02816_x02176: wk_cube=-16 du=-0.63 pairs=104 groups=17(direct 8) mad=0.0010/1.25 (comp 0)
[register] z04480_y02816_x02176: wk_cube=-16 du=12.23 pairs=213 groups=20(direct 14) mad=0.0016/1.91 (comp 0)
[register] z04608_y02816_x02176: wk_cube=-12 du=-0.60 pairs=252 groups=17(direct 10) mad=0.0024/6.73 (comp 0)
[register] z04736_y02816_x02176: wk_cube=-9 du=8.71 pairs=139 groups=15(direct 14) mad=0.0018/2.53 (comp 0)
[register] z04352_y02688_x03328: wk_cube=-19 du=53.98 pairs=28 groups=6(direct 5) mad=0.0014/0.89 (comp 0)
[register] z04480_y02688_x03328: wk_cube=-22 du=61.88 pairs=63 groups=6(direct 6) mad=0.0009/2.10 (comp 0)
[register] z04608_y02688_x03328: wk_cube=-25 du=79.16 pairs=72 groups=7(direct 7) mad=0.0018/2.00 (comp 0)
[register] z04736_y02688_x03328: wk_cube=-20 du=53.45 pairs=62 groups=8(direct 6) mad=0.0023/3.90 (comp 0)
[register] z04352_y03840_x01664: wk_cube=+44 du=128.80 pairs=31 groups=7(direct 4) mad=0.0007/0.33 (comp 0)
[register] z04480_y03840_x01664: wk_cube=+40 du=85.83 pairs=58 groups=6(direct 5) mad=0.0012/0.65 (comp 0)
[register] z04608_y03840_x01664: wk_cube=+38 du=73.51 pairs=56 groups=10(direct 6) mad=0.0011/2.22 (comp 0)
[register] z04736_y03840_x01664: wk_cube=+39 du=82.48 pairs=64 groups=9(direct 9) mad=0.0012/0.71 (comp 0)
[register] z04352_y02816_x03456: wk_cube=-15 du=76.47 pairs=24 groups=9(direct 3) mad=0.0007/0.41 (comp 0)
[register] z04480_y02816_x03456: wk_cube=-19 du=66.69 pairs=40 groups=8(direct 6) mad=0.0021/1.39 (comp 0)
[register] z04352_y03840_x03968: wk_cube=-3 du=4.05 pairs=27 groups=4(direct 3) mad=0.0011/1.73 (comp 0)
[register] z04480_y03840_x03968: wk_cube=-2 du=20.45 pairs=51 groups=5(direct 5) mad=0.0014/2.69 (comp 0)
[register] z04608_y03840_x03968: wk_cube=+4 du=31.24 pairs=86 groups=7(direct 6) mad=0.0017/1.18 (comp 0)
[register] z04736_y03840_x03968: wk_cube=+5 du=48.16 pairs=94 groups=9(direct 8) mad=0.0013/1.30 (comp 0)
[register] z04352_y02560_x02560: wk_cube=-9 du=28.12 pairs=59 groups=10(direct 5) mad=0.0010/0.58 (comp 0)
[register] z04480_y02560_x02560: wk_cube=-9 du=27.64 pairs=114 groups=9(direct 8) mad=0.0018/1.27 (comp 0)
[register] z04608_y02560_x02560: wk_cube=-8 du=24.56 pairs=92 groups=7(direct 6) mad=0.0017/1.11 (comp 0)
[register] z04736_y02560_x02560: wk_cube=-12 du=38.98 pairs=108 groups=7(direct 7) mad=0.0015/1.41 (comp 0)
[register] z04352_y04224_x01920: wk_cube=+11 du=-34.68 pairs=56 groups=15(direct 7) mad=0.0010/0.60 (comp 0)
[register] z04480_y04224_x01920: wk_cube=+10 du=-28.76 pairs=107 groups=15(direct 10) mad=0.0011/2.31 (comp 0)
[register] z04608_y04224_x01920: wk_cube=+13 du=-25.64 pairs=148 groups=12(direct 12) mad=0.0012/0.97 (comp 0)
[register] z04736_y04224_x01920: wk_cube=+11 du=-33.03 pairs=219 groups=14(direct 8) mad=6.2839/7199.77 (comp 0)
[register] z04480_y04224_x03712: wk_cube=+16 du=104.70 pairs=31 groups=16(direct 5) mad=0.0010/1.03 (comp 0)
[register] z04608_y04224_x03712: wk_cube=+22 du=131.79 pairs=52 groups=8(direct 7) mad=0.0013/1.83 (comp 0)
[register] z04736_y04224_x03712: wk_cube=+24 du=128.31 pairs=55 groups=7(direct 7) mad=0.0018/1.95 (comp 0)
[register] z04352_y02560_x03072: wk_cube=-18 du=44.57 pairs=92 groups=10(direct 9) mad=0.0016/0.88 (comp 0)
[register] z04480_y02560_x03072: wk_cube=-24 du=68.62 pairs=123 groups=10(direct 9) mad=0.0015/1.71 (comp 0)
[register] z04608_y02560_x03072: wk_cube=-20 du=48.64 pairs=113 groups=9(direct 9) mad=0.0020/2.24 (comp 0)
[register] z04736_y02560_x03072: wk_cube=-25 du=73.91 pairs=72 groups=6(direct 6) mad=0.0016/1.84 (comp 0)
[register] z04352_y02816_x03968: wk_cube=+13 du=-22.77 pairs=66 groups=10(direct 5) mad=0.0007/0.86 (comp 0)
[register] z04480_y02816_x03968: wk_cube=+13 du=-24.81 pairs=110 groups=10(direct 8) mad=0.0019/3.70 (comp 0)
[register] z04608_y02816_x03968: wk_cube=+12 du=-16.07 pairs=112 groups=9(direct 7) mad=6.2819/7159.95 (comp 0)
[register] z04736_y02816_x03968: wk_cube=+12 du=-15.44 pairs=88 groups=8(direct 7) mad=0.0017/2.57 (comp 0)
[register] z04352_y02816_x01664: wk_cube=-7 du=0.51 pairs=64 groups=11(direct 5) mad=0.0018/2.65 (comp 0)
[register] z04480_y02816_x01664: wk_cube=-6 du=3.63 pairs=125 groups=12(direct 7) mad=0.0018/3.98 (comp 0)
[register] z04608_y02816_x01664: wk_cube=-3 du=17.06 pairs=142 groups=14(direct 8) mad=0.0018/2.55 (comp 0)
[register] z04736_y02816_x01664: wk_cube=+2 du=5.68 pairs=140 groups=16(direct 8) mad=0.0015/3.38 (comp 0)
[register] z04608_y04608_x02816: wk_cube=+5 du=-10.76 pairs=26 groups=5(direct 4) mad=0.0014/0.41 (comp 0)
[register] z04736_y04608_x02816: wk_cube=+8 du=-10.59 pairs=35 groups=3(direct 2) mad=0.0009/0.95 (comp 0)
[register] z04352_y03072_x02048: wk_cube=-12 du=0.20 pairs=75 groups=13(direct 7) mad=0.0015/1.30 (comp 0)
[register] z04480_y03072_x02048: wk_cube=-11 du=-5.50 pairs=144 groups=16(direct 11) mad=0.0018/1.85 (comp 0)
[register] z04608_y03072_x02048: wk_cube=-9 du=1.45 pairs=160 groups=13(direct 9) mad=0.0018/1.88 (comp 0)
[register] z04736_y03072_x02048: wk_cube=-5 du=7.42 pairs=110 groups=12(direct 8) mad=0.0013/1.90 (comp 0)
[register] z04352_y03072_x03584: wk_cube=-1 du=-2.53 pairs=39 groups=5(direct 3) mad=0.0010/1.90 (comp 0)
[register] z04480_y03072_x03584: wk_cube=-2 du=0.81 pairs=140 groups=6(direct 6) mad=0.0028/2.67 (comp 0)
[register] z04608_y03072_x03584: wk_cube=-3 du=0.92 pairs=79 groups=8(direct 5) mad=0.0014/3.82 (comp 0)
[register] z04736_y03072_x03584: wk_cube=-4 du=3.08 pairs=61 groups=9(direct 5) mad=0.0015/1.22 (comp 0)
[register] z04352_y04352_x02048: wk_cube=+8 du=-35.79 pairs=62 groups=11(direct 9) mad=0.0008/0.76 (comp 0)
[register] z04480_y04352_x02048: wk_cube=+12 du=-45.27 pairs=95 groups=14(direct 13) mad=0.0009/1.39 (comp 0)
[register] z04608_y04352_x02048: wk_cube=+10 du=-30.24 pairs=180 groups=14(direct 12) mad=0.0010/1.72 (comp 0)
[register] z04736_y04352_x02048: wk_cube=+4 du=-13.13 pairs=169 groups=11(direct 8) mad=6.2836/7286.55 (comp 0)
[register] z04352_y03840_x03456: wk_cube=-13 du=-47.98 pairs=46 groups=8(direct 6) mad=0.0014/0.46 (comp 0)
[register] z04480_y03840_x03456: wk_cube=-11 du=-39.90 pairs=92 groups=7(direct 7) mad=0.0031/4.50 (comp 0)
[register] z04608_y03840_x03456: wk_cube=-8 du=-46.77 pairs=96 groups=12(direct 7) mad=0.0026/1.97 (comp 0)
[register] z04736_y03840_x03456: wk_cube=-9 du=-20.97 pairs=119 groups=9(direct 8) mad=0.0013/2.60 (comp 0)
[register] z04352_y02176_x03328: wk_cube=+14 du=-40.71 pairs=62 groups=9(direct 8) mad=0.0007/0.26 (comp 0)
[register] z04480_y02176_x03328: wk_cube=+9 du=-7.83 pairs=154 groups=9(direct 8) mad=0.0009/1.01 (comp 0)
[register] z04608_y02176_x03328: wk_cube=+10 du=-40.19 pairs=102 groups=9(direct 8) mad=0.0014/1.65 (comp 0)
[register] z04736_y02176_x03328: wk_cube=+5 du=-2.08 pairs=111 groups=8(direct 8) mad=0.0018/4.31 (comp 0)
[register] z04352_y04352_x03584: wk_cube=+27 du=67.28 pairs=32 groups=8(direct 5) mad=0.0007/0.54 (comp 0)
[register] z04480_y04352_x03584: wk_cube=+25 du=79.38 pairs=52 groups=11(direct 7) mad=0.0011/0.88 (comp 0)
[register] z04608_y04352_x03584: wk_cube=+24 du=59.28 pairs=58 groups=9(direct 7) mad=0.0011/1.30 (comp 0)
[register] z04736_y04352_x03584: wk_cube=+24 du=46.31 pairs=77 groups=15(direct 9) mad=0.0012/2.00 (comp 0)
[register] z04352_y03840_x02176: wk_cube=-11 du=48.09 pairs=39 groups=18(direct 5) mad=0.0012/1.02 (comp 0)
[register] z04480_y03840_x02176: wk_cube=-8 du=45.48 pairs=89 groups=11(direct 8) mad=0.0043/9.08 (comp 0)
[register] z04608_y03840_x02176: wk_cube=-6 du=32.08 pairs=101 groups=9(direct 7) mad=0.0023/2.35 (comp 0)
[register] z04736_y03840_x02176: wk_cube=-4 du=18.30 pairs=110 groups=11(direct 8) mad=0.0016/1.28 (comp 0)
[register] z04352_y04096_x01792: wk_cube=+21 du=-53.07 pairs=59 groups=11(direct 8) mad=0.0010/0.72 (comp 0)
[register] z04480_y04096_x01792: wk_cube=+19 du=-36.77 pairs=154 groups=12(direct 10) mad=0.0014/1.47 (comp 0)
[register] z04608_y04096_x01792: wk_cube=+18 du=72.09 pairs=214 groups=12(direct 11) mad=0.0011/1.30 (comp 0)
[register] z04736_y04096_x01792: wk_cube=+19 du=-51.54 pairs=154 groups=11(direct 9) mad=0.0021/29.69 (comp 0)
[register] z04352_y03968_x03328: wk_cube=-8 du=-22.30 pairs=62 groups=10(direct 9) mad=0.0011/0.63 (comp 0)
[register] z04480_y03968_x03328: wk_cube=-9 du=-33.85 pairs=123 groups=10(direct 9) mad=0.0017/1.70 (comp 0)
[register] z04608_y03968_x03328: wk_cube=-8 du=-19.43 pairs=73 groups=7(direct 6) mad=0.0028/2.64 (comp 0)
[register] z04736_y03968_x03328: wk_cube=-9 du=-17.23 pairs=48 groups=8(direct 7) mad=0.0017/0.84 (comp 0)
[register] z04352_y04096_x03840: wk_cube=+4 du=23.19 pairs=31 groups=8(direct 4) mad=0.0006/1.97 (comp 0)
[register] z04480_y04096_x03840: wk_cube=+8 du=59.06 pairs=200 groups=8(direct 8) mad=0.0013/2.01 (comp 0)
[register] z04608_y04096_x03840: wk_cube=+13 du=75.21 pairs=74 groups=6(direct 6) mad=0.0011/3.62 (comp 0)
[register] z04736_y04096_x03840: wk_cube=+13 du=75.32 pairs=45 groups=5(direct 5) mad=0.0014/1.81 (comp 0)
[register] z04352_y03968_x02304: wk_cube=-22 du=75.35 pairs=79 groups=15(direct 7) mad=0.0016/3.28 (comp 0)
[register] z04480_y03968_x02304: wk_cube=-16 du=55.63 pairs=123 groups=11(direct 10) mad=0.0022/4.29 (comp 0)
[register] z04608_y03968_x02304: wk_cube=-15 du=26.31 pairs=103 groups=11(direct 9) mad=0.0022/2.73 (comp 0)
[register] z04736_y03968_x02304: wk_cube=-14 du=30.37 pairs=81 groups=8(direct 7) mad=0.0013/1.50 (comp 0)
[register] z04608_y04608_x02688: wk_cube=+7 du=-13.16 pairs=44 groups=5(direct 4) mad=0.0015/3.00 (comp 0)
[register] z04736_y04608_x02688: wk_cube=+9 du=-15.81 pairs=40 groups=5(direct 3) mad=0.0012/1.41 (comp 0)
[register] z04608_y04608_x02944: wk_cube=+5 du=-8.42 pairs=35 groups=4(direct 4) mad=0.0009/1.65 (comp 0)
[register] z04352_y02432_x03712: wk_cube=+23 du=-67.05 pairs=52 groups=7(direct 6) mad=0.0008/0.74 (comp 0)
[register] z04480_y02432_x03712: wk_cube=+21 du=-40.01 pairs=84 groups=6(direct 6) mad=0.0008/1.73 (comp 0)
[register] z04608_y02432_x03712: wk_cube=+24 du=-54.27 pairs=58 groups=7(direct 5) mad=0.0009/1.11 (comp 0)
[register] z04736_y02432_x03712: wk_cube=+21 du=-39.51 pairs=73 groups=8(direct 6) mad=0.0012/1.95 (comp 0)
[register] z04352_y02176_x02304: wk_cube=+7 du=-30.23 pairs=116 groups=19(direct 8) mad=0.0011/3.07 (comp 0)
[register] z04480_y02176_x02304: wk_cube=+8 du=-44.98 pairs=159 groups=17(direct 11) mad=0.0014/2.60 (comp 0)
[register] z04608_y02176_x02304: wk_cube=+0 du=-16.50 pairs=139 groups=15(direct 10) mad=0.0015/2.24 (comp 0)
[register] z04736_y02176_x02304: wk_cube=-8 du=-3.81 pairs=168 groups=12(direct 11) mad=0.0013/1.99 (comp 0)
[register] z04480_y03584_x03584: wk_cube=+0 du=-49.62 pairs=67 groups=7(direct 3) mad=12.5701/10243.75 (comp 0)
[register] z04608_y03584_x03584: wk_cube=-4 du=13.40 pairs=142 groups=8(direct 6) mad=0.0018/1.01 (comp 0)
[register] z04736_y03584_x03584: wk_cube=-3 du=15.17 pairs=82 groups=10(direct 6) mad=12.5692/10141.94 (comp 0)
[register] z04352_y03584_x02048: wk_cube=-11 du=-35.18 pairs=36 groups=9(direct 6) mad=0.0008/0.39 (comp 0)
[register] z04480_y03584_x02048: wk_cube=-11 du=-10.17 pairs=119 groups=13(direct 10) mad=0.0014/0.75 (comp 0)
[register] z04608_y03584_x02048: wk_cube=-11 du=-13.67 pairs=54 groups=8(direct 7) mad=0.0010/1.10 (comp 0)
[register] z04736_y03584_x02048: wk_cube=-11 du=-23.21 pairs=96 groups=10(direct 10) mad=0.0010/1.25 (comp 0)
[register] z04352_y02432_x01920: wk_cube=-12 du=-9.75 pairs=82 groups=14(direct 8) mad=0.0011/0.84 (comp 0)
[register] z04480_y02432_x01920: wk_cube=-11 du=5.88 pairs=156 groups=10(direct 7) mad=0.0019/1.87 (comp 0)
[register] z04608_y02432_x01920: wk_cube=-8 du=-15.61 pairs=153 groups=18(direct 11) mad=0.0019/3.77 (comp 0)
[register] z04736_y02432_x01920: wk_cube=-6 du=-7.44 pairs=300 groups=19(direct 7) mad=0.0015/2.24 (comp 0)
[register] z04480_y03328_x04096: wk_cube=+1 du=0.29 pairs=57 groups=9(direct 7) mad=0.0014/0.95 (comp 0)
[register] z04608_y03328_x04096: wk_cube=+2 du=0.70 pairs=60 groups=9(direct 6) mad=0.0016/1.49 (comp 0)
[register] z04736_y03328_x04096: wk_cube=-2 du=6.87 pairs=51 groups=6(direct 6) mad=0.0015/2.84 (comp 0)
[register] z04352_y03328_x01536: wk_cube=+17 du=41.42 pairs=41 groups=23(direct 6) mad=0.0006/0.39 (comp 0)
[register] z04480_y03328_x01536: wk_cube=+18 du=50.98 pairs=75 groups=16(direct 10) mad=0.0009/0.82 (comp 0)
[register] z04608_y03328_x01536: wk_cube=+19 du=61.44 pairs=118 groups=14(direct 8) mad=0.0014/1.48 (comp 0)
[register] z04736_y03328_x01536: wk_cube=+19 du=58.81 pairs=144 groups=13(direct 8) mad=0.0011/0.92 (comp 0)
[register] z04352_y04096_x03072: wk_cube=-28 du=-41.04 pairs=62 groups=15(direct 8) mad=0.0013/0.82 (comp 0)
[register] z04480_y04096_x03072: wk_cube=-28 du=-33.02 pairs=74 groups=10(direct 8) mad=0.0034/3.89 (comp 0)
[register] z04608_y04096_x03072: wk_cube=-22 du=-38.33 pairs=79 groups=11(direct 7) mad=0.0021/5.72 (comp 0)
[register] z04736_y04096_x03072: wk_cube=-19 du=12.22 pairs=78 groups=10(direct 9) mad=0.0023/1.98 (comp 0)
[register] z04352_y04096_x02560: wk_cube=-34 du=80.98 pairs=97 groups=15(direct 9) mad=0.0018/2.25 (comp 0)
[register] z04480_y04096_x02560: wk_cube=-32 du=64.64 pairs=173 groups=12(direct 9) mad=0.0018/4.38 (comp 0)
[register] z04608_y04096_x02560: wk_cube=-27 du=85.64 pairs=100 groups=11(direct 10) mad=0.0026/3.99 (comp 0)
[register] z04736_y04096_x02560: wk_cube=-16 du=23.37 pairs=197 groups=11(direct 8) mad=0.0028/2.02 (comp 0)
[register] z04352_y03456_x01536: wk_cube=+23 du=77.73 pairs=154 groups=35(direct 13) mad=0.0009/0.56 (comp 0)
[register] z04480_y03456_x01536: wk_cube=+23 du=59.76 pairs=147 groups=16(direct 12) mad=0.0008/1.17 (comp 0)
[register] z04608_y03456_x01536: wk_cube=+24 du=61.29 pairs=126 groups=17(direct 13) mad=0.0007/0.61 (comp 0)
[register] z04736_y03456_x01536: wk_cube=+26 du=72.82 pairs=154 groups=13(direct 12) mad=0.0009/0.82 (comp 0)
[register] z04352_y03456_x04096: wk_cube=-4 du=8.23 pairs=91 groups=11(direct 8) mad=0.0010/0.64 (comp 0)
[register] z04480_y03456_x04096: wk_cube=-4 du=-0.49 pairs=363 groups=9(direct 8) mad=0.0006/1.11 (comp 0)
[register] z04608_y03456_x04096: wk_cube=-2 du=-4.78 pairs=106 groups=6(direct 6) mad=0.0018/2.51 (comp 0)
[register] z04736_y03456_x04096: wk_cube=+1 du=20.08 pairs=64 groups=10(direct 4) mad=0.0019/2.69 (comp 0)
[register] z04352_y02560_x03840: wk_cube=+22 du=-44.02 pairs=61 groups=13(direct 7) mad=0.0010/0.55 (comp 0)
[register] z04480_y02560_x03840: wk_cube=+22 du=-43.13 pairs=134 groups=11(direct 11) mad=0.0010/1.34 (comp 0)
[register] z04608_y02560_x03840: wk_cube=+8 du=-15.82 pairs=99 groups=11(direct 8) mad=0.0011/1.69 (comp 0)
[register] z04736_y02560_x03840: wk_cube=+20 du=-49.25 pairs=100 groups=10(direct 8) mad=0.0015/2.12 (comp 0)
[register] z04352_y02560_x02688: wk_cube=-8 du=29.17 pairs=53 groups=11(direct 7) mad=0.0007/0.16 (comp 0)
[register] z04480_y02560_x02688: wk_cube=-9 du=27.01 pairs=98 groups=10(direct 9) mad=0.0011/0.40 (comp 0)
[register] z04608_y02560_x02688: wk_cube=-10 du=30.34 pairs=155 groups=9(direct 9) mad=0.0027/3.03 (comp 0)
[register] z04736_y02560_x02688: wk_cube=-10 du=29.48 pairs=86 groups=7(direct 7) mad=0.0015/2.20 (comp 0)
[register] z04352_y03200_x04096: wk_cube=+5 du=6.91 pairs=29 groups=7(direct 6) mad=0.0004/0.12 (comp 0)
[register] z04480_y03200_x04096: wk_cube=+6 du=14.62 pairs=67 groups=8(direct 7) mad=0.0007/0.94 (comp 0)
[register] z04608_y03200_x04096: wk_cube=+5 du=12.37 pairs=83 groups=9(direct 8) mad=0.0008/1.55 (comp 0)
[register] z04736_y03200_x04096: wk_cube=+2 du=7.88 pairs=85 groups=9(direct 9) mad=0.0010/1.99 (comp 0)
[register] z04352_y03200_x01536: wk_cube=+11 du=42.97 pairs=124 groups=15(direct 5) mad=6.2828/7464.80 (comp 0)
[register] z04480_y03200_x01536: wk_cube=+13 du=45.48 pairs=233 groups=17(direct 9) mad=0.0014/4.16 (comp 0)
[register] z04608_y03200_x01536: wk_cube=+13 du=37.87 pairs=144 groups=15(direct 9) mad=0.0017/4.36 (comp 0)
[register] z04736_y03200_x01536: wk_cube=+15 du=57.54 pairs=158 groups=18(direct 11) mad=0.0012/3.34 (comp 0)
[register] z04352_y02304_x03584: wk_cube=+18 du=-67.33 pairs=59 groups=7(direct 6) mad=0.0013/0.91 (comp 0)
[register] z04480_y02304_x03584: wk_cube=+18 du=-27.75 pairs=44 groups=6(direct 4) mad=0.0015/1.67 (comp 0)
[register] z04608_y02304_x03584: wk_cube=+18 du=-32.83 pairs=74 groups=8(direct 6) mad=0.0010/1.03 (comp 0)
[register] z04736_y02304_x03584: wk_cube=+14 du=-24.62 pairs=70 groups=7(direct 6) mad=0.0018/3.58 (comp 0)
[register] z04480_y02048_x02816: wk_cube=+0 du=-1.31 pairs=45 groups=10(direct 6) mad=0.0016/2.03 (comp 0)
[register] z04608_y02048_x02816: wk_cube=+4 du=-19.28 pairs=55 groups=9(direct 6) mad=0.0011/1.15 (comp 0)
[register] z04736_y02048_x02816: wk_cube=-2 du=4.95 pairs=31 groups=7(direct 6) mad=0.0013/1.98 (comp 0)
[register] z04352_y02560_x01792: wk_cube=-12 du=5.02 pairs=170 groups=21(direct 7) mad=0.0019/1.13 (comp 0)
[register] z04480_y02560_x01792: wk_cube=-11 du=5.12 pairs=156 groups=17(direct 11) mad=0.0013/3.24 (comp 0)
[register] z04608_y02560_x01792: wk_cube=-8 du=12.11 pairs=175 groups=23(direct 13) mad=0.0012/2.26 (comp 0)
[register] z04736_y02560_x01792: wk_cube=-4 du=2.41 pairs=185 groups=14(direct 12) mad=0.0012/1.48 (comp 0)
[register] z04352_y02304_x02048: wk_cube=-8 du=-16.24 pairs=201 groups=16(direct 6) mad=0.0019/1.60 (comp 0)
[register] z04480_y02304_x02048: wk_cube=-6 du=-23.23 pairs=199 groups=22(direct 15) mad=0.0010/1.50 (comp 0)
[register] z04608_y02304_x02048: wk_cube=+1 du=-31.90 pairs=309 groups=22(direct 10) mad=0.0016/1.14 (comp 0)
[register] z04736_y02304_x02048: wk_cube=+4 du=-52.36 pairs=219 groups=15(direct 14) mad=0.0011/2.43 (comp 0)
[register] z04480_y04608_x02560: wk_cube=+11 du=-61.90 pairs=32 groups=2(direct 2) mad=0.0011/1.67 (comp 0)
[register] z04608_y04608_x02560: wk_cube=+10 du=-57.02 pairs=97 groups=6(direct 5) mad=0.0017/2.04 (comp 0)
[register] z04352_y02560_x02944: wk_cube=-24 du=44.22 pairs=46 groups=9(direct 7) mad=0.0012/0.43 (comp 0)
[register] z04480_y02560_x02944: wk_cube=-26 du=62.82 pairs=81 groups=9(direct 9) mad=0.0014/1.19 (comp 0)
[register] z04608_y02560_x02944: wk_cube=-29 du=70.89 pairs=88 groups=9(direct 9) mad=0.0012/1.77 (comp 0)
[register] z04736_y02560_x02944: wk_cube=-31 du=80.63 pairs=46 groups=5(direct 5) mad=0.0017/4.33 (comp 0)
[register] z04352_y02048_x02944: wk_cube=+4 du=2.27 pairs=51 groups=10(direct 6) mad=0.0008/1.36 (comp 0)
[register] z04480_y02048_x02944: wk_cube=+9 du=-35.09 pairs=120 groups=8(direct 8) mad=0.0014/1.90 (comp 0)
[register] z04608_y02048_x02944: wk_cube=+5 du=-20.30 pairs=68 groups=9(direct 8) mad=0.0011/1.11 (comp 0)
[register] z04736_y02048_x02944: wk_cube=+5 du=-20.79 pairs=108 groups=10(direct 9) mad=0.0009/1.14 (comp 0)
[register] z04352_y03200_x02048: wk_cube=-8 du=-5.46 pairs=132 groups=17(direct 7) mad=0.0016/1.04 (comp 0)
[register] z04480_y03200_x02048: wk_cube=-7 du=6.51 pairs=167 groups=15(direct 9) mad=0.0016/2.12 (comp 0)
[register] z04608_y03200_x02048: wk_cube=-6 du=2.31 pairs=115 groups=13(direct 11) mad=0.0018/1.04 (comp 0)
[register] z04736_y03200_x02048: wk_cube=-4 du=1.46 pairs=143 groups=14(direct 8) mad=0.0023/3.66 (comp 0)
[register] z04352_y03200_x03584: wk_cube=+1 du=-15.46 pairs=24 groups=4(direct 4) mad=0.0008/0.68 (comp 0)
[register] z04480_y03200_x03584: wk_cube=-2 du=6.68 pairs=32 groups=3(direct 3) mad=0.0009/1.42 (comp 0)
[register] z04608_y03200_x03584: wk_cube=+0 du=-1.12 pairs=56 groups=6(direct 5) mad=0.0011/0.63 (comp 0)
[register] z04736_y03200_x03584: wk_cube=+1 du=-3.19 pairs=51 groups=4(direct 4) mad=0.0011/1.35 (comp 0)
[register] z04352_y03584_x01536: wk_cube=+33 du=70.94 pairs=100 groups=17(direct 10) mad=0.0006/0.32 (comp 0)
[register] z04480_y03584_x01536: wk_cube=+31 du=40.11 pairs=89 groups=20(direct 10) mad=0.0004/0.40 (comp 0)
[register] z04608_y03584_x01536: wk_cube=+32 du=40.53 pairs=181 groups=19(direct 13) mad=0.0007/0.93 (comp 0)
[register] z04736_y03584_x01536: wk_cube=+33 du=69.65 pairs=147 groups=15(direct 14) mad=0.0009/1.12 (comp 0)
[register] z04352_y02048_x02688: wk_cube=-5 du=8.35 pairs=44 groups=9(direct 5) mad=0.0004/0.28 (comp 0)
[register] z04480_y02048_x02688: wk_cube=-1 du=-4.03 pairs=100 groups=8(direct 7) mad=0.0010/1.64 (comp 0)
[register] z04608_y02048_x02688: wk_cube=-4 du=-1.46 pairs=65 groups=9(direct 6) mad=0.0019/2.38 (comp 0)
[register] z04736_y02048_x02688: wk_cube=+2 du=-22.30 pairs=95 groups=9(direct 7) mad=0.0021/2.53 (comp 0)
[register] z04352_y03584_x04096: wk_cube=-5 du=-3.53 pairs=59 groups=4(direct 4) mad=0.0007/1.14 (comp 0)
[register] z04480_y03584_x04096: wk_cube=-2 du=21.06 pairs=242 groups=8(direct 8) mad=0.0014/1.44 (comp 0)
[register] z04608_y03584_x04096: wk_cube=+0 du=21.12 pairs=83 groups=7(direct 5) mad=0.0012/1.50 (comp 0)
[register] z04736_y03584_x04096: wk_cube=-1 du=30.86 pairs=86 groups=5(direct 5) mad=0.0024/7.82 (comp 0)
[register] z04352_y02560_x02816: wk_cube=-7 du=28.17 pairs=76 groups=9(direct 9) mad=0.0013/0.56 (comp 0)
[register] z04480_y02560_x02816: wk_cube=-25 du=59.03 pairs=128 groups=10(direct 10) mad=0.0018/1.76 (comp 0)
[register] z04608_y02560_x02816: wk_cube=-28 du=62.34 pairs=141 groups=9(direct 9) mad=0.0036/5.36 (comp 0)
[register] z04736_y02560_x02816: wk_cube=-9 du=18.52 pairs=68 groups=6(direct 6) mad=0.0014/1.77 (comp 0)
[register] z04352_y03456_x03584: wk_cube=-8 du=-40.24 pairs=37 groups=12(direct 4) mad=0.0017/0.69 (comp 0)
[register] z04480_y03456_x03584: wk_cube=-5 du=-82.92 pairs=158 groups=8(direct 6) mad=0.0030/1.59 (comp 0)
[register] z04608_y03456_x03584: wk_cube=-1 du=17.36 pairs=64 groups=7(direct 4) mad=0.0034/5.90 (comp 0)
[register] z04736_y03456_x03584: wk_cube=-1 du=20.77 pairs=73 groups=8(direct 5) mad=0.0018/1.94 (comp 0)
[register] z04352_y03456_x02048: wk_cube=-21 du=-51.79 pairs=62 groups=11(direct 9) mad=0.0005/0.15 (comp 0)
[register] z04480_y03456_x02048: wk_cube=-17 du=-13.54 pairs=239 groups=14(direct 11) mad=0.0010/0.75 (comp 0)
[register] z04608_y03456_x02048: wk_cube=-21 du=-34.66 pairs=128 groups=11(direct 10) mad=0.0015/0.55 (comp 0)
[register] z04736_y03456_x02048: wk_cube=-21 du=-47.66 pairs=120 groups=10(direct 8) mad=0.0013/1.01 (comp 0)
[register] z04352_y04480_x02176: wk_cube=+13 du=-23.88 pairs=43 groups=9(direct 5) mad=0.0011/1.21 (comp 0)
[register] z04480_y04480_x02176: wk_cube=+16 du=-31.65 pairs=123 groups=11(direct 9) mad=0.0011/1.17 (comp 0)
[register] z04608_y04480_x02176: wk_cube=+20 du=-44.16 pairs=111 groups=11(direct 10) mad=0.0011/1.02 (comp 0)
[register] z04736_y04480_x02176: wk_cube=+21 du=-90.51 pairs=77 groups=8(direct 6) mad=0.0015/3.70 (comp 0)
[register] z04352_y04480_x03456: wk_cube=+21 du=53.53 pairs=35 groups=7(direct 3) mad=0.0013/1.67 (comp 0)
[register] z04480_y04480_x03456: wk_cube=+22 du=46.00 pairs=45 groups=2(direct 2) mad=0.0013/1.22 (comp 0)
[register] z04736_y04480_x03456: wk_cube=+20 du=50.85 pairs=42 groups=5(direct 5) mad=0.0016/1.91 (comp 0)
[register] z04352_y03072_x04096: wk_cube=+10 du=11.76 pairs=26 groups=6(direct 4) mad=0.0008/0.43 (comp 0)
[register] z04480_y03072_x04096: wk_cube=+10 du=17.45 pairs=36 groups=5(direct 5) mad=0.0010/0.31 (comp 0)
[register] z04608_y03072_x04096: wk_cube=+9 du=14.42 pairs=73 groups=9(direct 6) mad=0.0009/1.29 (comp 0)
[register] z04736_y03072_x04096: wk_cube=+8 du=4.98 pairs=103 groups=8(direct 6) mad=0.0011/2.95 (comp 0)
[register] z04352_y03072_x01536: wk_cube=+4 du=36.83 pairs=80 groups=15(direct 7) mad=0.0025/0.94 (comp 0)
[register] z04480_y03072_x01536: wk_cube=+6 du=40.31 pairs=125 groups=17(direct 12) mad=0.0014/1.88 (comp 0)
[register] z04608_y03072_x01536: wk_cube=+8 du=48.26 pairs=114 groups=11(direct 10) mad=0.0021/5.83 (comp 0)
[register] z04736_y03072_x01536: wk_cube=+11 du=39.30 pairs=242 groups=20(direct 11) mad=0.0014/1.94 (comp 0)
[register] z04352_y03968_x01664: wk_cube=+39 du=75.73 pairs=67 groups=10(direct 7) mad=0.0009/1.31 (comp 0)
[register] z04480_y03968_x01664: wk_cube=+40 du=71.65 pairs=81 groups=9(direct 7) mad=0.0018/1.51 (comp 0)
[register] z04608_y03968_x01664: wk_cube=+38 du=73.91 pairs=121 groups=9(direct 7) mad=0.0027/41.63 (comp 0)
[register] z04736_y03968_x01664: wk_cube=+38 du=68.95 pairs=90 groups=8(direct 6) mad=0.0013/1.32 (comp 0)
[register] z04352_y03968_x03968: wk_cube=+9 du=17.09 pairs=43 groups=8(direct 3) mad=0.0009/3.56 (comp 0)
[register] z04480_y03968_x03968: wk_cube=+11 du=29.46 pairs=67 groups=6(direct 6) mad=0.0016/2.41 (comp 0)
[register] z04608_y03968_x03968: wk_cube=+10 du=34.23 pairs=58 groups=8(direct 5) mad=12.5690/16338.28 (comp 0)
[register] z04736_y03968_x03968: wk_cube=+10 du=31.75 pairs=89 groups=8(direct 7) mad=0.0011/1.57 (comp 0)
[register] z04352_y03328_x02048: wk_cube=-15 du=-65.82 pairs=174 groups=12(direct 11) mad=0.0014/0.74 (comp 0)
[register] z04480_y03328_x02048: wk_cube=-10 du=-43.54 pairs=171 groups=11(direct 11) mad=0.0048/9.28 (comp 0)
[register] z04608_y03328_x02048: wk_cube=-27 du=-49.30 pairs=252 groups=13(direct 11) mad=0.0037/15.02 (comp 0)
[register] z04736_y03328_x02048: wk_cube=-11 du=-52.88 pairs=211 groups=12(direct 11) mad=6.2849/5481.27 (comp 0)
[register] z04352_y03328_x03584: wk_cube=-4 du=-33.51 pairs=114 groups=9(direct 7) mad=0.0021/0.95 (comp 0)
[register] z04480_y03328_x03584: wk_cube=-3 du=-10.30 pairs=80 groups=5(direct 5) mad=0.0017/3.23 (comp 0)
[register] z04608_y03328_x03584: wk_cube=-3 du=-6.17 pairs=73 groups=5(direct 5) mad=0.0014/3.24 (comp 0)
[register] z04736_y03328_x03584: wk_cube=-1 du=-13.64 pairs=60 groups=4(direct 4) mad=0.0029/2.73 (comp 0)
[register] z04352_y02048_x03072: wk_cube=+16 du=-44.92 pairs=48 groups=7(direct 5) mad=0.0011/1.78 (comp 0)
[register] z04480_y02048_x03072: wk_cube=+13 du=-44.06 pairs=96 groups=7(direct 7) mad=0.0015/2.68 (comp 0)
[register] z04608_y02048_x03072: wk_cube=+7 du=-22.24 pairs=68 groups=11(direct 7) mad=0.0014/1.94 (comp 0)
[register] z04736_y02048_x03072: wk_cube=+8 du=-22.70 pairs=107 groups=8(direct 8) mad=0.0010/1.00 (comp 0)
[register] z04352_y04096_x02944: wk_cube=-33 du=-40.99 pairs=91 groups=13(direct 11) mad=0.0016/0.86 (comp 0)
[register] z04480_y04096_x02944: wk_cube=-32 du=-39.75 pairs=88 groups=11(direct 7) mad=0.0023/1.44 (comp 0)
[register] z04608_y04096_x02944: wk_cube=-26 du=-35.60 pairs=80 groups=15(direct 7) mad=0.0023/9.54 (comp 0)
[register] z04736_y04096_x02944: wk_cube=-7 du=5.19 pairs=114 groups=10(direct 9) mad=0.0025/3.13 (comp 0)
[register] z04352_y04096_x02688: wk_cube=-37 du=73.88 pairs=86 groups=15(direct 8) mad=0.0020/4.93 (comp 0)
[register] z04480_y04096_x02688: wk_cube=-34 du=128.64 pairs=107 groups=12(direct 7) mad=6.2795/6373.62 (comp 0)
[register] z04608_y04096_x02688: wk_cube=-29 du=63.14 pairs=96 groups=10(direct 8) mad=0.0030/67.56 (comp 0)
[register] z04736_y04096_x02688: wk_cube=-22 du=68.01 pairs=84 groups=10(direct 6) mad=0.0026/6.33 (comp 0)
[register] z04352_y02048_x02560: wk_cube=-5 du=-25.71 pairs=123 groups=14(direct 7) mad=0.0009/0.96 (comp 0)
[register] z04480_y02048_x02560: wk_cube=-3 du=-33.93 pairs=120 groups=11(direct 9) mad=0.0019/2.87 (comp 0)
[register] z04608_y02048_x02560: wk_cube=-3 du=-32.08 pairs=88 groups=10(direct 7) mad=0.0020/2.29 (comp 0)
[register] z04736_y02048_x02560: wk_cube=-3 du=-31.69 pairs=141 groups=12(direct 8) mad=0.0032/4.82 (comp 0)
[register] z04352_y02688_x02432: wk_cube=-14 du=27.39 pairs=140 groups=13(direct 6) mad=0.0017/0.68 (comp 0)
[register] z04480_y02688_x02432: wk_cube=-14 du=26.35 pairs=112 groups=13(direct 9) mad=0.0031/5.81 (comp 0)
[register] z04608_y02688_x02432: wk_cube=-13 du=9.73 pairs=89 groups=11(direct 8) mad=0.0029/2.51 (comp 0)
[register] z04736_y02688_x02432: wk_cube=-15 du=10.34 pairs=109 groups=9(direct 8) mad=0.0022/1.91 (comp 0)
[register] z04352_y02688_x03968: wk_cube=+9 du=-7.97 pairs=60 groups=10(direct 6) mad=0.0009/0.54 (comp 0)
[register] z04480_y02688_x03968: wk_cube=+9 du=-24.16 pairs=85 groups=9(direct 9) mad=0.0013/1.97 (comp 0)
[register] z04608_y02688_x03968: wk_cube=+9 du=-15.82 pairs=107 groups=9(direct 8) mad=0.0024/3.04 (comp 0)
[register] z04736_y02688_x03968: wk_cube=+9 du=-4.36 pairs=102 groups=11(direct 7) mad=0.0017/3.62 (comp 0)
[register] z04480_y04608_x02432: wk_cube=+13 du=-50.70 pairs=29 groups=3(direct 3) mad=0.0019/4.56 (comp 0)
[register] z04608_y04608_x02432: wk_cube=+15 du=-67.24 pairs=112 groups=8(direct 7) mad=2.8567/3315.74 (comp 0)
[register] z04736_y04608_x02432: wk_cube=+12 du=-52.30 pairs=27 groups=3(direct 3) mad=6.2825/7275.27 (comp 0)
[register] z04352_y02688_x01664: wk_cube=-8 du=1.65 pairs=156 groups=15(direct 6) mad=0.0013/0.87 (comp 0)
[register] z04480_y02688_x01664: wk_cube=-8 du=4.26 pairs=103 groups=13(direct 9) mad=0.0011/2.11 (comp 0)
[register] z04608_y02688_x01664: wk_cube=-6 du=14.00 pairs=125 groups=16(direct 10) mad=6.2822/8166.60 (comp 0)
[register] z04736_y02688_x01664: wk_cube=-3 du=8.66 pairs=119 groups=18(direct 11) mad=0.0012/1.37 (comp 0)
[register] z04352_y02688_x03200: wk_cube=-27 du=59.57 pairs=48 groups=6(direct 6) mad=0.0013/0.48 (comp 0)
[register] z04480_y02688_x03200: wk_cube=-31 du=90.25 pairs=64 groups=7(direct 7) mad=0.0017/2.35 (comp 0)
[register] z04608_y02688_x03200: wk_cube=-26 du=76.18 pairs=73 groups=8(direct 8) mad=0.0015/1.92 (comp 0)
[register] z04736_y02688_x03200: wk_cube=-28 du=81.37 pairs=92 groups=8(direct 8) mad=0.0015/2.25 (comp 0)
[register] z04352_y04096_x02816: wk_cube=-32 du=-40.07 pairs=204 groups=15(direct 14) mad=0.0020/1.28 (comp 0)
[register] z04480_y04096_x02816: wk_cube=-33 du=-56.08 pairs=87 groups=8(direct 7) mad=0.0043/8.88 (comp 0)
[register] z04608_y04096_x02816: wk_cube=-31 du=-35.54 pairs=254 groups=12(direct 7) mad=0.0031/4.26 (comp 0)
[register] z04736_y04096_x02816: wk_cube=-22 du=36.64 pairs=140 groups=11(direct 10) mad=0.0025/15.95 (comp 0)
[register] z04352_y02176_x03456: wk_cube=+20 du=-39.62 pairs=36 groups=7(direct 6) mad=0.0009/0.21 (comp 0)
[register] z04480_y02176_x03456: wk_cube=+21 du=-48.84 pairs=53 groups=8(direct 6) mad=0.0010/0.95 (comp 0)
[register] z04608_y02176_x03456: wk_cube=+15 du=-28.07 pairs=111 groups=10(direct 9) mad=0.0016/3.92 (comp 0)
[register] z04736_y02176_x03456: wk_cube=+12 du=-26.66 pairs=184 groups=7(direct 7) mad=0.0017/4.57 (comp 0)
[register] z04352_y02944_x02176: wk_cube=-16 du=0.97 pairs=84 groups=15(direct 8) mad=0.0012/0.31 (comp 0)
[register] z04480_y02944_x02176: wk_cube=-16 du=1.04 pairs=161 groups=21(direct 14) mad=0.0017/1.51 (comp 0)
[register] z04608_y02944_x02176: wk_cube=-14 du=20.20 pairs=419 groups=17(direct 12) mad=0.0026/1.80 (comp 0)
[register] z04736_y02944_x02176: wk_cube=-10 du=0.98 pairs=168 groups=14(direct 11) mad=0.0019/2.58 (comp 0)
[register] z04352_y02944_x03456: wk_cube=-11 du=4.68 pairs=34 groups=12(direct 5) mad=0.0008/0.44 (comp 0)
[register] z04480_y02944_x03456: wk_cube=-16 du=17.00 pairs=58 groups=13(direct 5) mad=0.0016/0.59 (comp 0)
[register] z04352_y02176_x02176: wk_cube=+2 du=-30.61 pairs=109 groups=20(direct 7) mad=0.0009/0.83 (comp 0)
[register] z04480_y02176_x02176: wk_cube=+3 du=-38.84 pairs=401 groups=28(direct 12) mad=0.0008/0.72 (comp 0)
[register] z04608_y02176_x02176: wk_cube=+7 du=-55.19 pairs=233 groups=15(direct 11) mad=0.0010/0.81 (comp 0)
[register] z04736_y02176_x02176: wk_cube=+12 du=-65.97 pairs=199 groups=13(direct 12) mad=0.0014/1.54 (comp 0)
[register] z04352_y03712_x01536: wk_cube=+42 du=102.22 pairs=60 groups=9(direct 8) mad=0.0005/0.33 (comp 0)
[register] z04480_y03712_x01536: wk_cube=+39 du=58.21 pairs=135 groups=14(direct 12) mad=0.0008/0.69 (comp 0)
[register] z04608_y03712_x01536: wk_cube=+38 du=102.68 pairs=166 groups=15(direct 10) mad=0.0005/0.74 (comp 0)
[register] z04736_y03712_x01536: wk_cube=+38 du=79.73 pairs=125 groups=13(direct 9) mad=0.0008/0.95 (comp 0)
[register] z04480_y03712_x04096: wk_cube=+3 du=22.24 pairs=48 groups=6(direct 4) mad=0.0011/2.06 (comp 0)
[register] z04608_y03712_x04096: wk_cube=+5 du=22.64 pairs=67 groups=5(direct 5) mad=0.0023/2.92 (comp 0)
[register] z04736_y03712_x04096: wk_cube=+6 du=4.86 pairs=44 groups=5(direct 3) mad=25.1314/31670.19 (comp 0)
[register] z04352_y02944_x04096: wk_cube=+7 du=7.67 pairs=35 groups=7(direct 4) mad=0.0010/1.27 (comp 0)
[register] z04480_y02944_x04096: wk_cube=+7 du=8.17 pairs=56 groups=8(direct 5) mad=0.0023/4.72 (comp 0)
[register] z04608_y02944_x04096: wk_cube=+10 du=10.59 pairs=88 groups=9(direct 7) mad=0.0012/1.78 (comp 0)
[register] z04736_y02944_x04096: wk_cube=+10 du=11.34 pairs=100 groups=10(direct 8) mad=0.0018/2.91 (comp 0)
[register] z04352_y02944_x01536: wk_cube=+0 du=15.38 pairs=208 groups=11(direct 6) mad=0.0016/1.67 (comp 0)
[register] z04480_y02944_x01536: wk_cube=+1 du=15.20 pairs=133 groups=11(direct 10) mad=0.0016/4.09 (comp 0)
[register] z04608_y02944_x01536: wk_cube=+3 du=28.33 pairs=117 groups=10(direct 9) mad=0.0010/1.47 (comp 0)
[register] z04736_y02944_x01536: wk_cube=+6 du=19.86 pairs=132 groups=10(direct 8) mad=0.0014/1.67 (comp 0)
[register] z04352_y03712_x03456: wk_cube=-11 du=-35.48 pairs=51 groups=6(direct 4) mad=0.0012/0.53 (comp 0)
[register] z04480_y03712_x03456: wk_cube=-11 du=-62.28 pairs=36 groups=7(direct 4) mad=0.0024/1.57 (comp 0)
[register] z04608_y03712_x03456: wk_cube=-7 du=-63.46 pairs=95 groups=9(direct 7) mad=0.0022/1.97 (comp 0)
[register] z04736_y03712_x03456: wk_cube=-6 du=-37.48 pairs=61 groups=8(direct 4) mad=0.0014/2.48 (comp 0)
[register] z04352_y03712_x02176: wk_cube=-7 du=36.51 pairs=36 groups=11(direct 3) mad=0.0010/0.70 (comp 0)
[register] z04480_y03712_x02176: wk_cube=-6 du=39.20 pairs=60 groups=10(direct 7) mad=0.0020/2.56 (comp 0)
[register] z04608_y03712_x02176: wk_cube=-2 du=30.52 pairs=188 groups=7(direct 6) mad=0.0037/1.71 (comp 0)
[register] z04736_y03712_x02176: wk_cube=-2 du=31.22 pairs=131 groups=7(direct 6) mad=0.0029/2.29 (comp 0)
[register] z04352_y02048_x03200: wk_cube=+21 du=-50.62 pairs=61 groups=10(direct 6) mad=0.0007/0.70 (comp 0)
[register] z04480_y02048_x03200: wk_cube=+18 du=-49.33 pairs=101 groups=8(direct 7) mad=0.0017/3.23 (comp 0)
[register] z04608_y02048_x03200: wk_cube=+12 du=-15.43 pairs=75 groups=9(direct 8) mad=0.0014/1.51 (comp 0)
[register] z04736_y02048_x03200: wk_cube=+12 du=-18.19 pairs=130 groups=9(direct 8) mad=0.0016/1.96 (comp 0)
[register] z04352_y03968_x03200: wk_cube=-16 du=-38.05 pairs=59 groups=12(direct 8) mad=0.0017/0.85 (comp 0)
[register] z04480_y03968_x03200: wk_cube=-18 du=-32.26 pairs=122 groups=17(direct 9) mad=0.0017/2.02 (comp 0)
[register] z04608_y03968_x03200: wk_cube=-19 du=-35.52 pairs=110 groups=9(direct 8) mad=0.0026/3.21 (comp 0)
[register] z04736_y03968_x03200: wk_cube=-15 du=-26.28 pairs=49 groups=8(direct 5) mad=0.0017/3.00 (comp 0)
[register] z04352_y02816_x02304: wk_cube=-16 du=12.64 pairs=58 groups=10(direct 4) mad=0.0012/2.43 (comp 0)
[register] z04480_y02816_x02304: wk_cube=-16 du=11.89 pairs=116 groups=12(direct 9) mad=0.0019/1.19 (comp 0)
[register] z04608_y02816_x02304: wk_cube=-14 du=11.48 pairs=117 groups=10(direct 7) mad=0.0034/14.28 (comp 0)
[register] z04736_y02816_x02304: wk_cube=-11 du=-0.14 pairs=162 groups=11(direct 11) mad=0.0022/1.69 (comp 0)
[register] z04352_y03968_x02432: wk_cube=-31 du=64.58 pairs=65 groups=16(direct 6) mad=0.0020/5.07 (comp 0)
[register] z04480_y03968_x02432: wk_cube=-25 du=90.98 pairs=83 groups=9(direct 7) mad=0.0047/18.41 (comp 0)
[register] z04608_y03968_x02432: wk_cube=-25 du=80.64 pairs=107 groups=12(direct 8) mad=0.0013/1.33 (comp 0)
[register] z04736_y03968_x02432: wk_cube=-19 du=47.75 pairs=92 groups=10(direct 9) mad=0.0015/0.96 (comp 0)
[register] z04352_y02816_x03328: wk_cube=-26 du=112.92 pairs=33 groups=9(direct 3) mad=0.0019/6.34 (comp 0)
[register] z04480_y02816_x03328: wk_cube=-30 du=146.02 pairs=40 groups=6(direct 4) mad=0.0023/3.34 (comp 0)
[register] z04608_y02816_x03328: wk_cube=-29 du=96.79 pairs=53 groups=8(direct 7) mad=0.0020/1.88 (comp 0)
[register] z04736_y02816_x03328: wk_cube=-31 du=127.94 pairs=36 groups=6(direct 5) mad=0.0016/2.59 (comp 0)
[register] z04352_y04352_x01920: wk_cube=+18 du=-55.50 pairs=100 groups=13(direct 9) mad=0.0013/1.15 (comp 0)
[register] z04480_y04352_x01920: wk_cube=+11 du=-30.03 pairs=205 groups=14(direct 12) mad=0.0011/1.46 (comp 0)
[register] z04608_y04352_x01920: wk_cube=+14 du=-39.02 pairs=161 groups=11(direct 11) mad=0.0007/1.34 (comp 0)
[register] z04736_y04352_x01920: wk_cube=+12 du=-35.65 pairs=100 groups=9(direct 7) mad=0.0011/2.61 (comp 0)
[register] z04480_y04352_x03712: wk_cube=+15 du=107.68 pairs=52 groups=12(direct 9) mad=0.0017/2.32 (comp 0)
[register] z04608_y04352_x03712: wk_cube=+31 du=82.41 pairs=48 groups=15(direct 6) mad=0.0012/1.56 (comp 0)
[register] z04736_y04352_x03712: wk_cube=+34 du=74.44 pairs=41 groups=23(direct 7) mad=0.0018/2.28 (comp 0)
[register] z04352_y04224_x01792: wk_cube=+17 du=-46.13 pairs=72 groups=10(direct 6) mad=0.0007/1.72 (comp 0)
[register] z04480_y04224_x01792: wk_cube=+15 du=-37.73 pairs=195 groups=14(direct 12) mad=0.0007/0.86 (comp 0)
[register] z04608_y04224_x01792: wk_cube=+19 du=-41.08 pairs=158 groups=17(direct 10) mad=0.0010/1.03 (comp 0)
[register] z04736_y04224_x01792: wk_cube=+17 du=-47.46 pairs=189 groups=13(direct 10) mad=0.0016/2.89 (comp 0)
[register] z04352_y02048_x02432: wk_cube=-7 du=-28.59 pairs=105 groups=19(direct 8) mad=0.0012/1.85 (comp 0)
[register] z04480_y02048_x02432: wk_cube=-5 du=-45.05 pairs=155 groups=16(direct 10) mad=0.0012/2.29 (comp 0)
[register] z04608_y02048_x02432: wk_cube=-4 du=-45.91 pairs=164 groups=14(direct 11) mad=0.0012/1.69 (comp 0)
[register] z04736_y02048_x02432: wk_cube=-6 du=-33.84 pairs=121 groups=12(direct 9) mad=6.2831/8669.74 (comp 0)
[register] z04480_y04224_x03840: wk_cube=+4 du=20.05 pairs=68 groups=8(direct 7) mad=0.0015/2.34 (comp 0)
[register] z04608_y04224_x03840: wk_cube=+11 du=76.58 pairs=64 groups=7(direct 6) mad=0.0010/1.86 (comp 0)
[register] z04736_y04224_x03840: wk_cube=+27 du=160.25 pairs=65 groups=9(direct 7) mad=0.0010/2.21 (comp 0)
[register] z04480_y04608_x02304: wk_cube=+10 du=-23.85 pairs=70 groups=3(direct 3) mad=0.0011/0.51 (comp 0)
[register] z04608_y04608_x02304: wk_cube=+15 du=-65.39 pairs=134 groups=9(direct 8) mad=0.0012/0.92 (comp 0)
[register] z04736_y04608_x02304: wk_cube=+21 du=-60.43 pairs=37 groups=7(direct 2) mad=0.0020/6.79 (comp 0)
[register] z04352_y03840_x03328: wk_cube=-20 du=-81.68 pairs=52 groups=6(direct 5) mad=0.0008/0.33 (comp 0)
[register] z04480_y03840_x03328: wk_cube=-20 du=-67.17 pairs=65 groups=8(direct 7) mad=0.0024/1.70 (comp 0)
[register] z04608_y03840_x03328: wk_cube=-16 du=-74.39 pairs=78 groups=12(direct 8) mad=0.0033/3.32 (comp 0)
[register] z04736_y03840_x03328: wk_cube=-16 du=-49.86 pairs=86 groups=11(direct 7) mad=0.0030/4.59 (comp 0)
[register] z04352_y03840_x02304: wk_cube=-22 du=89.19 pairs=56 groups=10(direct 8) mad=0.0015/0.39 (comp 0)
[register] z04480_y03840_x02304: wk_cube=-15 du=72.00 pairs=190 groups=14(direct 10) mad=0.0040/3.35 (comp 0)
[register] z04608_y03840_x02304: wk_cube=-14 du=61.02 pairs=79 groups=8(direct 6) mad=0.0012/1.32 (comp 0)
[register] z04736_y03840_x02304: wk_cube=-12 du=46.27 pairs=75 groups=7(direct 6) mad=0.0031/1.96 (comp 0)
[register] z04352_y02432_x03840: wk_cube=+20 du=-42.85 pairs=60 groups=8(direct 6) mad=0.0009/1.24 (comp 0)
[register] z04480_y02432_x03840: wk_cube=+22 du=-47.58 pairs=98 groups=9(direct 7) mad=0.0011/2.50 (comp 0)
[register] z04608_y02432_x03840: wk_cube=+29 du=-51.98 pairs=103 groups=7(direct 6) mad=0.0018/2.36 (comp 0)
[register] z04736_y02432_x03840: wk_cube=+17 du=-27.86 pairs=193 groups=9(direct 7) mad=0.0017/2.59 (comp 0)
[register] z04480_y02304_x03712: wk_cube=+24 du=-47.99 pairs=45 groups=7(direct 5) mad=0.0013/1.61 (comp 0)
[register] z04608_y02304_x03712: wk_cube=+22 du=-45.14 pairs=70 groups=8(direct 6) mad=0.0018/3.56 (comp 0)
[register] z04736_y02304_x03712: wk_cube=+21 du=-46.92 pairs=74 groups=8(direct 6) mad=0.0014/2.78 (comp 0)
[register] z04352_y02432_x01792: wk_cube=-12 du=3.74 pairs=74 groups=15(direct 7) mad=0.0011/2.50 (comp 0)
[register] z04480_y02432_x01792: wk_cube=-11 du=1.12 pairs=136 groups=18(direct 11) mad=0.0014/2.45 (comp 0)
[register] z04608_y02432_x01792: wk_cube=-9 du=7.75 pairs=134 groups=13(direct 11) mad=0.0011/1.93 (comp 0)
[register] z04736_y02432_x01792: wk_cube=-6 du=-7.85 pairs=119 groups=12(direct 10) mad=0.0015/4.50 (comp 0)
[register] z04352_y02304_x01920: wk_cube=-10 du=-17.43 pairs=75 groups=19(direct 7) mad=0.0013/2.20 (comp 0)
[register] z04480_y02304_x01920: wk_cube=-9 du=-20.51 pairs=174 groups=16(direct 9) mad=0.0020/1.44 (comp 0)
[register] z04608_y02304_x01920: wk_cube=-6 du=-26.30 pairs=134 groups=16(direct 8) mad=6.2822/8289.02 (comp 0)
[register] z04736_y02304_x01920: wk_cube=-4 du=-27.18 pairs=136 groups=15(direct 10) mad=0.0017/6.14 (comp 0)
[register] z04352_y04480_x02048: wk_cube=+19 du=-92.33 pairs=46 groups=10(direct 4) mad=0.0007/1.29 (comp 0)
[register] z04480_y04480_x02048: wk_cube=+21 du=-37.66 pairs=116 groups=10(direct 9) mad=0.0012/1.87 (comp 0)
[register] z04608_y04480_x02048: wk_cube=+26 du=-119.31 pairs=148 groups=11(direct 10) mad=0.0008/0.94 (comp 0)
[register] z04736_y04480_x02048: wk_cube=+28 du=-119.98 pairs=77 groups=7(direct 7) mad=0.0014/1.52 (comp 0)
[register] z04352_y03840_x01536: wk_cube=+44 du=128.68 pairs=43 groups=7(direct 5) mad=0.0009/1.09 (comp 0)
[register] z04480_y03840_x01536: wk_cube=+46 du=132.36 pairs=53 groups=9(direct 6) mad=0.0009/0.82 (comp 0)
[register] z04608_y03840_x01536: wk_cube=+45 du=120.65 pairs=214 groups=10(direct 10) mad=0.0012/0.68 (comp 0)
[register] z04736_y03840_x01536: wk_cube=+45 du=104.36 pairs=94 groups=8(direct 8) mad=0.0007/1.57 (comp 0)
[register] z04480_y04480_x03584: wk_cube=+1 du=-4.16 pairs=25 groups=2(direct 2) mad=0.0015/5.40 (comp 0)
[register] z04736_y04480_x03584: wk_cube=+28 du=84.74 pairs=48 groups=9(direct 6) mad=0.0020/1.66 (comp 0)
[register] z04352_y03840_x04096: wk_cube=+1 du=-3.01 pairs=31 groups=7(direct 3) mad=0.0005/0.62 (comp 0)
[register] z04480_y03840_x04096: wk_cube=+4 du=-4.29 pairs=64 groups=6(direct 5) mad=0.0006/2.51 (comp 0)
[register] z04608_y03840_x04096: wk_cube=+5 du=-3.50 pairs=63 groups=5(direct 4) mad=0.0008/1.20 (comp 0)
[register] z04736_y03840_x04096: wk_cube=+1 du=21.60 pairs=60 groups=4(direct 3) mad=0.0015/1.07 (comp 0)
[register] z04352_y04096_x01664: wk_cube=+27 du=-67.88 pairs=61 groups=13(direct 7) mad=0.0010/1.00 (comp 0)
[register] z04480_y04096_x01664: wk_cube=+24 du=-50.74 pairs=142 groups=13(direct 9) mad=0.0014/1.49 (comp 0)
[register] z04608_y04096_x01664: wk_cube=+25 du=-49.08 pairs=120 groups=12(direct 10) mad=6.2838/7520.13 (comp 0)
[register] z04736_y04096_x01664: wk_cube=+25 du=-60.38 pairs=117 groups=10(direct 8) mad=0.0020/1.56 (comp 0)
[register] z04352_y02688_x02560: wk_cube=-13 du=28.50 pairs=56 groups=11(direct 6) mad=0.0009/0.49 (comp 0)
[register] z04480_y02688_x02560: wk_cube=-14 du=27.47 pairs=132 groups=12(direct 10) mad=0.0034/1.75 (comp 0)
[register] z04608_y02688_x02560: wk_cube=-16 du=29.73 pairs=111 groups=10(direct 10) mad=0.0031/2.95 (comp 0)
[register] z04736_y02688_x02560: wk_cube=-20 du=27.23 pairs=91 groups=8(direct 8) mad=0.0024/1.00 (comp 0)
[register] z04352_y04096_x03968: wk_cube=+7 du=38.11 pairs=50 groups=10(direct 7) mad=0.0009/1.42 (comp 0)
[register] z04480_y04096_x03968: wk_cube=+13 du=53.42 pairs=73 groups=7(direct 6) mad=0.0010/2.02 (comp 0)
[register] z04608_y04096_x03968: wk_cube=+10 du=51.48 pairs=60 groups=5(direct 4) mad=0.0017/1.95 (comp 0)
[register] z04736_y04096_x03968: wk_cube=+12 du=53.29 pairs=85 groups=7(direct 7) mad=0.0017/1.80 (comp 0)
[register] z04352_y02816_x04096: wk_cube=+18 du=-24.18 pairs=74 groups=11(direct 7) mad=0.0008/0.69 (comp 0)
[register] z04480_y02816_x04096: wk_cube=+16 du=-16.81 pairs=101 groups=11(direct 9) mad=0.0011/2.68 (comp 0)
[register] z04608_y02816_x04096: wk_cube=+16 du=-20.22 pairs=70 groups=12(direct 6) mad=6.2821/7381.15 (comp 0)
[register] z04736_y02816_x04096: wk_cube=+16 du=-16.92 pairs=119 groups=11(direct 9) mad=0.0021/3.28 (comp 0)
[register] z04352_y02688_x03072: wk_cube=-34 du=73.22 pairs=50 groups=7(direct 7) mad=0.0012/0.45 (comp 0)
[register] z04480_y02688_x03072: wk_cube=-29 du=72.76 pairs=72 groups=8(direct 8) mad=0.0015/1.59 (comp 0)
[register] z04608_y02688_x03072: wk_cube=-33 du=91.35 pairs=86 groups=9(direct 9) mad=0.0015/2.98 (comp 0)
[register] z04736_y02688_x03072: wk_cube=-37 du=126.42 pairs=100 groups=10(direct 9) mad=0.0022/2.52 (comp 0)
[register] z04352_y02816_x01536: wk_cube=-4 du=8.42 pairs=110 groups=16(direct 7) mad=0.0012/1.14 (comp 0)
[register] z04480_y02816_x01536: wk_cube=-2 du=8.74 pairs=142 groups=17(direct 7) mad=0.0026/6.66 (comp 0)
[register] z04608_y02816_x01536: wk_cube=+0 du=18.19 pairs=167 groups=18(direct 12) mad=0.0012/2.00 (comp 0)
[register] z04736_y02816_x01536: wk_cube=+1 du=17.82 pairs=120 groups=13(direct 10) mad=0.0013/1.65 (comp 0)
[register] z04352_y03072_x02176: wk_cube=-15 du=0.01 pairs=79 groups=13(direct 7) mad=0.0019/1.02 (comp 0)
[register] z04480_y03072_x02176: wk_cube=-15 du=1.12 pairs=173 groups=15(direct 9) mad=0.0019/0.79 (comp 0)
[register] z04608_y03072_x02176: wk_cube=-12 du=-2.55 pairs=134 groups=13(direct 7) mad=0.0019/3.44 (comp 0)
[register] z04736_y03072_x02176: wk_cube=-10 du=4.68 pairs=245 groups=11(direct 9) mad=0.0033/2.80 (comp 0)
[register] z04352_y02048_x03328: wk_cube=+25 du=-42.16 pairs=32 groups=8(direct 6) mad=0.0006/0.37 (comp 0)
[register] z04480_y02048_x03328: wk_cube=+23 du=-60.73 pairs=99 groups=8(direct 8) mad=0.0010/1.36 (comp 0)
[register] z04608_y02048_x03328: wk_cube=+19 du=-36.56 pairs=80 groups=9(direct 7) mad=0.0014/1.51 (comp 0)
[register] z04736_y02048_x03328: wk_cube=+19 du=-31.69 pairs=75 groups=9(direct 8) mad=0.0012/2.00 (comp 0)
[register] z04480_y03072_x03456: wk_cube=-8 du=22.01 pairs=41 groups=4(direct 4) mad=0.0028/2.97 (comp 0)
[register] z04608_y03072_x03456: wk_cube=-4 du=14.72 pairs=36 groups=5(direct 3) mad=0.0016/3.33 (comp 0)
[register] z04736_y03072_x03456: wk_cube=-9 du=23.51 pairs=33 groups=4(direct 4) mad=0.0017/2.18 (comp 0)
[register] z04352_y02560_x03968: wk_cube=+28 du=-67.73 pairs=80 groups=9(direct 9) mad=0.0005/0.36 (comp 0)
[register] z04480_y02560_x03968: wk_cube=+26 du=-52.71 pairs=172 groups=9(direct 8) mad=0.0012/1.44 (comp 0)
[register] z04608_y02560_x03968: wk_cube=+28 du=-44.75 pairs=84 groups=7(direct 7) mad=0.0014/2.49 (comp 0)
[register] z04736_y02560_x03968: wk_cube=+28 du=-70.53 pairs=110 groups=7(direct 6) mad=0.0014/2.11 (comp 0)
[register] z04352_y02560_x01664: wk_cube=-10 du=7.10 pairs=61 groups=15(direct 7) mad=0.0010/2.82 (comp 0)
[register] z04480_y02560_x01664: wk_cube=-10 du=6.73 pairs=135 groups=23(direct 11) mad=0.0008/0.90 (comp 0)
[register] z04608_y02560_x01664: wk_cube=-7 du=7.94 pairs=196 groups=20(direct 13) mad=0.0009/0.85 (comp 0)
[register] z04736_y02560_x01664: wk_cube=-3 du=4.83 pairs=254 groups=19(direct 10) mad=0.0019/2.18 (comp 0)
[register] z04480_y02176_x03584: wk_cube=+24 du=-53.89 pairs=84 groups=8(direct 6) mad=31.4161/38878.48 (comp 0)
[register] z04608_y02176_x03584: wk_cube=+23 du=-51.93 pairs=127 groups=9(direct 8) mad=0.0011/3.81 (comp 0)
[register] z04736_y02176_x03584: wk_cube=+18 du=-54.80 pairs=57 groups=7(direct 7) mad=0.0017/2.97 (comp 0)
[register] z04352_y02048_x02304: wk_cube=-10 du=-20.37 pairs=115 groups=16(direct 9) mad=0.0010/1.94 (comp 0)
[register] z04480_y02048_x02304: wk_cube=+15 du=-58.66 pairs=154 groups=19(direct 10) mad=18.8477/23598.69 (comp 0)
[register] z04608_y02048_x02304: wk_cube=+15 du=-49.68 pairs=154 groups=15(direct 11) mad=18.8497/23602.68 (comp 0)
[register] z04736_y02048_x02304: wk_cube=-3 du=-17.53 pairs=201 groups=17(direct 9) mad=18.8502/25464.56 (comp 0)
[register] z04352_y03584_x03456: wk_cube=-9 du=-34.46 pairs=47 groups=7(direct 3) mad=0.0016/5.23 (comp 0)
[register] z04480_y03584_x03456: wk_cube=-7 du=-48.89 pairs=77 groups=9(direct 6) mad=0.0018/1.57 (comp 0)
[register] z04608_y03584_x03456: wk_cube=-3 du=-44.95 pairs=122 groups=9(direct 8) mad=0.0028/1.24 (comp 0)
[register] z04736_y03584_x03456: wk_cube=-2 du=-60.73 pairs=111 groups=8(direct 6) mad=0.0017/1.44 (comp 0)
[register] z04352_y02176_x02048: wk_cube=-3 du=-22.39 pairs=117 groups=15(direct 8) mad=0.0011/1.00 (comp 0)
[register] z04480_y02176_x02048: wk_cube=+0 du=-43.69 pairs=257 groups=14(direct 9) mad=0.0015/1.56 (comp 0)
[register] z04608_y02176_x02048: wk_cube=+4 du=-40.33 pairs=360 groups=17(direct 8) mad=0.0017/2.06 (comp 0)
[register] z04736_y02176_x02048: wk_cube=+7 du=-49.68 pairs=217 groups=19(direct 13) mad=0.0008/2.11 (comp 0)
[register] z04352_y03584_x02176: wk_cube=-11 du=-34.71 pairs=46 groups=8(direct 7) mad=0.0011/0.78 (comp 0)
[register] z04480_y03584_x02176: wk_cube=-12 du=-3.49 pairs=78 groups=9(direct 7) mad=0.0030/1.25 (comp 0)
[register] z04608_y03584_x02176: wk_cube=-12 du=26.52 pairs=51 groups=7(direct 6) mad=0.0013/1.06 (comp 0)
[register] z04736_y03584_x02176: wk_cube=-11 du=26.94 pairs=66 groups=10(direct 6) mad=0.0016/1.47 (comp 0)
[register] z04352_y03968_x03072: wk_cube=-29 du=-45.02 pairs=69 groups=10(direct 7) mad=0.0025/2.58 (comp 0)
[register] z04480_y03968_x03072: wk_cube=-23 du=-33.17 pairs=92 groups=13(direct 9) mad=0.0046/5.74 (comp 0)
[register] z04608_y03968_x03072: wk_cube=-25 du=-27.88 pairs=116 groups=11(direct 10) mad=0.0025/4.54 (comp 0)
[register] z04736_y03968_x03072: wk_cube=-19 du=-23.15 pairs=71 groups=8(direct 7) mad=0.0023/4.54 (comp 0)
[register] z04352_y03968_x02560: wk_cube=-39 du=126.04 pairs=84 groups=19(direct 10) mad=0.0024/1.78 (comp 0)
[register] z04480_y03968_x02560: wk_cube=-32 du=109.19 pairs=89 groups=11(direct 8) mad=0.0022/1.97 (comp 0)
[register] z04608_y03968_x02560: wk_cube=-33 du=92.25 pairs=126 groups=7(direct 6) mad=0.0038/1.92 (comp 0)
[register] z04736_y03968_x02560: wk_cube=-26 du=71.23 pairs=125 groups=11(direct 7) mad=6.2824/5430.43 (comp 0)
[register] z04352_y02688_x02688: wk_cube=-13 du=27.62 pairs=80 groups=10(direct 8) mad=0.0010/0.26 (comp 0)
[register] z04480_y02688_x02688: wk_cube=-15 du=32.39 pairs=129 groups=10(direct 10) mad=0.0023/1.40 (comp 0)
[register] z04608_y02688_x02688: wk_cube=-17 du=29.72 pairs=109 groups=10(direct 10) mad=0.0016/1.26 (comp 0)
[register] z04736_y02688_x02688: wk_cube=-21 du=25.15 pairs=83 groups=7(direct 7) mad=0.0028/4.37 (comp 0)
[register] z04608_y04608_x02176: wk_cube=-1 du=3.50 pairs=125 groups=7(direct 5) mad=0.0009/1.20 (comp 0)
[register] z04736_y04608_x02176: wk_cube=+22 du=-47.01 pairs=48 groups=10(direct 5) mad=0.0013/2.68 (comp 0)
[register] z04352_y02688_x02944: wk_cube=-33 du=76.85 pairs=39 groups=8(direct 6) mad=0.0012/0.12 (comp 0)
[register] z04480_y02688_x02944: wk_cube=-34 du=82.34 pairs=71 groups=7(direct 7) mad=0.0023/2.89 (comp 0)
[register] z04608_y02688_x02944: wk_cube=-38 du=86.75 pairs=121 groups=10(direct 10) mad=0.0030/2.66 (comp 0)
[register] z04736_y02688_x02944: wk_cube=-39 du=111.00 pairs=118 groups=10(direct 7) mad=0.0038/5.52 (comp 0)
[register] z04352_y03968_x01536: wk_cube=+45 du=130.76 pairs=61 groups=10(direct 7) mad=0.0006/0.59 (comp 0)
[register] z04480_y03968_x01536: wk_cube=+45 du=132.48 pairs=95 groups=10(direct 7) mad=0.0020/1.90 (comp 0)
[register] z04608_y03968_x01536: wk_cube=+46 du=132.97 pairs=96 groups=9(direct 8) mad=0.0013/1.53 (comp 0)
[register] z04736_y03968_x01536: wk_cube=+47 du=131.99 pairs=75 groups=8(direct 7) mad=0.0009/1.49 (comp 0)
[register] z04352_y03968_x04096: wk_cube=+14 du=30.12 pairs=62 groups=9(direct 4) mad=0.0008/2.66 (comp 0)
[register] z04480_y03968_x04096: wk_cube=+14 du=29.98 pairs=84 groups=7(direct 7) mad=0.0013/2.18 (comp 0)
[register] z04608_y03968_x04096: wk_cube=+15 du=32.01 pairs=49 groups=6(direct 4) mad=0.0019/3.36 (comp 0)
[register] z04736_y03968_x04096: wk_cube=+16 du=38.44 pairs=38 groups=5(direct 4) mad=0.0017/3.58 (comp 0)
[register] z04352_y03200_x02176: wk_cube=-12 du=-19.60 pairs=99 groups=20(direct 8) mad=0.0014/1.21 (comp 0)
[register] z04480_y03200_x02176: wk_cube=-11 du=6.51 pairs=127 groups=11(direct 6) mad=6.2837/4897.17 (comp 0)
[register] z04608_y03200_x02176: wk_cube=-10 du=3.49 pairs=199 groups=11(direct 9) mad=0.0017/1.21 (comp 0)
[register] z04736_y03200_x02176: wk_cube=-11 du=4.75 pairs=132 groups=11(direct 10) mad=0.0023/1.79 (comp 0)
[register] z04736_y03200_x03456: wk_cube=-3 du=-1.64 pairs=83 groups=3(direct 2) mad=0.0032/2.24 (comp 0)
[register] z04352_y02816_x02432: wk_cube=-16 du=14.31 pairs=67 groups=10(direct 6) mad=0.0021/0.91 (comp 0)
[register] z04480_y02816_x02432: wk_cube=-16 du=27.67 pairs=119 groups=11(direct 10) mad=0.0029/1.24 (comp 0)
[register] z04608_y02816_x02432: wk_cube=-15 du=-5.34 pairs=116 groups=10(direct 9) mad=0.0024/2.91 (comp 0)
[register] z04736_y02816_x02432: wk_cube=-19 du=16.93 pairs=144 groups=11(direct 11) mad=0.0027/2.48 (comp 0)
[register] z04352_y03456_x03456: wk_cube=-4 du=-55.38 pairs=58 groups=18(direct 4) mad=0.0015/2.15 (comp 0)
[register] z04480_y03456_x03456: wk_cube=-2 du=-67.99 pairs=86 groups=9(direct 5) mad=6.2815/4424.60 (comp 0)
[register] z04608_y03456_x03456: wk_cube=+0 du=-38.38 pairs=57 groups=4(direct 3) mad=0.0048/15.21 (comp 0)
[register] z04736_y03456_x03456: wk_cube=+3 du=-57.33 pairs=46 groups=4(direct 4) mad=0.0039/16.65 (comp 0)
[register] z04352_y03456_x02176: wk_cube=-20 du=-9.90 pairs=62 groups=12(direct 9) mad=0.0007/0.29 (comp 0)
[register] z04480_y03456_x02176: wk_cube=-22 du=-53.09 pairs=122 groups=14(direct 9) mad=0.0010/0.82 (comp 0)
[register] z04608_y03456_x02176: wk_cube=-25 du=-65.09 pairs=105 groups=18(direct 9) mad=0.0017/1.10 (comp 0)
[register] z04736_y03456_x02176: wk_cube=-28 du=-65.23 pairs=154 groups=15(direct 10) mad=0.0013/0.86 (comp 0)
[register] z04352_y02944_x02304: wk_cube=-16 du=1.89 pairs=58 groups=11(direct 6) mad=0.0021/1.62 (comp 0)
[register] z04480_y02944_x02304: wk_cube=-16 du=2.39 pairs=72 groups=12(direct 9) mad=0.0035/2.26 (comp 0)
[register] z04608_y02944_x02304: wk_cube=-15 du=3.94 pairs=247 groups=13(direct 11) mad=0.0023/1.55 (comp 0)
[register] z04736_y02944_x02304: wk_cube=-15 du=-3.42 pairs=123 groups=13(direct 12) mad=0.0021/2.46 (comp 0)
[register] z04352_y02688_x02816: wk_cube=-32 du=70.70 pairs=103 groups=11(direct 9) mad=0.0016/0.71 (comp 0)
[register] z04480_y02688_x02816: wk_cube=-15 du=19.97 pairs=144 groups=8(direct 8) mad=0.0031/3.29 (comp 0)
[register] z04608_y02688_x02816: wk_cube=-36 du=80.79 pairs=279 groups=11(direct 11) mad=0.0024/2.61 (comp 0)
[register] z04736_y02688_x02816: wk_cube=-26 du=43.82 pairs=164 groups=14(direct 11) mad=0.0033/6.17 (comp 0)
[register] z04352_y02816_x03200: wk_cube=-35 du=145.56 pairs=31 groups=6(direct 6) mad=0.0013/0.39 (comp 0)
[register] z04480_y02816_x03200: wk_cube=-38 du=174.50 pairs=89 groups=7(direct 7) mad=0.0015/2.38 (comp 0)
[register] z04608_y02816_x03200: wk_cube=-38 du=113.15 pairs=69 groups=6(direct 6) mad=0.0018/3.12 (comp 0)
[register] z04736_y02816_x03200: wk_cube=-41 du=147.08 pairs=51 groups=7(direct 6) mad=0.0025/2.60 (comp 0)
[register] z04480_y02944_x03328: wk_cube=-5 du=2.97 pairs=73 groups=13(direct 9) mad=0.0021/1.31 (comp 0)
[register] z04608_y02944_x03328: wk_cube=-31 du=155.84 pairs=42 groups=16(direct 5) mad=0.0035/4.78 (comp 0)
[register] z04736_y02944_x03328: wk_cube=-32 du=173.03 pairs=30 groups=16(direct 6) mad=0.0031/2.53 (comp 0)
[register] z04352_y02688_x04096: wk_cube=+14 du=-30.28 pairs=41 groups=10(direct 5) mad=0.0008/0.62 (comp 0)
[register] z04480_y02688_x04096: wk_cube=+13 du=-14.04 pairs=167 groups=11(direct 9) mad=0.0010/1.11 (comp 0)
[register] z04608_y02688_x04096: wk_cube=+13 du=-11.90 pairs=86 groups=9(direct 8) mad=0.0011/1.46 (comp 0)
[register] z04736_y02688_x04096: wk_cube=+14 du=-24.73 pairs=108 groups=8(direct 7) mad=6.2814/8336.02 (comp 0)
[register] z04352_y02688_x01536: wk_cube=-5 du=5.41 pairs=71 groups=22(direct 6) mad=0.0011/2.99 (comp 0)
[register] z04480_y02688_x01536: wk_cube=-4 du=8.33 pairs=184 groups=18(direct 8) mad=0.0013/5.94 (comp 0)
[register] z04608_y02688_x01536: wk_cube=-4 du=17.87 pairs=149 groups=17(direct 14) mad=0.0012/2.04 (comp 0)
[register] z04736_y02688_x01536: wk_cube=-2 du=22.09 pairs=131 groups=17(direct 10) mad=0.0020/4.50 (comp 0)
[register] z04352_y04352_x01792: wk_cube=+28 du=-60.67 pairs=75 groups=22(direct 5) mad=6.2839/7899.22 (comp 0)
[register] z04480_y04352_x01792: wk_cube=+21 du=-54.53 pairs=309 groups=13(direct 11) mad=0.0013/2.50 (comp 0)
[register] z04608_y04352_x01792: wk_cube=+24 du=-68.14 pairs=194 groups=12(direct 11) mad=0.0010/0.91 (comp 0)
[register] z04736_y04352_x01792: wk_cube=+18 du=-58.63 pairs=75 groups=10(direct 6) mad=0.0011/0.58 (comp 0)
[register] z04352_y04352_x03840: wk_cube=+9 du=11.64 pairs=39 groups=10(direct 6) mad=0.0007/0.40 (comp 0)
[register] z04480_y04352_x03840: wk_cube=+6 du=9.03 pairs=47 groups=11(direct 7) mad=0.0006/1.88 (comp 0)
[register] z04608_y04352_x03840: wk_cube=+8 du=63.85 pairs=29 groups=15(direct 5) mad=0.0012/0.95 (comp 0)
[register] z04736_y04352_x03840: wk_cube=+9 du=66.09 pairs=35 groups=14(direct 4) mad=0.0017/4.94 (comp 0)
[register] z04352_y02048_x03456: wk_cube=+26 du=-41.01 pairs=82 groups=7(direct 3) mad=0.0014/0.81 (comp 0)
[register] z04480_y02048_x03456: wk_cube=+24 du=-39.46 pairs=81 groups=8(direct 7) mad=0.0014/1.98 (comp 0)
[register] z04608_y02048_x03456: wk_cube=+25 du=-52.04 pairs=102 groups=9(direct 7) mad=0.0012/2.69 (comp 0)
[register] z04736_y02048_x03456: wk_cube=+20 du=-22.49 pairs=235 groups=7(direct 7) mad=0.0009/2.22 (comp 0)
[register] z04352_y03328_x02176: wk_cube=-20 du=-6.74 pairs=118 groups=16(direct 10) mad=0.0019/0.73 (comp 0)
[register] z04480_y03328_x02176: wk_cube=-10 du=-3.32 pairs=162 groups=14(direct 10) mad=0.0027/5.75 (comp 0)
[register] z04608_y03328_x02176: wk_cube=-28 du=-5.67 pairs=207 groups=10(direct 10) mad=0.0024/1.07 (comp 0)
[register] z04736_y03328_x02176: wk_cube=-13 du=-15.26 pairs=191 groups=12(direct 11) mad=0.0021/2.27 (comp 0)
[register] z04480_y03328_x03456: wk_cube=+3 du=-82.63 pairs=26 groups=3(direct 2) mad=12.5657/8544.75 (comp 0)
[register] z04608_y03328_x03456: wk_cube=+5 du=45.41 pairs=26 groups=3(direct 3) mad=6.2817/4010.49 (comp 0)
[register] z04736_y03328_x03456: wk_cube=-2 du=8.96 pairs=38 groups=2(direct 2) mad=0.0038/2.33 (comp 0)
[register] z04352_y03968_x02944: wk_cube=-35 du=-64.44 pairs=74 groups=12(direct 9) mad=0.0019/1.92 (comp 0)
[register] z04480_y03968_x02944: wk_cube=-25 du=-36.97 pairs=54 groups=10(direct 7) mad=0.0052/4.28 (comp 0)
[register] z04608_y03968_x02944: wk_cube=-27 du=-42.11 pairs=90 groups=10(direct 8) mad=0.0025/2.45 (comp 0)
[register] z04736_y03968_x02944: wk_cube=-22 du=-36.80 pairs=91 groups=10(direct 7) mad=0.0022/3.32 (comp 0)
[register] z04352_y03968_x02688: wk_cube=-43 du=83.79 pairs=64 groups=17(direct 7) mad=0.0030/2.83 (comp 0)
[register] z04480_y03968_x02688: wk_cube=-38 du=137.04 pairs=91 groups=10(direct 9) mad=0.0031/3.55 (comp 0)
[register] z04608_y03968_x02688: wk_cube=-36 du=129.18 pairs=92 groups=9(direct 8) mad=0.0034/7.77 (comp 0)
[register] z04736_y03968_x02688: wk_cube=-30 du=67.10 pairs=114 groups=14(direct 12) mad=0.0032/2.74 (comp 0)
[register] z04352_y02048_x02176: wk_cube=+7 du=-44.78 pairs=95 groups=17(direct 8) mad=0.0008/0.76 (comp 0)
[register] z04480_y02048_x02176: wk_cube=+11 du=-44.57 pairs=159 groups=15(direct 12) mad=0.0008/2.00 (comp 0)
[register] z04608_y02048_x02176: wk_cube=+15 du=-85.26 pairs=146 groups=20(direct 13) mad=0.0009/1.87 (comp 0)
[register] z04736_y02048_x02176: wk_cube=+16 du=-74.53 pairs=166 groups=19(direct 10) mad=0.0015/1.61 (comp 0)
[register] z04352_y04480_x01920: wk_cube=+23 du=-100.22 pairs=70 groups=9(direct 8) mad=0.0007/0.73 (comp 0)
[register] z04480_y04480_x01920: wk_cube=+28 du=-102.66 pairs=139 groups=10(direct 9) mad=0.0012/1.76 (comp 0)
[register] z04608_y04480_x01920: wk_cube=+32 du=-128.27 pairs=195 groups=11(direct 11) mad=0.0016/1.19 (comp 0)
[register] z04736_y04480_x01920: wk_cube=+33 du=-129.54 pairs=117 groups=13(direct 10) mad=0.0011/1.07 (comp 0)
[register] z04352_y03712_x03328: wk_cube=-19 du=-59.78 pairs=24 groups=5(direct 3) mad=0.0018/0.31 (comp 0)
[register] z04480_y03712_x03328: wk_cube=-16 du=-49.28 pairs=58 groups=8(direct 5) mad=0.0029/2.64 (comp 0)
[register] z04608_y03712_x03328: wk_cube=-12 du=-59.20 pairs=233 groups=10(direct 6) mad=0.0027/4.22 (comp 0)
[register] z04736_y03712_x03328: wk_cube=-13 du=-42.51 pairs=109 groups=11(direct 9) mad=0.0025/1.78 (comp 0)
[register] z04736_y04480_x03712: wk_cube=+27 du=71.97 pairs=47 groups=9(direct 5) mad=0.0014/1.43 (comp 0)
[register] z04352_y03712_x02304: wk_cube=-14 du=68.59 pairs=24 groups=14(direct 2) mad=0.0030/2.00 (comp 0)
[register] z04480_y03712_x02304: wk_cube=-13 du=52.68 pairs=60 groups=7(direct 7) mad=0.0042/4.25 (comp 0)
[register] z04608_y03712_x02304: wk_cube=-11 du=67.21 pairs=46 groups=4(direct 3) mad=0.0023/2.79 (comp 0)
[register] z04736_y03712_x02304: wk_cube=-10 du=40.22 pairs=30 groups=4(direct 3) mad=0.0050/5.36 (comp 0)
[register] z04352_y04224_x01664: wk_cube=+25 du=-77.80 pairs=83 groups=10(direct 6) mad=6.2842/7753.41 (comp 0)
[register] z04480_y04224_x01664: wk_cube=+22 du=-74.06 pairs=195 groups=12(direct 10) mad=0.0014/1.43 (comp 0)
[register] z04608_y04224_x01664: wk_cube=+23 du=-58.31 pairs=151 groups=15(direct 11) mad=0.0011/0.79 (comp 0)
[register] z04736_y04224_x01664: wk_cube=+23 du=-71.22 pairs=116 groups=12(direct 7) mad=0.0014/2.97 (comp 0)
[register] z04352_y03840_x03200: wk_cube=-14 du=-48.02 pairs=54 groups=8(direct 3) mad=0.0026/1.99 (comp 0)
[register] z04480_y03840_x03200: wk_cube=-15 du=-39.04 pairs=84 groups=9(direct 8) mad=0.0032/3.73 (comp 0)
[register] z04608_y03840_x03200: wk_cube=-16 du=-36.64 pairs=64 groups=11(direct 9) mad=0.0024/2.97 (comp 0)
[register] z04736_y03840_x03200: wk_cube=-22 du=-75.68 pairs=127 groups=11(direct 10) mad=0.0026/3.16 (comp 0)
[register] z04352_y04224_x03968: wk_cube=+6 du=13.08 pairs=53 groups=6(direct 4) mad=0.0008/3.14 (comp 0)
[register] z04480_y04224_x03968: wk_cube=+12 du=36.84 pairs=97 groups=7(direct 6) mad=0.0006/1.45 (comp 0)
[register] z04608_y04224_x03968: wk_cube=+14 du=59.01 pairs=87 groups=7(direct 6) mad=0.0011/2.14 (comp 0)
[register] z04736_y04224_x03968: wk_cube=+15 du=64.59 pairs=92 groups=6(direct 5) mad=0.0012/2.42 (comp 0)
[register] z04352_y03840_x02432: wk_cube=-33 du=81.75 pairs=41 groups=11(direct 5) mad=0.0018/1.37 (comp 0)
[register] z04480_y03840_x02432: wk_cube=-25 du=81.48 pairs=92 groups=9(direct 7) mad=0.0029/3.64 (comp 0)
[register] z04608_y03840_x02432: wk_cube=-22 du=82.79 pairs=80 groups=9(direct 8) mad=0.0022/2.44 (comp 0)
[register] z04736_y03840_x02432: wk_cube=-19 du=73.31 pairs=74 groups=11(direct 5) mad=0.0024/2.07 (comp 0)
[register] z04352_y03968_x02816: wk_cube=-42 du=-57.16 pairs=127 groups=13(direct 8) mad=0.0038/11.58 (comp 0)
[register] z04480_y03968_x02816: wk_cube=-28 du=-43.95 pairs=95 groups=10(direct 9) mad=0.0029/2.93 (comp 0)
[register] z04608_y03968_x02816: wk_cube=-31 du=-40.88 pairs=128 groups=13(direct 11) mad=0.0039/6.07 (comp 0)
[register] z04736_y03968_x02816: wk_cube=-26 du=20.64 pairs=193 groups=11(direct 11) mad=0.0030/5.37 (comp 0)
[register] z04480_y02304_x03840: wk_cube=+2 du=-10.51 pairs=108 groups=8(direct 7) mad=31.4160/46200.04 (comp 0)
[register] z04608_y02304_x03840: wk_cube=+25 du=-56.90 pairs=90 groups=8(direct 7) mad=0.0009/1.20 (comp 0)
[register] z04736_y02304_x03840: wk_cube=+27 du=-53.43 pairs=113 groups=9(direct 8) mad=0.0012/3.06 (comp 0)
[register] z04352_y02304_x01792: wk_cube=-11 du=-10.43 pairs=196 groups=15(direct 6) mad=0.0010/0.79 (comp 0)
[register] z04480_y02304_x01792: wk_cube=-10 du=0.71 pairs=132 groups=19(direct 10) mad=0.0013/18.36 (comp 0)
[register] z04608_y02304_x01792: wk_cube=-9 du=5.65 pairs=158 groups=19(direct 10) mad=0.0015/2.30 (comp 0)
[register] z04736_y02304_x01792: wk_cube=-5 du=-29.56 pairs=161 groups=17(direct 11) mad=0.0010/1.33 (comp 0)
[register] z04352_y02432_x03968: wk_cube=+22 du=-45.25 pairs=51 groups=6(direct 4) mad=0.0006/0.42 (comp 0)
[register] z04480_y02432_x03968: wk_cube=+26 du=-58.88 pairs=62 groups=7(direct 6) mad=0.0006/0.92 (comp 0)
[register] z04608_y02432_x03968: wk_cube=+28 du=-77.64 pairs=74 groups=7(direct 6) mad=0.0009/1.98 (comp 0)
[register] z04736_y02432_x03968: wk_cube=+25 du=-54.57 pairs=69 groups=6(direct 4) mad=0.0011/3.13 (comp 0)
[register] z04352_y02176_x03712: wk_cube=+3 du=-0.20 pairs=50 groups=8(direct 7) mad=0.0008/0.58 (comp 0)
[register] z04480_y02176_x03712: wk_cube=+3 du=4.08 pairs=136 groups=9(direct 7) mad=0.0008/1.64 (comp 0)
[register] z04608_y02176_x03712: wk_cube=+28 du=-64.68 pairs=108 groups=8(direct 8) mad=0.0011/3.72 (comp 0)
[register] z04736_y02176_x03712: wk_cube=+26 du=-47.56 pairs=71 groups=7(direct 7) mad=0.0013/1.46 (comp 0)
[register] z04352_y02432_x01664: wk_cube=-12 du=3.57 pairs=115 groups=15(direct 7) mad=0.0014/0.82 (comp 0)
[register] z04480_y02432_x01664: wk_cube=-10 du=-1.53 pairs=266 groups=13(direct 8) mad=6.2830/9528.55 (comp 0)
[register] z04608_y02432_x01664: wk_cube=-8 du=-0.04 pairs=155 groups=15(direct 8) mad=0.0012/2.24 (comp 0)
[register] z04736_y02432_x01664: wk_cube=-5 du=-1.91 pairs=141 groups=16(direct 11) mad=0.0013/1.84 (comp 0)
[register] z04352_y02176_x01920: wk_cube=-6 du=-20.46 pairs=47 groups=16(direct 5) mad=0.0011/0.83 (comp 0)
[register] z04480_y02176_x01920: wk_cube=-5 du=-25.97 pairs=138 groups=12(direct 10) mad=0.0014/1.71 (comp 0)
[register] z04608_y02176_x01920: wk_cube=-3 du=-24.81 pairs=183 groups=24(direct 12) mad=0.0010/2.43 (comp 0)
[register] z04736_y02176_x01920: wk_cube=+0 du=-49.00 pairs=266 groups=18(direct 10) mad=0.0016/2.75 (comp 0)
[register] z04608_y04608_x02048: wk_cube=+28 du=-56.59 pairs=120 groups=5(direct 4) mad=0.0010/1.01 (comp 0)
[register] z04736_y04608_x02048: wk_cube=+32 du=-83.65 pairs=43 groups=6(direct 4) mad=0.0009/1.02 (comp 0)
[register] z04352_y04096_x01536: wk_cube=+42 du=130.56 pairs=62 groups=10(direct 5) mad=12.5660/14252.95 (comp 0)
[register] z04480_y04096_x01536: wk_cube=+40 du=127.77 pairs=146 groups=11(direct 8) mad=12.5658/14252.56 (comp 0)
[register] z04608_y04096_x01536: wk_cube=+30 du=-77.59 pairs=225 groups=11(direct 10) mad=0.0011/0.81 (comp 0)
[register] z04736_y04096_x01536: wk_cube=+39 du=129.27 pairs=135 groups=13(direct 8) mad=0.0013/2.23 (comp 0)
[register] z04352_y04096_x04096: wk_cube=+15 du=79.61 pairs=48 groups=8(direct 4) mad=0.0007/1.95 (comp 0)
[register] z04480_y04096_x04096: wk_cube=+16 du=88.77 pairs=122 groups=6(direct 6) mad=0.0009/2.08 (comp 0)
[register] z04608_y04096_x04096: wk_cube=+14 du=48.54 pairs=43 groups=7(direct 4) mad=0.0012/6.66 (comp 0)
[register] z04736_y04096_x04096: wk_cube=+13 du=63.14 pairs=143 groups=4(direct 3) mad=0.0004/1.65 (comp 0)
[register] z04352_y02816_x02560: wk_cube=-15 du=15.55 pairs=56 groups=8(direct 5) mad=0.0017/0.70 (comp 0)
[register] z04480_y02816_x02560: wk_cube=-16 du=24.00 pairs=107 groups=8(direct 8) mad=0.0016/1.28 (comp 0)
[register] z04608_y02816_x02560: wk_cube=-18 du=22.63 pairs=107 groups=9(direct 9) mad=0.0023/1.88 (comp 0)
[register] z04736_y02816_x02560: wk_cube=-23 du=13.02 pairs=143 groups=10(direct 10) mad=0.0025/1.98 (comp 0)
[register] z04352_y02560_x04096: wk_cube=+35 du=-76.38 pairs=54 groups=10(direct 5) mad=0.0008/0.98 (comp 0)
[register] z04480_y02560_x04096: wk_cube=+35 du=-76.99 pairs=76 groups=8(direct 6) mad=0.0009/1.32 (comp 0)
[register] z04608_y02560_x04096: wk_cube=+35 du=-79.42 pairs=75 groups=8(direct 6) mad=0.0009/1.06 (comp 0)
[register] z04736_y02560_x04096: wk_cube=+34 du=-81.49 pairs=83 groups=9(direct 7) mad=0.0010/1.15 (comp 0)
[register] z04352_y02816_x03072: wk_cube=-43 du=162.93 pairs=35 groups=7(direct 5) mad=0.0022/0.59 (comp 0)
[register] z04480_y02816_x03072: wk_cube=-46 du=187.44 pairs=59 groups=7(direct 7) mad=0.0019/2.81 (comp 0)
[register] z04608_y02816_x03072: wk_cube=-46 du=127.91 pairs=56 groups=6(direct 6) mad=0.0013/3.83 (comp 0)
[register] z04736_y02816_x03072: wk_cube=-48 du=170.36 pairs=63 groups=8(direct 8) mad=0.0021/2.35 (comp 0)
[register] z04352_y02560_x01536: wk_cube=-5 du=5.71 pairs=91 groups=18(direct 3) mad=0.0018/4.40 (comp 0)
[register] z04480_y02560_x01536: wk_cube=-4 du=-1.22 pairs=265 groups=10(direct 6) mad=0.0013/6.32 (comp 0)
[register] z04608_y02560_x01536: wk_cube=-2 du=5.61 pairs=134 groups=20(direct 9) mad=0.0009/2.01 (comp 0)
[register] z04736_y02560_x01536: wk_cube=+0 du=7.56 pairs=163 groups=17(direct 5) mad=0.0021/3.60 (comp 0)
[register] z04480_y02048_x03584: wk_cube=+26 du=-69.24 pairs=76 groups=8(direct 7) mad=0.0016/2.64 (comp 0)
[register] z04608_y02048_x03584: wk_cube=+30 du=-37.07 pairs=78 groups=8(direct 6) mad=0.0020/1.31 (comp 0)
[register] z04736_y02048_x03584: wk_cube=+28 du=-37.70 pairs=44 groups=6(direct 6) mad=0.0009/1.04 (comp 0)
[register] z04352_y03072_x02304: wk_cube=-15 du=0.13 pairs=32 groups=8(direct 4) mad=0.0020/0.81 (comp 0)
[register] z04480_y03072_x02304: wk_cube=-16 du=3.41 pairs=130 groups=9(direct 7) mad=0.0017/0.76 (comp 0)
[register] z04608_y03072_x02304: wk_cube=-15 du=4.20 pairs=52 groups=8(direct 4) mad=6.2809/4590.28 (comp 0)
[register] z04736_y03072_x02304: wk_cube=-15 du=-7.10 pairs=64 groups=7(direct 7) mad=0.0036/2.06 (comp 0)
[register] z04352_y03072_x03328: wk_cube=+0 du=21.95 pairs=60 groups=6(direct 4) mad=0.0010/1.19 (comp 0)
[register] z04736_y03072_x03328: wk_cube=-2 du=-1.91 pairs=43 groups=8(direct 3) mad=0.0026/1.60 (comp 0)
[register] z04352_y02048_x02048: wk_cube=+2 du=-47.98 pairs=77 groups=15(direct 8) mad=0.0005/0.57 (comp 0)
[register] z04480_y02048_x02048: wk_cube=+5 du=-51.45 pairs=143 groups=15(direct 10) mad=0.0009/1.95 (comp 0)
[register] z04608_y02048_x02048: wk_cube=+8 du=-78.59 pairs=198 groups=17(direct 9) mad=0.0019/17.37 (comp 0)
[register] z04736_y02048_x02048: wk_cube=+14 du=-77.71 pairs=341 groups=24(direct 10) mad=0.0011/1.12 (comp 0)
[register] z04352_y03584_x03328: wk_cube=-16 du=-81.16 pairs=64 groups=13(direct 5) mad=0.0017/1.55 (comp 0)
[register] z04480_y03584_x03328: wk_cube=-13 du=-40.65 pairs=122 groups=11(direct 8) mad=0.0032/11.12 (comp 0)
[register] z04608_y03584_x03328: wk_cube=-8 du=-34.40 pairs=81 groups=6(direct 5) mad=0.0046/4.38 (comp 0)
[register] z04736_y03584_x03328: wk_cube=-7 du=-26.92 pairs=61 groups=5(direct 5) mad=0.0024/34.70 (comp 0)
[register] z04480_y03584_x02304: wk_cube=-11 du=-29.90 pairs=35 groups=4(direct 4) mad=0.0020/0.88 (comp 0)
[register] z04608_y03584_x02304: wk_cube=-13 du=65.46 pairs=25 groups=2(direct 2) mad=0.0015/2.49 (comp 0)
[register] z04352_y03840_x03072: wk_cube=-23 du=-57.68 pairs=36 groups=8(direct 5) mad=0.0021/0.34 (comp 0)
[register] z04480_y03840_x03072: wk_cube=-19 du=-46.92 pairs=57 groups=10(direct 7) mad=0.0027/1.75 (comp 0)
[register] z04608_y03840_x03072: wk_cube=-20 du=-48.61 pairs=83 groups=12(direct 9) mad=0.0029/1.55 (comp 0)
[register] z04736_y03840_x03072: wk_cube=-26 du=-40.43 pairs=132 groups=13(direct 9) mad=0.0064/9.11 (comp 0)
[register] z04352_y03840_x02560: wk_cube=-42 du=141.39 pairs=43 groups=13(direct 5) mad=0.0023/2.78 (comp 0)
[register] z04480_y03840_x02560: wk_cube=-35 du=130.46 pairs=133 groups=11(direct 7) mad=0.0021/4.57 (comp 0)
[register] z04608_y03840_x02560: wk_cube=-30 du=89.09 pairs=97 groups=9(direct 8) mad=0.0026/3.26 (comp 0)
[register] z04736_y03840_x02560: wk_cube=-25 du=88.67 pairs=80 groups=9(direct 9) mad=0.0020/2.07 (comp 0)
[register] z04352_y02944_x02432: wk_cube=-17 du=3.35 pairs=51 groups=7(direct 4) mad=0.0024/1.05 (comp 0)
[register] z04480_y02944_x02432: wk_cube=-16 du=2.97 pairs=62 groups=7(direct 7) mad=0.0024/0.60 (comp 0)
[register] z04608_y02944_x02432: wk_cube=-18 du=4.21 pairs=82 groups=7(direct 6) mad=0.0022/1.60 (comp 0)
[register] z04736_y02944_x02432: wk_cube=-20 du=-3.87 pairs=79 groups=9(direct 8) mad=0.0016/2.39 (comp 0)
[register] z04352_y02944_x03200: wk_cube=-11 du=32.16 pairs=32 groups=8(direct 5) mad=0.0015/0.42 (comp 0)
[register] z04480_y02944_x03200: wk_cube=-14 du=54.52 pairs=83 groups=9(direct 8) mad=0.0021/2.09 (comp 0)
[register] z04608_y02944_x03200: wk_cube=-18 du=83.15 pairs=88 groups=11(direct 10) mad=0.0031/2.15 (comp 0)
[register] z04736_y02944_x03200: wk_cube=-23 du=55.88 pairs=52 groups=9(direct 7) mad=0.0029/1.88 (comp 0)
[register] z04352_y04480_x01792: wk_cube=+30 du=-113.76 pairs=73 groups=11(direct 6) mad=0.0011/1.37 (comp 0)
[register] z04480_y04480_x01792: wk_cube=+32 du=-113.16 pairs=136 groups=10(direct 10) mad=0.0009/0.84 (comp 0)
[register] z04608_y04480_x01792: wk_cube=+39 du=-139.84 pairs=134 groups=10(direct 8) mad=0.0006/1.52 (comp 0)
[register] z04736_y04480_x01792: wk_cube=+37 du=-64.15 pairs=152 groups=15(direct 8) mad=0.0019/13.99 (comp 0)
[register] z04480_y04480_x03840: wk_cube=+7 du=17.08 pairs=26 groups=5(direct 4) mad=0.0015/3.62 (comp 0)
[register] z04352_y04352_x01664: wk_cube=+41 du=-139.48 pairs=109 groups=15(direct 6) mad=0.0016/3.08 (comp 0)
[register] z04480_y04352_x01664: wk_cube=+26 du=-50.15 pairs=212 groups=12(direct 11) mad=0.0013/1.09 (comp 0)
[register] z04608_y04352_x01664: wk_cube=+33 du=-76.71 pairs=99 groups=9(direct 6) mad=0.0010/2.53 (comp 0)
[register] z04736_y04352_x01664: wk_cube=+23 du=-62.96 pairs=143 groups=13(direct 8) mad=0.0020/7.41 (comp 0)
[register] z04352_y04352_x03968: wk_cube=+14 du=28.38 pairs=27 groups=13(direct 4) mad=0.0005/0.45 (comp 0)
[register] z04480_y04352_x03968: wk_cube=+10 du=27.49 pairs=42 groups=16(direct 6) mad=0.0011/1.20 (comp 0)
[register] z04608_y04352_x03968: wk_cube=+11 du=43.48 pairs=42 groups=9(direct 5) mad=0.0012/2.26 (comp 0)
[register] z04736_y04352_x03968: wk_cube=+14 du=67.35 pairs=73 groups=8(direct 6) mad=0.0010/4.45 (comp 0)
[register] z04352_y02816_x02688: wk_cube=-14 du=13.32 pairs=38 groups=7(direct 4) mad=0.0015/0.56 (comp 0)
[register] z04480_y02816_x02688: wk_cube=-17 du=13.51 pairs=81 groups=7(direct 7) mad=0.0014/1.78 (comp 0)
[register] z04608_y02816_x02688: wk_cube=-21 du=16.82 pairs=104 groups=8(direct 8) mad=0.0020/2.67 (comp 0)
[register] z04736_y02816_x02688: wk_cube=-26 du=22.29 pairs=296 groups=11(direct 11) mad=0.0036/1.62 (comp 0)
[register] z04352_y02816_x02944: wk_cube=-45 du=114.69 pairs=33 groups=7(direct 4) mad=0.0025/1.21 (comp 0)
[register] z04480_y02816_x02944: wk_cube=-49 du=125.08 pairs=75 groups=7(direct 7) mad=0.0018/1.84 (comp 0)
[register] z04608_y02816_x02944: wk_cube=-53 du=134.72 pairs=79 groups=7(direct 7) mad=0.0023/2.09 (comp 0)
[register] z04736_y02816_x02944: wk_cube=-55 du=174.89 pairs=92 groups=10(direct 9) mad=0.0032/3.11 (comp 0)
[register] z04352_y03712_x03200: wk_cube=-20 du=-58.23 pairs=53 groups=19(direct 4) mad=0.0048/3.47 (comp 0)
[register] z04480_y03712_x03200: wk_cube=-18 du=-53.86 pairs=206 groups=10(direct 6) mad=0.0038/2.50 (comp 0)
[register] z04608_y03712_x03200: wk_cube=-18 du=-58.66 pairs=108 groups=9(direct 7) mad=0.0028/1.51 (comp 0)
[register] z04736_y03712_x03200: wk_cube=-19 du=-52.49 pairs=98 groups=9(direct 8) mad=0.0030/2.53 (comp 0)
[register] z04352_y03712_x02432: wk_cube=-22 du=75.35 pairs=44 groups=10(direct 4) mad=0.0028/1.19 (comp 0)
[register] z04480_y03712_x02432: wk_cube=-14 du=65.94 pairs=192 groups=8(direct 8) mad=0.0024/1.34 (comp 0)
[register] z04608_y03712_x02432: wk_cube=-17 du=66.77 pairs=49 groups=5(direct 4) mad=12.5667/9303.70 (comp 0)
[register] z04736_y03712_x02432: wk_cube=-18 du=74.36 pairs=67 groups=5(direct 5) mad=0.0073/2.83 (comp 0)
[register] z04352_y02304_x03968: wk_cube=+7 du=-6.91 pairs=57 groups=9(direct 6) mad=0.0005/0.30 (comp 0)
[register] z04480_y02304_x03968: wk_cube=+16 du=-42.06 pairs=77 groups=8(direct 6) mad=0.0007/1.66 (comp 0)
[register] z04608_y02304_x03968: wk_cube=+23 du=-59.48 pairs=114 groups=8(direct 8) mad=0.0006/1.75 (comp 0)
[register] z04736_y02304_x03968: wk_cube=+23 du=-69.76 pairs=91 groups=8(direct 7) mad=0.0009/1.69 (comp 0)
[register] z04352_y02176_x03840: wk_cube=+10 du=-14.06 pairs=55 groups=9(direct 5) mad=0.0006/0.43 (comp 0)
[register] z04480_y02176_x03840: wk_cube=+11 du=-13.73 pairs=90 groups=8(direct 6) mad=0.0016/1.60 (comp 0)
[register] z04608_y02176_x03840: wk_cube=+23 du=-70.33 pairs=75 groups=7(direct 6) mad=0.0013/1.38 (comp 0)
[register] z04736_y02176_x03840: wk_cube=+24 du=-59.25 pairs=82 groups=7(direct 6) mad=0.0013/2.29 (comp 0)
[register] z04352_y03200_x02304: wk_cube=-13 du=0.35 pairs=45 groups=12(direct 5) mad=0.0020/0.98 (comp 0)
[register] z04480_y03200_x02304: wk_cube=-13 du=-18.36 pairs=61 groups=9(direct 8) mad=0.0041/1.30 (comp 0)
[register] z04608_y03200_x02304: wk_cube=-12 du=-14.49 pairs=58 groups=7(direct 5) mad=0.0031/2.84 (comp 0)
[register] z04736_y03200_x02304: wk_cube=-14 du=-0.46 pairs=66 groups=9(direct 7) mad=0.0030/1.69 (comp 0)
[register] z04480_y03200_x03328: wk_cube=+0 du=0.39 pairs=35 groups=5(direct 3) mad=6.2843/3753.13 (comp 0)
[register] z04480_y04608_x01920: wk_cube=+27 du=-119.12 pairs=103 groups=5(direct 2) mad=0.0024/3.56 (comp 0)
[register] z04608_y04608_x01920: wk_cube=+31 du=-58.38 pairs=75 groups=11(direct 5) mad=0.0009/1.36 (comp 0)
[register] z04736_y04608_x01920: wk_cube=+32 du=-58.99 pairs=123 groups=12(direct 6) mad=0.0007/0.91 (comp 0)
[register] z04352_y02304_x01664: wk_cube=-12 du=3.78 pairs=60 groups=11(direct 5) mad=0.0010/2.30 (comp 0)
[register] z04480_y02304_x01664: wk_cube=-10 du=2.65 pairs=134 groups=12(direct 7) mad=0.0011/4.41 (comp 0)
[register] z04608_y02304_x01664: wk_cube=-8 du=1.18 pairs=173 groups=11(direct 7) mad=1.2261/1298.86 (comp 0)
[register] z04736_y02304_x01664: wk_cube=-4 du=-10.35 pairs=210 groups=13(direct 9) mad=6.2836/9590.14 (comp 0)
[register] z04352_y02176_x01792: wk_cube=-8 du=-16.64 pairs=185 groups=9(direct 6) mad=0.0010/1.31 (comp 0)
[register] z04480_y02176_x01792: wk_cube=-7 du=-27.98 pairs=113 groups=10(direct 7) mad=0.0021/8.04 (comp 0)
[register] z04608_y02176_x01792: wk_cube=-3 du=-26.41 pairs=236 groups=14(direct 8) mad=0.0016/1.96 (comp 0)
[register] z04736_y02176_x01792: wk_cube=-2 du=-33.47 pairs=228 groups=19(direct 12) mad=0.0016/2.44 (comp 0)
[register] z04352_y04224_x01536: wk_cube=+39 du=123.06 pairs=107 groups=16(direct 8) mad=0.0009/1.40 (comp 0)
[register] z04480_y04224_x01536: wk_cube=+36 du=131.15 pairs=148 groups=10(direct 10) mad=0.0009/2.01 (comp 0)
[register] z04608_y04224_x01536: wk_cube=+30 du=-91.67 pairs=79 groups=10(direct 8) mad=0.0011/2.32 (comp 0)
[register] z04736_y04224_x01536: wk_cube=+29 du=-70.92 pairs=169 groups=13(direct 9) mad=6.2824/7602.76 (comp 0)
[register] z04352_y04224_x04096: wk_cube=+12 du=73.91 pairs=36 groups=7(direct 4) mad=0.0007/2.04 (comp 0)
[register] z04480_y04224_x04096: wk_cube=+18 du=106.80 pairs=84 groups=8(direct 6) mad=0.0009/1.97 (comp 0)
[register] z04608_y04224_x04096: wk_cube=+19 du=112.82 pairs=89 groups=8(direct 7) mad=0.0011/1.53 (comp 0)
[register] z04736_y04224_x04096: wk_cube=+21 du=113.63 pairs=83 groups=8(direct 8) mad=0.0006/0.92 (comp 0)
[register] z04352_y03456_x03328: wk_cube=-14 du=-111.67 pairs=32 groups=19(direct 4) mad=0.0027/2.42 (comp 0)
[register] z04480_y03456_x03328: wk_cube=-9 du=-101.49 pairs=50 groups=5(direct 4) mad=0.0071/7.75 (comp 0)
[register] z04608_y03456_x03328: wk_cube=-8 du=-71.52 pairs=27 groups=4(direct 2) mad=0.0039/4.17 (comp 0)
[register] z04352_y03456_x02304: wk_cube=-18 du=-50.65 pairs=28 groups=9(direct 4) mad=0.0010/0.49 (comp 0)
[register] z04480_y03456_x02304: wk_cube=-11 du=-30.82 pairs=25 groups=10(direct 3) mad=0.0025/2.45 (comp 0)
[register] z04608_y03456_x02304: wk_cube=-10 du=-41.29 pairs=28 groups=5(direct 3) mad=0.0042/3.95 (comp 0)
[register] z04736_y03456_x02304: wk_cube=-10 du=-32.30 pairs=38 groups=6(direct 5) mad=0.0029/0.93 (comp 0)
[register] z04352_y02816_x02816: wk_cube=-36 du=79.90 pairs=65 groups=7(direct 7) mad=0.0021/0.76 (comp 0)
[register] z04480_y02816_x02816: wk_cube=-40 du=69.32 pairs=112 groups=8(direct 8) mad=0.0044/2.16 (comp 0)
[register] z04608_y02816_x02816: wk_cube=-42 du=104.93 pairs=103 groups=7(direct 7) mad=0.0060/10.35 (comp 0)
[register] z04736_y02816_x02816: wk_cube=-45 du=106.21 pairs=161 groups=12(direct 11) mad=0.0029/6.51 (comp 0)
[register] z04352_y03840_x02944: wk_cube=-29 du=-57.42 pairs=44 groups=10(direct 7) mad=0.0020/0.83 (comp 0)
[register] z04480_y03840_x02944: wk_cube=-23 du=-50.06 pairs=68 groups=9(direct 8) mad=0.0031/1.32 (comp 0)
[register] z04608_y03840_x02944: wk_cube=-24 du=-47.86 pairs=142 groups=14(direct 11) mad=0.0027/1.31 (comp 0)
[register] z04736_y03840_x02944: wk_cube=-26 du=-41.54 pairs=150 groups=13(direct 11) mad=0.0042/4.64 (comp 0)
[register] z04352_y03840_x02688: wk_cube=-48 du=159.55 pairs=56 groups=10(direct 7) mad=0.0022/0.65 (comp 0)
[register] z04480_y03840_x02688: wk_cube=-43 du=156.54 pairs=86 groups=14(direct 7) mad=0.0032/4.02 (comp 0)
[register] z04608_y03840_x02688: wk_cube=-38 du=100.98 pairs=88 groups=9(direct 7) mad=0.0035/5.73 (comp 0)
[register] z04736_y03840_x02688: wk_cube=-33 du=79.79 pairs=110 groups=9(direct 9) mad=0.0037/4.64 (comp 0)
[register] z04352_y02432_x04096: wk_cube=+32 du=-67.08 pairs=40 groups=9(direct 3) mad=0.0009/2.71 (comp 0)
[register] z04480_y02432_x04096: wk_cube=+31 du=-77.54 pairs=61 groups=7(direct 5) mad=0.0011/1.49 (comp 0)
[register] z04608_y02432_x04096: wk_cube=+31 du=-65.59 pairs=81 groups=8(direct 7) mad=0.0009/1.03 (comp 0)
[register] z04736_y02432_x04096: wk_cube=+31 du=-63.01 pairs=68 groups=7(direct 6) mad=0.0019/3.34 (comp 0)
[register] z04352_y03328_x02304: wk_cube=-25 du=-75.05 pairs=92 groups=7(direct 7) mad=0.0024/3.04 (comp 0)
[register] z04480_y03328_x02304: wk_cube=-26 du=-81.90 pairs=134 groups=9(direct 9) mad=0.0039/5.28 (comp 0)
[register] z04608_y03328_x02304: wk_cube=-18 du=-54.73 pairs=106 groups=9(direct 8) mad=0.0027/1.92 (comp 0)
[register] z04736_y03328_x02304: wk_cube=-12 du=-18.26 pairs=158 groups=11(direct 10) mad=0.0029/2.09 (comp 0)
[register] z04480_y03328_x03328: wk_cube=-1 du=-104.23 pairs=30 groups=8(direct 4) mad=0.0019/0.86 (comp 0)
[register] z04608_y03328_x03328: wk_cube=-2 du=-9.79 pairs=76 groups=6(direct 4) mad=0.0025/12.25 (comp 0)
[register] z04736_y03328_x03328: wk_cube=+1 du=-0.03 pairs=52 groups=3(direct 3) mad=6.2807/2894.99 (comp 0)
[register] z04352_y02048_x03712: wk_cube=+4 du=0.09 pairs=43 groups=9(direct 5) mad=0.0007/0.70 (comp 0)
[register] z04480_y02048_x03712: wk_cube=+5 du=-8.29 pairs=96 groups=8(direct 7) mad=0.0019/2.46 (comp 0)
[register] z04608_y02048_x03712: wk_cube=+32 du=-87.19 pairs=65 groups=7(direct 7) mad=0.0010/1.30 (comp 0)
[register] z04736_y02048_x03712: wk_cube=+34 du=-33.71 pairs=38 groups=7(direct 6) mad=0.0008/1.07 (comp 0)
[register] z04352_y02432_x01536: wk_cube=-9 du=-1.01 pairs=56 groups=7(direct 2) mad=25.1337/40444.16 (comp 0)
[register] z04480_y02432_x01536: wk_cube=-7 du=5.45 pairs=360 groups=12(direct 5) mad=0.0017/1.35 (comp 0)
[register] z04608_y02432_x01536: wk_cube=-6 du=4.89 pairs=162 groups=20(direct 6) mad=0.0011/0.72 (comp 0)
[register] z04736_y02432_x01536: wk_cube=-3 du=3.62 pairs=227 groups=26(direct 8) mad=0.0012/1.78 (comp 0)
[register] z04352_y02048_x01920: wk_cube=-1 du=-48.20 pairs=67 groups=18(direct 8) mad=0.0006/0.51 (comp 0)
[register] z04480_y02048_x01920: wk_cube=-1 du=-41.08 pairs=173 groups=22(direct 9) mad=0.0011/7.68 (comp 0)
[register] z04608_y02048_x01920: wk_cube=+2 du=-57.44 pairs=254 groups=44(direct 9) mad=0.0009/4.44 (comp 0)
[register] z04736_y02048_x01920: wk_cube=+5 du=-50.55 pairs=229 groups=22(direct 6) mad=0.0019/6.84 (comp 0)
[register] z04352_y03840_x02816: wk_cube=-44 du=-88.77 pairs=123 groups=10(direct 10) mad=0.0025/1.02 (comp 0)
[register] z04480_y03840_x02816: wk_cube=-43 du=122.31 pairs=100 groups=10(direct 10) mad=0.0037/10.45 (comp 0)
[register] z04608_y03840_x02816: wk_cube=-39 du=95.61 pairs=121 groups=10(direct 9) mad=0.0041/11.63 (comp 0)
[register] z04736_y03840_x02816: wk_cube=-34 du=102.12 pairs=167 groups=10(direct 10) mad=0.0047/23.36 (comp 0)
[register] z04352_y02944_x02560: wk_cube=-18 du=13.87 pairs=55 groups=8(direct 4) mad=0.0017/2.14 (comp 0)
[register] z04480_y02944_x02560: wk_cube=-19 du=1.55 pairs=63 groups=7(direct 6) mad=0.0028/2.77 (comp 0)
[register] z04608_y02944_x02560: wk_cube=-22 du=-4.43 pairs=67 groups=7(direct 6) mad=0.0023/2.49 (comp 0)
[register] z04736_y02944_x02560: wk_cube=-25 du=-10.68 pairs=192 groups=8(direct 8) mad=0.0039/5.30 (comp 0)
[register] z04352_y02944_x03072: wk_cube=-18 du=46.82 pairs=33 groups=8(direct 6) mad=0.0018/0.15 (comp 0)
[register] z04480_y02944_x03072: wk_cube=-22 du=59.29 pairs=70 groups=8(direct 8) mad=0.0022/0.81 (comp 0)
[register] z04608_y02944_x03072: wk_cube=-25 du=88.30 pairs=65 groups=10(direct 10) mad=0.0022/0.61 (comp 0)
[register] z04736_y02944_x03072: wk_cube=-29 du=111.78 pairs=63 groups=11(direct 8) mad=0.0020/2.38 (comp 0)
[register] z04352_y03072_x02432: wk_cube=-17 du=-2.51 pairs=63 groups=11(direct 5) mad=0.0026/0.86 (comp 0)
[register] z04480_y03072_x02432: wk_cube=-18 du=-0.51 pairs=47 groups=9(direct 6) mad=0.0035/2.20 (comp 0)
[register] z04608_y03072_x02432: wk_cube=-18 du=-7.81 pairs=81 groups=8(direct 6) mad=0.0033/1.12 (comp 0)
[register] z04736_y03072_x02432: wk_cube=-20 du=-8.33 pairs=110 groups=11(direct 8) mad=0.0022/1.42 (comp 0)
[register] z04480_y03072_x03200: wk_cube=-3 du=6.59 pairs=30 groups=4(direct 4) mad=0.0027/1.92 (comp 0)
[register] z04608_y03072_x03200: wk_cube=-12 du=68.09 pairs=31 groups=5(direct 3) mad=0.0024/1.57 (comp 0)
[register] z04736_y03072_x03200: wk_cube=-14 du=83.09 pairs=28 groups=9(direct 4) mad=0.0022/0.62 (comp 0)
[register] z04352_y04480_x01664: wk_cube=+37 du=-137.30 pairs=73 groups=12(direct 6) mad=0.0008/0.89 (comp 0)
[register] z04480_y04480_x01664: wk_cube=+41 du=-147.33 pairs=98 groups=10(direct 9) mad=0.0009/1.90 (comp 0)
[register] z04608_y04480_x01664: wk_cube=+44 du=-91.55 pairs=121 groups=13(direct 8) mad=0.0013/2.11 (comp 0)
[register] z04736_y04480_x01664: wk_cube=+41 du=-76.81 pairs=160 groups=16(direct 10) mad=0.0011/3.06 (comp 0)
[register] z04736_y04480_x03968: wk_cube=+8 du=36.68 pairs=78 groups=7(direct 6) mad=0.0014/1.21 (comp 0)
[register] z04352_y03584_x03200: wk_cube=-24 du=-102.89 pairs=37 groups=7(direct 6) mad=0.0026/0.96 (comp 0)
[register] z04480_y03584_x03200: wk_cube=-16 du=-74.86 pairs=93 groups=6(direct 5) mad=0.0091/16.89 (comp 0)
[register] z04608_y03584_x03200: wk_cube=-15 du=-62.97 pairs=45 groups=7(direct 4) mad=0.0040/2.39 (comp 0)
[register] z04736_y03584_x03200: wk_cube=-13 du=-59.00 pairs=39 groups=5(direct 4) mad=0.0028/1.92 (comp 0)
[register] z04608_y03584_x02432: wk_cube=-22 du=62.43 pairs=65 groups=3(direct 2) mad=0.0042/1.05 (comp 0)
[register] z04352_y04608_x01792: wk_cube=+33 du=-114.39 pairs=79 groups=8(direct 5) mad=0.0010/1.09 (comp 0)
[register] z04480_y04608_x01792: wk_cube=+36 du=-148.34 pairs=34 groups=7(direct 5) mad=0.0008/0.66 (comp 0)
[register] z04608_y04608_x01792: wk_cube=+37 du=-147.57 pairs=91 groups=10(direct 4) mad=0.0016/9.45 (comp 0)
[register] z04736_y04608_x01792: wk_cube=+36 du=-72.69 pairs=108 groups=12(direct 3) mad=6.2829/8255.73 (comp 0)
[register] z04352_y03712_x03072: wk_cube=-25 du=-63.71 pairs=70 groups=19(direct 6) mad=0.0062/2.09 (comp 0)
[register] z04480_y03712_x03072: wk_cube=-20 du=-55.21 pairs=157 groups=10(direct 10) mad=0.0052/2.30 (comp 0)
[register] z04608_y03712_x03072: wk_cube=-19 du=-53.04 pairs=111 groups=9(direct 7) mad=0.0051/3.50 (comp 0)
[register] z04736_y03712_x03072: wk_cube=-19 du=-70.35 pairs=117 groups=8(direct 7) mad=0.0034/2.33 (comp 0)
[register] z04352_y04352_x01536: wk_cube=+43 du=-107.92 pairs=106 groups=14(direct 10) mad=0.0006/0.82 (comp 0)
[register] z04480_y04352_x01536: wk_cube=+47 du=-121.82 pairs=130 groups=10(direct 9) mad=0.0009/1.25 (comp 0)
[register] z04608_y04352_x01536: wk_cube=+39 du=118.32 pairs=156 groups=14(direct 11) mad=0.0013/2.15 (comp 0)
[register] z04736_y04352_x01536: wk_cube=+36 du=-84.67 pairs=132 groups=20(direct 9) mad=0.0023/6.63 (comp 0)
[register] z04352_y03712_x02560: wk_cube=-33 du=102.81 pairs=39 groups=11(direct 5) mad=0.0022/1.07 (comp 0)
[register] z04480_y03712_x02560: wk_cube=-31 du=116.29 pairs=64 groups=7(direct 5) mad=0.0030/2.61 (comp 0)
[register] z04608_y03712_x02560: wk_cube=-30 du=94.04 pairs=53 groups=4(direct 3) mad=0.0065/6.09 (comp 0)
[register] z04352_y04352_x04096: wk_cube=+8 du=81.37 pairs=42 groups=11(direct 4) mad=0.0008/1.04 (comp 0)
[register] z04480_y04352_x04096: wk_cube=+13 du=41.13 pairs=96 groups=9(direct 7) mad=0.0008/0.93 (comp 0)
[register] z04608_y04352_x04096: wk_cube=+15 du=34.69 pairs=85 groups=11(direct 8) mad=0.0011/3.08 (comp 0)
[register] z04736_y04352_x04096: wk_cube=+17 du=48.45 pairs=90 groups=8(direct 6) mad=0.0009/4.07 (comp 0)
[register] z04352_y02176_x03968: wk_cube=+13 du=-18.82 pairs=51 groups=10(direct 5) mad=0.0006/0.46 (comp 0)
[register] z04480_y02176_x03968: wk_cube=+14 du=-48.34 pairs=75 groups=8(direct 6) mad=0.0021/4.97 (comp 0)
[register] z04608_y02176_x03968: wk_cube=+11 du=-15.56 pairs=85 groups=8(direct 7) mad=0.0012/2.76 (comp 0)
[register] z04736_y02176_x03968: wk_cube=+12 du=-7.54 pairs=91 groups=8(direct 8) mad=0.0008/1.67 (comp 0)
[register] z04352_y02176_x01664: wk_cube=-10 du=-14.83 pairs=155 groups=5(direct 4) mad=0.0013/0.89 (comp 0)
[register] z04480_y02176_x01664: wk_cube=-9 du=6.40 pairs=99 groups=3(direct 2) mad=0.0010/1.54 (comp 0)
[register] z04608_y02176_x01664: wk_cube=-7 du=-14.98 pairs=98 groups=3(direct 3) mad=0.0010/1.06 (comp 0)
[register] z04736_y02176_x01664: wk_cube=-4 du=-5.10 pairs=103 groups=6(direct 6) mad=0.0015/2.71 (comp 0)
[register] z04352_y02304_x04096: wk_cube=+11 du=-12.01 pairs=66 groups=9(direct 5) mad=0.0008/1.50 (comp 0)
[register] z04480_y02304_x04096: wk_cube=+28 du=-81.04 pairs=81 groups=10(direct 7) mad=0.0007/2.35 (comp 0)
[register] z04608_y02304_x04096: wk_cube=+26 du=-79.07 pairs=73 groups=9(direct 9) mad=0.0006/0.50 (comp 0)
[register] z04736_y02304_x04096: wk_cube=+28 du=-64.15 pairs=89 groups=8(direct 6) mad=0.0013/1.07 (comp 0)
[register] z04352_y02048_x03840: wk_cube=+9 du=-16.65 pairs=72 groups=11(direct 7) mad=0.0004/0.41 (comp 0)
[register] z04480_y02048_x03840: wk_cube=+10 du=-16.27 pairs=99 groups=7(direct 7) mad=0.0012/3.27 (comp 0)
[register] z04608_y02048_x03840: wk_cube=+38 du=-90.88 pairs=71 groups=6(direct 5) mad=0.0008/3.49 (comp 0)
[register] z04736_y02048_x03840: wk_cube=+39 du=-83.49 pairs=52 groups=7(direct 5) mad=0.0009/3.53 (comp 0)
[register] z04352_y02304_x01536: wk_cube=-12 du=3.28 pairs=158 groups=4(direct 3) mad=0.0011/0.74 (comp 0)
[register] z04480_y02304_x01536: wk_cube=-6 du=5.82 pairs=27 groups=5(direct 3) mad=0.0010/1.04 (comp 0)
[register] z04608_y02304_x01536: wk_cube=-6 du=7.82 pairs=109 groups=6(direct 5) mad=0.0011/1.01 (comp 0)
[register] z04736_y02304_x01536: wk_cube=-4 du=15.36 pairs=89 groups=6(direct 2) mad=12.5671/20541.09 (comp 0)
[register] z04352_y02048_x01792: wk_cube=-5 du=-41.14 pairs=55 groups=8(direct 3) mad=0.0011/1.22 (comp 0)
[register] z04480_y02048_x01792: wk_cube=-4 du=-49.14 pairs=73 groups=7(direct 4) mad=0.0013/1.61 (comp 0)
[register] z04608_y02048_x01792: wk_cube=+1 du=-55.49 pairs=258 groups=10(direct 7) mad=0.0008/1.44 (comp 0)
[register] z04736_y02048_x01792: wk_cube=+3 du=-66.56 pairs=191 groups=15(direct 7) mad=6.2821/9714.72 (comp 0)
[register] z04352_y02944_x02688: wk_cube=-18 du=12.91 pairs=57 groups=12(direct 6) mad=0.0020/0.71 (comp 0)
[register] z04480_y02944_x02688: wk_cube=-21 du=12.07 pairs=96 groups=8(direct 7) mad=0.0035/2.34 (comp 0)
[register] z04608_y02944_x02688: wk_cube=-24 du=2.92 pairs=94 groups=8(direct 6) mad=0.0020/2.42 (comp 0)
[register] z04736_y02944_x02688: wk_cube=-29 du=6.98 pairs=97 groups=10(direct 8) mad=0.0027/4.04 (comp 0)
[register] z04352_y02944_x02944: wk_cube=-26 du=60.09 pairs=35 groups=9(direct 7) mad=0.0023/0.50 (comp 0)
[register] z04480_y02944_x02944: wk_cube=-30 du=76.68 pairs=84 groups=10(direct 10) mad=0.0032/2.07 (comp 0)
[register] z04608_y02944_x02944: wk_cube=-34 du=107.57 pairs=104 groups=12(direct 10) mad=0.0027/2.57 (comp 0)
[register] z04736_y02944_x02944: wk_cube=-56 du=135.02 pairs=91 groups=10(direct 10) mad=0.0023/3.12 (comp 0)
[register] z04352_y03200_x02432: wk_cube=-14 du=-3.16 pairs=79 groups=12(direct 8) mad=0.0030/0.77 (comp 0)
[register] z04480_y03200_x02432: wk_cube=-16 du=-15.92 pairs=108 groups=10(direct 9) mad=0.0062/5.74 (comp 0)
[register] z04608_y03200_x02432: wk_cube=-17 du=-24.50 pairs=83 groups=10(direct 8) mad=0.0055/2.24 (comp 0)
[register] z04736_y03200_x02432: wk_cube=-18 du=-21.00 pairs=100 groups=13(direct 9) mad=0.0042/2.70 (comp 0)
[register] z04480_y03200_x03200: wk_cube=-1 du=10.79 pairs=28 groups=3(direct 2) mad=0.0055/2.62 (comp 0)
[register] z04608_y03200_x03200: wk_cube=-3 du=9.38 pairs=38 groups=5(direct 4) mad=0.0050/3.39 (comp 0)
[register] z04736_y03200_x03200: wk_cube=-3 du=3.59 pairs=51 groups=5(direct 4) mad=0.0072/4.09 (comp 0)
[register] z04352_y03456_x03200: wk_cube=-23 du=-115.66 pairs=60 groups=10(direct 5) mad=0.0023/6.61 (comp 0)
[register] z04480_y03456_x03200: wk_cube=-19 du=-55.62 pairs=38 groups=5(direct 3) mad=0.0042/8.23 (comp 0)
[register] z04608_y03456_x03200: wk_cube=-15 du=-69.47 pairs=49 groups=6(direct 3) mad=0.0073/17.66 (comp 0)
[register] z04736_y03456_x03200: wk_cube=-10 du=-17.30 pairs=65 groups=6(direct 5) mad=12.5618/6251.62 (comp 0)
[register] z04608_y03456_x02432: wk_cube=-10 du=-27.47 pairs=28 groups=3(direct 3) mad=0.0019/1.23 (comp 0)
[register] z04736_y03456_x02432: wk_cube=-3 du=-12.64 pairs=33 groups=3(direct 3) mad=0.0038/9.72 (comp 0)
[register] z04352_y02944_x02816: wk_cube=-16 du=0.64 pairs=137 groups=10(direct 10) mad=0.0021/2.44 (comp 0)
[register] z04480_y02944_x02816: wk_cube=-20 du=10.58 pairs=205 groups=10(direct 10) mad=0.0045/5.81 (comp 0)
[register] z04608_y02944_x02816: wk_cube=-24 du=5.56 pairs=147 groups=11(direct 10) mad=0.0066/8.06 (comp 0)
[register] z04736_y02944_x02816: wk_cube=-48 du=120.65 pairs=168 groups=10(direct 10) mad=0.0075/15.32 (comp 0)
[register] z04352_y03712_x02944: wk_cube=-29 du=-78.75 pairs=75 groups=23(direct 8) mad=0.0031/2.98 (comp 0)
[register] z04480_y03712_x02944: wk_cube=-26 du=-75.36 pairs=81 groups=9(direct 8) mad=0.0032/2.33 (comp 0)
[register] z04608_y03712_x02944: wk_cube=-24 du=-58.46 pairs=82 groups=8(direct 6) mad=0.0045/4.65 (comp 0)
[register] z04736_y03712_x02944: wk_cube=-22 du=-62.14 pairs=74 groups=7(direct 6) mad=0.0043/4.41 (comp 0)
[register] z04352_y03712_x02688: wk_cube=-48 du=144.69 pairs=34 groups=7(direct 6) mad=0.0027/0.45 (comp 0)
[register] z04480_y03712_x02688: wk_cube=-42 du=122.68 pairs=85 groups=6(direct 6) mad=0.0049/5.85 (comp 0)
[register] z04608_y03712_x02688: wk_cube=-37 du=103.14 pairs=44 groups=5(direct 3) mad=0.0042/9.95 (comp 0)
[register] z04736_y03712_x02688: wk_cube=-34 du=99.59 pairs=34 groups=4(direct 3) mad=0.0075/7.37 (comp 0)
[register] z04352_y03328_x02432: wk_cube=-10 du=1.32 pairs=59 groups=6(direct 6) mad=0.0030/1.47 (comp 0)
[register] z04480_y03328_x02432: wk_cube=-11 du=-4.48 pairs=86 groups=7(direct 7) mad=0.0029/2.73 (comp 0)
[register] z04608_y03328_x02432: wk_cube=-11 du=-7.89 pairs=92 groups=7(direct 7) mad=0.0035/5.33 (comp 0)
[register] z04736_y03328_x02432: wk_cube=-13 du=-17.00 pairs=87 groups=7(direct 7) mad=0.0078/18.37 (comp 0)
[register] z04352_y03328_x03200: wk_cube=-19 du=-102.96 pairs=118 groups=7(direct 7) mad=0.0015/0.94 (comp 0)
[register] z04480_y03328_x03200: wk_cube=-9 du=-84.71 pairs=70 groups=6(direct 6) mad=12.5683/6461.77 (comp 0)
[register] z04608_y03328_x03200: wk_cube=-5 du=-32.49 pairs=73 groups=5(direct 5) mad=0.0030/4.50 (comp 0)
[register] z04736_y03328_x03200: wk_cube=-2 du=10.21 pairs=92 groups=6(direct 5) mad=0.0067/7.34 (comp 0)
[register] z04352_y03072_x02560: wk_cube=-20 du=-2.99 pairs=58 groups=11(direct 7) mad=0.0030/1.02 (comp 0)
[register] z04480_y03072_x02560: wk_cube=-22 du=-6.96 pairs=137 groups=11(direct 11) mad=0.0051/2.22 (comp 0)
[register] z04608_y03072_x02560: wk_cube=-23 du=-6.51 pairs=75 groups=10(direct 8) mad=0.0033/2.65 (comp 0)
[register] z04736_y03072_x02560: wk_cube=-24 du=-23.45 pairs=130 groups=10(direct 9) mad=0.0044/3.36 (comp 0)
[register] z04352_y03712_x02816: wk_cube=-33 du=-56.94 pairs=103 groups=10(direct 10) mad=0.0050/1.08 (comp 0)
[register] z04480_y03712_x02816: wk_cube=-40 du=124.81 pairs=105 groups=7(direct 7) mad=0.0054/8.90 (comp 0)
[register] z04608_y03712_x02816: wk_cube=-37 du=115.36 pairs=125 groups=8(direct 8) mad=0.0084/18.20 (comp 0)
[register] z04736_y03712_x02816: wk_cube=-23 du=-51.74 pairs=80 groups=5(direct 5) mad=0.0070/6.16 (comp 0)
[register] z04352_y04608_x01664: wk_cube=+37 du=-140.81 pairs=83 groups=21(direct 6) mad=0.0007/0.69 (comp 0)
[register] z04480_y04608_x01664: wk_cube=+40 du=-142.43 pairs=116 groups=16(direct 9) mad=0.0007/1.68 (comp 0)
[register] z04608_y04608_x01664: wk_cube=+41 du=-156.37 pairs=117 groups=11(direct 7) mad=0.0005/0.90 (comp 0)
[register] z04736_y04608_x01664: wk_cube=+39 du=-85.05 pairs=79 groups=6(direct 4) mad=6.2823/8178.72 (comp 0)
[register] z04480_y03072_x03072: wk_cube=-3 du=13.17 pairs=39 groups=6(direct 6) mad=0.0036/1.10 (comp 0)
[register] z04608_y03072_x03072: wk_cube=-21 du=94.41 pairs=36 groups=7(direct 5) mad=0.0024/1.04 (comp 0)
[register] z04736_y03072_x03072: wk_cube=-25 du=89.68 pairs=39 groups=8(direct 8) mad=0.0036/1.53 (comp 0)
[register] z04352_y04480_x01536: wk_cube=+43 du=-146.82 pairs=91 groups=16(direct 8) mad=0.0006/1.58 (comp 0)
[register] z04480_y04480_x01536: wk_cube=+47 du=-166.05 pairs=193 groups=16(direct 13) mad=0.0008/0.95 (comp 0)
[register] z04608_y04480_x01536: wk_cube=+48 du=-159.45 pairs=145 groups=10(direct 10) mad=0.0011/2.21 (comp 0)
[register] z04736_y04480_x01536: wk_cube=+46 du=-89.26 pairs=198 groups=13(direct 9) mad=0.0012/1.63 (comp 0)
[register] z04480_y04480_x04096: wk_cube=+2 du=4.54 pairs=42 groups=4(direct 3) mad=0.0006/0.68 (comp 0)
[register] z04608_y04480_x04096: wk_cube=+7 du=89.90 pairs=44 groups=3(direct 3) mad=0.0011/1.23 (comp 0)
[register] z04736_y04480_x04096: wk_cube=+8 du=37.13 pairs=33 groups=3(direct 2) mad=0.0009/1.00 (comp 0)
[register] z04352_y03584_x03072: wk_cube=-28 du=-59.28 pairs=76 groups=10(direct 5) mad=0.0039/2.45 (comp 0)
[register] z04480_y03584_x03072: wk_cube=-21 du=-107.59 pairs=40 groups=7(direct 6) mad=0.0043/1.57 (comp 0)
[register] z04608_y03584_x03072: wk_cube=-21 du=-54.79 pairs=56 groups=6(direct 3) mad=12.5648/6431.27 (comp 0)
[register] z04736_y03584_x03072: wk_cube=-18 du=-49.83 pairs=67 groups=7(direct 5) mad=0.0078/2.97 (comp 0)
[register] z04608_y03584_x02560: wk_cube=+1 du=1.02 pairs=30 groups=4(direct 3) mad=0.0102/1.73 (comp 0)
[register] z04736_y03584_x02560: wk_cube=-3 du=-7.95 pairs=48 groups=6(direct 5) mad=0.0062/11.61 (comp 0)
[register] z04352_y02176_x04096: wk_cube=+18 du=-36.14 pairs=81 groups=12(direct 7) mad=0.0006/0.56 (comp 0)
[register] z04480_y02176_x04096: wk_cube=+19 du=-30.42 pairs=136 groups=9(direct 8) mad=0.0010/2.30 (comp 0)
[register] z04608_y02176_x04096: wk_cube=+18 du=-30.54 pairs=101 groups=9(direct 6) mad=0.0008/1.71 (comp 0)
[register] z04736_y02176_x04096: wk_cube=+24 du=-80.66 pairs=68 groups=7(direct 7) mad=0.0006/1.33 (comp 0)
[register] z04352_y02048_x03968: wk_cube=+13 du=-27.96 pairs=70 groups=12(direct 8) mad=0.0006/1.45 (comp 0)
[register] z04480_y02048_x03968: wk_cube=+16 du=-24.26 pairs=145 groups=9(direct 9) mad=0.0012/2.39 (comp 0)
[register] z04608_y02048_x03968: wk_cube=+13 du=-16.87 pairs=80 groups=7(direct 5) mad=6.2833/9989.67 (comp 0)
[register] z04736_y02048_x03968: wk_cube=+13 du=-13.41 pairs=80 groups=8(direct 7) mad=6.2833/9995.95 (comp 0)
[register] z04736_y02048_x01664: wk_cube=+1 du=-34.98 pairs=29 groups=1(direct 1) mad=0.0016/2.99 (comp 0)
[register] z04352_y03072_x02688: wk_cube=-20 du=12.50 pairs=113 groups=11(direct 8) mad=0.0026/0.72 (comp 0)
[register] z04480_y03072_x02688: wk_cube=-24 du=8.86 pairs=121 groups=12(direct 11) mad=0.0047/2.99 (comp 0)
[register] z04608_y03072_x02688: wk_cube=-26 du=9.53 pairs=105 groups=10(direct 8) mad=0.0057/4.93 (comp 0)
[register] z04736_y03072_x02688: wk_cube=-27 du=-0.84 pairs=144 groups=13(direct 12) mad=0.0038/2.57 (comp 0)
[register] z04352_y03072_x02944: wk_cube=-6 du=2.28 pairs=29 groups=7(direct 5) mad=0.0035/1.12 (comp 0)
[register] z04480_y03072_x02944: wk_cube=-9 du=23.45 pairs=47 groups=7(direct 7) mad=0.0042/1.05 (comp 0)
[register] z04608_y03072_x02944: wk_cube=-27 du=98.78 pairs=79 groups=8(direct 8) mad=0.0047/2.69 (comp 0)
[register] z04736_y03072_x02944: wk_cube=-34 du=142.54 pairs=86 groups=12(direct 9) mad=0.0044/1.97 (comp 0)
[register] z04352_y03200_x02560: wk_cube=-18 du=-7.46 pairs=48 groups=10(direct 5) mad=0.0022/0.66 (comp 0)
[register] z04480_y03200_x02560: wk_cube=-22 du=-5.79 pairs=99 groups=11(direct 7) mad=0.0036/3.70 (comp 0)
[register] z04608_y03200_x02560: wk_cube=-23 du=-28.40 pairs=114 groups=10(direct 8) mad=0.0028/4.32 (comp 0)
[register] z04736_y03200_x02560: wk_cube=-23 du=-28.43 pairs=148 groups=11(direct 10) mad=0.0056/2.34 (comp 0)
[register] z04352_y03200_x03072: wk_cube=+0 du=-0.71 pairs=35 groups=6(direct 3) mad=0.0034/1.07 (comp 0)
[register] z04480_y03200_x03072: wk_cube=+1 du=-0.61 pairs=50 groups=6(direct 6) mad=0.0080/3.36 (comp 0)
[register] z04608_y03200_x03072: wk_cube=-5 du=8.77 pairs=71 groups=7(direct 5) mad=0.0052/2.59 (comp 0)
[register] z04736_y03200_x03072: wk_cube=-7 du=12.44 pairs=46 groups=7(direct 5) mad=0.0042/1.53 (comp 0)
[register] z04352_y04608_x01536: wk_cube=+38 du=-141.52 pairs=176 groups=10(direct 8) mad=0.0009/0.62 (comp 0)
[register] z04480_y04608_x01536: wk_cube=+45 du=-163.03 pairs=404 groups=10(direct 9) mad=0.0006/0.66 (comp 0)
[register] z04608_y04608_x01536: wk_cube=+44 du=-159.00 pairs=31 groups=3(direct 2) mad=0.0007/0.52 (comp 0)
[register] z04352_y03456_x03072: wk_cube=-26 du=-69.63 pairs=45 groups=8(direct 4) mad=0.0044/1.83 (comp 0)
[register] z04480_y03456_x03072: wk_cube=-24 du=-59.75 pairs=61 groups=9(direct 7) mad=0.0040/1.46 (comp 0)
[register] z04608_y03456_x03072: wk_cube=-20 du=-81.62 pairs=76 groups=9(direct 6) mad=0.0068/9.37 (comp 0)
[register] z04736_y03456_x03072: wk_cube=-17 du=-43.78 pairs=84 groups=7(direct 6) mad=0.0063/3.28 (comp 0)
[register] z04352_y03456_x02560: wk_cube=+3 du=-0.09 pairs=25 groups=6(direct 2) mad=0.0038/1.16 (comp 0)
[register] z04480_y03456_x02560: wk_cube=+2 du=1.23 pairs=68 groups=6(direct 6) mad=0.0099/1.95 (comp 0)
[register] z04608_y03456_x02560: wk_cube=+1 du=-1.94 pairs=43 groups=5(direct 5) mad=0.0054/1.51 (comp 0)
[register] z04736_y03456_x02560: wk_cube=-7 du=-9.42 pairs=81 groups=6(direct 6) mad=0.0022/1.06 (comp 0)
[register] z04352_y03584_x02944: wk_cube=-31 du=-61.22 pairs=48 groups=7(direct 5) mad=0.0026/1.17 (comp 0)
[register] z04480_y03584_x02944: wk_cube=-27 du=-59.75 pairs=74 groups=7(direct 6) mad=0.0038/2.51 (comp 0)
[register] z04608_y03584_x02944: wk_cube=-24 du=-56.33 pairs=81 groups=7(direct 5) mad=0.0077/3.87 (comp 0)
[register] z04736_y03584_x02944: wk_cube=-21 du=-44.39 pairs=108 groups=10(direct 8) mad=0.0058/4.72 (comp 0)
[register] z04480_y03584_x02688: wk_cube=+2 du=-4.92 pairs=39 groups=6(direct 4) mad=0.0114/4.50 (comp 0)
[register] z04608_y03584_x02688: wk_cube=+0 du=-0.46 pairs=61 groups=7(direct 6) mad=0.0084/3.80 (comp 0)
[register] z04736_y03584_x02688: wk_cube=+2 du=1.85 pairs=54 groups=7(direct 5) mad=0.0113/4.36 (comp 0)
[register] z04352_y03072_x02816: wk_cube=-19 du=10.76 pairs=84 groups=9(direct 9) mad=0.0039/0.90 (comp 0)
[register] z04480_y03072_x02816: wk_cube=-24 du=24.97 pairs=203 groups=10(direct 10) mad=0.0052/1.87 (comp 0)
[register] z04608_y03072_x02816: wk_cube=-25 du=-20.32 pairs=150 groups=9(direct 9) mad=0.0045/7.62 (comp 0)
[register] z04736_y03072_x02816: wk_cube=-27 du=-11.08 pairs=164 groups=10(direct 10) mad=0.0050/3.89 (comp 0)
[register] z04352_y02048_x04096: wk_cube=+17 du=-13.44 pairs=174 groups=12(direct 9) mad=0.0010/2.14 (comp 0)
[register] z04480_y02048_x04096: wk_cube=+23 du=-43.44 pairs=163 groups=12(direct 10) mad=0.0006/0.88 (comp 0)
[register] z04608_y02048_x04096: wk_cube=+17 du=-17.99 pairs=94 groups=8(direct 7) mad=0.0011/2.63 (comp 0)
[register] z04736_y02048_x04096: wk_cube=+18 du=-20.94 pairs=81 groups=9(direct 8) mad=0.0018/2.98 (comp 0)
[register] z04352_y03328_x02560: wk_cube=-8 du=-12.50 pairs=72 groups=9(direct 7) mad=0.0046/2.51 (comp 0)
[register] z04480_y03328_x02560: wk_cube=-14 du=-31.95 pairs=99 groups=8(direct 8) mad=0.0061/2.68 (comp 0)
[register] z04608_y03328_x02560: wk_cube=-16 du=-3.55 pairs=111 groups=7(direct 7) mad=6.2745/1596.72 (comp 0)
[register] z04736_y03328_x02560: wk_cube=-9 du=-25.73 pairs=88 groups=5(direct 5) mad=0.0066/10.47 (comp 0)
[register] z04352_y03328_x03072: wk_cube=-4 du=-30.04 pairs=71 groups=8(direct 7) mad=0.0045/1.64 (comp 0)
[register] z04480_y03328_x03072: wk_cube=-1 du=-26.03 pairs=60 groups=6(direct 6) mad=0.0043/2.21 (comp 0)
[register] z04608_y03328_x03072: wk_cube=-15 du=-104.49 pairs=100 groups=6(direct 6) mad=0.0060/7.98 (comp 0)
[register] z04736_y03328_x03072: wk_cube=-4 du=8.44 pairs=78 groups=5(direct 5) mad=0.0061/6.22 (comp 0)
[register] z04352_y03584_x02816: wk_cube=-33 du=-52.67 pairs=58 groups=6(direct 6) mad=0.0060/1.97 (comp 0)
[register] z04480_y03584_x02816: wk_cube=+1 du=-6.64 pairs=79 groups=7(direct 6) mad=0.0114/14.01 (comp 0)
[register] z04608_y03584_x02816: wk_cube=-25 du=-51.27 pairs=158 groups=8(direct 8) mad=0.0068/4.22 (comp 0)
[register] z04736_y03584_x02816: wk_cube=+1 du=-0.16 pairs=109 groups=9(direct 7) mad=0.0084/7.47 (comp 0)
[register] z04352_y03200_x02688: wk_cube=-21 du=-5.32 pairs=59 groups=11(direct 5) mad=0.0035/1.66 (comp 0)
[register] z04480_y03200_x02688: wk_cube=-24 du=-12.26 pairs=106 groups=10(direct 8) mad=0.0070/5.14 (comp 0)
[register] z04608_y03200_x02688: wk_cube=-27 du=-27.21 pairs=308 groups=11(direct 9) mad=0.0085/4.00 (comp 0)
[register] z04736_y03200_x02688: wk_cube=-28 du=-12.68 pairs=115 groups=10(direct 10) mad=0.0063/2.89 (comp 0)
[register] z04480_y03200_x02944: wk_cube=-4 du=0.07 pairs=46 groups=8(direct 7) mad=0.0052/1.21 (comp 0)
[register] z04608_y03200_x02944: wk_cube=-10 du=11.34 pairs=70 groups=9(direct 7) mad=0.0071/3.11 (comp 0)
[register] z04736_y03200_x02944: wk_cube=-19 du=40.54 pairs=131 groups=14(direct 8) mad=0.0047/2.34 (comp 0)
[register] z04352_y03456_x02944: wk_cube=-32 du=-73.80 pairs=43 groups=9(direct 5) mad=0.0047/1.77 (comp 0)
[register] z04480_y03456_x02944: wk_cube=-28 du=-63.94 pairs=68 groups=7(direct 6) mad=0.0067/2.65 (comp 0)
[register] z04608_y03456_x02944: wk_cube=-25 du=-51.90 pairs=108 groups=6(direct 5) mad=0.0093/7.10 (comp 0)
[register] z04736_y03456_x02944: wk_cube=-21 du=-51.50 pairs=75 groups=6(direct 3) mad=0.0070/4.52 (comp 0)
[register] z04480_y03456_x02688: wk_cube=+0 du=2.25 pairs=73 groups=6(direct 6) mad=0.0132/4.47 (comp 0)
[register] z04608_y03456_x02688: wk_cube=+1 du=-0.30 pairs=64 groups=7(direct 4) mad=6.2846/1300.96 (comp 0)
[register] z04736_y03456_x02688: wk_cube=+0 du=-5.70 pairs=73 groups=6(direct 6) mad=0.0120/2.60 (comp 0)
[register] z04352_y03200_x02816: wk_cube=-6 du=3.50 pairs=134 groups=9(direct 8) mad=0.0097/1.10 (comp 0)
[register] z04480_y03200_x02816: wk_cube=-16 du=16.90 pairs=118 groups=9(direct 8) mad=0.0180/17.25 (comp 0)
[register] z04608_y03200_x02816: wk_cube=-19 du=21.18 pairs=179 groups=11(direct 10) mad=0.0071/2.20 (comp 0)
[register] z04736_y03200_x02816: wk_cube=-26 du=71.98 pairs=120 groups=13(direct 8) mad=0.0165/11.78 (comp 0)
[register] z04352_y03328_x02688: wk_cube=-19 du=-2.20 pairs=87 groups=7(direct 7) mad=0.0074/2.75 (comp 0)
[register] z04480_y03328_x02688: wk_cube=-21 du=-14.13 pairs=94 groups=6(direct 6) mad=0.0121/9.43 (comp 0)
[register] z04608_y03328_x02688: wk_cube=-25 du=-17.04 pairs=136 groups=7(direct 7) mad=0.0224/7.09 (comp 0)
[register] z04736_y03328_x02688: wk_cube=-26 du=-15.70 pairs=96 groups=7(direct 7) mad=0.0106/5.42 (comp 0)
[register] z04352_y03328_x02944: wk_cube=-28 du=-69.19 pairs=51 groups=7(direct 5) mad=0.0095/1.97 (comp 0)
[register] z04480_y03328_x02944: wk_cube=-24 du=-45.85 pairs=46 groups=6(direct 4) mad=0.0077/2.79 (comp 0)
[register] z04608_y03328_x02944: wk_cube=-13 du=7.14 pairs=33 groups=3(direct 2) mad=6.2707/1175.04 (comp 0)
[register] z04736_y03328_x02944: wk_cube=-8 du=15.24 pairs=95 groups=4(direct 4) mad=0.0173/3.97 (comp 0)
[register] z04352_y03456_x02816: wk_cube=-33 du=-71.92 pairs=78 groups=8(direct 7) mad=0.0096/4.59 (comp 0)
[register] z04480_y03456_x02816: wk_cube=-30 du=-59.64 pairs=107 groups=9(direct 7) mad=0.0117/4.92 (comp 0)
[register] z04608_y03456_x02816: wk_cube=-29 du=-57.37 pairs=101 groups=6(direct 5) mad=0.0148/4.06 (comp 0)
[register] z04736_y03456_x02816: wk_cube=-29 du=-63.12 pairs=29 groups=8(direct 4) mad=0.0071/2.06 (comp 0)
[register] z04352_y03328_x02816: wk_cube=-24 du=1.55 pairs=43 groups=6(direct 3) mad=0.0257/6.86 (comp 0)
[register] z04480_y03328_x02816: wk_cube=-25 du=5.83 pairs=69 groups=5(direct 5) mad=0.0226/8.46 (comp 0)
[register] z04608_y03328_x02816: wk_cube=-27 du=18.49 pairs=90 groups=5(direct 5) mad=0.0316/38.54 (comp 0)
[register] z04736_y03328_x02816: wk_cube=-29 du=-17.70 pairs=113 groups=5(direct 5) mad=0.0393/10.28 (comp 0)
[register/defer] z04608_y02432_x03328: wk_cube=+0 du=0.00 pairs=102
[register/defer] z04352_y02304_x03200: wk_cube=+0 du=-0.09 pairs=99
[register/defer] z04480_y02304_x02688: wk_cube=-4 du=8.26 pairs=151
[register/defer] z04352_y02304_x02432: wk_cube=+0 du=-0.81 pairs=160
[register/defer] z04352_y02560_x03456: wk_cube=+0 du=-0.16 pairs=146
[register/defer] z04736_y02560_x03456: wk_cube=-6 du=41.82 pairs=64
[register/defer] z04352_y02816_x03712: wk_cube=+0 du=0.09 pairs=136
[register/defer] z04352_y02944_x03712: wk_cube=+0 du=-0.25 pairs=101
[register/defer] z04352_y02944_x03840: wk_cube=+0 du=0.00 pairs=86
[register/defer] z04352_y03072_x03840: wk_cube=+0 du=0.94 pairs=57
[register/defer] z04480_y03200_x03840: wk_cube=+0 du=-1.47 pairs=73
[register/defer] z04608_y03200_x03840: wk_cube=+0 du=0.16 pairs=79
[register/defer] z04736_y03200_x03840: wk_cube=+1 du=39.94 pairs=58
[register/defer] z04352_y03456_x03840: wk_cube=+0 du=0.00 pairs=92
[register/defer] z04736_y03456_x03840: wk_cube=+0 du=4.50 pairs=86
[register/defer] z04352_y03584_x03840: wk_cube=+0 du=-3.00 pairs=154
[register/defer] z04480_y03072_x03840: wk_cube=+0 du=1.91 pairs=83
[register/defer] z04736_y03072_x03840: wk_cube=+0 du=-0.03 pairs=56
[register/defer] z04352_y03840_x03712: wk_cube=+0 du=-1.66 pairs=171
[register/defer] z04352_y03968_x03712: wk_cube=+0 du=0.00 pairs=112
[register/defer] z04352_y03968_x03584: wk_cube=-4 du=-18.74 pairs=78
[register/defer] z04736_y04096_x03584: wk_cube=+0 du=1.84 pairs=120
[register/defer] z04352_y04224_x03456: wk_cube=+0 du=0.81 pairs=78
[register/defer] z04352_y04224_x03328: wk_cube=+0 du=-0.41 pairs=76
[register/defer] z04480_y04224_x03328: wk_cube=+0 du=0.00 pairs=121
[register/defer] z04352_y03712_x01920: wk_cube=+0 du=0.81 pairs=128
[register/defer] z04352_y03968_x01920: wk_cube=+0 du=3.22 pairs=112
[register/defer] z04352_y03968_x02048: wk_cube=+0 du=0.00 pairs=112
[register/defer] z04352_y04096_x02048: wk_cube=+0 du=0.00 pairs=155
[register/defer] z04352_y04224_x03200: wk_cube=-4 du=-7.84 pairs=117
[register/defer] z04352_y04352_x03200: wk_cube=+0 du=0.00 pairs=232
[register/defer] z04352_y04480_x02944: wk_cube=-6 du=2.07 pairs=39
[register/defer] z04352_y03328_x03968: wk_cube=+0 du=-1.69 pairs=100
[register/defer] z04736_y02816_x03584: wk_cube=-4 du=26.37 pairs=30
[register/defer] z04352_y03200_x03968: wk_cube=+1 du=5.20 pairs=39
[register/defer] z04480_y04480_x03072: wk_cube=+0 du=-0.19 pairs=219
[register/defer] z04352_y03072_x03968: wk_cube=+4 du=6.84 pairs=28
[register/defer] z04352_y03968_x03456: wk_cube=+0 du=-0.75 pairs=109
[register/defer] z04352_y04480_x02432: wk_cube=+0 du=0.75 pairs=152
[register/defer] z04352_y03584_x03584: wk_cube=-2 du=-61.88 pairs=154
[register/defer] z04352_y03328_x04096: wk_cube=+0 du=0.31 pairs=122
[register/defer] z04352_y02048_x02816: wk_cube=+0 du=0.44 pairs=106
[register/defer] z04736_y04608_x02560: wk_cube=+13 du=-49.16 pairs=34
[register/defer] z04608_y02944_x03456: wk_cube=-17 du=31.49 pairs=26
[register/defer] z04352_y04352_x03712: wk_cube=+0 du=2.00 pairs=146
[register/defer] z04352_y04224_x03840: wk_cube=+0 du=0.69 pairs=89
[register/defer] z04352_y02304_x03712: wk_cube=+0 du=3.94 pairs=68
[register/defer] z04352_y04480_x03584: wk_cube=+28 du=59.91 pairs=34
[register/defer] z04352_y03072_x03456: wk_cube=-5 du=18.04 pairs=50
[register/defer] z04352_y02176_x03584: wk_cube=+17 du=-42.34 pairs=86
[register/defer] z04480_y03200_x03456: wk_cube=+0 du=0.00 pairs=30
[register/defer] z04608_y03200_x03456: wk_cube=+0 du=-2.64 pairs=42
[register/defer] z04352_y02944_x03328: wk_cube=+0 du=-1.14 pairs=87
[register/defer] z04352_y02304_x03840: wk_cube=+5 du=-12.46 pairs=110
[register/defer] z04480_y04608_x02048: wk_cube=+24 du=-101.74 pairs=43
[register/defer] z04352_y02048_x03584: wk_cube=+4 du=-1.71 pairs=98
[register/defer] z04480_y03072_x03328: wk_cube=+0 du=2.07 pairs=54
[register/defer] z04608_y03072_x03328: wk_cube=-1 du=30.62 pairs=53
[register/defer] z04352_y03584_x02304: wk_cube=-2 du=-0.29 pairs=54
[register/defer] z04736_y04480_x03840: wk_cube=+6 du=47.02 pairs=30
[register/defer] z04352_y03200_x03328: wk_cube=-2 du=-15.29 pairs=40
[register/defer] z04608_y03200_x03328: wk_cube=+0 du=2.27 pairs=71
[register/defer] z04736_y03200_x03328: wk_cube=+0 du=-0.17 pairs=47
[register/defer] z04736_y03456_x03328: wk_cube=-2 du=-41.94 pairs=61
[register/defer] z04352_y03328_x03328: wk_cube=+0 du=-0.74 pairs=29
[register/defer] z04352_y03072_x03200: wk_cube=+0 du=-2.97 pairs=41
[register/defer] z04480_y04480_x03968: wk_cube=+0 du=0.44 pairs=24
[register/defer] z04608_y04480_x03968: wk_cube=+8 du=47.41 pairs=38
[register/defer] z04352_y03584_x02432: wk_cube=+2 du=-0.49 pairs=32
[register/defer] z04480_y03584_x02432: wk_cube=-1 du=-0.55 pairs=41
[register/defer] z04736_y03584_x02432: wk_cube=+0 du=-12.18 pairs=44
[register/defer] z04736_y03712_x02560: wk_cube=-22 du=65.51 pairs=47
[register/defer] z04352_y03200_x03200: wk_cube=+0 du=0.00 pairs=65
[register/defer] z04352_y03456_x02432: wk_cube=+1 du=-1.15 pairs=41
[register/defer] z04480_y03456_x02432: wk_cube=+0 du=0.00 pairs=57
[register/defer] z04352_y03072_x03072: wk_cube=+0 du=-0.64 pairs=81
[register/defer] z04352_y03584_x02560: wk_cube=+0 du=-0.21 pairs=59
[register/defer] z04480_y03584_x02560: wk_cube=+0 du=2.45 pairs=97
[register/defer] z04352_y03584_x02688: wk_cube=+0 du=-5.43 pairs=89
[register/defer] z04352_y03200_x02944: wk_cube=-2 du=-3.61 pairs=84
[register/defer] z04352_y03456_x02688: wk_cube=-24 du=-5.83 pairs=303
[register] 1702 cubes registered, 108 low-conf (85 recovered in 2nd pass), 1675 whole-turn corrections, 0.6s
[register] sweep 1: 1680/1702 cubes re-solved, 1328 integer changes
[register] sweep 2: 1680/1702 cubes re-solved, 639 integer changes
[register] sweep 3: 1680/1702 cubes re-solved, 211 integer changes
[register] sweep 4: 1680/1702 cubes re-solved, 80 integer changes
[register] sweep 5: 1680/1702 cubes re-solved, 20 integer changes
[register] sweep 6: 1680/1702 cubes re-solved, 2 integer changes
[register] sweep 7: 1680/1702 cubes re-solved, 1 integer changes
[register] sweep 8: 1680/1702 cubes re-solved, 2 integer changes
[finalize] done (0 failed) in 4.0s
[index] output\pherc0139_4x21x21_run\placed/placed_index.json: 1702 ok / 0 skipped / 22 low-conf / 1677 turn-corrected; u span 1226246 vox, v span 512 vox
scroll_whole: OK (total 23.8s)
