[tiled_atlas] grid=4x21x21, cubes=1702, tiles=49, core=3, halo=1, sweeps=1
[tiled_atlas] global wind + ladder calibration seed
[overlap_fix] production preset: large-grid bounded
[overlap_fix] 1702 cubes, 2476186 vertices, 3958802 faces, pitch=8.027
[overlap_fix]   label charts               t=0.1s
[overlap_fix]   build neighbours           t=0.4s
[overlap_fix]   label groups               t=8.2s
[overlap_fix]   uv index: raw              t=8.2s
[overlap_fix]   uv index: before           t=8.2s
[overlap_fix]   scan: raw                  t=11.2s
[overlap_fix]     scan 100000/3958802 faces, 462858 pairs, 0.2s (518339 faces/s)
[overlap_fix]     scan 200000/3958802 faces, 872553 pairs, 0.4s (529080 faces/s)
[overlap_fix]     scan 300000/3958802 faces, 1384968 pairs, 0.6s (511136 faces/s)
[overlap_fix]     scan 400000/3958802 faces, 1908856 pairs, 0.8s (495767 faces/s)
[overlap_fix]     scan 500000/3958802 faces, 2431669 pairs, 1.0s (487700 faces/s)
[overlap_fix]     scan 600000/3958802 faces, 2758599 pairs, 1.2s (504746 faces/s)
[overlap_fix]     scan 700000/3958802 faces, 3191390 pairs, 1.4s (507062 faces/s)
[overlap_fix]     scan 800000/3958802 faces, 3582861 pairs, 1.6s (510911 faces/s)
[overlap_fix]     scan 900000/3958802 faces, 4194722 pairs, 1.8s (500436 faces/s)
[overlap_fix]     scan 1000000/3958802 faces, 4745215 pairs, 2.0s (497142 faces/s)
[overlap_fix]     scan 1100000/3958802 faces, 5206314 pairs, 2.2s (497768 faces/s)
[overlap_fix]     scan 1200000/3958802 faces, 5671395 pairs, 2.4s (497512 faces/s)
[overlap_fix]     scan 1300000/3958802 faces, 6190910 pairs, 2.6s (494976 faces/s)
[overlap_fix]     scan 1400000/3958802 faces, 6703936 pairs, 2.8s (492978 faces/s)
[overlap_fix]     scan 1500000/3958802 faces, 7143067 pairs, 3.0s (494698 faces/s)
[overlap_fix]     scan 1600000/3958802 faces, 7443286 pairs, 3.2s (496959 faces/s)
[overlap_fix]     scan 1700000/3958802 faces, 7933463 pairs, 3.4s (493902 faces/s)
[overlap_fix]     scan 1800000/3958802 faces, 8359994 pairs, 3.6s (495044 faces/s)
[overlap_fix]     scan 1900000/3958802 faces, 8793437 pairs, 3.8s (496353 faces/s)
[overlap_fix]     scan 2000000/3958802 faces, 9193437 pairs, 4.0s (498786 faces/s)
[overlap_fix]     scan 2100000/3958802 faces, 9603676 pairs, 4.2s (500869 faces/s)
[overlap_fix]     scan 2200000/3958802 faces, 10163644 pairs, 4.4s (498400 faces/s)
[overlap_fix]     scan 2300000/3958802 faces, 10755295 pairs, 4.6s (495392 faces/s)
[overlap_fix]     scan 2400000/3958802 faces, 11330331 pairs, 4.9s (493074 faces/s)
[overlap_fix]     scan 2500000/3958802 faces, 11756595 pairs, 5.1s (493237 faces/s)
[overlap_fix]     scan 2600000/3958802 faces, 12057196 pairs, 5.2s (496556 faces/s)
[overlap_fix]     scan 2700000/3958802 faces, 12483017 pairs, 5.4s (497459 faces/s)
[overlap_fix]     scan 2800000/3958802 faces, 12902834 pairs, 5.6s (497649 faces/s)
[overlap_fix]     scan 2900000/3958802 faces, 13428904 pairs, 5.8s (496432 faces/s)
[overlap_fix]     scan 3000000/3958802 faces, 13875025 pairs, 6.0s (497039 faces/s)
[overlap_fix]     scan 3100000/3958802 faces, 14367828 pairs, 6.2s (497412 faces/s)
[overlap_fix]     scan 3200000/3958802 faces, 14851154 pairs, 6.4s (497718 faces/s)
[overlap_fix]     scan 3300000/3958802 faces, 15309450 pairs, 6.6s (498851 faces/s)
[overlap_fix]     scan 3400000/3958802 faces, 15873605 pairs, 6.8s (497303 faces/s)
[overlap_fix]     scan 3500000/3958802 faces, 16270743 pairs, 7.0s (498780 faces/s)
[overlap_fix]     scan 3600000/3958802 faces, 16593073 pairs, 7.2s (501427 faces/s)
[overlap_fix]     scan 3700000/3958802 faces, 17038041 pairs, 7.4s (502084 faces/s)
[overlap_fix]     scan 3800000/3958802 faces, 17460020 pairs, 7.6s (502940 faces/s)
[overlap_fix]     scan 3900000/3958802 faces, 17902071 pairs, 7.7s (503484 faces/s)
[overlap_fix]   integrate winds            t=19.1s
[overlap_fix]   scan: before               t=22.2s
[overlap_fix]     scan 100000/3958802 faces, 2176082 pairs, 0.6s (153990 faces/s)
[overlap_fix]     scan 200000/3958802 faces, 5429886 pairs, 1.6s (127051 faces/s)
[overlap_fix]     scan 300000/3958802 faces, 7909095 pairs, 2.3s (129823 faces/s)
[overlap_fix]     scan 400000/3958802 faces, 9627928 pairs, 2.9s (139556 faces/s)
[overlap_fix]     scan 500000/3958802 faces, 11031091 pairs, 3.3s (150034 faces/s)
[overlap_fix]     scan 600000/3958802 faces, 12126122 pairs, 3.7s (161988 faces/s)
[overlap_fix]     scan 700000/3958802 faces, 12865247 pairs, 4.0s (175690 faces/s)
[overlap_fix]     scan 800000/3958802 faces, 13858271 pairs, 4.3s (184245 faces/s)
[overlap_fix]     scan 900000/3958802 faces, 14715884 pairs, 4.7s (191830 faces/s)
[overlap_fix]     scan 1000000/3958802 faces, 15880063 pairs, 5.1s (196771 faces/s)
[overlap_fix]     scan 1100000/3958802 faces, 19173997 pairs, 6.0s (182473 faces/s)
[overlap_fix]     scan 1200000/3958802 faces, 22560681 pairs, 7.0s (170603 faces/s)
[overlap_fix]     scan 1300000/3958802 faces, 24588510 pairs, 7.6s (170097 faces/s)
[overlap_fix]     scan 1400000/3958802 faces, 26436502 pairs, 8.2s (170177 faces/s)
[overlap_fix]     scan 1500000/3958802 faces, 27868107 pairs, 8.7s (172377 faces/s)
[overlap_fix]     scan 1600000/3958802 faces, 28767655 pairs, 9.0s (177358 faces/s)
[overlap_fix]     scan 1700000/3958802 faces, 29690511 pairs, 9.4s (181728 faces/s)
[overlap_fix]     scan 1800000/3958802 faces, 30746979 pairs, 9.7s (184825 faces/s)
[overlap_fix]     scan 1900000/3958802 faces, 31523895 pairs, 10.1s (188263 faces/s)
[overlap_fix]     scan 2000000/3958802 faces, 32621441 pairs, 10.5s (191132 faces/s)
[overlap_fix]     scan 2100000/3958802 faces, 36227752 pairs, 11.5s (182887 faces/s)
[overlap_fix]     scan 2200000/3958802 faces, 39713436 pairs, 12.5s (176452 faces/s)
[overlap_fix]     scan 2300000/3958802 faces, 41899480 pairs, 13.1s (175328 faces/s)
[overlap_fix]     scan 2400000/3958802 faces, 43922828 pairs, 13.7s (174706 faces/s)
[overlap_fix]     scan 2500000/3958802 faces, 45487550 pairs, 14.2s (175474 faces/s)
[overlap_fix]     scan 2600000/3958802 faces, 46619481 pairs, 14.6s (177726 faces/s)
[overlap_fix]     scan 2700000/3958802 faces, 47338984 pairs, 14.9s (181172 faces/s)
[overlap_fix]     scan 2800000/3958802 faces, 48412093 pairs, 15.3s (183133 faces/s)
[overlap_fix]     scan 2900000/3958802 faces, 49641896 pairs, 15.8s (183908 faces/s)
[overlap_fix]     scan 3000000/3958802 faces, 50692515 pairs, 16.1s (185813 faces/s)
[overlap_fix]     scan 3100000/3958802 faces, 53860507 pairs, 17.1s (181635 faces/s)
[overlap_fix]     scan 3200000/3958802 faces, 56871868 pairs, 17.9s (178556 faces/s)
[overlap_fix]     scan 3300000/3958802 faces, 59109732 pairs, 18.6s (177728 faces/s)
[overlap_fix]     scan 3400000/3958802 faces, 60805791 pairs, 19.1s (178165 faces/s)
[overlap_fix]     scan 3500000/3958802 faces, 62189974 pairs, 19.5s (179326 faces/s)
[overlap_fix]     scan 3600000/3958802 faces, 63294837 pairs, 19.9s (181048 faces/s)
[overlap_fix]     scan 3700000/3958802 faces, 64081690 pairs, 20.2s (183500 faces/s)
[overlap_fix]     scan 3800000/3958802 faces, 65002771 pairs, 20.5s (185528 faces/s)
[overlap_fix]     scan 3900000/3958802 faces, 66048814 pairs, 20.9s (186837 faces/s)
[overlap_fix]   tabu place                 t=43.2s
[overlap_fix]     exact potential graph: 8445949 pairs (3.6945% dense), 8 v bins
[overlap_fix]     scan 100000/3958802 faces, 2176082 pairs, 0.6s (161123 faces/s)
[overlap_fix]     scan 200000/3958802 faces, 5429886 pairs, 1.5s (130913 faces/s)
[overlap_fix]     scan 300000/3958802 faces, 7909095 pairs, 2.2s (133468 faces/s)
[overlap_fix]     scan 400000/3958802 faces, 9627928 pairs, 2.8s (144069 faces/s)
[overlap_fix]     scan 500000/3958802 faces, 11031091 pairs, 3.2s (154728 faces/s)
[overlap_fix]     scan 600000/3958802 faces, 12126122 pairs, 3.6s (166538 faces/s)
[overlap_fix]     scan 700000/3958802 faces, 12865247 pairs, 3.9s (180560 faces/s)
[overlap_fix]     scan 800000/3958802 faces, 13858271 pairs, 4.2s (189186 faces/s)
[overlap_fix]     scan 900000/3958802 faces, 14715884 pairs, 4.6s (197176 faces/s)
[overlap_fix]     scan 1000000/3958802 faces, 15880063 pairs, 4.9s (202256 faces/s)
[overlap_fix]     scan 1100000/3958802 faces, 19173997 pairs, 5.9s (187639 faces/s)
[overlap_fix]     scan 1200000/3958802 faces, 22560681 pairs, 6.8s (176152 faces/s)
[overlap_fix]     scan 1300000/3958802 faces, 24588510 pairs, 7.4s (175272 faces/s)
[overlap_fix]     scan 1400000/3958802 faces, 26436502 pairs, 8.0s (175444 faces/s)
[overlap_fix]     scan 1500000/3958802 faces, 27868107 pairs, 8.4s (177546 faces/s)
[overlap_fix]     scan 1600000/3958802 faces, 28767655 pairs, 8.8s (182410 faces/s)
[overlap_fix]     scan 1700000/3958802 faces, 29690511 pairs, 9.1s (186771 faces/s)
[overlap_fix]     scan 1800000/3958802 faces, 30746979 pairs, 9.5s (189809 faces/s)
[overlap_fix]     scan 1900000/3958802 faces, 31523895 pairs, 9.8s (193247 faces/s)
[overlap_fix]     scan 2000000/3958802 faces, 32621441 pairs, 10.2s (196149 faces/s)
[overlap_fix]     scan 2100000/3958802 faces, 36227752 pairs, 11.2s (187493 faces/s)
[overlap_fix]     scan 2200000/3958802 faces, 39713436 pairs, 12.2s (180866 faces/s)
[overlap_fix]     scan 2300000/3958802 faces, 41899480 pairs, 12.8s (179458 faces/s)
[overlap_fix]     scan 2400000/3958802 faces, 43922828 pairs, 13.4s (178842 faces/s)
[overlap_fix]     scan 2500000/3958802 faces, 45487550 pairs, 13.9s (179560 faces/s)
[overlap_fix]     scan 2600000/3958802 faces, 46619481 pairs, 14.3s (181854 faces/s)
[overlap_fix]     scan 2700000/3958802 faces, 47338984 pairs, 14.6s (185378 faces/s)
[overlap_fix]     scan 2800000/3958802 faces, 48412093 pairs, 14.9s (187327 faces/s)
[overlap_fix]     scan 2900000/3958802 faces, 49641896 pairs, 15.4s (188258 faces/s)
[overlap_fix]     scan 3000000/3958802 faces, 50692515 pairs, 15.8s (190397 faces/s)
[overlap_fix]     scan 3100000/3958802 faces, 53860507 pairs, 16.6s (186382 faces/s)
[overlap_fix]     scan 3200000/3958802 faces, 56871868 pairs, 17.5s (183166 faces/s)
[overlap_fix]     scan 3300000/3958802 faces, 59109732 pairs, 18.1s (182096 faces/s)
[overlap_fix]     scan 3400000/3958802 faces, 60805791 pairs, 18.6s (182423 faces/s)
[overlap_fix]     scan 3500000/3958802 faces, 62189974 pairs, 19.1s (183591 faces/s)
[overlap_fix]     scan 3600000/3958802 faces, 63294837 pairs, 19.4s (185332 faces/s)
[overlap_fix]     scan 3700000/3958802 faces, 64081690 pairs, 19.7s (187747 faces/s)
[overlap_fix]     scan 3800000/3958802 faces, 65002771 pairs, 20.0s (189788 faces/s)
[overlap_fix]     scan 3900000/3958802 faces, 66048814 pairs, 20.4s (191089 faces/s)
[overlap_fix]   scan: after                t=87.1s
[overlap_fix]     scan 100000/3958802 faces, 2176082 pairs, 0.6s (155690 faces/s)
[overlap_fix]     scan 200000/3958802 faces, 5429886 pairs, 1.6s (127392 faces/s)
[overlap_fix]     scan 300000/3958802 faces, 7909095 pairs, 2.3s (130189 faces/s)
[overlap_fix]     scan 400000/3958802 faces, 9627928 pairs, 2.9s (140176 faces/s)
[overlap_fix]     scan 500000/3958802 faces, 11031091 pairs, 3.3s (150829 faces/s)
[overlap_fix]     scan 600000/3958802 faces, 12126122 pairs, 3.7s (162283 faces/s)
[overlap_fix]     scan 700000/3958802 faces, 12865247 pairs, 4.0s (175535 faces/s)
[overlap_fix]     scan 800000/3958802 faces, 13858271 pairs, 4.4s (183619 faces/s)
[overlap_fix]     scan 900000/3958802 faces, 14715884 pairs, 4.7s (190930 faces/s)
[overlap_fix]     scan 1000000/3958802 faces, 15880063 pairs, 5.1s (195770 faces/s)
[overlap_fix]     scan 1100000/3958802 faces, 19173997 pairs, 6.1s (181802 faces/s)
[overlap_fix]     scan 1200000/3958802 faces, 22560681 pairs, 7.0s (170781 faces/s)
[overlap_fix]     scan 1300000/3958802 faces, 24588510 pairs, 7.6s (170032 faces/s)
[overlap_fix]     scan 1400000/3958802 faces, 26436502 pairs, 8.2s (170266 faces/s)
[overlap_fix]     scan 1500000/3958802 faces, 27868107 pairs, 8.7s (172398 faces/s)
[overlap_fix]     scan 1600000/3958802 faces, 28767655 pairs, 9.0s (177270 faces/s)
[overlap_fix]     scan 1700000/3958802 faces, 29690511 pairs, 9.4s (181407 faces/s)
[overlap_fix]     scan 1800000/3958802 faces, 30746979 pairs, 9.7s (184622 faces/s)
[overlap_fix]     scan 1900000/3958802 faces, 31523895 pairs, 10.1s (188172 faces/s)
[overlap_fix]     scan 2000000/3958802 faces, 32621441 pairs, 10.5s (191041 faces/s)
[overlap_fix]     scan 2100000/3958802 faces, 36227752 pairs, 11.5s (182400 faces/s)
[overlap_fix]     scan 2200000/3958802 faces, 39713436 pairs, 12.5s (176000 faces/s)
[overlap_fix]     scan 2300000/3958802 faces, 41899480 pairs, 13.2s (174810 faces/s)
[overlap_fix]     scan 2400000/3958802 faces, 43922828 pairs, 13.8s (174097 faces/s)
[overlap_fix]     scan 2500000/3958802 faces, 45487550 pairs, 14.3s (174955 faces/s)
[overlap_fix]     scan 2600000/3958802 faces, 46619481 pairs, 14.7s (177354 faces/s)
[overlap_fix]     scan 2700000/3958802 faces, 47338984 pairs, 14.9s (180808 faces/s)
[overlap_fix]     scan 2800000/3958802 faces, 48412093 pairs, 15.3s (182759 faces/s)
[overlap_fix]     scan 2900000/3958802 faces, 49641896 pairs, 15.8s (183770 faces/s)
[overlap_fix]     scan 3000000/3958802 faces, 50692515 pairs, 16.1s (185821 faces/s)
[overlap_fix]     scan 3100000/3958802 faces, 53860507 pairs, 17.0s (181844 faces/s)
[overlap_fix]     scan 3200000/3958802 faces, 56871868 pairs, 17.9s (178857 faces/s)
[overlap_fix]     scan 3300000/3958802 faces, 59109732 pairs, 18.6s (177842 faces/s)
[overlap_fix]     scan 3400000/3958802 faces, 60805791 pairs, 19.1s (178120 faces/s)
[overlap_fix]     scan 3500000/3958802 faces, 62189974 pairs, 19.5s (179184 faces/s)
[overlap_fix]     scan 3600000/3958802 faces, 63294837 pairs, 19.9s (180916 faces/s)
[overlap_fix]     scan 3700000/3958802 faces, 64081690 pairs, 20.2s (183311 faces/s)
[overlap_fix]     scan 3800000/3958802 faces, 65002771 pairs, 20.5s (185242 faces/s)
[overlap_fix]     scan 3900000/3958802 faces, 66048814 pairs, 20.9s (186420 faces/s)

=== PREFIT COMPONENT CULL ===
  charts before / after ... 24000 / 21383
  size hist (faces) ........ 1:579 2-3:632 4-7:628 8-15:784 16-31:1572 32-63:2475 64-127:6597 128-255:4232 256-511:6209 512+:292
  max Sander QC hist ....... <=2:19418 <=4:1683 <=8:775 <=16:536 <=32:401 <=64:376 <=128:256 <=256:193 >256:362
  charts killed ............ 1741 small, 916 projected-degenerate
  welded groups before/after 3565 / 3565
  group size hist .......... <=1:0 <=3:0 <=7:67 <=15:484 <=31:999 <=63:801 <=127:776 <=255:286 <=511:122 <=1023:12 <=2047:3 >2047:15
  groups killed ............ 0 small
  faces killed ............. 567 stretch + 95569 chart + 0 group
==========================

=== OVERLAP FIX ===
  charts .................. 21383
  welded groups ........... 3565 (largest 10153 charts)
  authentic weld edges .... 28525
  faces killed (total) .... 96136 / 3958802

  -- is the error a whole number of turns? --
  weld |du/circ - round| .. <0.05:25371 0.15:1118 0.25:745 0.35:568 more:723  (88.9% clean)
  welds off by >=1 wrap ... 4188 / 28525
  phase |turn - round| ..... <0.05:28525 0.15:0 0.25:0 0.35:0 more:0  (100.0% clean)
  nonzero phase targets .... 4188 / 28525
  trusted / untrusted ..... 26381 / 1291 (+853 over the wrap cap)
  wrap range .............. -8 .. 8

  -- gauge reconciliation --
  charts wind-corrected ... 12341 / 21383
  gauge islands ........... 4077 (tree 17306, cycle 9075)
  cycle consistent ........ 9038
  cycle INCONSISTENT ...... 37  (holonomy; no gauge can fix these)

  -- overlap --
  cross-group ............. 1597368 raw -> 1651025 post-wind -> 1651025 final
  intra-group ............. 16413188 raw -> 64491422 post-wind
  intra |dr|/pitch ........ ~0:561998 ~0.5:1188505 ~1:1499467 ~1.5:2038250 ~2:2859876 >2.5:56343326
    (~0..0.5 = folds no gauge fixes; ~1+ = wrong-wrap, re-gauge CAN fix)
  groups overlapping ...... 1290 -> 1290
  settled / shifted ....... 3565 / 0
  parked / stuck .......... 0 / 0
  time .................... 112.26s
===================

=== TABU RE-GAUGE ===
  depth span .............. +/-4 wraps, tenure 40
  field ladder ............ -0.988262972 x 2pi*r per wind (1145 pairs)
  ladder u origin ......... -23892.392313154996
  iterations .............. 0 (canonical best at 0)
  moves ................... 0 chart + 0 group + 0 nbhd + 0 graded (of 15 eligible groups)
  phase-flat regions ...... 178 measured only
  phase lateral targets ... 26142 trusted, 20 nonzero measured only
  energy (cell units) ..... 66237184.3 -> 66237184.3
  movable charts .......... 21383 / 21383
  charts moved ............ 0 / 21383
  welds torn .............. 0 / 26381 usable (+2144 excluded)
  lateral pairs coupled ... 26187 (torn 0)
  happy-family bonds ...... 261 (torn 0)
  state archive ........... 1 kept, 1 SAT-verified
  exact winner ............ #0 at iter 0, score 66237184.3
  hash rebuilds ........... 0
  cross after (exact) ..... 1651025 pairs
  intra after (exact) ..... 64491422 pairs
  intra |dr|/pitch after .. ~0:561998 ~0.5:1188505 ~1:1499467 ~1.5:2038250 ~2:2859876 >2.5:56343326
=====================
  exact workload .......... 25337847 queries; 24706902 AABB rejects; 420630 cache hits / 210315 misses (210315 entries); 105495757 SAT tests
[tiled_atlas] global calibration step=-0.9882629717598193, u0=-23892.392313154996
[tiled_atlas] sweep 1/1, tile 1/49 z00_y00_x00, loaded=54
[overlap_fix] active core: disabling tile-local pre-wind so the halo remains frozen
[overlap_fix] production preset: large-grid bounded
[overlap_fix] large-input guard: 54 cubes/167051 faces; tabu_iters=1 rounds=1 (pass --tabu-iters N to override)
[overlap_fix] active core: z[4352,4864) y[2048,2432) x[1536,1920); loaded complement is fixed halo
[overlap_fix] 54 cubes, 117097 vertices, 167051 faces, pitch=8.027
[overlap_fix]   label charts               t=0.0s
[overlap_fix]   build neighbours           t=0.0s
[overlap_fix]   label groups               t=0.2s
[overlap_fix]   uv index: raw              t=0.2s
[overlap_fix]   uv index: before           t=0.2s
[overlap_fix]   scan: raw                  t=0.3s
[overlap_fix]     scan 100000/167051 faces, 674737 pairs, 0.2s (410076 faces/s)
[overlap_fix]   scan: before               t=0.8s
[overlap_fix]     scan 100000/167051 faces, 674737 pairs, 0.2s (464638 faces/s)
[overlap_fix]   tabu place                 t=1.1s
[overlap_fix]     exact potential graph: 74219 pairs (8.6961% dense), 8 v bins
[overlap_fix]     tabu iter 1/1, best e=1112466.4 @0, 0 moves, t=1.3s (1.33 s/iter)
[overlap_fix]     scan 100000/167051 faces, 674737 pairs, 0.2s (467248 faces/s)
[overlap_fix]     scan 100000/167051 faces, 568095 pairs, 0.2s (530242 faces/s)
[overlap_fix]   scan: after                t=2.5s
[overlap_fix]     scan 100000/167051 faces, 568095 pairs, 0.2s (507220 faces/s)
[overlap_fix]   group 1: shifted, 494 charts, r=1517.4 (spread 293.6), wraps=0 du=0.0 dv=0.0, overlap 164776 -> 97418

=== PREFIT COMPONENT CULL ===
  charts before / after ... 1644 / 1307
  size hist (faces) ........ 1:69 2-3:78 4-7:67 8-15:95 16-31:197 32-63:299 64-127:431 128-255:201 256-511:191 512+:16
  max Sander QC hist ....... <=2:1038 <=4:192 <=8:100 <=16:81 <=32:52 <=64:52 <=128:37 <=256:31 >256:61
  charts killed ............ 202 small, 146 projected-degenerate
  welded groups before/after 564 / 564
  group size hist .......... <=1:0 <=3:0 <=7:10 <=15:70 <=31:134 <=63:143 <=127:129 <=255:47 <=511:23 <=1023:1 <=2047:2 >2047:5
  groups killed ............ 0 small
  faces killed ............. 70 stretch + 12559 chart + 0 group
==========================

=== OVERLAP FIX ===
  charts .................. 1307
  welded groups ........... 564 (largest 494 charts)
  authentic weld edges .... 1057
  faces killed (total) .... 12629 / 167051

  -- is the error a whole number of turns? --
  weld |du/circ - round| .. <0.05:979 0.15:57 0.25:19 0.35:1 more:1  (92.6% clean)
  welds off by >=1 wrap ... 5 / 1057
  phase |turn - round| ..... <0.05:1057 0.15:0 0.25:0 0.35:0 more:0  (100.0% clean)
  nonzero phase targets .... 88 / 1057
  trusted / untrusted ..... 0 / 0 (+0 over the wrap cap)
  wrap range .............. 0 .. 0

  -- gauge reconciliation --
  charts wind-corrected ... 0 / 1307
  gauge islands ........... 0 (tree 0, cycle 0)
  cycle consistent ........ 0
  cycle INCONSISTENT ...... 0  (holonomy; no gauge can fix these)

  -- overlap --
  cross-group ............. 236604 raw -> 236604 post-wind -> 169246 final
  intra-group ............. 871413 raw -> 871413 post-wind
  intra |dr|/pitch ........ ~0:10751 ~0.5:16162 ~1:32436 ~1.5:93246 ~2:142299 >2.5:576519
    (~0..0.5 = folds no gauge fixes; ~1+ = wrong-wrap, re-gauge CAN fix)
  groups overlapping ...... 295 -> 267
  settled / shifted ....... 563 / 1
  parked / stuck .......... 0 / 0
  time .................... 3.19s
===================

=== TABU RE-GAUGE ===
  depth span .............. +/-4 wraps, tenure 40
  field ladder ............ -0.988262972 x 2pi*r per wind (0 pairs; FIXED)
  ladder u origin ......... -23892.392313154996
  iterations .............. 1 (canonical best at 1)
  moves ................... 0 chart + 1 group + 0 nbhd + 0 graded (of 6 eligible groups)
  phase-flat regions ...... 43 measured only
  phase lateral targets ... 4712 trusted, 56 nonzero measured only
  energy (cell units) ..... 1112466.4 -> 1008093.6
  movable charts .......... 427 / 1307
  charts moved ............ 224 / 1307
  welds torn .............. 167 / 1051 usable (+6 excluded)
  lateral pairs coupled ... 4712 (torn 1504)
  happy-family bonds ...... 64 (torn 0)
  state archive ........... 2 kept, 2 SAT-verified
  exact winner ............ #1 at iter 1, score 1008093.6
  hash rebuilds ........... 0
  cross after (exact) ..... 169246 pairs
  intra after (exact) ..... 777201 pairs
  intra |dr|/pitch after .. ~0:8351 ~0.5:13684 ~1:28848 ~1.5:87015 ~2:133934 >2.5:505369
=====================
  exact workload .......... 1892387 queries; 1806961 AABB rejects; 69470 cache hits / 15956 misses (15956 entries); 5302402 SAT tests
[tiled_atlas] sweep 1/1, tile 2/49 z00_y00_x03, loaded=80
[overlap_fix] active core: disabling tile-local pre-wind so the halo remains frozen
[overlap_fix] production preset: large-grid bounded
[overlap_fix] large-input guard: 80 cubes/312089 faces; tabu_iters=1 rounds=1 (pass --tabu-iters N to override)
[overlap_fix] active core: z[4352,4864) y[2048,2432) x[1920,2304); loaded complement is fixed halo
[overlap_fix] 80 cubes, 212326 vertices, 312089 faces, pitch=8.027
[overlap_fix]   label charts               t=0.0s
[overlap_fix]   build neighbours           t=0.0s
[overlap_fix]   label groups               t=0.4s
[overlap_fix]   uv index: raw              t=0.4s
[overlap_fix]   uv index: before           t=0.4s
[overlap_fix]   scan: raw                  t=0.6s
[overlap_fix]     scan 100000/312089 faces, 826198 pairs, 0.2s (404905 faces/s)
[overlap_fix]     scan 200000/312089 faces, 1570518 pairs, 0.5s (422777 faces/s)
[overlap_fix]     scan 300000/312089 faces, 2270258 pairs, 0.7s (437117 faces/s)
[overlap_fix]   scan: before               t=1.5s
[overlap_fix]     scan 100000/312089 faces, 826198 pairs, 0.3s (398151 faces/s)
[overlap_fix]     scan 200000/312089 faces, 1570518 pairs, 0.5s (416837 faces/s)
[overlap_fix]     scan 300000/312089 faces, 2270258 pairs, 0.7s (428447 faces/s)
[overlap_fix]   tabu place                 t=2.2s
[overlap_fix]     exact potential graph: 153325 pairs (5.6948% dense), 8 v bins
[overlap_fix]     tabu iter 1/1, best e=2347673.7 @0, 0 moves, t=2.6s (2.64 s/iter)
[overlap_fix]     scan 100000/312089 faces, 826198 pairs, 0.3s (344244 faces/s)
[overlap_fix]     scan 200000/312089 faces, 1570518 pairs, 0.6s (354136 faces/s)
[overlap_fix]     scan 300000/312089 faces, 2270258 pairs, 0.8s (365485 faces/s)
[overlap_fix]     scan 100000/312089 faces, 745800 pairs, 0.3s (371755 faces/s)
[overlap_fix]     scan 200000/312089 faces, 1388351 pairs, 0.5s (396557 faces/s)
[overlap_fix]     scan 300000/312089 faces, 2005196 pairs, 0.7s (405864 faces/s)
[overlap_fix]   scan: after                t=6.1s
[overlap_fix]     scan 100000/312089 faces, 745800 pairs, 0.3s (361081 faces/s)
[overlap_fix]     scan 200000/312089 faces, 1388351 pairs, 0.5s (379850 faces/s)
[overlap_fix]     scan 300000/312089 faces, 2005196 pairs, 0.8s (395318 faces/s)
[overlap_fix]   group 27: shifted, 922 charts, r=1305.8 (spread 539.7), wraps=0 du=0.0 dv=0.0, overlap 191272 -> 117192

=== PREFIT COMPONENT CULL ===
  charts before / after ... 2812 / 2321
  size hist (faces) ........ 1:109 2-3:121 4-7:116 8-15:165 16-31:302 32-63:466 64-127:787 128-255:342 256-511:360 512+:44
  max Sander QC hist ....... <=2:1913 <=4:328 <=8:156 <=16:107 <=32:77 <=64:71 <=128:52 <=256:44 >256:64
  charts killed ............ 324 small, 183 projected-degenerate
  welded groups before/after 839 / 839
  group size hist .......... <=1:0 <=3:0 <=7:17 <=15:117 <=31:212 <=63:196 <=127:191 <=255:68 <=511:26 <=1023:3 <=2047:3 >2047:6
  groups killed ............ 0 small
  faces killed ............. 135 stretch + 14669 chart + 0 group
==========================

=== OVERLAP FIX ===
  charts .................. 2321
  welded groups ........... 839 (largest 922 charts)
  authentic weld edges .... 2135
  faces killed (total) .... 14804 / 312089

  -- is the error a whole number of turns? --
  weld |du/circ - round| .. <0.05:1920 0.15:145 0.25:55 0.35:9 more:6  (89.9% clean)
  welds off by >=1 wrap ... 135 / 2135
  phase |turn - round| ..... <0.05:2135 0.15:0 0.25:0 0.35:0 more:0  (100.0% clean)
  nonzero phase targets .... 245 / 2135
  trusted / untrusted ..... 0 / 0 (+0 over the wrap cap)
  wrap range .............. 0 .. 0

  -- gauge reconciliation --
  charts wind-corrected ... 0 / 2321
  gauge islands ........... 0 (tree 0, cycle 0)
  cycle consistent ........ 0
  cycle INCONSISTENT ...... 0  (holonomy; no gauge can fix these)

  -- overlap --
  cross-group ............. 484037 raw -> 484037 post-wind -> 409957 final
  intra-group ............. 1848395 raw -> 1848395 post-wind
  intra |dr|/pitch ........ ~0:22026 ~0.5:47625 ~1:85721 ~1.5:188426 ~2:288420 >2.5:1216177
    (~0..0.5 = folds no gauge fixes; ~1+ = wrong-wrap, re-gauge CAN fix)
  groups overlapping ...... 405 -> 348
  settled / shifted ....... 838 / 1
  parked / stuck .......... 0 / 0
  time .................... 7.49s
===================

=== TABU RE-GAUGE ===
  depth span .............. +/-4 wraps, tenure 40
  field ladder ............ -0.988262972 x 2pi*r per wind (0 pairs; FIXED)
  ladder u origin ......... -23892.392313154996
  iterations .............. 1 (canonical best at 1)
  moves ................... 0 chart + 1 group + 0 nbhd + 0 graded (of 8 eligible groups)
  phase-flat regions ...... 48 measured only
  phase lateral targets ... 5418 trusted, 108 nonzero measured only
  energy (cell units) ..... 2347673.7 -> 2132814.5
  movable charts .......... 1201 / 2321
  charts moved ............ 499 / 2321
  welds torn .............. 351 / 2105 usable (+30 excluded)
  lateral pairs coupled ... 5466 (torn 1220)
  happy-family bonds ...... 70 (torn 0)
  state archive ........... 2 kept, 2 SAT-verified
  exact winner ............ #1 at iter 1, score 2132814.5
  hash rebuilds ........... 0
  cross after (exact) ..... 409957 pairs
  intra after (exact) ..... 1657413 pairs
  intra |dr|/pitch after .. ~0:19973 ~0.5:43632 ~1:82635 ~1.5:183002 ~2:278082 >2.5:1050089
=====================
  exact workload .......... 4692861 queries; 4472097 AABB rejects; 179246 cache hits / 41518 misses (41518 entries); 15890843 SAT tests
[tiled_atlas] sweep 1/1, tile 3/49 z00_y00_x06, loaded=80
[overlap_fix] active core: disabling tile-local pre-wind so the halo remains frozen
[overlap_fix] production preset: large-grid bounded
[overlap_fix] large-input guard: 80 cubes/251261 faces; tabu_iters=1 rounds=1 (pass --tabu-iters N to override)
[overlap_fix] active core: z[4352,4864) y[2048,2432) x[2304,2688); loaded complement is fixed halo
[overlap_fix] 80 cubes, 156657 vertices, 251261 faces, pitch=8.027
[overlap_fix]   label charts               t=0.0s
[overlap_fix]   build neighbours           t=0.0s
[overlap_fix]   label groups               t=0.3s
[overlap_fix]   uv index: raw              t=0.3s
[overlap_fix]   uv index: before           t=0.3s
[overlap_fix]   scan: raw                  t=0.5s
[overlap_fix]     scan 100000/251261 faces, 667761 pairs, 0.2s (460159 faces/s)
[overlap_fix]     scan 200000/251261 faces, 1334501 pairs, 0.4s (460673 faces/s)
[overlap_fix]   scan: before               t=1.1s
[overlap_fix]     scan 100000/251261 faces, 667761 pairs, 0.2s (456964 faces/s)
[overlap_fix]     scan 200000/251261 faces, 1334501 pairs, 0.4s (466718 faces/s)
[overlap_fix]   tabu place                 t=1.7s
[overlap_fix]     exact potential graph: 140464 pairs (13.9616% dense), 8 v bins
[overlap_fix]     tabu iter 1/1, best e=1687671.6 @0, 0 moves, t=2.0s (1.97 s/iter)
[overlap_fix]     scan 100000/251261 faces, 667761 pairs, 0.2s (405798 faces/s)
[overlap_fix]     scan 200000/251261 faces, 1334501 pairs, 0.5s (409699 faces/s)
[overlap_fix]     scan 100000/251261 faces, 502965 pairs, 0.2s (484724 faces/s)
[overlap_fix]     scan 200000/251261 faces, 1006359 pairs, 0.4s (477730 faces/s)
[overlap_fix]   scan: after                t=4.2s
[overlap_fix]     scan 100000/251261 faces, 502965 pairs, 0.2s (463956 faces/s)
[overlap_fix]     scan 200000/251261 faces, 1006359 pairs, 0.4s (476987 faces/s)
[overlap_fix]   group 15: shifted, 751 charts, r=1237.5 (spread 491.9), wraps=0 du=0.0 dv=0.0, overlap 435728 -> 144332

=== PREFIT COMPONENT CULL ===
  charts before / after ... 1600 / 1419
  size hist (faces) ........ 1:39 2-3:49 4-7:43 8-15:71 16-31:117 32-63:169 64-127:490 128-255:212 256-511:384 512+:26
  max Sander QC hist ....... <=2:1265 <=4:148 <=8:53 <=16:34 <=32:23 <=64:26 <=128:20 <=256:11 >256:20
  charts killed ............ 122 small, 59 projected-degenerate
  welded groups before/after 365 / 365
  group size hist .......... <=1:0 <=3:0 <=7:6 <=15:52 <=31:80 <=63:64 <=127:101 <=255:30 <=511:12 <=1023:2 <=2047:4 >2047:14
  groups killed ............ 0 small
  faces killed ............. 57 stretch + 5645 chart + 0 group
==========================

=== OVERLAP FIX ===
  charts .................. 1419
  welded groups ........... 365 (largest 751 charts)
  authentic weld edges .... 1567
  faces killed (total) .... 5702 / 251261

  -- is the error a whole number of turns? --
  weld |du/circ - round| .. <0.05:1292 0.15:171 0.25:73 0.35:17 more:14  (82.5% clean)
  welds off by >=1 wrap ... 188 / 1567
  phase |turn - round| ..... <0.05:1567 0.15:0 0.25:0 0.35:0 more:0  (100.0% clean)
  nonzero phase targets .... 234 / 1567
  trusted / untrusted ..... 0 / 0 (+0 over the wrap cap)
  wrap range .............. 0 .. 0

  -- gauge reconciliation --
  charts wind-corrected ... 0 / 1419
  gauge islands ........... 0 (tree 0, cycle 0)
  cycle consistent ........ 0
  cycle INCONSISTENT ...... 0  (holonomy; no gauge can fix these)

  -- overlap --
  cross-group ............. 748126 raw -> 748126 post-wind -> 456730 final
  intra-group ............. 925940 raw -> 925940 post-wind
  intra |dr|/pitch ........ ~0:9647 ~0.5:23922 ~1:43111 ~1.5:80765 ~2:117783 >2.5:650712
    (~0..0.5 = folds no gauge fixes; ~1+ = wrong-wrap, re-gauge CAN fix)
  groups overlapping ...... 141 -> 138
  settled / shifted ....... 364 / 1
  parked / stuck .......... 0 / 0
  time .................... 5.21s
===================

=== TABU RE-GAUGE ===
  depth span .............. +/-4 wraps, tenure 40
  field ladder ............ -0.988262972 x 2pi*r per wind (0 pairs; FIXED)
  ladder u origin ......... -23892.392313154996
  iterations .............. 1 (canonical best at 1)
  moves ................... 0 chart + 1 group + 0 nbhd + 0 graded (of 12 eligible groups)
  phase-flat regions ...... 37 measured only
  phase lateral targets ... 1232 trusted, 176 nonzero measured only
  energy (cell units) ..... 1687671.6 -> 1307865.1
  movable charts .......... 605 / 1419
  charts moved ............ 439 / 1419
  welds torn .............. 240 / 1517 usable (+50 excluded)
  lateral pairs coupled ... 1286 (torn 112)
  happy-family bonds ...... 187 (torn 0)
  state archive ........... 2 kept, 2 SAT-verified
  exact winner ............ #1 at iter 1, score 1307865.1
  hash rebuilds ........... 0
  cross after (exact) ..... 456730 pairs
  intra after (exact) ..... 807519 pairs
  intra |dr|/pitch after .. ~0:7819 ~0.5:19487 ~1:41128 ~1.5:77432 ~2:112033 >2.5:549620
=====================
  exact workload .......... 5246640 queries; 5117455 AABB rejects; 108388 cache hits / 20797 misses (20797 entries); 10502855 SAT tests
[tiled_atlas] sweep 1/1, tile 4/49 z00_y00_x09, loaded=80
[overlap_fix] active core: disabling tile-local pre-wind so the halo remains frozen
[overlap_fix] production preset: large-grid bounded
[overlap_fix] large-input guard: 80 cubes/179300 faces; tabu_iters=1 rounds=1 (pass --tabu-iters N to override)
[overlap_fix] active core: z[4352,4864) y[2048,2432) x[2688,3072); loaded complement is fixed halo
[overlap_fix] 80 cubes, 103592 vertices, 179300 faces, pitch=8.027
[overlap_fix]   label charts               t=0.0s
[overlap_fix]   build neighbours           t=0.0s
[overlap_fix]   label groups               t=0.2s
[overlap_fix]   uv index: raw              t=0.2s
[overlap_fix]   uv index: before           t=0.2s
[overlap_fix]   scan: raw                  t=0.3s
[overlap_fix]     scan 100000/179300 faces, 193241 pairs, 0.1s (839248 faces/s)
[overlap_fix]   scan: before               t=0.6s
[overlap_fix]     scan 100000/179300 faces, 193241 pairs, 0.1s (897159 faces/s)
[overlap_fix]   tabu place                 t=0.8s
[overlap_fix]     exact potential graph: 31408 pairs (12.9488% dense), 8 v bins
[overlap_fix]     tabu iter 1/1, best e=369258.4 @0, 0 moves, t=0.9s (0.94 s/iter)
[overlap_fix]     scan 100000/179300 faces, 193241 pairs, 0.1s (886879 faces/s)
[overlap_fix]     scan 100000/179300 faces, 166194 pairs, 0.1s (944945 faces/s)
[overlap_fix]   scan: after                t=1.7s
[overlap_fix]     scan 100000/179300 faces, 166194 pairs, 0.1s (907883 faces/s)
[overlap_fix]   group 18: shifted, 30 charts, r=1096.0 (spread 275.7), wraps=0 du=0.0 dv=0.0, overlap 60545 -> 19067

=== PREFIT COMPONENT CULL ===
  charts before / after ... 714 / 697
  size hist (faces) ........ 1:2 2-3:5 4-7:4 8-15:5 16-31:14 32-63:14 64-127:185 128-255:137 256-511:337 512+:11
  max Sander QC hist ....... <=2:682 <=4:12 <=8:6 <=16:1 <=32:1 <=64:4 <=128:2 <=256:1 >256:5
  charts killed ............ 8 small, 9 projected-degenerate
  welded groups before/after 62 / 62
  group size hist .......... <=1:0 <=3:0 <=7:2 <=15:2 <=31:5 <=63:1 <=127:15 <=255:8 <=511:5 <=1023:0 <=2047:2 >2047:22
  groups killed ............ 0 small
  faces killed ............. 0 stretch + 1875 chart + 0 group
==========================

=== OVERLAP FIX ===
  charts .................. 697
  welded groups ........... 62 (largest 54 charts)
  authentic weld edges .... 1011
  faces killed (total) .... 1875 / 179300

  -- is the error a whole number of turns? --
  weld |du/circ - round| .. <0.05:820 0.15:90 0.25:55 0.35:22 more:24  (81.1% clean)
  welds off by >=1 wrap ... 123 / 1011
  phase |turn - round| ..... <0.05:1011 0.15:0 0.25:0 0.35:0 more:0  (100.0% clean)
  nonzero phase targets .... 192 / 1011
  trusted / untrusted ..... 0 / 0 (+0 over the wrap cap)
  wrap range .............. 0 .. 0

  -- gauge reconciliation --
  charts wind-corrected ... 0 / 697
  gauge islands ........... 0 (tree 0, cycle 0)
  cycle consistent ........ 0
  cycle INCONSISTENT ...... 0  (holonomy; no gauge can fix these)

  -- overlap --
  cross-group ............. 300969 raw -> 300969 post-wind -> 259491 final
  intra-group ............. 58037 raw -> 58037 post-wind
  intra |dr|/pitch ........ ~0:2460 ~0.5:5483 ~1:4164 ~1.5:7233 ~2:9583 >2.5:29114
    (~0..0.5 = folds no gauge fixes; ~1+ = wrong-wrap, re-gauge CAN fix)
  groups overlapping ...... 33 -> 33
  settled / shifted ....... 61 / 1
  parked / stuck .......... 0 / 0
  time .................... 2.13s
===================

=== TABU RE-GAUGE ===
  depth span .............. +/-4 wraps, tenure 40
  field ladder ............ -0.988262972 x 2pi*r per wind (0 pairs; FIXED)
  ladder u origin ......... -23892.392313154996
  iterations .............. 1 (canonical best at 1)
  moves ................... 0 chart + 1 group + 0 nbhd + 0 graded (of 9 eligible groups)
  phase-flat regions ...... 14 measured only
  phase lateral targets ... 218 trusted, 62 nonzero measured only
  energy (cell units) ..... 369258.4 -> 328326.8
  movable charts .......... 286 / 697
  charts moved ............ 17 / 697
  welds torn .............. 55 / 931 usable (+80 excluded)
  lateral pairs coupled ... 221 (torn 16)
  happy-family bonds ...... 11 (torn 0)
  state archive ........... 2 kept, 2 SAT-verified
  exact winner ............ #1 at iter 1, score 328326.8
  hash rebuilds ........... 0
  cross after (exact) ..... 259491 pairs
  intra after (exact) ..... 57644 pairs
  intra |dr|/pitch after .. ~0:2366 ~0.5:5228 ~1:4120 ~1.5:7233 ~2:9583 >2.5:29114
=====================
  exact workload .......... 1084784 queries; 1065130 AABB rejects; 16958 cache hits / 2696 misses (2696 entries); 978173 SAT tests
[tiled_atlas] sweep 1/1, tile 5/49 z00_y00_x12, loaded=80
[overlap_fix] active core: disabling tile-local pre-wind so the halo remains frozen
[overlap_fix] production preset: large-grid bounded
[overlap_fix] large-input guard: 80 cubes/150732 faces; tabu_iters=1 rounds=1 (pass --tabu-iters N to override)
[overlap_fix] active core: z[4352,4864) y[2048,2432) x[3072,3456); loaded complement is fixed halo
[overlap_fix] 80 cubes, 88408 vertices, 150732 faces, pitch=8.027
[overlap_fix]   label charts               t=0.0s
[overlap_fix]   build neighbours           t=0.0s
[overlap_fix]   label groups               t=0.2s
[overlap_fix]   uv index: raw              t=0.2s
[overlap_fix]   uv index: before           t=0.2s
[overlap_fix]   scan: raw                  t=0.3s
[overlap_fix]     scan 100000/150732 faces, 62784 pairs, 0.1s (1112018 faces/s)
[overlap_fix]   scan: before               t=0.5s
[overlap_fix]     scan 100000/150732 faces, 62784 pairs, 0.1s (1189890 faces/s)
[overlap_fix]   tabu place                 t=0.6s
[overlap_fix]     exact potential graph: 13761 pairs (6.4445% dense), 8 v bins
[overlap_fix]     tabu iter 1/1, best e=102184.2 @0, 0 moves, t=0.7s (0.68 s/iter)
[overlap_fix]     scan 100000/150732 faces, 62784 pairs, 0.1s (1157489 faces/s)
[overlap_fix]     scan 100000/150732 faces, 52181 pairs, 0.1s (1238628 faces/s)
[overlap_fix]   scan: after                t=1.2s
[overlap_fix]     scan 100000/150732 faces, 52181 pairs, 0.1s (1188907 faces/s)
[overlap_fix]   group 13: shifted, 26 charts, r=1152.8 (spread 349.2), wraps=0 du=0.0 dv=0.0, overlap 15847 -> 1704

=== PREFIT COMPONENT CULL ===
  charts before / after ... 675 / 654
  size hist (faces) ........ 1:5 2-3:4 4-7:3 8-15:0 16-31:11 32-63:28 64-127:156 128-255:179 256-511:287 512+:2
  max Sander QC hist ....... <=2:648 <=4:9 <=8:3 <=16:3 <=32:0 <=64:1 <=128:1 <=256:2 >256:8
  charts killed ............ 10 small, 11 projected-degenerate
  welded groups before/after 53 / 53
  group size hist .......... <=1:0 <=3:0 <=7:1 <=15:0 <=31:5 <=63:2 <=127:11 <=255:6 <=511:4 <=1023:2 <=2047:2 >2047:20
  groups killed ............ 0 small
  faces killed ............. 0 stretch + 2155 chart + 0 group
==========================

=== OVERLAP FIX ===
  charts .................. 654
  welded groups ........... 53 (largest 117 charts)
  authentic weld edges .... 947
  faces killed (total) .... 2155 / 150732

  -- is the error a whole number of turns? --
  weld |du/circ - round| .. <0.05:762 0.15:67 0.25:61 0.35:24 more:33  (80.5% clean)
  welds off by >=1 wrap ... 144 / 947
  phase |turn - round| ..... <0.05:947 0.15:0 0.25:0 0.35:0 more:0  (100.0% clean)
  nonzero phase targets .... 230 / 947
  trusted / untrusted ..... 0 / 0 (+0 over the wrap cap)
  wrap range .............. 0 .. 0

  -- gauge reconciliation --
  charts wind-corrected ... 0 / 654
  gauge islands ........... 0 (tree 0, cycle 0)
  cycle consistent ........ 0
  cycle INCONSISTENT ...... 0  (holonomy; no gauge can fix these)

  -- overlap --
  cross-group ............. 46287 raw -> 46287 post-wind -> 32144 final
  intra-group ............. 51554 raw -> 51554 post-wind
  intra |dr|/pitch ........ ~0:807 ~0.5:3932 ~1:2926 ~1.5:3115 ~2:4848 >2.5:35926
    (~0..0.5 = folds no gauge fixes; ~1+ = wrong-wrap, re-gauge CAN fix)
  groups overlapping ...... 32 -> 32
  settled / shifted ....... 52 / 1
  parked / stuck .......... 0 / 0
  time .................... 1.51s
===================

=== TABU RE-GAUGE ===
  depth span .............. +/-4 wraps, tenure 40
  field ladder ............ -0.988262972 x 2pi*r per wind (0 pairs; FIXED)
  ladder u origin ......... -23892.392313154996
  iterations .............. 1 (canonical best at 1)
  moves ................... 0 chart + 1 group + 0 nbhd + 0 graded (of 4 eligible groups)
  phase-flat regions ...... 8 measured only
  phase lateral targets ... 101 trusted, 10 nonzero measured only
  energy (cell units) ..... 102184.2 -> 88233.7
  movable charts .......... 295 / 654
  charts moved ............ 17 / 654
  welds torn .............. 23 / 817 usable (+130 excluded)
  lateral pairs coupled ... 101 (torn 7)
  happy-family bonds ...... 13 (torn 0)
  state archive ........... 2 kept, 2 SAT-verified
  exact winner ............ #1 at iter 1, score 88233.7
  hash rebuilds ........... 0
  cross after (exact) ..... 32144 pairs
  intra after (exact) ..... 51276 pairs
  intra |dr|/pitch after .. ~0:777 ~0.5:3756 ~1:2854 ~1.5:3115 ~2:4848 >2.5:35926
=====================
  exact workload .......... 506323 queries; 492488 AABB rejects; 11533 cache hits / 2302 misses (2302 entries); 603860 SAT tests
[tiled_atlas] sweep 1/1, tile 6/49 z00_y00_x15, loaded=80
[overlap_fix] active core: disabling tile-local pre-wind so the halo remains frozen
[overlap_fix] production preset: large-grid bounded
[overlap_fix] large-input guard: 80 cubes/151037 faces; tabu_iters=1 rounds=1 (pass --tabu-iters N to override)
[overlap_fix] active core: z[4352,4864) y[2048,2432) x[3456,3840); loaded complement is fixed halo
[overlap_fix] 80 cubes, 87992 vertices, 151037 faces, pitch=8.027
[overlap_fix]   label charts               t=0.0s
[overlap_fix]   build neighbours           t=0.0s
[overlap_fix]   label groups               t=0.2s
[overlap_fix]   uv index: raw              t=0.2s
[overlap_fix]   uv index: before           t=0.2s
[overlap_fix]   scan: raw                  t=0.3s
[overlap_fix]     scan 100000/151037 faces, 21321 pairs, 0.1s (1200920 faces/s)
[overlap_fix]   scan: before               t=0.5s
[overlap_fix]     scan 100000/151037 faces, 21321 pairs, 0.1s (1194742 faces/s)
[overlap_fix]   tabu place                 t=0.6s
[overlap_fix]     exact potential graph: 9858 pairs (5.0554% dense), 8 v bins
[overlap_fix]     tabu iter 1/1, best e=32015.6 @0, 0 moves, t=0.7s (0.67 s/iter)
[overlap_fix]     scan 100000/151037 faces, 21321 pairs, 0.1s (1234685 faces/s)
[overlap_fix]     scan 100000/151037 faces, 14396 pairs, 0.1s (1340236 faces/s)
[overlap_fix]   scan: after                t=1.2s
[overlap_fix]     scan 100000/151037 faces, 14396 pairs, 0.1s (1275849 faces/s)
[overlap_fix]   group 21: shifted, 31 charts, r=1317.3 (spread 382.2), wraps=0 du=0.0 dv=0.0, overlap 12522 -> 0

=== PREFIT COMPONENT CULL ===
  charts before / after ... 638 / 625
  size hist (faces) ........ 1:3 2-3:3 4-7:3 8-15:1 16-31:2 32-63:28 64-127:148 128-255:160 256-511:285 512+:5
  max Sander QC hist ....... <=2:623 <=4:5 <=8:2 <=16:1 <=32:0 <=64:1 <=128:0 <=256:0 >256:6
  charts killed ............ 7 small, 6 projected-degenerate
  welded groups before/after 47 / 47
  group size hist .......... <=1:0 <=3:0 <=7:0 <=15:1 <=31:0 <=63:4 <=127:11 <=255:3 <=511:2 <=1023:3 <=2047:2 >2047:21
  groups killed ............ 0 small
  faces killed ............. 0 stretch + 1370 chart + 0 group
==========================

=== OVERLAP FIX ===
  charts .................. 625
  welded groups ........... 47 (largest 63 charts)
  authentic weld edges .... 912
  faces killed (total) .... 1370 / 151037

  -- is the error a whole number of turns? --
  weld |du/circ - round| .. <0.05:744 0.15:53 0.25:45 0.35:29 more:41  (81.6% clean)
  welds off by >=1 wrap ... 127 / 912
  phase |turn - round| ..... <0.05:912 0.15:0 0.25:0 0.35:0 more:0  (100.0% clean)
  nonzero phase targets .... 184 / 912
  trusted / untrusted ..... 0 / 0 (+0 over the wrap cap)
  wrap range .............. 0 .. 0

  -- gauge reconciliation --
  charts wind-corrected ... 0 / 625
  gauge islands ........... 0 (tree 0, cycle 0)
  cycle consistent ........ 0
  cycle INCONSISTENT ...... 0  (holonomy; no gauge can fix these)

  -- overlap --
  cross-group ............. 18976 raw -> 18976 post-wind -> 6454 final
  intra-group ............. 10345 raw -> 10345 post-wind
  intra |dr|/pitch ........ ~0:753 ~0.5:3519 ~1:2014 ~1.5:684 ~2:632 >2.5:2743
    (~0..0.5 = folds no gauge fixes; ~1+ = wrong-wrap, re-gauge CAN fix)
  groups overlapping ...... 23 -> 22
  settled / shifted ....... 46 / 1
  parked / stuck .......... 0 / 0
  time .................... 1.46s
===================

=== TABU RE-GAUGE ===
  depth span .............. +/-4 wraps, tenure 40
  field ladder ............ -0.988262972 x 2pi*r per wind (0 pairs; FIXED)
  ladder u origin ......... -23892.392313154996
  iterations .............. 1 (canonical best at 1)
  moves ................... 0 chart + 1 group + 0 nbhd + 0 graded (of 5 eligible groups)
  phase-flat regions ...... 10 measured only
  phase lateral targets ... 41 trusted, 1 nonzero measured only
  energy (cell units) ..... 32015.6 -> 19830.8
  movable charts .......... 270 / 625
  charts moved ............ 14 / 625
  welds torn .............. 11 / 777 usable (+135 excluded)
  lateral pairs coupled ... 41 (torn 2)
  happy-family bonds ...... 4 (torn 0)
  state archive ........... 2 kept, 2 SAT-verified
  exact winner ............ #1 at iter 1, score 19830.8
  hash rebuilds ........... 0
  cross after (exact) ..... 6454 pairs
  intra after (exact) ..... 10205 pairs
  intra |dr|/pitch after .. ~0:730 ~0.5:3439 ~1:1981 ~1.5:680 ~2:632 >2.5:2743
=====================
  exact workload .......... 302198 queries; 292383 AABB rejects; 7935 cache hits / 1880 misses (1880 entries); 435087 SAT tests
[tiled_atlas] sweep 1/1, tile 7/49 z00_y00_x18, loaded=64
[overlap_fix] active core: disabling tile-local pre-wind so the halo remains frozen
[overlap_fix] production preset: large-grid bounded
[overlap_fix] large-input guard: 64 cubes/142401 faces; tabu_iters=1 rounds=1 (pass --tabu-iters N to override)
[overlap_fix] active core: z[4352,4864) y[2048,2432) x[3840,4224); loaded complement is fixed halo
[overlap_fix] 64 cubes, 81791 vertices, 142401 faces, pitch=8.027
[overlap_fix]   label charts               t=0.0s
[overlap_fix]   build neighbours           t=0.0s
[overlap_fix]   label groups               t=0.2s
[overlap_fix]   uv index: raw              t=0.2s
[overlap_fix]   uv index: before           t=0.2s
[overlap_fix]   scan: raw                  t=0.2s
[overlap_fix]     scan 100000/142401 faces, 32723 pairs, 0.1s (1273572 faces/s)
[overlap_fix]   scan: before               t=0.4s
[overlap_fix]     scan 100000/142401 faces, 32723 pairs, 0.1s (1285289 faces/s)
[overlap_fix]   tabu place                 t=0.5s
[overlap_fix]     exact potential graph: 6874 pairs (5.0166% dense), 8 v bins
[overlap_fix]     tabu iter 1/1, best e=39594.1 @0, 0 moves, t=0.6s (0.60 s/iter)
[overlap_fix]     scan 100000/142401 faces, 32723 pairs, 0.1s (1316080 faces/s)
[overlap_fix]     scan 100000/142401 faces, 21945 pairs, 0.1s (1345855 faces/s)
[overlap_fix]   scan: after                t=1.1s
[overlap_fix]     scan 100000/142401 faces, 21945 pairs, 0.1s (1342590 faces/s)
[overlap_fix]   group 12: shifted, 16 charts, r=1790.7 (spread 188.5), wraps=0 du=0.0 dv=0.0, overlap 12682 -> 0

=== PREFIT COMPONENT CULL ===
  charts before / after ... 537 / 524
  size hist (faces) ........ 1:3 2-3:2 4-7:1 8-15:1 16-31:4 32-63:9 64-127:147 128-255:90 256-511:272 512+:8
  max Sander QC hist ....... <=2:518 <=4:6 <=8:3 <=16:1 <=32:1 <=64:1 <=128:1 <=256:0 >256:6
  charts killed ............ 6 small, 7 projected-degenerate
  welded groups before/after 46 / 46
  group size hist .......... <=1:0 <=3:0 <=7:0 <=15:1 <=31:4 <=63:3 <=127:6 <=255:4 <=511:2 <=1023:1 <=2047:3 >2047:22
  groups killed ............ 0 small
  faces killed ............. 0 stretch + 2038 chart + 0 group
==========================

=== OVERLAP FIX ===
  charts .................. 524
  welded groups ........... 46 (largest 39 charts)
  authentic weld edges .... 737
  faces killed (total) .... 2038 / 142401

  -- is the error a whole number of turns? --
  weld |du/circ - round| .. <0.05:699 0.15:16 0.25:10 0.35:6 more:6  (94.8% clean)
  welds off by >=1 wrap ... 22 / 737
  phase |turn - round| ..... <0.05:737 0.15:0 0.25:0 0.35:0 more:0  (100.0% clean)
  nonzero phase targets .... 37 / 737
  trusted / untrusted ..... 0 / 0 (+0 over the wrap cap)
  wrap range .............. 0 .. 0

  -- gauge reconciliation --
  charts wind-corrected ... 0 / 524
  gauge islands ........... 0 (tree 0, cycle 0)
  cycle consistent ........ 0
  cycle INCONSISTENT ...... 0  (holonomy; no gauge can fix these)

  -- overlap --
  cross-group ............. 24323 raw -> 24323 post-wind -> 11641 final
  intra-group ............. 12885 raw -> 12885 post-wind
  intra |dr|/pitch ........ ~0:1477 ~0.5:5712 ~1:2263 ~1.5:1211 ~2:1655 >2.5:567
    (~0..0.5 = folds no gauge fixes; ~1+ = wrong-wrap, re-gauge CAN fix)
  groups overlapping ...... 18 -> 15
  settled / shifted ....... 45 / 1
  parked / stuck .......... 0 / 0
  time .................... 1.34s
===================

=== TABU RE-GAUGE ===
  depth span .............. +/-4 wraps, tenure 40
  field ladder ............ -0.988262972 x 2pi*r per wind (0 pairs; FIXED)
  ladder u origin ......... -23892.392313154996
  iterations .............. 1 (canonical best at 1)
  moves ................... 0 chart + 1 group + 0 nbhd + 0 graded (of 15 eligible groups)
  phase-flat regions ...... 23 measured only
  phase lateral targets ... 60 trusted, 0 nonzero measured only
  energy (cell units) ..... 39594.1 -> 27059.3
  movable charts .......... 317 / 524
  charts moved ............ 16 / 524
  welds torn .............. 5 / 713 usable (+24 excluded)
  lateral pairs coupled ... 60 (torn 4)
  happy-family bonds ...... 28 (torn 0)
  state archive ........... 2 kept, 2 SAT-verified
  exact winner ............ #1 at iter 1, score 27059.3
  hash rebuilds ........... 0
  cross after (exact) ..... 11641 pairs
  intra after (exact) ..... 12768 pairs
  intra |dr|/pitch after .. ~0:1457 ~0.5:5638 ~1:2256 ~1.5:1198 ~2:1652 >2.5:567
=====================
  exact workload .......... 293230 queries; 278569 AABB rejects; 12001 cache hits / 2660 misses (2660 entries); 490067 SAT tests
[tiled_atlas] sweep 1/1, tile 8/49 z00_y03_x00, loaded=80
[overlap_fix] active core: disabling tile-local pre-wind so the halo remains frozen
[overlap_fix] production preset: large-grid bounded
[overlap_fix] large-input guard: 80 cubes/268438 faces; tabu_iters=1 rounds=1 (pass --tabu-iters N to override)
[overlap_fix] active core: z[4352,4864) y[2432,2816) x[1536,1920); loaded complement is fixed halo
[overlap_fix] 80 cubes, 186098 vertices, 268438 faces, pitch=8.027
[overlap_fix]   label charts               t=0.0s
[overlap_fix]   build neighbours           t=0.0s
[overlap_fix]   label groups               t=0.4s
[overlap_fix]   uv index: raw              t=0.4s
[overlap_fix]   uv index: before           t=0.4s
[overlap_fix]   scan: raw                  t=0.5s
[overlap_fix]     scan 100000/268438 faces, 693522 pairs, 0.2s (441223 faces/s)
[overlap_fix]     scan 200000/268438 faces, 1375555 pairs, 0.4s (447449 faces/s)
[overlap_fix]   scan: before               t=1.3s
[overlap_fix]     scan 100000/268438 faces, 693522 pairs, 0.2s (457554 faces/s)
[overlap_fix]     scan 200000/268438 faces, 1375555 pairs, 0.4s (459560 faces/s)
[overlap_fix]   tabu place                 t=1.9s
[overlap_fix]     exact potential graph: 124984 pairs (5.4405% dense), 8 v bins
[overlap_fix]     tabu iter 1/1, best e=1930375.2 @0, 0 moves, t=2.2s (2.18 s/iter)
[overlap_fix]     scan 100000/268438 faces, 693522 pairs, 0.3s (394071 faces/s)
[overlap_fix]     scan 200000/268438 faces, 1375555 pairs, 0.5s (396442 faces/s)
[overlap_fix]     scan 100000/268438 faces, 659799 pairs, 0.2s (407533 faces/s)
[overlap_fix]     scan 200000/268438 faces, 1301250 pairs, 0.5s (407686 faces/s)
[overlap_fix]   scan: after                t=5.0s
[overlap_fix]     scan 100000/268438 faces, 659799 pairs, 0.3s (395010 faces/s)
[overlap_fix]     scan 200000/268438 faces, 1301250 pairs, 0.5s (393555 faces/s)
[overlap_fix]   group 69: shifted, 216 charts, r=1274.2 (spread 219.7), wraps=0 du=0.0 dv=0.0, overlap 201381 -> 125758

=== PREFIT COMPONENT CULL ===
  charts before / after ... 2656 / 2144
  size hist (faces) ........ 1:96 2-3:124 4-7:122 8-15:144 16-31:305 32-63:428 64-127:765 128-255:353 256-511:306 512+:13
  max Sander QC hist ....... <=2:1755 <=4:297 <=8:154 <=16:121 <=32:83 <=64:66 <=128:55 <=256:38 >256:87
  charts killed ............ 320 small, 202 projected-degenerate
  welded groups before/after 746 / 746
  group size hist .......... <=1:0 <=3:0 <=7:17 <=15:89 <=31:203 <=63:157 <=127:186 <=255:52 <=511:30 <=1023:4 <=2047:2 >2047:6
  groups killed ............ 0 small
  faces killed ............. 110 stretch + 15332 chart + 0 group
==========================

=== OVERLAP FIX ===
  charts .................. 2144
  welded groups ........... 746 (largest 736 charts)
  authentic weld edges .... 1953
  faces killed (total) .... 15442 / 268438

  -- is the error a whole number of turns? --
  weld |du/circ - round| .. <0.05:1802 0.15:96 0.25:32 0.35:15 more:8  (92.3% clean)
  welds off by >=1 wrap ... 162 / 1953
  phase |turn - round| ..... <0.05:1953 0.15:0 0.25:0 0.35:0 more:0  (100.0% clean)
  nonzero phase targets .... 130 / 1953
  trusted / untrusted ..... 0 / 0 (+0 over the wrap cap)
  wrap range .............. 0 .. 0

  -- gauge reconciliation --
  charts wind-corrected ... 0 / 2144
  gauge islands ........... 0 (tree 0, cycle 0)
  cycle consistent ........ 0
  cycle INCONSISTENT ...... 0  (holonomy; no gauge can fix these)

  -- overlap --
  cross-group ............. 505374 raw -> 505374 post-wind -> 429751 final
  intra-group ............. 1410004 raw -> 1410004 post-wind
  intra |dr|/pitch ........ ~0:17416 ~0.5:27825 ~1:53166 ~1.5:135776 ~2:236078 >2.5:939743
    (~0..0.5 = folds no gauge fixes; ~1+ = wrong-wrap, re-gauge CAN fix)
  groups overlapping ...... 321 -> 320
  settled / shifted ....... 745 / 1
  parked / stuck .......... 0 / 0
  time .................... 6.24s
===================

=== TABU RE-GAUGE ===
  depth span .............. +/-4 wraps, tenure 40
  field ladder ............ -0.988262972 x 2pi*r per wind (0 pairs; FIXED)
  ladder u origin ......... -23892.392313154996
  iterations .............. 1 (canonical best at 1)
  moves ................... 0 chart + 1 group + 0 nbhd + 0 graded (of 5 eligible groups)
  phase-flat regions ...... 41 measured only
  phase lateral targets ... 5877 trusted, 536 nonzero measured only
  energy (cell units) ..... 1930375.2 -> 1850376.1
  movable charts .......... 999 / 2144
  charts moved ............ 98 / 2144
  welds torn .............. 191 / 1916 usable (+37 excluded)
  lateral pairs coupled ... 5880 (torn 634)
  happy-family bonds ...... 61 (torn 0)
  state archive ........... 2 kept, 2 SAT-verified
  exact winner ............ #1 at iter 1, score 1850376.1
  hash rebuilds ........... 0
  cross after (exact) ..... 429751 pairs
  intra after (exact) ..... 1382851 pairs
  intra |dr|/pitch after .. ~0:15950 ~0.5:25988 ~1:50881 ~1.5:133535 ~2:232156 >2.5:924341
=====================
  exact workload .......... 3550664 queries; 3364451 AABB rejects; 148611 cache hits / 37602 misses (37602 entries); 13356754 SAT tests
[tiled_atlas] sweep 1/1, tile 9/49 z00_y03_x03, loaded=100
[overlap_fix] active core: disabling tile-local pre-wind so the halo remains frozen
[overlap_fix] production preset: large-grid bounded
[overlap_fix] large-input guard: 100 cubes/370564 faces; tabu_iters=1 rounds=1 (pass --tabu-iters N to override)
[overlap_fix] active core: z[4352,4864) y[2432,2816) x[1920,2304); loaded complement is fixed halo
[overlap_fix] 100 cubes, 249202 vertices, 370564 faces, pitch=8.027
[overlap_fix]   label charts               t=0.0s
[overlap_fix]   build neighbours           t=0.0s
[overlap_fix]   label groups               t=0.5s
[overlap_fix]   uv index: raw              t=0.5s
[overlap_fix]   uv index: before           t=0.5s
[overlap_fix]   scan: raw                  t=0.7s
[overlap_fix]     scan 100000/370564 faces, 720180 pairs, 0.2s (442211 faces/s)
[overlap_fix]     scan 200000/370564 faces, 1461205 pairs, 0.5s (441496 faces/s)
[overlap_fix]     scan 300000/370564 faces, 2236048 pairs, 0.7s (433341 faces/s)
[overlap_fix]   scan: before               t=1.8s
[overlap_fix]     scan 100000/370564 faces, 720180 pairs, 0.2s (435193 faces/s)
[overlap_fix]     scan 200000/370564 faces, 1461205 pairs, 0.5s (434311 faces/s)
[overlap_fix]     scan 300000/370564 faces, 2236048 pairs, 0.7s (425755 faces/s)
[overlap_fix]   tabu place                 t=2.7s
[overlap_fix]     exact potential graph: 320298 pairs (8.5733% dense), 8 v bins
[overlap_fix]     tabu iter 1/1, best e=2794619.5 @0, 0 moves, t=3.3s (3.30 s/iter)
[overlap_fix]     scan 100000/370564 faces, 720180 pairs, 0.3s (362967 faces/s)
[overlap_fix]     scan 200000/370564 faces, 1461205 pairs, 0.6s (352439 faces/s)
[overlap_fix]     scan 300000/370564 faces, 2236048 pairs, 0.8s (355240 faces/s)
[overlap_fix]     scan 100000/370564 faces, 560415 pairs, 0.2s (443957 faces/s)
[overlap_fix]     scan 200000/370564 faces, 1108473 pairs, 0.4s (457451 faces/s)
[overlap_fix]     scan 300000/370564 faces, 1666386 pairs, 0.7s (452225 faces/s)
[overlap_fix]   scan: after                t=7.1s
[overlap_fix]     scan 100000/370564 faces, 560415 pairs, 0.2s (434521 faces/s)
[overlap_fix]     scan 200000/370564 faces, 1108473 pairs, 0.5s (440328 faces/s)
[overlap_fix]     scan 300000/370564 faces, 1666386 pairs, 0.7s (441208 faces/s)
[overlap_fix]   group 30: shifted, 1478 charts, r=1087.8 (spread 600.4), wraps=0 du=0.0 dv=0.0, overlap 137978 -> 80172

=== PREFIT COMPONENT CULL ===
  charts before / after ... 3257 / 2734
  size hist (faces) ........ 1:93 2-3:126 4-7:122 8-15:165 16-31:351 32-63:483 64-127:987 128-255:462 256-511:445 512+:23
  max Sander QC hist ....... <=2:2236 <=4:363 <=8:172 <=16:123 <=32:91 <=64:86 <=128:63 <=256:40 >256:83
  charts killed ............ 322 small, 210 projected-degenerate
  welded groups before/after 850 / 850
  group size hist .......... <=1:0 <=3:0 <=7:16 <=15:99 <=31:243 <=63:171 <=127:203 <=255:70 <=511:31 <=1023:4 <=2047:4 >2047:9
  groups killed ............ 0 small
  faces killed ............. 152 stretch + 16865 chart + 0 group
==========================

=== OVERLAP FIX ===
  charts .................. 2734
  welded groups ........... 850 (largest 1478 charts)
  authentic weld edges .... 2718
  faces killed (total) .... 17017 / 370564

  -- is the error a whole number of turns? --
  weld |du/circ - round| .. <0.05:2288 0.15:208 0.25:115 0.35:41 more:66  (84.2% clean)
  welds off by >=1 wrap ... 350 / 2718
  phase |turn - round| ..... <0.05:2718 0.15:0 0.25:0 0.35:0 more:0  (100.0% clean)
  nonzero phase targets .... 310 / 2718
  trusted / untrusted ..... 0 / 0 (+0 over the wrap cap)
  wrap range .............. 0 .. 0

  -- gauge reconciliation --
  charts wind-corrected ... 0 / 2734
  gauge islands ........... 0 (tree 0, cycle 0)
  cycle consistent ........ 0
  cycle INCONSISTENT ...... 0  (holonomy; no gauge can fix these)

  -- overlap --
  cross-group ............. 223597 raw -> 223597 post-wind -> 165791 final
  intra-group ............. 2547408 raw -> 2547408 post-wind
  intra |dr|/pitch ........ ~0:34712 ~0.5:62513 ~1:101987 ~1.5:207713 ~2:300643 >2.5:1839840
    (~0..0.5 = folds no gauge fixes; ~1+ = wrong-wrap, re-gauge CAN fix)
  groups overlapping ...... 333 -> 334
  settled / shifted ....... 849 / 1
  parked / stuck .......... 0 / 0
  time .................... 8.69s
===================

=== TABU RE-GAUGE ===
  depth span .............. +/-4 wraps, tenure 40
  field ladder ............ -0.988262972 x 2pi*r per wind (0 pairs; FIXED)
  ladder u origin ......... -23892.392313154996
  iterations .............. 1 (canonical best at 1)
  moves ................... 0 chart + 1 group + 0 nbhd + 0 graded (of 9 eligible groups)
  phase-flat regions ...... 56 measured only
  phase lateral targets ... 4555 trusted, 295 nonzero measured only
  energy (cell units) ..... 2794619.5 -> 2144329.2
  movable charts .......... 1034 / 2734
  charts moved ............ 693 / 2734
  welds torn .............. 528 / 2580 usable (+138 excluded)
  lateral pairs coupled ... 4699 (torn 926)
  happy-family bonds ...... 151 (torn 0)
  state archive ........... 2 kept, 2 SAT-verified
  exact winner ............ #1 at iter 1, score 2144329.2
  hash rebuilds ........... 0
  cross after (exact) ..... 165791 pairs
  intra after (exact) ..... 1866409 pairs
  intra |dr|/pitch after .. ~0:21309 ~0.5:40801 ~1:80256 ~1.5:183981 ~2:267456 >2.5:1272606
=====================
  exact workload .......... 8978894 queries; 8752400 AABB rejects; 183262 cache hits / 43232 misses (43232 entries); 15660210 SAT tests
[tiled_atlas] sweep 1/1, tile 10/49 z00_y03_x06, loaded=100
[overlap_fix] active core: disabling tile-local pre-wind so the halo remains frozen
[overlap_fix] production preset: large-grid bounded
[overlap_fix] large-input guard: 100 cubes/301687 faces; tabu_iters=1 rounds=1 (pass --tabu-iters N to override)
[overlap_fix] active core: z[4352,4864) y[2432,2816) x[2304,2688); loaded complement is fixed halo
[overlap_fix] 100 cubes, 185186 vertices, 301687 faces, pitch=8.027
[overlap_fix]   label charts               t=0.0s
[overlap_fix]   build neighbours           t=0.0s
[overlap_fix]   label groups               t=0.4s
[overlap_fix]   uv index: raw              t=0.4s
[overlap_fix]   uv index: before           t=0.4s
[overlap_fix]   scan: raw                  t=0.6s
[overlap_fix]     scan 100000/301687 faces, 437224 pairs, 0.2s (619110 faces/s)
[overlap_fix]     scan 200000/301687 faces, 922016 pairs, 0.3s (595991 faces/s)
[overlap_fix]     scan 300000/301687 faces, 1327003 pairs, 0.5s (604970 faces/s)
[overlap_fix]   scan: before               t=1.2s
[overlap_fix]     scan 100000/301687 faces, 437224 pairs, 0.2s (591915 faces/s)
[overlap_fix]     scan 200000/301687 faces, 922016 pairs, 0.4s (553191 faces/s)
[overlap_fix]     scan 300000/301687 faces, 1327003 pairs, 0.5s (545608 faces/s)
[overlap_fix]   tabu place                 t=1.8s
[overlap_fix]     exact potential graph: 119101 pairs (9.6699% dense), 8 v bins
[overlap_fix]     tabu iter 1/1, best e=1348047.4 @0, 0 moves, t=2.1s (2.15 s/iter)
[overlap_fix]     scan 100000/301687 faces, 437224 pairs, 0.2s (535843 faces/s)
[overlap_fix]     scan 200000/301687 faces, 922016 pairs, 0.4s (513494 faces/s)
[overlap_fix]     scan 300000/301687 faces, 1327003 pairs, 0.6s (518651 faces/s)
[overlap_fix]     scan 100000/301687 faces, 375316 pairs, 0.2s (549541 faces/s)
[overlap_fix]     scan 200000/301687 faces, 762240 pairs, 0.4s (542533 faces/s)
[overlap_fix]     scan 300000/301687 faces, 1108051 pairs, 0.5s (551110 faces/s)
[overlap_fix]   scan: after                t=4.6s
[overlap_fix]     scan 100000/301687 faces, 375316 pairs, 0.2s (488082 faces/s)
[overlap_fix]     scan 200000/301687 faces, 762240 pairs, 0.4s (518904 faces/s)
[overlap_fix]     scan 300000/301687 faces, 1108051 pairs, 0.6s (540431 faces/s)
[overlap_fix]   group 31: shifted, 678 charts, r=966.3 (spread 428.2), wraps=0 du=0.0 dv=0.0, overlap 154022 -> 67411

=== PREFIT COMPONENT CULL ===
  charts before / after ... 1762 / 1570
  size hist (faces) ........ 1:43 2-3:47 4-7:39 8-15:57 16-31:114 32-63:187 64-127:501 128-255:263 256-511:496 512+:15
  max Sander QC hist ....... <=2:1402 <=4:142 <=8:63 <=16:38 <=32:24 <=64:34 <=128:27 <=256:10 >256:22
  charts killed ............ 126 small, 68 projected-degenerate
  welded groups before/after 320 / 320
  group size hist .......... <=1:0 <=3:0 <=7:2 <=15:32 <=31:79 <=63:64 <=127:80 <=255:29 <=511:14 <=1023:4 <=2047:2 >2047:14
  groups killed ............ 0 small
  faces killed ............. 53 stretch + 6690 chart + 0 group
==========================

=== OVERLAP FIX ===
  charts .................. 1570
  welded groups ........... 320 (largest 678 charts)
  authentic weld edges .... 1886
  faces killed (total) .... 6743 / 301687

  -- is the error a whole number of turns? --
  weld |du/circ - round| .. <0.05:1478 0.15:134 0.25:109 0.35:60 more:105  (78.4% clean)
  welds off by >=1 wrap ... 331 / 1886
  phase |turn - round| ..... <0.05:1886 0.15:0 0.25:0 0.35:0 more:0  (100.0% clean)
  nonzero phase targets .... 211 / 1886
  trusted / untrusted ..... 0 / 0 (+0 over the wrap cap)
  wrap range .............. 0 .. 0

  -- gauge reconciliation --
  charts wind-corrected ... 0 / 1570
  gauge islands ........... 0 (tree 0, cycle 0)
  cycle consistent ........ 0
  cycle INCONSISTENT ...... 0  (holonomy; no gauge can fix these)

  -- overlap --
  cross-group ............. 257679 raw -> 257679 post-wind -> 171068 final
  intra-group ............. 1068658 raw -> 1068658 post-wind
  intra |dr|/pitch ........ ~0:20118 ~0.5:30885 ~1:62719 ~1.5:130066 ~2:174014 >2.5:650856
    (~0..0.5 = folds no gauge fixes; ~1+ = wrong-wrap, re-gauge CAN fix)
  groups overlapping ...... 116 -> 116
  settled / shifted ....... 319 / 1
  parked / stuck .......... 0 / 0
  time .................... 5.70s
===================

=== TABU RE-GAUGE ===
  depth span .............. +/-4 wraps, tenure 40
  field ladder ............ -0.988262972 x 2pi*r per wind (0 pairs; FIXED)
  ladder u origin ......... -23892.392313154996
  iterations .............. 1 (canonical best at 1)
  moves ................... 0 chart + 1 group + 0 nbhd + 0 graded (of 7 eligible groups)
  phase-flat regions ...... 35 measured only
  phase lateral targets ... 1381 trusted, 70 nonzero measured only
  energy (cell units) ..... 1348047.4 -> 1154085.6
  movable charts .......... 508 / 1570
  charts moved ............ 295 / 1570
  welds torn .............. 216 / 1699 usable (+187 excluded)
  lateral pairs coupled ... 1429 (torn 139)
  happy-family bonds ...... 210 (torn 0)
  state archive ........... 2 kept, 2 SAT-verified
  exact winner ............ #1 at iter 1, score 1154085.6
  hash rebuilds ........... 0
  cross after (exact) ..... 171068 pairs
  intra after (exact) ..... 936317 pairs
  intra |dr|/pitch after .. ~0:14853 ~0.5:23147 ~1:55750 ~1.5:124061 ~2:163784 >2.5:554722
=====================
  exact workload .......... 3206967 queries; 3127071 AABB rejects; 63425 cache hits / 16471 misses (16471 entries); 8802170 SAT tests
[tiled_atlas] sweep 1/1, tile 11/49 z00_y03_x09, loaded=100
[overlap_fix] active core: disabling tile-local pre-wind so the halo remains frozen
[overlap_fix] production preset: large-grid bounded
[overlap_fix] large-input guard: 100 cubes/240808 faces; tabu_iters=1 rounds=1 (pass --tabu-iters N to override)
[overlap_fix] active core: z[4352,4864) y[2432,2816) x[2688,3072); loaded complement is fixed halo
[overlap_fix] 100 cubes, 138865 vertices, 240808 faces, pitch=8.027
[overlap_fix]   label charts               t=0.0s
[overlap_fix]   build neighbours           t=0.0s
[overlap_fix]   label groups               t=0.3s
[overlap_fix]   uv index: raw              t=0.3s
[overlap_fix]   uv index: before           t=0.3s
[overlap_fix]   scan: raw                  t=0.4s
[overlap_fix]     scan 100000/240808 faces, 279381 pairs, 0.1s (786506 faces/s)
[overlap_fix]     scan 200000/240808 faces, 523593 pairs, 0.2s (803048 faces/s)
[overlap_fix]   scan: before               t=0.8s
[overlap_fix]     scan 100000/240808 faces, 279381 pairs, 0.1s (760023 faces/s)
[overlap_fix]     scan 200000/240808 faces, 523593 pairs, 0.3s (781038 faces/s)
[overlap_fix]   tabu place                 t=1.1s
[overlap_fix]     exact potential graph: 25783 pairs (6.3450% dense), 8 v bins
[overlap_fix]     tabu iter 1/1, best e=633499.4 @0, 0 moves, t=1.3s (1.32 s/iter)
[overlap_fix]     scan 100000/240808 faces, 279381 pairs, 0.1s (735928 faces/s)
[overlap_fix]     scan 200000/240808 faces, 523593 pairs, 0.3s (766657 faces/s)
[overlap_fix]     scan 100000/240808 faces, 191805 pairs, 0.1s (871569 faces/s)
[overlap_fix]     scan 200000/240808 faces, 376289 pairs, 0.2s (876186 faces/s)
[overlap_fix]   scan: after                t=2.4s
[overlap_fix]     scan 100000/240808 faces, 191805 pairs, 0.1s (774466 faces/s)
[overlap_fix]     scan 200000/240808 faces, 376289 pairs, 0.3s (759147 faces/s)
[overlap_fix]   group 23: shifted, 127 charts, r=689.2 (spread 337.4), wraps=0 du=0.0 dv=0.0, overlap 151302 -> 46500

=== PREFIT COMPONENT CULL ===
  charts before / after ... 929 / 902
  size hist (faces) ........ 1:9 2-3:5 4-7:5 8-15:7 16-31:15 32-63:22 64-127:221 128-255:182 256-511:452 512+:11
  max Sander QC hist ....... <=2:888 <=4:18 <=8:7 <=16:3 <=32:2 <=64:3 <=128:3 <=256:0 >256:5
  charts killed ............ 18 small, 9 projected-degenerate
  welded groups before/after 60 / 60
  group size hist .......... <=1:0 <=3:0 <=7:1 <=15:2 <=31:9 <=63:6 <=127:6 <=255:3 <=511:3 <=1023:2 <=2047:2 >2047:26
  groups killed ............ 0 small
  faces killed ............. 0 stretch + 1789 chart + 0 group
==========================

=== OVERLAP FIX ===
  charts .................. 902
  welded groups ........... 60 (largest 127 charts)
  authentic weld edges .... 1347
  faces killed (total) .... 1789 / 240808

  -- is the error a whole number of turns? --
  weld |du/circ - round| .. <0.05:1091 0.15:108 0.25:84 0.35:39 more:25  (81.0% clean)
  welds off by >=1 wrap ... 134 / 1347
  phase |turn - round| ..... <0.05:1347 0.15:0 0.25:0 0.35:0 more:0  (100.0% clean)
  nonzero phase targets .... 212 / 1347
  trusted / untrusted ..... 0 / 0 (+0 over the wrap cap)
  wrap range .............. 0 .. 0

  -- gauge reconciliation --
  charts wind-corrected ... 0 / 902
  gauge islands ........... 0 (tree 0, cycle 0)
  cycle consistent ........ 0
  cycle INCONSISTENT ...... 0  (holonomy; no gauge can fix these)

  -- overlap --
  cross-group ............. 370049 raw -> 370049 post-wind -> 265247 final
  intra-group ............. 252543 raw -> 252543 post-wind
  intra |dr|/pitch ........ ~0:7039 ~0.5:10697 ~1:16214 ~1.5:35073 ~2:45142 >2.5:138378
    (~0..0.5 = folds no gauge fixes; ~1+ = wrong-wrap, re-gauge CAN fix)
  groups overlapping ...... 30 -> 30
  settled / shifted ....... 59 / 1
  parked / stuck .......... 0 / 0
  time .................... 3.15s
===================

=== TABU RE-GAUGE ===
  depth span .............. +/-4 wraps, tenure 40
  field ladder ............ -0.988262972 x 2pi*r per wind (0 pairs; FIXED)
  ladder u origin ......... -23892.392313154996
  iterations .............. 1 (canonical best at 1)
  moves ................... 0 chart + 1 group + 0 nbhd + 0 graded (of 12 eligible groups)
  phase-flat regions ...... 12 measured only
  phase lateral targets ... 352 trusted, 78 nonzero measured only
  energy (cell units) ..... 633499.4 -> 464384.8
  movable charts .......... 358 / 902
  charts moved ............ 67 / 902
  welds torn .............. 85 / 1241 usable (+106 excluded)
  lateral pairs coupled ... 357 (torn 51)
  happy-family bonds ...... 19 (torn 0)
  state archive ........... 2 kept, 2 SAT-verified
  exact winner ............ #1 at iter 1, score 464384.8
  hash rebuilds ........... 0
  cross after (exact) ..... 265247 pairs
  intra after (exact) ..... 184629 pairs
  intra |dr|/pitch after .. ~0:5801 ~0.5:8542 ~1:14307 ~1.5:32475 ~2:40270 >2.5:83234
=====================
  exact workload .......... 892165 queries; 853405 AABB rejects; 33829 cache hits / 4931 misses (4931 entries); 2696819 SAT tests
[tiled_atlas] sweep 1/1, tile 12/49 z00_y03_x12, loaded=100
[overlap_fix] active core: disabling tile-local pre-wind so the halo remains frozen
[overlap_fix] production preset: large-grid bounded
[overlap_fix] large-input guard: 100 cubes/180208 faces; tabu_iters=1 rounds=1 (pass --tabu-iters N to override)
[overlap_fix] active core: z[4352,4864) y[2432,2816) x[3072,3456); loaded complement is fixed halo
[overlap_fix] 100 cubes, 107908 vertices, 180208 faces, pitch=8.027
[overlap_fix]   label charts               t=0.0s
[overlap_fix]   build neighbours           t=0.0s
[overlap_fix]   label groups               t=0.2s
[overlap_fix]   uv index: raw              t=0.2s
[overlap_fix]   uv index: before           t=0.2s
[overlap_fix]   scan: raw                  t=0.3s
[overlap_fix]     scan 100000/180208 faces, 78940 pairs, 0.1s (1156743 faces/s)
[overlap_fix]   scan: before               t=0.6s
[overlap_fix]     scan 100000/180208 faces, 78940 pairs, 0.1s (1120762 faces/s)
[overlap_fix]   tabu place                 t=0.7s
[overlap_fix]     exact potential graph: 13353 pairs (4.2522% dense), 8 v bins
[overlap_fix]     tabu iter 1/1, best e=162878.2 @0, 0 moves, t=0.8s (0.84 s/iter)
[overlap_fix]     scan 100000/180208 faces, 78940 pairs, 0.1s (1145006 faces/s)
[overlap_fix]     scan 100000/180208 faces, 66003 pairs, 0.1s (1196404 faces/s)
[overlap_fix]   scan: after                t=1.5s
[overlap_fix]     scan 100000/180208 faces, 66003 pairs, 0.1s (1160757 faces/s)
[overlap_fix]   group 18: shifted, 56 charts, r=869.6 (spread 458.4), wraps=0 du=0.0 dv=0.0, overlap 36776 -> 13965

=== PREFIT COMPONENT CULL ===
  charts before / after ... 822 / 793
  size hist (faces) ........ 1:10 2-3:7 4-7:11 8-15:4 16-31:13 32-63:33 64-127:176 128-255:239 256-511:328 512+:1
  max Sander QC hist ....... <=2:801 <=4:11 <=8:1 <=16:2 <=32:2 <=64:2 <=128:1 <=256:0 >256:2
  charts killed ............ 25 small, 4 projected-degenerate
  welded groups before/after 56 / 56
  group size hist .......... <=1:0 <=3:0 <=7:2 <=15:0 <=31:5 <=63:7 <=127:8 <=255:3 <=511:2 <=1023:1 <=2047:2 >2047:26
  groups killed ............ 0 small
  faces killed ............. 0 stretch + 970 chart + 0 group
==========================

=== OVERLAP FIX ===
  charts .................. 793
  welded groups ........... 56 (largest 117 charts)
  authentic weld edges .... 1143
  faces killed (total) .... 970 / 180208

  -- is the error a whole number of turns? --
  weld |du/circ - round| .. <0.05:861 0.15:94 0.25:82 0.35:43 more:63  (75.3% clean)
  welds off by >=1 wrap ... 237 / 1143
  phase |turn - round| ..... <0.05:1143 0.15:0 0.25:0 0.35:0 more:0  (100.0% clean)
  nonzero phase targets .... 306 / 1143
  trusted / untrusted ..... 0 / 0 (+0 over the wrap cap)
  wrap range .............. 0 .. 0

  -- gauge reconciliation --
  charts wind-corrected ... 0 / 793
  gauge islands ........... 0 (tree 0, cycle 0)
  cycle consistent ........ 0
  cycle INCONSISTENT ...... 0  (holonomy; no gauge can fix these)

  -- overlap --
  cross-group ............. 81686 raw -> 81686 post-wind -> 58875 final
  intra-group ............. 74344 raw -> 74344 post-wind
  intra |dr|/pitch ........ ~0:663 ~0.5:4283 ~1:5622 ~1.5:7262 ~2:11763 >2.5:44751
    (~0..0.5 = folds no gauge fixes; ~1+ = wrong-wrap, re-gauge CAN fix)
  groups overlapping ...... 33 -> 33
  settled / shifted ....... 55 / 1
  parked / stuck .......... 0 / 0
  time .................... 1.87s
===================

=== TABU RE-GAUGE ===
  depth span .............. +/-4 wraps, tenure 40
  field ladder ............ -0.988262972 x 2pi*r per wind (0 pairs; FIXED)
  ladder u origin ......... -23892.392313154996
  iterations .............. 1 (canonical best at 1)
  moves ................... 0 chart + 1 group + 0 nbhd + 0 graded (of 3 eligible groups)
  phase-flat regions ...... 4 measured only
  phase lateral targets ... 107 trusted, 23 nonzero measured only
  energy (cell units) ..... 162878.2 -> 136325.2
  movable charts .......... 305 / 793
  charts moved ............ 34 / 793
  welds torn .............. 56 / 947 usable (+196 excluded)
  lateral pairs coupled ... 111 (torn 11)
  happy-family bonds ...... 2 (torn 0)
  state archive ........... 2 kept, 2 SAT-verified
  exact winner ............ #1 at iter 1, score 136325.2
  hash rebuilds ........... 0
  cross after (exact) ..... 58875 pairs
  intra after (exact) ..... 69100 pairs
  intra |dr|/pitch after .. ~0:646 ~0.5:4107 ~1:5491 ~1.5:7252 ~2:11709 >2.5:39895
=====================
  exact workload .......... 489835 queries; 471665 AABB rejects; 15250 cache hits / 2920 misses (2920 entries); 920281 SAT tests
[tiled_atlas] sweep 1/1, tile 13/49 z00_y03_x15, loaded=100
[overlap_fix] active core: disabling tile-local pre-wind so the halo remains frozen
[overlap_fix] production preset: large-grid bounded
[overlap_fix] large-input guard: 100 cubes/184378 faces; tabu_iters=1 rounds=1 (pass --tabu-iters N to override)
[overlap_fix] active core: z[4352,4864) y[2432,2816) x[3456,3840); loaded complement is fixed halo
[overlap_fix] 100 cubes, 111338 vertices, 184378 faces, pitch=8.027
[overlap_fix]   label charts               t=0.0s
[overlap_fix]   build neighbours           t=0.0s
[overlap_fix]   label groups               t=0.2s
[overlap_fix]   uv index: raw              t=0.2s
[overlap_fix]   uv index: before           t=0.2s
[overlap_fix]   scan: raw                  t=0.3s
[overlap_fix]     scan 100000/184378 faces, 64399 pairs, 0.1s (1098920 faces/s)
[overlap_fix]   scan: before               t=0.6s
[overlap_fix]     scan 100000/184378 faces, 64399 pairs, 0.1s (1127996 faces/s)
[overlap_fix]   tabu place                 t=0.7s
[overlap_fix]     exact potential graph: 13954 pairs (4.5346% dense), 8 v bins
[overlap_fix]     tabu iter 1/1, best e=109709.6 @0, 0 moves, t=0.8s (0.83 s/iter)
[overlap_fix]     scan 100000/184378 faces, 64399 pairs, 0.1s (1174602 faces/s)
[overlap_fix]     scan 100000/184378 faces, 53631 pairs, 0.1s (1192600 faces/s)
[overlap_fix]   scan: after                t=1.5s
[overlap_fix]     scan 100000/184378 faces, 53631 pairs, 0.1s (1198936 faces/s)
[overlap_fix]   group 18: shifted, 29 charts, r=1044.8 (spread 461.7), wraps=0 du=0.0 dv=0.0, overlap 22283 -> 6984

=== PREFIT COMPONENT CULL ===
  charts before / after ... 812 / 785
  size hist (faces) ........ 1:4 2-3:10 4-7:13 8-15:5 16-31:8 32-63:37 64-127:188 128-255:197 256-511:347 512+:3
  max Sander QC hist ....... <=2:793 <=4:11 <=8:1 <=16:1 <=32:1 <=64:2 <=128:1 <=256:0 >256:2
  charts killed ............ 24 small, 3 projected-degenerate
  welded groups before/after 51 / 51
  group size hist .......... <=1:0 <=3:0 <=7:0 <=15:2 <=31:3 <=63:3 <=127:10 <=255:3 <=511:1 <=1023:2 <=2047:2 >2047:25
  groups killed ............ 0 small
  faces killed ............. 0 stretch + 809 chart + 0 group
==========================

=== OVERLAP FIX ===
  charts .................. 785
  welded groups ........... 51 (largest 68 charts)
  authentic weld edges .... 1116
  faces killed (total) .... 809 / 184378

  -- is the error a whole number of turns? --
  weld |du/circ - round| .. <0.05:879 0.15:51 0.25:67 0.35:44 more:75  (78.8% clean)
  welds off by >=1 wrap ... 222 / 1116
  phase |turn - round| ..... <0.05:1116 0.15:0 0.25:0 0.35:0 more:0  (100.0% clean)
  nonzero phase targets .... 264 / 1116
  trusted / untrusted ..... 0 / 0 (+0 over the wrap cap)
  wrap range .............. 0 .. 0

  -- gauge reconciliation --
  charts wind-corrected ... 0 / 785
  gauge islands ........... 0 (tree 0, cycle 0)
  cycle consistent ........ 0
  cycle INCONSISTENT ...... 0  (holonomy; no gauge can fix these)

  -- overlap --
  cross-group ............. 66852 raw -> 66852 post-wind -> 51553 final
  intra-group ............. 38335 raw -> 38335 post-wind
  intra |dr|/pitch ........ ~0:824 ~0.5:5716 ~1:7400 ~1.5:5300 ~2:10216 >2.5:8879
    (~0..0.5 = folds no gauge fixes; ~1+ = wrong-wrap, re-gauge CAN fix)
  groups overlapping ...... 24 -> 24
  settled / shifted ....... 50 / 1
  parked / stuck .......... 0 / 0
  time .................... 1.88s
===================

=== TABU RE-GAUGE ===
  depth span .............. +/-4 wraps, tenure 40
  field ladder ............ -0.988262972 x 2pi*r per wind (0 pairs; FIXED)
  ladder u origin ......... -23892.392313154996
  iterations .............. 1 (canonical best at 1)
  moves ................... 0 chart + 1 group + 0 nbhd + 0 graded (of 3 eligible groups)
  phase-flat regions ...... 6 measured only
  phase lateral targets ... 67 trusted, 2 nonzero measured only
  energy (cell units) ..... 109709.6 -> 94490.1
  movable charts .......... 308 / 785
  charts moved ............ 15 / 785
  welds torn .............. 23 / 908 usable (+208 excluded)
  lateral pairs coupled ... 67 (torn 3)
  happy-family bonds ...... 3 (torn 0)
  state archive ........... 2 kept, 2 SAT-verified
  exact winner ............ #1 at iter 1, score 94490.1
  hash rebuilds ........... 0
  cross after (exact) ..... 51553 pairs
  intra after (exact) ..... 38103 pairs
  intra |dr|/pitch after .. ~0:822 ~0.5:5597 ~1:7304 ~1.5:5285 ~2:10216 >2.5:8879
=====================
  exact workload .......... 460406 queries; 446114 AABB rejects; 11742 cache hits / 2550 misses (2550 entries); 921516 SAT tests
[tiled_atlas] sweep 1/1, tile 14/49 z00_y03_x18, loaded=80
[overlap_fix] active core: disabling tile-local pre-wind so the halo remains frozen
[overlap_fix] production preset: large-grid bounded
[overlap_fix] large-input guard: 80 cubes/179148 faces; tabu_iters=1 rounds=1 (pass --tabu-iters N to override)
[overlap_fix] active core: z[4352,4864) y[2432,2816) x[3840,4224); loaded complement is fixed halo
[overlap_fix] 80 cubes, 103720 vertices, 179148 faces, pitch=8.027
[overlap_fix]   label charts               t=0.0s
[overlap_fix]   build neighbours           t=0.0s
[overlap_fix]   label groups               t=0.2s
[overlap_fix]   uv index: raw              t=0.2s
[overlap_fix]   uv index: before           t=0.2s
[overlap_fix]   scan: raw                  t=0.3s
[overlap_fix]     scan 100000/179148 faces, 83028 pairs, 0.1s (1126815 faces/s)
[overlap_fix]   scan: before               t=0.6s
[overlap_fix]     scan 100000/179148 faces, 83028 pairs, 0.1s (1117534 faces/s)
[overlap_fix]   tabu place                 t=0.7s
[overlap_fix]     exact potential graph: 15574 pairs (6.6092% dense), 8 v bins
[overlap_fix]     tabu iter 1/1, best e=144449.7 @0, 0 moves, t=0.8s (0.83 s/iter)
[overlap_fix]     scan 100000/179148 faces, 83028 pairs, 0.1s (1065767 faces/s)
[overlap_fix]     scan 100000/179148 faces, 69490 pairs, 0.1s (1138419 faces/s)
[overlap_fix]   scan: after                t=1.5s
[overlap_fix]     scan 100000/179148 faces, 69490 pairs, 0.1s (1111935 faces/s)
[overlap_fix]   group 13: shifted, 26 charts, r=1386.9 (spread 298.0), wraps=0 du=0.0 dv=0.0, overlap 22281 -> 47

=== PREFIT COMPONENT CULL ===
  charts before / after ... 703 / 687
  size hist (faces) ........ 1:1 2-3:6 4-7:3 8-15:1 16-31:2 32-63:20 64-127:188 128-255:133 256-511:343 512+:6
  max Sander QC hist ....... <=2:682 <=4:9 <=8:1 <=16:1 <=32:3 <=64:1 <=128:1 <=256:0 >256:5
  charts killed ............ 10 small, 6 projected-degenerate
  welded groups before/after 46 / 46
  group size hist .......... <=1:0 <=3:0 <=7:0 <=15:1 <=31:2 <=63:1 <=127:8 <=255:2 <=511:2 <=1023:0 <=2047:2 >2047:28
  groups killed ............ 0 small
  faces killed ............. 0 stretch + 1366 chart + 0 group
==========================

=== OVERLAP FIX ===
  charts .................. 687
  welded groups ........... 46 (largest 50 charts)
  authentic weld edges .... 1003
  faces killed (total) .... 1366 / 179148

  -- is the error a whole number of turns? --
  weld |du/circ - round| .. <0.05:942 0.15:20 0.25:14 0.35:11 more:16  (93.9% clean)
  welds off by >=1 wrap ... 52 / 1003
  phase |turn - round| ..... <0.05:1003 0.15:0 0.25:0 0.35:0 more:0  (100.0% clean)
  nonzero phase targets .... 67 / 1003
  trusted / untrusted ..... 0 / 0 (+0 over the wrap cap)
  wrap range .............. 0 .. 0

  -- gauge reconciliation --
  charts wind-corrected ... 0 / 687
  gauge islands ........... 0 (tree 0, cycle 0)
  cycle consistent ........ 0
  cycle INCONSISTENT ...... 0  (holonomy; no gauge can fix these)

  -- overlap --
  cross-group ............. 63562 raw -> 63562 post-wind -> 41328 final
  intra-group ............. 77514 raw -> 77514 post-wind
  intra |dr|/pitch ........ ~0:1161 ~0.5:9262 ~1:8566 ~1.5:10868 ~2:19668 >2.5:27989
    (~0..0.5 = folds no gauge fixes; ~1+ = wrong-wrap, re-gauge CAN fix)
  groups overlapping ...... 23 -> 23
  settled / shifted ....... 45 / 1
  parked / stuck .......... 0 / 0
  time .................... 1.90s
===================

=== TABU RE-GAUGE ===
  depth span .............. +/-4 wraps, tenure 40
  field ladder ............ -0.988262972 x 2pi*r per wind (0 pairs; FIXED)
  ladder u origin ......... -23892.392313154996
  iterations .............. 1 (canonical best at 1)
  moves ................... 0 chart + 1 group + 0 nbhd + 0 graded (of 17 eligible groups)
  phase-flat regions ...... 20 measured only
  phase lateral targets ... 74 trusted, 1 nonzero measured only
  energy (cell units) ..... 144449.7 -> 122706.4
  movable charts .......... 317 / 687
  charts moved ............ 22 / 687
  welds torn .............. 14 / 956 usable (+47 excluded)
  lateral pairs coupled ... 74 (torn 8)
  happy-family bonds ...... 6 (torn 0)
  state archive ........... 2 kept, 2 SAT-verified
  exact winner ............ #1 at iter 1, score 122706.4
  hash rebuilds ........... 0
  cross after (exact) ..... 41328 pairs
  intra after (exact) ..... 77132 pairs
  intra |dr|/pitch after .. ~0:1103 ~0.5:8985 ~1:8519 ~1.5:10868 ~2:19668 >2.5:27989
=====================
  exact workload .......... 624258 queries; 605237 AABB rejects; 15332 cache hits / 3689 misses (3689 entries); 1523726 SAT tests
[tiled_atlas] sweep 1/1, tile 15/49 z00_y06_x00, loaded=80
[overlap_fix] active core: disabling tile-local pre-wind so the halo remains frozen
[overlap_fix] production preset: large-grid bounded
[overlap_fix] large-input guard: 80 cubes/283104 faces; tabu_iters=1 rounds=1 (pass --tabu-iters N to override)
[overlap_fix] active core: z[4352,4864) y[2816,3200) x[1536,1920); loaded complement is fixed halo
[overlap_fix] 80 cubes, 187631 vertices, 283104 faces, pitch=8.027
[overlap_fix]   label charts               t=0.0s
[overlap_fix]   build neighbours           t=0.0s
[overlap_fix]   label groups               t=0.4s
[overlap_fix]   uv index: raw              t=0.4s
[overlap_fix]   uv index: before           t=0.4s
[overlap_fix]   scan: raw                  t=0.5s
[overlap_fix]     scan 100000/283104 faces, 975202 pairs, 0.3s (355646 faces/s)
[overlap_fix]     scan 200000/283104 faces, 2119175 pairs, 0.6s (337240 faces/s)
[overlap_fix]   scan: before               t=1.5s
[overlap_fix]     scan 100000/283104 faces, 975202 pairs, 0.3s (358723 faces/s)
[overlap_fix]     scan 200000/283104 faces, 2119175 pairs, 0.6s (335973 faces/s)
[overlap_fix]   tabu place                 t=2.3s
[overlap_fix]     exact potential graph: 192249 pairs (9.4652% dense), 8 v bins
[overlap_fix]     tabu iter 1/1, best e=2907677.3 @0, 0 moves, t=2.9s (2.85 s/iter)
[overlap_fix]     scan 100000/283104 faces, 975202 pairs, 0.3s (307071 faces/s)
[overlap_fix]     scan 200000/283104 faces, 2119175 pairs, 0.7s (289134 faces/s)
[overlap_fix]     scan 100000/283104 faces, 711504 pairs, 0.2s (406942 faces/s)
[overlap_fix]     scan 200000/283104 faces, 1504927 pairs, 0.5s (388683 faces/s)
[overlap_fix]   scan: after                t=6.1s
[overlap_fix]     scan 100000/283104 faces, 711504 pairs, 0.3s (382421 faces/s)
[overlap_fix]     scan 200000/283104 faces, 1504927 pairs, 0.5s (372124 faces/s)
[overlap_fix]   group 40: shifted, 877 charts, r=1138.4 (spread 445.2), wraps=0 du=0.0 dv=0.0, overlap 786322 -> 420475

=== PREFIT COMPONENT CULL ===
  charts before / after ... 2401 / 2016
  size hist (faces) ........ 1:80 2-3:84 4-7:97 8-15:137 16-31:241 32-63:326 64-127:721 128-255:334 256-511:359 512+:22
  max Sander QC hist ....... <=2:1713 <=4:236 <=8:127 <=16:83 <=32:68 <=64:45 <=128:40 <=256:33 >256:56
  charts killed ............ 243 small, 145 projected-degenerate
  welded groups before/after 620 / 620
  group size hist .......... <=1:0 <=3:0 <=7:15 <=15:98 <=31:157 <=63:135 <=127:139 <=255:43 <=511:16 <=1023:4 <=2047:2 >2047:11
  groups killed ............ 0 small
  faces killed ............. 99 stretch + 12088 chart + 0 group
==========================

=== OVERLAP FIX ===
  charts .................. 2016
  welded groups ........... 620 (largest 877 charts)
  authentic weld edges .... 2018
  faces killed (total) .... 12187 / 283104

  -- is the error a whole number of turns? --
  weld |du/circ - round| .. <0.05:1696 0.15:121 0.25:90 0.35:53 more:58  (84.0% clean)
  welds off by >=1 wrap ... 182 / 2018
  phase |turn - round| ..... <0.05:2018 0.15:0 0.25:0 0.35:0 more:0  (100.0% clean)
  nonzero phase targets .... 213 / 2018
  trusted / untrusted ..... 0 / 0 (+0 over the wrap cap)
  wrap range .............. 0 .. 0

  -- gauge reconciliation --
  charts wind-corrected ... 0 / 2016
  gauge islands ........... 0 (tree 0, cycle 0)
  cycle consistent ........ 0
  cycle INCONSISTENT ...... 0  (holonomy; no gauge can fix these)

  -- overlap --
  cross-group ............. 991193 raw -> 991193 post-wind -> 625346 final
  intra-group ............. 1902201 raw -> 1902201 post-wind
  intra |dr|/pitch ........ ~0:16697 ~0.5:40840 ~1:73261 ~1.5:141762 ~2:206482 >2.5:1423159
    (~0..0.5 = folds no gauge fixes; ~1+ = wrong-wrap, re-gauge CAN fix)
  groups overlapping ...... 243 -> 246
  settled / shifted ....... 619 / 1
  parked / stuck .......... 0 / 0
  time .................... 7.43s
===================

=== TABU RE-GAUGE ===
  depth span .............. +/-4 wraps, tenure 40
  field ladder ............ -0.988262972 x 2pi*r per wind (0 pairs; FIXED)
  ladder u origin ......... -23892.392313154996
  iterations .............. 1 (canonical best at 1)
  moves ................... 0 chart + 1 group + 0 nbhd + 0 graded (of 4 eligible groups)
  phase-flat regions ...... 23 measured only
  phase lateral targets ... 3157 trusted, 265 nonzero measured only
  energy (cell units) ..... 2907677.3 -> 2081746.3
  movable charts .......... 954 / 2016
  charts moved ............ 453 / 2016
  welds torn .............. 327 / 1877 usable (+141 excluded)
  lateral pairs coupled ... 3169 (torn 460)
  happy-family bonds ...... 34 (torn 0)
  state archive ........... 2 kept, 2 SAT-verified
  exact winner ............ #1 at iter 1, score 2081746.3
  hash rebuilds ........... 0
  cross after (exact) ..... 625346 pairs
  intra after (exact) ..... 1415282 pairs
  intra |dr|/pitch after .. ~0:12913 ~0.5:32737 ~1:64920 ~1.5:130681 ~2:189399 >2.5:984632
=====================
  exact workload .......... 6220411 queries; 5979464 AABB rejects; 199715 cache hits / 41232 misses (41232 entries); 15793232 SAT tests
[tiled_atlas] sweep 1/1, tile 16/49 z00_y06_x03, loaded=100
[overlap_fix] active core: disabling tile-local pre-wind so the halo remains frozen
[overlap_fix] production preset: large-grid bounded
[overlap_fix] large-input guard: 100 cubes/337123 faces; tabu_iters=1 rounds=1 (pass --tabu-iters N to override)
[overlap_fix] active core: z[4352,4864) y[2816,3200) x[1920,2304); loaded complement is fixed halo
[overlap_fix] 100 cubes, 219041 vertices, 337123 faces, pitch=8.027
[overlap_fix]   label charts               t=0.0s
[overlap_fix]   build neighbours           t=0.0s
[overlap_fix]   label groups               t=0.5s
[overlap_fix]   uv index: raw              t=0.5s
[overlap_fix]   uv index: before           t=0.5s
[overlap_fix]   scan: raw                  t=0.7s
[overlap_fix]     scan 100000/337123 faces, 429274 pairs, 0.2s (601246 faces/s)
[overlap_fix]     scan 200000/337123 faces, 910293 pairs, 0.3s (595531 faces/s)
[overlap_fix]     scan 300000/337123 faces, 1327294 pairs, 0.5s (610558 faces/s)
[overlap_fix]   scan: before               t=1.4s
[overlap_fix]     scan 100000/337123 faces, 429274 pairs, 0.2s (603768 faces/s)
[overlap_fix]     scan 200000/337123 faces, 910293 pairs, 0.3s (585092 faces/s)
[overlap_fix]     scan 300000/337123 faces, 1327294 pairs, 0.5s (594897 faces/s)
[overlap_fix]   tabu place                 t=1.9s
[overlap_fix]     exact potential graph: 173299 pairs (7.0485% dense), 8 v bins
[overlap_fix]     tabu iter 1/1, best e=1486422.8 @0, 0 moves, t=2.2s (2.25 s/iter)
[overlap_fix]     scan 100000/337123 faces, 429274 pairs, 0.2s (512642 faces/s)
[overlap_fix]     scan 200000/337123 faces, 910293 pairs, 0.4s (486415 faces/s)
[overlap_fix]     scan 300000/337123 faces, 1327294 pairs, 0.6s (506557 faces/s)
[overlap_fix]     scan 100000/337123 faces, 394203 pairs, 0.2s (541355 faces/s)
[overlap_fix]     scan 200000/337123 faces, 830297 pairs, 0.4s (536438 faces/s)
[overlap_fix]     scan 300000/337123 faces, 1178814 pairs, 0.5s (549275 faces/s)
[overlap_fix]   scan: after                t=4.9s
[overlap_fix]     scan 100000/337123 faces, 394203 pairs, 0.2s (513767 faces/s)
[overlap_fix]     scan 200000/337123 faces, 830297 pairs, 0.4s (499249 faces/s)
[overlap_fix]     scan 300000/337123 faces, 1178814 pairs, 0.6s (523359 faces/s)
[overlap_fix]   group 47: shifted, 408 charts, r=901.8 (spread 325.1), wraps=0 du=0.0 dv=0.0, overlap 128336 -> 48283

=== PREFIT COMPONENT CULL ===
  charts before / after ... 2590 / 2218
  size hist (faces) ........ 1:76 2-3:73 4-7:90 8-15:122 16-31:243 32-63:341 64-127:773 128-255:398 256-511:451 512+:23
  max Sander QC hist ....... <=2:1901 <=4:249 <=8:107 <=16:91 <=32:62 <=64:57 <=128:42 <=256:28 >256:53
  charts killed ............ 229 small, 143 projected-degenerate
  welded groups before/after 617 / 617
  group size hist .......... <=1:0 <=3:0 <=7:8 <=15:81 <=31:171 <=63:133 <=127:133 <=255:49 <=511:23 <=1023:2 <=2047:5 >2047:12
  groups killed ............ 0 small
  faces killed ............. 74 stretch + 13934 chart + 0 group
==========================

=== OVERLAP FIX ===
  charts .................. 2218
  welded groups ........... 617 (largest 640 charts)
  authentic weld edges .... 2362
  faces killed (total) .... 14008 / 337123

  -- is the error a whole number of turns? --
  weld |du/circ - round| .. <0.05:1665 0.15:269 0.25:218 0.35:109 more:101  (70.5% clean)
  welds off by >=1 wrap ... 514 / 2362
  phase |turn - round| ..... <0.05:2362 0.15:0 0.25:0 0.35:0 more:0  (100.0% clean)
  nonzero phase targets .... 387 / 2362
  trusted / untrusted ..... 0 / 0 (+0 over the wrap cap)
  wrap range .............. 0 .. 0

  -- gauge reconciliation --
  charts wind-corrected ... 0 / 2218
  gauge islands ........... 0 (tree 0, cycle 0)
  cycle consistent ........ 0
  cycle INCONSISTENT ...... 0  (holonomy; no gauge can fix these)

  -- overlap --
  cross-group ............. 392811 raw -> 392811 post-wind -> 312758 final
  intra-group ............. 1064365 raw -> 1064365 post-wind
  intra |dr|/pitch ........ ~0:16070 ~0.5:32315 ~1:64140 ~1.5:127089 ~2:166831 >2.5:657920
    (~0..0.5 = folds no gauge fixes; ~1+ = wrong-wrap, re-gauge CAN fix)
  groups overlapping ...... 233 -> 219
  settled / shifted ....... 616 / 1
  parked / stuck .......... 0 / 0
  time .................... 6.16s
===================

=== TABU RE-GAUGE ===
  depth span .............. +/-4 wraps, tenure 40
  field ladder ............ -0.988262972 x 2pi*r per wind (0 pairs; FIXED)
  ladder u origin ......... -23892.392313154996
  iterations .............. 1 (canonical best at 1)
  moves ................... 0 chart + 1 group + 0 nbhd + 0 graded (of 3 eligible groups)
  phase-flat regions ...... 28 measured only
  phase lateral targets ... 2183 trusted, 35 nonzero measured only
  energy (cell units) ..... 1486422.8 -> 1343519.2
  movable charts .......... 809 / 2218
  charts moved ............ 243 / 2218
  welds torn .............. 286 / 2087 usable (+275 excluded)
  lateral pairs coupled ... 2252 (torn 105)
  happy-family bonds ...... 64 (torn 0)
  state archive ........... 2 kept, 2 SAT-verified
  exact winner ............ #1 at iter 1, score 1343519.2
  hash rebuilds ........... 0
  cross after (exact) ..... 312758 pairs
  intra after (exact) ..... 986233 pairs
  intra |dr|/pitch after .. ~0:15351 ~0.5:30883 ~1:62450 ~1.5:125215 ~2:162324 >2.5:590010
=====================
  exact workload .......... 5518473 queries; 5399233 AABB rejects; 96484 cache hits / 22756 misses (22756 entries); 8860025 SAT tests
[tiled_atlas] sweep 1/1, tile 17/49 z00_y06_x06, loaded=100
[overlap_fix] active core: disabling tile-local pre-wind so the halo remains frozen
[overlap_fix] production preset: large-grid bounded
[overlap_fix] large-input guard: 100 cubes/271874 faces; tabu_iters=1 rounds=1 (pass --tabu-iters N to override)
[overlap_fix] active core: z[4352,4864) y[2816,3200) x[2304,2688); loaded complement is fixed halo
[overlap_fix] 100 cubes, 162774 vertices, 271874 faces, pitch=8.027
[overlap_fix]   label charts               t=0.0s
[overlap_fix]   build neighbours           t=0.0s
[overlap_fix]   label groups               t=0.4s
[overlap_fix]   uv index: raw              t=0.4s
[overlap_fix]   uv index: before           t=0.4s
[overlap_fix]   scan: raw                  t=0.5s
[overlap_fix]     scan 100000/271874 faces, 254999 pairs, 0.1s (774121 faces/s)
[overlap_fix]     scan 200000/271874 faces, 493197 pairs, 0.3s (788056 faces/s)
[overlap_fix]   scan: before               t=1.0s
[overlap_fix]     scan 100000/271874 faces, 254999 pairs, 0.1s (818235 faces/s)
[overlap_fix]     scan 200000/271874 faces, 493197 pairs, 0.2s (814119 faces/s)
[overlap_fix]   tabu place                 t=1.3s
[overlap_fix]     exact potential graph: 44165 pairs (5.1275% dense), 8 v bins
[overlap_fix]     tabu iter 1/1, best e=688075.7 @0, 0 moves, t=1.5s (1.54 s/iter)
[overlap_fix]     scan 100000/271874 faces, 254999 pairs, 0.1s (731633 faces/s)
[overlap_fix]     scan 200000/271874 faces, 493197 pairs, 0.3s (705714 faces/s)
[overlap_fix]     scan 100000/271874 faces, 212376 pairs, 0.1s (728958 faces/s)
[overlap_fix]     scan 200000/271874 faces, 410528 pairs, 0.3s (739240 faces/s)
[overlap_fix]   scan: after                t=2.9s
[overlap_fix]     scan 100000/271874 faces, 212376 pairs, 0.1s (746528 faces/s)
[overlap_fix]     scan 200000/271874 faces, 410528 pairs, 0.3s (745193 faces/s)
[overlap_fix]   group 38: shifted, 203 charts, r=606.4 (spread 298.6), wraps=0 du=0.0 dv=0.0, overlap 92832 -> 47608

=== PREFIT COMPONENT CULL ===
  charts before / after ... 1421 / 1313
  size hist (faces) ........ 1:26 2-3:20 4-7:21 8-15:22 16-31:66 32-63:127 64-127:425 128-255:251 256-511:434 512+:29
  max Sander QC hist ....... <=2:1236 <=4:62 <=8:27 <=16:21 <=32:19 <=64:17 <=128:14 <=256:9 >256:16
  charts killed ............ 65 small, 43 projected-degenerate
  welded groups before/after 209 / 209
  group size hist .......... <=1:0 <=3:0 <=7:1 <=15:11 <=31:49 <=63:41 <=127:47 <=255:17 <=511:11 <=1023:4 <=2047:4 >2047:24
  groups killed ............ 0 small
  faces killed ............. 15 stretch + 5113 chart + 0 group
==========================

=== OVERLAP FIX ===
  charts .................. 1313
  welded groups ........... 209 (largest 232 charts)
  authentic weld edges .... 1688
  faces killed (total) .... 5128 / 271874

  -- is the error a whole number of turns? --
  weld |du/circ - round| .. <0.05:1434 0.15:82 0.25:70 0.35:45 more:57  (85.0% clean)
  welds off by >=1 wrap ... 172 / 1688
  phase |turn - round| ..... <0.05:1688 0.15:0 0.25:0 0.35:0 more:0  (100.0% clean)
  nonzero phase targets .... 174 / 1688
  trusted / untrusted ..... 0 / 0 (+0 over the wrap cap)
  wrap range .............. 0 .. 0

  -- gauge reconciliation --
  charts wind-corrected ... 0 / 1313
  gauge islands ........... 0 (tree 0, cycle 0)
  cycle consistent ........ 0
  cycle INCONSISTENT ...... 0  (holonomy; no gauge can fix these)

  -- overlap --
  cross-group ............. 184557 raw -> 184557 post-wind -> 139333 final
  intra-group ............. 490362 raw -> 490362 post-wind
  intra |dr|/pitch ........ ~0:16463 ~0.5:27416 ~1:40380 ~1.5:63437 ~2:81514 >2.5:261152
    (~0..0.5 = folds no gauge fixes; ~1+ = wrong-wrap, re-gauge CAN fix)
  groups overlapping ...... 83 -> 84
  settled / shifted ....... 208 / 1
  parked / stuck .......... 0 / 0
  time .................... 3.77s
===================

=== TABU RE-GAUGE ===
  depth span .............. +/-4 wraps, tenure 40
  field ladder ............ -0.988262972 x 2pi*r per wind (0 pairs; FIXED)
  ladder u origin ......... -23892.392313154996
  iterations .............. 1 (canonical best at 1)
  moves ................... 0 chart + 1 group + 0 nbhd + 0 graded (of 12 eligible groups)
  phase-flat regions ...... 31 measured only
  phase lateral targets ... 904 trusted, 29 nonzero measured only
  energy (cell units) ..... 688075.7 -> 572218.7
  movable charts .......... 368 / 1313
  charts moved ............ 101 / 1313
  welds torn .............. 100 / 1560 usable (+128 excluded)
  lateral pairs coupled ... 915 (torn 61)
  happy-family bonds ...... 152 (torn 0)
  state archive ........... 2 kept, 2 SAT-verified
  exact winner ............ #1 at iter 1, score 572218.7
  hash rebuilds ........... 0
  cross after (exact) ..... 139333 pairs
  intra after (exact) ..... 415801 pairs
  intra |dr|/pitch after .. ~0:13169 ~0.5:20065 ~1:33327 ~1.5:58117 ~2:74001 >2.5:217122
=====================
  exact workload .......... 955311 queries; 918521 AABB rejects; 30819 cache hits / 5971 misses (5971 entries); 2624904 SAT tests
[tiled_atlas] sweep 1/1, tile 18/49 z00_y06_x09, loaded=100
[overlap_fix] active core: disabling tile-local pre-wind so the halo remains frozen
[overlap_fix] production preset: large-grid bounded
[overlap_fix] large-input guard: 100 cubes/248298 faces; tabu_iters=1 rounds=1 (pass --tabu-iters N to override)
[overlap_fix] active core: z[4352,4864) y[2816,3200) x[2688,3072); loaded complement is fixed halo
[overlap_fix] 100 cubes, 144068 vertices, 248298 faces, pitch=8.027
[overlap_fix]   label charts               t=0.0s
[overlap_fix]   build neighbours           t=0.0s
[overlap_fix]   label groups               t=0.3s
[overlap_fix]   uv index: raw              t=0.3s
[overlap_fix]   uv index: before           t=0.3s
[overlap_fix]   scan: raw                  t=0.4s
[overlap_fix]     scan 100000/248298 faces, 192372 pairs, 0.1s (883082 faces/s)
[overlap_fix]     scan 200000/248298 faces, 364976 pairs, 0.2s (890274 faces/s)
[overlap_fix]   scan: before               t=0.8s
[overlap_fix]     scan 100000/248298 faces, 192372 pairs, 0.1s (867495 faces/s)
[overlap_fix]     scan 200000/248298 faces, 364976 pairs, 0.2s (877691 faces/s)
[overlap_fix]   tabu place                 t=1.1s
[overlap_fix]     exact potential graph: 30771 pairs (6.6019% dense), 8 v bins
[overlap_fix]     tabu iter 1/1, best e=439030.6 @0, 0 moves, t=1.3s (1.30 s/iter)
[overlap_fix]     scan 100000/248298 faces, 192372 pairs, 0.1s (874524 faces/s)
[overlap_fix]     scan 200000/248298 faces, 364976 pairs, 0.2s (877385 faces/s)
[overlap_fix]     scan 100000/248298 faces, 157986 pairs, 0.1s (921656 faces/s)
[overlap_fix]     scan 200000/248298 faces, 315205 pairs, 0.2s (913742 faces/s)
[overlap_fix]   scan: after                t=2.4s
[overlap_fix]     scan 100000/248298 faces, 157986 pairs, 0.1s (805137 faces/s)
[overlap_fix]     scan 200000/248298 faces, 315205 pairs, 0.2s (814203 faces/s)
[overlap_fix]   group 20: shifted, 35 charts, r=358.8 (spread 264.2), wraps=0 du=0.0 dv=0.0, overlap 81427 -> 18965

=== PREFIT COMPONENT CULL ===
  charts before / after ... 995 / 966
  size hist (faces) ........ 1:9 2-3:4 4-7:5 8-15:10 16-31:20 32-63:43 64-127:245 128-255:184 256-511:452 512+:23
  max Sander QC hist ....... <=2:928 <=4:36 <=8:4 <=16:5 <=32:7 <=64:6 <=128:5 <=256:1 >256:3
  charts killed ............ 18 small, 11 projected-degenerate
  welded groups before/after 78 / 78
  group size hist .......... <=1:0 <=3:0 <=7:0 <=15:4 <=31:17 <=63:14 <=127:9 <=255:3 <=511:2 <=1023:1 <=2047:2 >2047:26
  groups killed ............ 0 small
  faces killed ............. 0 stretch + 1565 chart + 0 group
==========================

=== OVERLAP FIX ===
  charts .................. 966
  welded groups ........... 78 (largest 95 charts)
  authentic weld edges .... 1410
  faces killed (total) .... 1565 / 248298

  -- is the error a whole number of turns? --
  weld |du/circ - round| .. <0.05:1234 0.15:58 0.25:52 0.35:35 more:31  (87.5% clean)
  welds off by >=1 wrap ... 118 / 1410
  phase |turn - round| ..... <0.05:1410 0.15:0 0.25:0 0.35:0 more:0  (100.0% clean)
  nonzero phase targets .... 117 / 1410
  trusted / untrusted ..... 0 / 0 (+0 over the wrap cap)
  wrap range .............. 0 .. 0

  -- gauge reconciliation --
  charts wind-corrected ... 0 / 966
  gauge islands ........... 0 (tree 0, cycle 0)
  cycle consistent ........ 0
  cycle INCONSISTENT ...... 0  (holonomy; no gauge can fix these)

  -- overlap --
  cross-group ............. 243322 raw -> 243322 post-wind -> 180860 final
  intra-group ............. 190377 raw -> 190377 post-wind
  intra |dr|/pitch ........ ~0:7502 ~0.5:10997 ~1:19371 ~1.5:39310 ~2:47790 >2.5:65407
    (~0..0.5 = folds no gauge fixes; ~1+ = wrong-wrap, re-gauge CAN fix)
  groups overlapping ...... 37 -> 37
  settled / shifted ....... 77 / 1
  parked / stuck .......... 0 / 0
  time .................... 3.11s
===================

=== TABU RE-GAUGE ===
  depth span .............. +/-4 wraps, tenure 40
  field ladder ............ -0.988262972 x 2pi*r per wind (0 pairs; FIXED)
  ladder u origin ......... -23892.392313154996
  iterations .............. 1 (canonical best at 1)
  moves ................... 0 chart + 1 group + 0 nbhd + 0 graded (of 15 eligible groups)
  phase-flat regions ...... 19 measured only
  phase lateral targets ... 310 trusted, 28 nonzero measured only
  energy (cell units) ..... 439030.6 -> 376820.5
  movable charts .......... 356 / 966
  charts moved ............ 19 / 966
  welds torn .............. 45 / 1316 usable (+94 excluded)
  lateral pairs coupled ... 314 (torn 8)
  happy-family bonds ...... 19 (torn 0)
  state archive ........... 2 kept, 2 SAT-verified
  exact winner ............ #1 at iter 1, score 376820.5
  hash rebuilds ........... 0
  cross after (exact) ..... 180860 pairs
  intra after (exact) ..... 189990 pairs
  intra |dr|/pitch after .. ~0:7424 ~0.5:10747 ~1:19313 ~1.5:39309 ~2:47790 >2.5:65407
=====================
  exact workload .......... 896601 queries; 864910 AABB rejects; 26615 cache hits / 5076 misses (5076 entries); 2267268 SAT tests
[tiled_atlas] sweep 1/1, tile 19/49 z00_y06_x12, loaded=100
[overlap_fix] active core: disabling tile-local pre-wind so the halo remains frozen
[overlap_fix] production preset: large-grid bounded
[overlap_fix] large-input guard: 100 cubes/148567 faces; tabu_iters=1 rounds=1 (pass --tabu-iters N to override)
[overlap_fix] active core: z[4352,4864) y[2816,3200) x[3072,3456); loaded complement is fixed halo
[overlap_fix] 100 cubes, 95538 vertices, 148567 faces, pitch=8.027
[overlap_fix]   label charts               t=0.0s
[overlap_fix]   build neighbours           t=0.0s
[overlap_fix]   label groups               t=0.2s
[overlap_fix]   uv index: raw              t=0.2s
[overlap_fix]   uv index: before           t=0.2s
[overlap_fix]   scan: raw                  t=0.3s
[overlap_fix]     scan 100000/148567 faces, 70284 pairs, 0.1s (1094279 faces/s)
[overlap_fix]   scan: before               t=0.5s
[overlap_fix]     scan 100000/148567 faces, 70284 pairs, 0.1s (1107502 faces/s)
[overlap_fix]   tabu place                 t=0.6s
[overlap_fix]     exact potential graph: 12528 pairs (5.2857% dense), 8 v bins
[overlap_fix]     tabu iter 1/1, best e=108274.8 @0, 0 moves, t=0.7s (0.70 s/iter)
[overlap_fix]     scan 100000/148567 faces, 70284 pairs, 0.1s (1103495 faces/s)
[overlap_fix]     scan 100000/148567 faces, 57495 pairs, 0.1s (1175409 faces/s)
[overlap_fix]   scan: after                t=1.2s
[overlap_fix]     scan 100000/148567 faces, 57495 pairs, 0.1s (1175901 faces/s)
[overlap_fix]   group 11: shifted, 27 charts, r=577.0 (spread 486.4), wraps=0 du=0.0 dv=0.0, overlap 26342 -> 10265

=== PREFIT COMPONENT CULL ===
  charts before / after ... 723 / 689
  size hist (faces) ........ 1:10 2-3:9 4-7:14 8-15:10 16-31:14 32-63:56 64-127:155 128-255:193 256-511:260 512+:2
  max Sander QC hist ....... <=2:690 <=4:18 <=8:3 <=16:2 <=32:5 <=64:4 <=128:1 <=256:0 >256:0
  charts killed ............ 32 small, 2 projected-degenerate
  welded groups before/after 79 / 79
  group size hist .......... <=1:0 <=3:0 <=7:1 <=15:5 <=31:7 <=63:15 <=127:11 <=255:5 <=511:2 <=1023:3 <=2047:3 >2047:27
  groups killed ............ 0 small
  faces killed ............. 0 stretch + 128 chart + 0 group
==========================

=== OVERLAP FIX ===
  charts .................. 689
  welded groups ........... 79 (largest 55 charts)
  authentic weld edges .... 914
  faces killed (total) .... 128 / 148567

  -- is the error a whole number of turns? --
  weld |du/circ - round| .. <0.05:741 0.15:56 0.25:49 0.35:31 more:37  (81.1% clean)
  welds off by >=1 wrap ... 123 / 914
  phase |turn - round| ..... <0.05:914 0.15:0 0.25:0 0.35:0 more:0  (100.0% clean)
  nonzero phase targets .... 166 / 914
  trusted / untrusted ..... 0 / 0 (+0 over the wrap cap)
  wrap range .............. 0 .. 0

  -- gauge reconciliation --
  charts wind-corrected ... 0 / 689
  gauge islands ........... 0 (tree 0, cycle 0)
  cycle consistent ........ 0
  cycle INCONSISTENT ...... 0  (holonomy; no gauge can fix these)

  -- overlap --
  cross-group ............. 72774 raw -> 72774 post-wind -> 56697 final
  intra-group ............. 32121 raw -> 32121 post-wind
  intra |dr|/pitch ........ ~0:1624 ~0.5:5168 ~1:5381 ~1.5:3441 ~2:2361 >2.5:14146
    (~0..0.5 = folds no gauge fixes; ~1+ = wrong-wrap, re-gauge CAN fix)
  groups overlapping ...... 42 -> 42
  settled / shifted ....... 78 / 1
  parked / stuck .......... 0 / 0
  time .................... 1.55s
===================

=== TABU RE-GAUGE ===
  depth span .............. +/-4 wraps, tenure 40
  field ladder ............ -0.988262972 x 2pi*r per wind (0 pairs; FIXED)
  ladder u origin ......... -23892.392313154996
  iterations .............. 1 (canonical best at 1)
  moves ................... 0 chart + 1 group + 0 nbhd + 0 graded (of 10 eligible groups)
  phase-flat regions ...... 16 measured only
  phase lateral targets ... 90 trusted, 12 nonzero measured only
  energy (cell units) ..... 108274.8 -> 93025.0
  movable charts .......... 257 / 689
  charts moved ............ 16 / 689
  welds torn .............. 17 / 800 usable (+114 excluded)
  lateral pairs coupled ... 91 (torn 11)
  happy-family bonds ...... 16 (torn 0)
  state archive ........... 2 kept, 2 SAT-verified
  exact winner ............ #1 at iter 1, score 93025.0
  hash rebuilds ........... 0
  cross after (exact) ..... 56697 pairs
  intra after (exact) ..... 31953 pairs
  intra |dr|/pitch after .. ~0:1623 ~0.5:5126 ~1:5296 ~1.5:3427 ~2:2361 >2.5:14120
=====================
  exact workload .......... 369440 queries; 355818 AABB rejects; 11738 cache hits / 1884 misses (1884 entries); 489592 SAT tests
[tiled_atlas] sweep 1/1, tile 20/49 z00_y06_x15, loaded=100
[overlap_fix] active core: disabling tile-local pre-wind so the halo remains frozen
[overlap_fix] production preset: large-grid bounded
[overlap_fix] large-input guard: 100 cubes/135315 faces; tabu_iters=1 rounds=1 (pass --tabu-iters N to override)
[overlap_fix] active core: z[4352,4864) y[2816,3200) x[3456,3840); loaded complement is fixed halo
[overlap_fix] 100 cubes, 91302 vertices, 135315 faces, pitch=8.027
[overlap_fix]   label charts               t=0.0s
[overlap_fix]   build neighbours           t=0.0s
[overlap_fix]   label groups               t=0.2s
[overlap_fix]   uv index: raw              t=0.2s
[overlap_fix]   uv index: before           t=0.2s
[overlap_fix]   scan: raw                  t=0.2s
[overlap_fix]     scan 100000/135315 faces, 80633 pairs, 0.1s (1121383 faces/s)
[overlap_fix]   scan: before               t=0.4s
[overlap_fix]     scan 100000/135315 faces, 80633 pairs, 0.1s (1108290 faces/s)
[overlap_fix]   tabu place                 t=0.5s
[overlap_fix]     exact potential graph: 6982 pairs (3.7101% dense), 8 v bins
[overlap_fix]     tabu iter 1/1, best e=102132.4 @0, 0 moves, t=0.6s (0.62 s/iter)
[overlap_fix]     scan 100000/135315 faces, 80633 pairs, 0.1s (1113353 faces/s)
[overlap_fix]     scan 100000/135315 faces, 72990 pairs, 0.1s (1115946 faces/s)
[overlap_fix]   scan: after                t=1.1s
[overlap_fix]     scan 100000/135315 faces, 72990 pairs, 0.1s (1118959 faces/s)
[overlap_fix]   group 0: shifted, 27 charts, r=980.9 (spread 499.8), wraps=0 du=0.0 dv=0.0, overlap 23992 -> 13991

=== PREFIT COMPONENT CULL ===
  charts before / after ... 668 / 614
  size hist (faces) ........ 1:11 2-3:16 4-7:23 8-15:11 16-31:19 32-63:55 64-127:136 128-255:156 256-511:236 512+:5
  max Sander QC hist ....... <=2:643 <=4:13 <=8:4 <=16:0 <=32:1 <=64:2 <=128:1 <=256:1 >256:3
  charts killed ............ 49 small, 5 projected-degenerate
  welded groups before/after 54 / 54
  group size hist .......... <=1:0 <=3:0 <=7:0 <=15:5 <=31:5 <=63:5 <=127:7 <=255:4 <=511:1 <=1023:3 <=2047:2 >2047:22
  groups killed ............ 0 small
  faces killed ............. 0 stretch + 1285 chart + 0 group
==========================

=== OVERLAP FIX ===
  charts .................. 614
  welded groups ........... 54 (largest 67 charts)
  authentic weld edges .... 807
  faces killed (total) .... 1285 / 135315

  -- is the error a whole number of turns? --
  weld |du/circ - round| .. <0.05:688 0.15:29 0.25:34 0.35:20 more:36  (85.3% clean)
  welds off by >=1 wrap ... 102 / 807
  phase |turn - round| ..... <0.05:807 0.15:0 0.25:0 0.35:0 more:0  (100.0% clean)
  nonzero phase targets .... 128 / 807
  trusted / untrusted ..... 0 / 0 (+0 over the wrap cap)
  wrap range .............. 0 .. 0

  -- gauge reconciliation --
  charts wind-corrected ... 0 / 614
  gauge islands ........... 0 (tree 0, cycle 0)
  cycle consistent ........ 0
  cycle INCONSISTENT ...... 0  (holonomy; no gauge can fix these)

  -- overlap --
  cross-group ............. 76566 raw -> 76566 post-wind -> 66565 final
  intra-group ............. 22791 raw -> 22791 post-wind
  intra |dr|/pitch ........ ~0:1489 ~0.5:3483 ~1:1773 ~1.5:1013 ~2:6251 >2.5:8782
    (~0..0.5 = folds no gauge fixes; ~1+ = wrong-wrap, re-gauge CAN fix)
  groups overlapping ...... 27 -> 27
  settled / shifted ....... 53 / 1
  parked / stuck .......... 0 / 0
  time .................... 1.41s
===================

=== TABU RE-GAUGE ===
  depth span .............. +/-4 wraps, tenure 40
  field ladder ............ -0.988262972 x 2pi*r per wind (0 pairs; FIXED)
  ladder u origin ......... -23892.392313154996
  iterations .............. 1 (canonical best at 1)
  moves ................... 0 chart + 1 group + 0 nbhd + 0 graded (of 6 eligible groups)
  phase-flat regions ...... 18 measured only
  phase lateral targets ... 108 trusted, 1 nonzero measured only
  energy (cell units) ..... 102132.4 -> 92380.1
  movable charts .......... 221 / 614
  charts moved ............ 10 / 614
  welds torn .............. 16 / 712 usable (+95 excluded)
  lateral pairs coupled ... 108 (torn 1)
  happy-family bonds ...... 25 (torn 0)
  state archive ........... 2 kept, 2 SAT-verified
  exact winner ............ #1 at iter 1, score 92380.1
  hash rebuilds ........... 0
  cross after (exact) ..... 66565 pairs
  intra after (exact) ..... 22636 pairs
  intra |dr|/pitch after .. ~0:1473 ~0.5:3421 ~1:1795 ~1.5:1018 ~2:6251 >2.5:8678
=====================
  exact workload .......... 200866 queries; 191706 AABB rejects; 7624 cache hits / 1536 misses (1536 entries); 268196 SAT tests
[tiled_atlas] sweep 1/1, tile 21/49 z00_y06_x18, loaded=80
[overlap_fix] active core: disabling tile-local pre-wind so the halo remains frozen
[overlap_fix] production preset: large-grid bounded
[overlap_fix] large-input guard: 80 cubes/140813 faces; tabu_iters=1 rounds=1 (pass --tabu-iters N to override)
[overlap_fix] active core: z[4352,4864) y[2816,3200) x[3840,4224); loaded complement is fixed halo
[overlap_fix] 80 cubes, 84350 vertices, 140813 faces, pitch=8.027
[overlap_fix]   label charts               t=0.0s
[overlap_fix]   build neighbours           t=0.0s
[overlap_fix]   label groups               t=0.2s
[overlap_fix]   uv index: raw              t=0.2s
[overlap_fix]   uv index: before           t=0.2s
[overlap_fix]   scan: raw                  t=0.3s
[overlap_fix]     scan 100000/140813 faces, 115441 pairs, 0.1s (969508 faces/s)
[overlap_fix]   scan: before               t=0.5s
[overlap_fix]     scan 100000/140813 faces, 115441 pairs, 0.1s (1039348 faces/s)
[overlap_fix]   tabu place                 t=0.6s
[overlap_fix]     exact potential graph: 10392 pairs (5.5948% dense), 8 v bins
[overlap_fix]     tabu iter 1/1, best e=182965.2 @0, 0 moves, t=0.7s (0.70 s/iter)
[overlap_fix]     scan 100000/140813 faces, 115441 pairs, 0.1s (1013785 faces/s)
[overlap_fix]     scan 100000/140813 faces, 90812 pairs, 0.1s (1074027 faces/s)
[overlap_fix]   scan: after                t=1.2s
[overlap_fix]     scan 100000/140813 faces, 90812 pairs, 0.1s (1055614 faces/s)
[overlap_fix]   group 0: shifted, 37 charts, r=1210.6 (spread 316.3), wraps=0 du=0.0 dv=0.0, overlap 52382 -> 18250

=== PREFIT COMPONENT CULL ===
  charts before / after ... 634 / 610
  size hist (faces) ........ 1:2 2-3:6 4-7:7 8-15:8 16-31:11 32-63:36 64-127:159 128-255:148 256-511:253 512+:4
  max Sander QC hist ....... <=2:602 <=4:8 <=8:6 <=16:4 <=32:4 <=64:1 <=128:4 <=256:1 >256:4
  charts killed ............ 15 small, 9 projected-degenerate
  welded groups before/after 57 / 57
  group size hist .......... <=1:0 <=3:0 <=7:0 <=15:4 <=31:9 <=63:3 <=127:8 <=255:4 <=511:1 <=1023:1 <=2047:4 >2047:23
  groups killed ............ 0 small
  faces killed ............. 0 stretch + 1246 chart + 0 group
==========================

=== OVERLAP FIX ===
  charts .................. 610
  welded groups ........... 57 (largest 75 charts)
  authentic weld edges .... 844
  faces killed (total) .... 1246 / 140813

  -- is the error a whole number of turns? --
  weld |du/circ - round| .. <0.05:771 0.15:31 0.25:17 0.35:11 more:14  (91.4% clean)
  welds off by >=1 wrap ... 54 / 844
  phase |turn - round| ..... <0.05:844 0.15:0 0.25:0 0.35:0 more:0  (100.0% clean)
  nonzero phase targets .... 66 / 844
  trusted / untrusted ..... 0 / 0 (+0 over the wrap cap)
  wrap range .............. 0 .. 0

  -- gauge reconciliation --
  charts wind-corrected ... 0 / 610
  gauge islands ........... 0 (tree 0, cycle 0)
  cycle consistent ........ 0
  cycle INCONSISTENT ...... 0  (holonomy; no gauge can fix these)

  -- overlap --
  cross-group ............. 119733 raw -> 119733 post-wind -> 85601 final
  intra-group ............. 60492 raw -> 60492 post-wind
  intra |dr|/pitch ........ ~0:1399 ~0.5:5788 ~1:3714 ~1.5:5388 ~2:12686 >2.5:31517
    (~0..0.5 = folds no gauge fixes; ~1+ = wrong-wrap, re-gauge CAN fix)
  groups overlapping ...... 31 -> 29
  settled / shifted ....... 56 / 1
  parked / stuck .......... 0 / 0
  time .................... 1.56s
===================

=== TABU RE-GAUGE ===
  depth span .............. +/-4 wraps, tenure 40
  field ladder ............ -0.988262972 x 2pi*r per wind (0 pairs; FIXED)
  ladder u origin ......... -23892.392313154996
  iterations .............. 1 (canonical best at 1)
  moves ................... 0 chart + 1 group + 0 nbhd + 0 graded (of 11 eligible groups)
  phase-flat regions ...... 21 measured only
  phase lateral targets ... 193 trusted, 14 nonzero measured only
  energy (cell units) ..... 182965.2 -> 149380.1
  movable charts .......... 285 / 610
  charts moved ............ 22 / 610
  welds torn .............. 19 / 800 usable (+44 excluded)
  lateral pairs coupled ... 193 (torn 15)
  happy-family bonds ...... 72 (torn 0)
  state archive ........... 2 kept, 2 SAT-verified
  exact winner ............ #1 at iter 1, score 149380.1
  hash rebuilds ........... 0
  cross after (exact) ..... 85601 pairs
  intra after (exact) ..... 60165 pairs
  intra |dr|/pitch after .. ~0:1376 ~0.5:5616 ~1:3582 ~1.5:5388 ~2:12686 >2.5:31517
=====================
  exact workload .......... 396584 queries; 376274 AABB rejects; 17408 cache hits / 2902 misses (2902 entries); 926657 SAT tests
[tiled_atlas] sweep 1/1, tile 22/49 z00_y09_x00, loaded=80
[overlap_fix] active core: disabling tile-local pre-wind so the halo remains frozen
[overlap_fix] production preset: large-grid bounded
[overlap_fix] large-input guard: 80 cubes/285939 faces; tabu_iters=1 rounds=1 (pass --tabu-iters N to override)
[overlap_fix] active core: z[4352,4864) y[3200,3584) x[1536,1920); loaded complement is fixed halo
[overlap_fix] 80 cubes, 183113 vertices, 285939 faces, pitch=8.027
[overlap_fix]   label charts               t=0.0s
[overlap_fix]   build neighbours           t=0.0s
[overlap_fix]   label groups               t=0.4s
[overlap_fix]   uv index: raw              t=0.4s
[overlap_fix]   uv index: before           t=0.4s
[overlap_fix]   scan: raw                  t=0.6s
[overlap_fix]     scan 100000/285939 faces, 820580 pairs, 0.2s (415452 faces/s)
[overlap_fix]     scan 200000/285939 faces, 1534493 pairs, 0.5s (423683 faces/s)
[overlap_fix]   scan: before               t=1.4s
[overlap_fix]     scan 100000/285939 faces, 820580 pairs, 0.2s (420864 faces/s)
[overlap_fix]     scan 200000/285939 faces, 1534493 pairs, 0.5s (435551 faces/s)
[overlap_fix]   tabu place                 t=2.0s
[overlap_fix]     exact potential graph: 130564 pairs (9.2685% dense), 8 v bins
[overlap_fix]     tabu iter 1/1, best e=2076507.7 @0, 0 moves, t=2.4s (2.36 s/iter)
[overlap_fix]     scan 100000/285939 faces, 820580 pairs, 0.3s (353061 faces/s)
[overlap_fix]     scan 200000/285939 faces, 1534493 pairs, 0.5s (369142 faces/s)
[overlap_fix]     scan 100000/285939 faces, 668318 pairs, 0.2s (421969 faces/s)
[overlap_fix]     scan 200000/285939 faces, 1209852 pairs, 0.5s (440568 faces/s)
[overlap_fix]   scan: after                t=5.2s
[overlap_fix]     scan 100000/285939 faces, 668318 pairs, 0.2s (405029 faces/s)
[overlap_fix]     scan 200000/285939 faces, 1209852 pairs, 0.5s (433982 faces/s)
[overlap_fix]   group 41: shifted, 385 charts, r=1149.3 (spread 490.7), wraps=0 du=0.0 dv=0.0, overlap 413731 -> 101192

=== PREFIT COMPONENT CULL ===
  charts before / after ... 1961 / 1679
  size hist (faces) ........ 1:72 2-3:65 4-7:73 8-15:90 16-31:164 32-63:246 64-127:524 128-255:271 256-511:434 512+:22
  max Sander QC hist ....... <=2:1526 <=4:160 <=8:80 <=16:47 <=32:42 <=64:25 <=128:30 <=256:13 >256:38
  charts killed ............ 198 small, 87 projected-degenerate
  welded groups before/after 415 / 415
  group size hist .......... <=1:0 <=3:0 <=7:8 <=15:62 <=31:101 <=63:93 <=127:88 <=255:30 <=511:11 <=1023:4 <=2047:3 >2047:15
  groups killed ............ 0 small
  faces killed ............. 83 stretch + 8193 chart + 0 group
==========================

=== OVERLAP FIX ===
  charts .................. 1679
  welded groups ........... 415 (largest 385 charts)
  authentic weld edges .... 1832
  faces killed (total) .... 8276 / 285939

  -- is the error a whole number of turns? --
  weld |du/circ - round| .. <0.05:1471 0.15:166 0.25:97 0.35:60 more:38  (80.3% clean)
  welds off by >=1 wrap ... 261 / 1832
  phase |turn - round| ..... <0.05:1832 0.15:0 0.25:0 0.35:0 more:0  (100.0% clean)
  nonzero phase targets .... 321 / 1832
  trusted / untrusted ..... 0 / 0 (+0 over the wrap cap)
  wrap range .............. 0 .. 0

  -- gauge reconciliation --
  charts wind-corrected ... 0 / 1679
  gauge islands ........... 0 (tree 0, cycle 0)
  cycle consistent ........ 0
  cycle INCONSISTENT ...... 0  (holonomy; no gauge can fix these)

  -- overlap --
  cross-group ............. 973391 raw -> 973391 post-wind -> 660852 final
  intra-group ............. 1077488 raw -> 1077488 post-wind
  intra |dr|/pitch ........ ~0:7519 ~0.5:33108 ~1:73846 ~1.5:118426 ~2:132466 >2.5:712123
    (~0..0.5 = folds no gauge fixes; ~1+ = wrong-wrap, re-gauge CAN fix)
  groups overlapping ...... 116 -> 116
  settled / shifted ....... 414 / 1
  parked / stuck .......... 0 / 0
  time .................... 6.43s
===================

=== TABU RE-GAUGE ===
  depth span .............. +/-4 wraps, tenure 40
  field ladder ............ -0.988262972 x 2pi*r per wind (0 pairs; FIXED)
  ladder u origin ......... -23892.392313154996
  iterations .............. 1 (canonical best at 1)
  moves ................... 0 chart + 1 group + 0 nbhd + 0 graded (of 8 eligible groups)
  phase-flat regions ...... 19 measured only
  phase lateral targets ... 1424 trusted, 92 nonzero measured only
  energy (cell units) ..... 2076507.7 -> 1674321.9
  movable charts .......... 763 / 1679
  charts moved ............ 242 / 1679
  welds torn .............. 236 / 1714 usable (+118 excluded)
  lateral pairs coupled ... 1496 (torn 83)
  happy-family bonds ...... 20 (torn 0)
  state archive ........... 2 kept, 2 SAT-verified
  exact winner ............ #1 at iter 1, score 1674321.9
  hash rebuilds ........... 0
  cross after (exact) ..... 660852 pairs
  intra after (exact) ..... 980312 pairs
  intra |dr|/pitch after .. ~0:7382 ~0.5:32662 ~1:73333 ~1.5:117792 ~2:131751 >2.5:617392
=====================
  exact workload .......... 5654300 queries; 5443292 AABB rejects; 182362 cache hits / 28646 misses (28646 entries); 13061330 SAT tests
[tiled_atlas] sweep 1/1, tile 23/49 z00_y09_x03, loaded=100
[overlap_fix] active core: disabling tile-local pre-wind so the halo remains frozen
[overlap_fix] production preset: large-grid bounded
[overlap_fix] large-input guard: 100 cubes/282383 faces; tabu_iters=1 rounds=1 (pass --tabu-iters N to override)
[overlap_fix] active core: z[4352,4864) y[3200,3584) x[1920,2304); loaded complement is fixed halo
[overlap_fix] 100 cubes, 177962 vertices, 282383 faces, pitch=8.027
[overlap_fix]   label charts               t=0.0s
[overlap_fix]   build neighbours           t=0.0s
[overlap_fix]   label groups               t=0.4s
[overlap_fix]   uv index: raw              t=0.4s
[overlap_fix]   uv index: before           t=0.4s
[overlap_fix]   scan: raw                  t=0.5s
[overlap_fix]     scan 100000/282383 faces, 373176 pairs, 0.2s (665951 faces/s)
[overlap_fix]     scan 200000/282383 faces, 737272 pairs, 0.3s (667334 faces/s)
[overlap_fix]   scan: before               t=1.1s
[overlap_fix]     scan 100000/282383 faces, 373176 pairs, 0.1s (668972 faces/s)
[overlap_fix]     scan 200000/282383 faces, 737272 pairs, 0.3s (670913 faces/s)
[overlap_fix]   tabu place                 t=1.6s
[overlap_fix]     exact potential graph: 65355 pairs (5.3062% dense), 8 v bins
[overlap_fix]     tabu iter 1/1, best e=1125031.6 @0, 0 moves, t=1.8s (1.81 s/iter)
[overlap_fix]     scan 100000/282383 faces, 373176 pairs, 0.2s (587025 faces/s)
[overlap_fix]     scan 200000/282383 faces, 737272 pairs, 0.3s (576855 faces/s)
[overlap_fix]     scan 100000/282383 faces, 275235 pairs, 0.1s (668329 faces/s)
[overlap_fix]     scan 200000/282383 faces, 548020 pairs, 0.3s (677295 faces/s)
[overlap_fix]   scan: after                t=3.7s
[overlap_fix]     scan 100000/282383 faces, 275235 pairs, 0.1s (670075 faces/s)
[overlap_fix]     scan 200000/282383 faces, 548020 pairs, 0.3s (659614 faces/s)
[overlap_fix]   group 25: shifted, 293 charts, r=872.1 (spread 434.0), wraps=0 du=0.0 dv=0.0, overlap 307413 -> 57728

=== PREFIT COMPONENT CULL ===
  charts before / after ... 1817 / 1570
  size hist (faces) ........ 1:64 2-3:60 4-7:64 8-15:73 16-31:129 32-63:220 64-127:463 128-255:272 256-511:456 512+:16
  max Sander QC hist ....... <=2:1477 <=4:128 <=8:60 <=16:37 <=32:28 <=64:25 <=128:27 <=256:16 >256:19
  charts killed ............ 180 small, 69 projected-degenerate
  welded groups before/after 343 / 343
  group size hist .......... <=1:0 <=3:0 <=7:6 <=15:49 <=31:83 <=63:82 <=127:66 <=255:21 <=511:15 <=1023:3 <=2047:2 >2047:16
  groups killed ............ 0 small
  faces killed ............. 36 stretch + 6377 chart + 0 group
==========================

=== OVERLAP FIX ===
  charts .................. 1570
  welded groups ........... 343 (largest 293 charts)
  authentic weld edges .... 1813
  faces killed (total) .... 6413 / 282383

  -- is the error a whole number of turns? --
  weld |du/circ - round| .. <0.05:1334 0.15:178 0.25:137 0.35:99 more:65  (73.6% clean)
  welds off by >=1 wrap ... 240 / 1813
  phase |turn - round| ..... <0.05:1813 0.15:0 0.25:0 0.35:0 more:0  (100.0% clean)
  nonzero phase targets .... 479 / 1813
  trusted / untrusted ..... 0 / 0 (+0 over the wrap cap)
  wrap range .............. 0 .. 0

  -- gauge reconciliation --
  charts wind-corrected ... 0 / 1570
  gauge islands ........... 0 (tree 0, cycle 0)
  cycle consistent ........ 0
  cycle INCONSISTENT ...... 0  (holonomy; no gauge can fix these)

  -- overlap --
  cross-group ............. 462528 raw -> 462528 post-wind -> 212843 final
  intra-group ............. 648458 raw -> 648458 post-wind
  intra |dr|/pitch ........ ~0:11223 ~0.5:31114 ~1:53654 ~1.5:77290 ~2:79159 >2.5:396018
    (~0..0.5 = folds no gauge fixes; ~1+ = wrong-wrap, re-gauge CAN fix)
  groups overlapping ...... 98 -> 97
  settled / shifted ....... 342 / 1
  parked / stuck .......... 0 / 0
  time .................... 4.63s
===================

=== TABU RE-GAUGE ===
  depth span .............. +/-4 wraps, tenure 40
  field ladder ............ -0.988262972 x 2pi*r per wind (0 pairs; FIXED)
  ladder u origin ......... -23892.392313154996
  iterations .............. 1 (canonical best at 1)
  moves ................... 0 chart + 1 group + 0 nbhd + 0 graded (of 3 eligible groups)
  phase-flat regions ...... 15 measured only
  phase lateral targets ... 927 trusted, 41 nonzero measured only
  energy (cell units) ..... 1125031.6 -> 850246.0
  movable charts .......... 618 / 1570
  charts moved ............ 159 / 1570
  welds torn .............. 121 / 1587 usable (+226 excluded)
  lateral pairs coupled ... 1019 (torn 67)
  happy-family bonds ...... 25 (torn 0)
  state archive ........... 2 kept, 2 SAT-verified
  exact winner ............ #1 at iter 1, score 850246.0
  hash rebuilds ........... 0
  cross after (exact) ..... 212843 pairs
  intra after (exact) ..... 611552 pairs
  intra |dr|/pitch after .. ~0:10515 ~0.5:29449 ~1:53139 ~1.5:76494 ~2:77593 >2.5:364362
=====================
  exact workload .......... 2299505 queries; 2207176 AABB rejects; 79504 cache hits / 12825 misses (12825 entries); 6301280 SAT tests
[tiled_atlas] sweep 1/1, tile 24/49 z00_y09_x06, loaded=100
[overlap_fix] active core: disabling tile-local pre-wind so the halo remains frozen
[overlap_fix] production preset: large-grid bounded
[overlap_fix] large-input guard: 100 cubes/193033 faces; tabu_iters=1 rounds=1 (pass --tabu-iters N to override)
[overlap_fix] active core: z[4352,4864) y[3200,3584) x[2304,2688); loaded complement is fixed halo
[overlap_fix] 100 cubes, 116494 vertices, 193033 faces, pitch=8.027
[overlap_fix]   label charts               t=0.0s
[overlap_fix]   build neighbours           t=0.0s
[overlap_fix]   label groups               t=0.2s
[overlap_fix]   uv index: raw              t=0.2s
[overlap_fix]   uv index: before           t=0.2s
[overlap_fix]   scan: raw                  t=0.3s
[overlap_fix]     scan 100000/193033 faces, 238700 pairs, 0.1s (816975 faces/s)
[overlap_fix]   scan: before               t=0.7s
[overlap_fix]     scan 100000/193033 faces, 238700 pairs, 0.1s (838727 faces/s)
[overlap_fix]   tabu place                 t=0.9s
[overlap_fix]     exact potential graph: 30811 pairs (7.1942% dense), 8 v bins
[overlap_fix]     tabu iter 1/1, best e=439750.4 @0, 0 moves, t=1.0s (1.03 s/iter)
[overlap_fix]     scan 100000/193033 faces, 238700 pairs, 0.1s (839981 faces/s)
[overlap_fix]     scan 100000/193033 faces, 203808 pairs, 0.1s (892801 faces/s)
[overlap_fix]   scan: after                t=1.9s
[overlap_fix]     scan 100000/193033 faces, 203808 pairs, 0.1s (855929 faces/s)
[overlap_fix]   group 18: shifted, 37 charts, r=460.3 (spread 451.1), wraps=0 du=0.0 dv=0.0, overlap 107929 -> 57546

=== PREFIT COMPONENT CULL ===
  charts before / after ... 1009 / 926
  size hist (faces) ........ 1:26 2-3:17 4-7:20 8-15:20 16-31:29 32-63:89 64-127:272 128-255:194 256-511:332 512+:10
  max Sander QC hist ....... <=2:907 <=4:37 <=8:19 <=16:8 <=32:8 <=64:9 <=128:10 <=256:7 >256:4
  charts killed ............ 62 small, 22 projected-degenerate
  welded groups before/after 119 / 119
  group size hist .......... <=1:0 <=3:0 <=7:0 <=15:11 <=31:17 <=63:28 <=127:17 <=255:11 <=511:10 <=1023:2 <=2047:4 >2047:19
  groups killed ............ 0 small
  faces killed ............. 8 stretch + 2336 chart + 0 group
==========================

=== OVERLAP FIX ===
  charts .................. 926
  welded groups ........... 119 (largest 128 charts)
  authentic weld edges .... 1241
  faces killed (total) .... 2344 / 193033

  -- is the error a whole number of turns? --
  weld |du/circ - round| .. <0.05:1020 0.15:83 0.25:67 0.35:40 more:31  (82.2% clean)
  welds off by >=1 wrap ... 95 / 1241
  phase |turn - round| ..... <0.05:1241 0.15:0 0.25:0 0.35:0 more:0  (100.0% clean)
  nonzero phase targets .... 194 / 1241
  trusted / untrusted ..... 0 / 0 (+0 over the wrap cap)
  wrap range .............. 0 .. 0

  -- gauge reconciliation --
  charts wind-corrected ... 0 / 926
  gauge islands ........... 0 (tree 0, cycle 0)
  cycle consistent ........ 0
  cycle INCONSISTENT ...... 0  (holonomy; no gauge can fix these)

  -- overlap --
  cross-group ............. 212811 raw -> 212811 post-wind -> 162428 final
  intra-group ............. 222465 raw -> 222465 post-wind
  intra |dr|/pitch ........ ~0:6008 ~0.5:13075 ~1:13584 ~1.5:19016 ~2:26190 >2.5:144592
    (~0..0.5 = folds no gauge fixes; ~1+ = wrong-wrap, re-gauge CAN fix)
  groups overlapping ...... 36 -> 36
  settled / shifted ....... 118 / 1
  parked / stuck .......... 0 / 0
  time .................... 2.72s
===================

=== TABU RE-GAUGE ===
  depth span .............. +/-4 wraps, tenure 40
  field ladder ............ -0.988262972 x 2pi*r per wind (0 pairs; FIXED)
  ladder u origin ......... -23892.392313154996
  iterations .............. 1 (canonical best at 1)
  moves ................... 0 chart + 1 group + 0 nbhd + 0 graded (of 12 eligible groups)
  phase-flat regions ...... 24 measured only
  phase lateral targets ... 376 trusted, 12 nonzero measured only
  energy (cell units) ..... 439750.4 -> 380223.7
  movable charts .......... 294 / 926
  charts moved ............ 19 / 926
  welds torn .............. 17 / 1138 usable (+103 excluded)
  lateral pairs coupled ... 377 (torn 8)
  happy-family bonds ...... 18 (torn 0)
  state archive ........... 2 kept, 2 SAT-verified
  exact winner ............ #1 at iter 1, score 380223.7
  hash rebuilds ........... 0
  cross after (exact) ..... 162428 pairs
  intra after (exact) ..... 212278 pairs
  intra |dr|/pitch after .. ~0:5954 ~0.5:12901 ~1:13501 ~1.5:19006 ~2:26190 >2.5:134726
=====================
  exact workload .......... 919777 queries; 896693 AABB rejects; 18949 cache hits / 4135 misses (4135 entries); 2037075 SAT tests
[tiled_atlas] sweep 1/1, tile 25/49 z00_y09_x09, loaded=100
[overlap_fix] active core: disabling tile-local pre-wind so the halo remains frozen
[overlap_fix] production preset: large-grid bounded
[overlap_fix] large-input guard: 100 cubes/192108 faces; tabu_iters=1 rounds=1 (pass --tabu-iters N to override)
[overlap_fix] active core: z[4352,4864) y[3200,3584) x[2688,3072); loaded complement is fixed halo
[overlap_fix] 100 cubes, 113230 vertices, 192108 faces, pitch=8.027
[overlap_fix]   label charts               t=0.0s
[overlap_fix]   build neighbours           t=0.0s
[overlap_fix]   label groups               t=0.2s
[overlap_fix]   uv index: raw              t=0.2s
[overlap_fix]   uv index: before           t=0.2s
[overlap_fix]   scan: raw                  t=0.3s
[overlap_fix]     scan 100000/192108 faces, 159268 pairs, 0.1s (930705 faces/s)
[overlap_fix]   scan: before               t=0.6s
[overlap_fix]     scan 100000/192108 faces, 159268 pairs, 0.1s (872894 faces/s)
[overlap_fix]   tabu place                 t=0.9s
[overlap_fix]     exact potential graph: 56078 pairs (17.9481% dense), 8 v bins
[overlap_fix]     tabu iter 1/1, best e=280109.2 @0, 0 moves, t=1.0s (0.97 s/iter)
[overlap_fix]     scan 100000/192108 faces, 159268 pairs, 0.1s (948091 faces/s)
[overlap_fix]     scan 100000/192108 faces, 91279 pairs, 0.1s (1089748 faces/s)
[overlap_fix]   scan: after                t=1.8s
[overlap_fix]     scan 100000/192108 faces, 91279 pairs, 0.1s (1034091 faces/s)
[overlap_fix]   group 12: shifted, 409 charts, r=200.6 (spread 357.7), wraps=0 du=0.0 dv=0.0, overlap 82996 -> 30626

=== PREFIT COMPONENT CULL ===
  charts before / after ... 816 / 791
  size hist (faces) ........ 1:7 2-3:3 4-7:4 8-15:6 16-31:15 32-63:42 64-127:221 128-255:149 256-511:355 512+:14
  max Sander QC hist ....... <=2:750 <=4:41 <=8:4 <=16:3 <=32:3 <=64:9 <=128:3 <=256:0 >256:3
  charts killed ............ 14 small, 11 projected-degenerate
  welded groups before/after 52 / 52
  group size hist .......... <=1:0 <=3:0 <=7:0 <=15:1 <=31:9 <=63:8 <=127:10 <=255:7 <=511:3 <=1023:1 <=2047:1 >2047:12
  groups killed ............ 0 small
  faces killed ............. 0 stretch + 2033 chart + 0 group
==========================

=== OVERLAP FIX ===
  charts .................. 791
  welded groups ........... 52 (largest 409 charts)
  authentic weld edges .... 1177
  faces killed (total) .... 2033 / 192108

  -- is the error a whole number of turns? --
  weld |du/circ - round| .. <0.05:1040 0.15:67 0.25:39 0.35:22 more:9  (88.4% clean)
  welds off by >=1 wrap ... 26 / 1177
  phase |turn - round| ..... <0.05:1177 0.15:0 0.25:0 0.35:0 more:0  (100.0% clean)
  nonzero phase targets .... 89 / 1177
  trusted / untrusted ..... 0 / 0 (+0 over the wrap cap)
  wrap range .............. 0 .. 0

  -- gauge reconciliation --
  charts wind-corrected ... 0 / 791
  gauge islands ........... 0 (tree 0, cycle 0)
  cycle consistent ........ 0
  cycle INCONSISTENT ...... 0  (holonomy; no gauge can fix these)

  -- overlap --
  cross-group ............. 100533 raw -> 100533 post-wind -> 48163 final
  intra-group ............. 175893 raw -> 175893 post-wind
  intra |dr|/pitch ........ ~0:7804 ~0.5:12350 ~1:11974 ~1.5:18539 ~2:26091 >2.5:99135
    (~0..0.5 = folds no gauge fixes; ~1+ = wrong-wrap, re-gauge CAN fix)
  groups overlapping ...... 25 -> 25
  settled / shifted ....... 51 / 1
  parked / stuck .......... 0 / 0
  time .................... 2.32s
===================

=== TABU RE-GAUGE ===
  depth span .............. +/-4 wraps, tenure 40
  field ladder ............ -0.988262972 x 2pi*r per wind (0 pairs; FIXED)
  ladder u origin ......... -23892.392313154996
  iterations .............. 1 (canonical best at 1)
  moves ................... 0 chart + 1 group + 0 nbhd + 0 graded (of 5 eligible groups)
  phase-flat regions ...... 12 measured only
  phase lateral targets ... 258 trusted, 0 nonzero measured only
  energy (cell units) ..... 280109.2 -> 196403.3
  movable charts .......... 282 / 791
  charts moved ............ 237 / 791
  welds torn .............. 125 / 1136 usable (+41 excluded)
  lateral pairs coupled ... 267 (torn 43)
  happy-family bonds ...... 26 (torn 0)
  state archive ........... 2 kept, 2 SAT-verified
  exact winner ............ #1 at iter 1, score 196403.3
  hash rebuilds ........... 0
  cross after (exact) ..... 48163 pairs
  intra after (exact) ..... 122924 pairs
  intra |dr|/pitch after .. ~0:6473 ~0.5:9823 ~1:10858 ~1.5:18149 ~2:25564 >2.5:52057
=====================
  exact workload .......... 1511434 queries; 1480699 AABB rejects; 24483 cache hits / 6252 misses (6252 entries); 3371717 SAT tests
[tiled_atlas] sweep 1/1, tile 26/49 z00_y09_x12, loaded=100
[overlap_fix] active core: disabling tile-local pre-wind so the halo remains frozen
[overlap_fix] production preset: large-grid bounded
[overlap_fix] large-input guard: 100 cubes/132907 faces; tabu_iters=1 rounds=1 (pass --tabu-iters N to override)
[overlap_fix] active core: z[4352,4864) y[3200,3584) x[3072,3456); loaded complement is fixed halo
[overlap_fix] 100 cubes, 82890 vertices, 132907 faces, pitch=8.027
[overlap_fix]   label charts               t=0.0s
[overlap_fix]   build neighbours           t=0.0s
[overlap_fix]   label groups               t=0.2s
[overlap_fix]   uv index: raw              t=0.2s
[overlap_fix]   uv index: before           t=0.2s
[overlap_fix]   scan: raw                  t=0.2s
[overlap_fix]     scan 100000/132907 faces, 54974 pairs, 0.1s (1126396 faces/s)
[overlap_fix]   scan: before               t=0.4s
[overlap_fix]     scan 100000/132907 faces, 54974 pairs, 0.1s (1177180 faces/s)
[overlap_fix]   tabu place                 t=0.5s
[overlap_fix]     exact potential graph: 21555 pairs (12.0754% dense), 8 v bins
[overlap_fix]     tabu iter 1/1, best e=81602.5 @0, 0 moves, t=0.6s (0.60 s/iter)
[overlap_fix]     scan 100000/132907 faces, 54974 pairs, 0.1s (1211353 faces/s)
[overlap_fix]     scan 100000/132907 faces, 55246 pairs, 0.1s (1197953 faces/s)
[overlap_fix]   scan: after                t=1.1s
[overlap_fix]     scan 100000/132907 faces, 55246 pairs, 0.1s (1184147 faces/s)
[overlap_fix]   group 1: shifted, 34 charts, r=270.8 (spread 223.2), wraps=0 du=0.0 dv=0.0, overlap 0 -> 484

=== PREFIT COMPONENT CULL ===
  charts before / after ... 629 / 598
  size hist (faces) ........ 1:5 2-3:10 4-7:11 8-15:7 16-31:8 32-63:38 64-127:189 128-255:129 256-511:215 512+:17
  max Sander QC hist ....... <=2:590 <=4:28 <=8:2 <=16:0 <=32:1 <=64:4 <=128:2 <=256:1 >256:1
  charts killed ............ 26 small, 5 projected-degenerate
  welded groups before/after 64 / 64
  group size hist .......... <=1:0 <=3:0 <=7:0 <=15:2 <=31:4 <=63:12 <=127:11 <=255:10 <=511:1 <=1023:3 <=2047:5 >2047:16
  groups killed ............ 0 small
  faces killed ............. 0 stretch + 796 chart + 0 group
==========================

=== OVERLAP FIX ===
  charts .................. 598
  welded groups ........... 64 (largest 50 charts)
  authentic weld edges .... 808
  faces killed (total) .... 796 / 132907

  -- is the error a whole number of turns? --
  weld |du/circ - round| .. <0.05:647 0.15:59 0.25:41 0.35:29 more:32  (80.1% clean)
  welds off by >=1 wrap ... 97 / 808
  phase |turn - round| ..... <0.05:808 0.15:0 0.25:0 0.35:0 more:0  (100.0% clean)
  nonzero phase targets .... 76 / 808
  trusted / untrusted ..... 0 / 0 (+0 over the wrap cap)
  wrap range .............. 0 .. 0

  -- gauge reconciliation --
  charts wind-corrected ... 0 / 598
  gauge islands ........... 0 (tree 0, cycle 0)
  cycle consistent ........ 0
  cycle INCONSISTENT ...... 0  (holonomy; no gauge can fix these)

  -- overlap --
  cross-group ............. 17429 raw -> 17429 post-wind -> 17913 final
  intra-group ............. 54344 raw -> 54344 post-wind
  intra |dr|/pitch ........ ~0:3088 ~0.5:7318 ~1:6405 ~1.5:6159 ~2:6290 >2.5:25084
    (~0..0.5 = folds no gauge fixes; ~1+ = wrong-wrap, re-gauge CAN fix)
  groups overlapping ...... 20 -> 21
  settled / shifted ....... 63 / 1
  parked / stuck .......... 0 / 0
  time .................... 1.38s
===================

=== TABU RE-GAUGE ===
  depth span .............. +/-4 wraps, tenure 40
  field ladder ............ -0.988262972 x 2pi*r per wind (0 pairs; FIXED)
  ladder u origin ......... -23892.392313154996
  iterations .............. 1 (canonical best at 1)
  moves ................... 0 chart + 1 group + 0 nbhd + 0 graded (of 10 eligible groups)
  phase-flat regions ...... 17 measured only
  phase lateral targets ... 90 trusted, 4 nonzero measured only
  energy (cell units) ..... 81602.5 -> 77931.1
  movable charts .......... 200 / 598
  charts moved ............ 18 / 598
  welds torn .............. 36 / 733 usable (+75 excluded)
  lateral pairs coupled ... 92 (torn 1)
  happy-family bonds ...... 28 (torn 0)
  state archive ........... 2 kept, 2 SAT-verified
  exact winner ............ #1 at iter 1, score 77931.1
  hash rebuilds ........... 0
  cross after (exact) ..... 17913 pairs
  intra after (exact) ..... 50521 pairs
  intra |dr|/pitch after .. ~0:2931 ~0.5:6966 ~1:6205 ~1.5:6013 ~2:6036 >2.5:22370
=====================
  exact workload .......... 697609 queries; 685449 AABB rejects; 9041 cache hits / 3119 misses (3119 entries); 1290977 SAT tests
[tiled_atlas] sweep 1/1, tile 27/49 z00_y09_x15, loaded=100
[overlap_fix] active core: disabling tile-local pre-wind so the halo remains frozen
[overlap_fix] production preset: large-grid bounded
[overlap_fix] large-input guard: 100 cubes/128885 faces; tabu_iters=1 rounds=1 (pass --tabu-iters N to override)
[overlap_fix] active core: z[4352,4864) y[3200,3584) x[3456,3840); loaded complement is fixed halo
[overlap_fix] 100 cubes, 79989 vertices, 128885 faces, pitch=8.027
[overlap_fix]   label charts               t=0.0s
[overlap_fix]   build neighbours           t=0.0s
[overlap_fix]   label groups               t=0.2s
[overlap_fix]   uv index: raw              t=0.2s
[overlap_fix]   uv index: before           t=0.2s
[overlap_fix]   scan: raw                  t=0.2s
[overlap_fix]     scan 100000/128885 faces, 55925 pairs, 0.1s (1179247 faces/s)
[overlap_fix]   scan: before               t=0.4s
[overlap_fix]     scan 100000/128885 faces, 55925 pairs, 0.1s (1181899 faces/s)
[overlap_fix]   tabu place                 t=0.5s
[overlap_fix]     exact potential graph: 7022 pairs (4.5024% dense), 8 v bins
[overlap_fix]     tabu iter 1/1, best e=71746.1 @0, 0 moves, t=0.6s (0.58 s/iter)
[overlap_fix]     scan 100000/128885 faces, 55925 pairs, 0.1s (1149181 faces/s)
[overlap_fix]     scan 100000/128885 faces, 44318 pairs, 0.1s (1197552 faces/s)
[overlap_fix]   scan: after                t=1.0s
[overlap_fix]     scan 100000/128885 faces, 44318 pairs, 0.1s (1208023 faces/s)
[overlap_fix]   group 8: shifted, 35 charts, r=833.4 (spread 403.3), wraps=0 du=0.0 dv=0.0, overlap 24982 -> 16844

=== PREFIT COMPONENT CULL ===
  charts before / after ... 603 / 559
  size hist (faces) ........ 1:9 2-3:12 4-7:14 8-15:8 16-31:8 32-63:36 64-127:181 128-255:102 256-511:211 512+:22
  max Sander QC hist ....... <=2:561 <=4:20 <=8:7 <=16:1 <=32:2 <=64:3 <=128:3 <=256:1 >256:5
  charts killed ............ 35 small, 9 projected-degenerate
  welded groups before/after 48 / 48
  group size hist .......... <=1:0 <=3:0 <=7:0 <=15:2 <=31:5 <=63:9 <=127:8 <=255:5 <=511:1 <=1023:2 <=2047:1 >2047:15
  groups killed ............ 0 small
  faces killed ............. 2 stretch + 2104 chart + 0 group
==========================

=== OVERLAP FIX ===
  charts .................. 559
  welded groups ........... 48 (largest 84 charts)
  authentic weld edges .... 784
  faces killed (total) .... 2106 / 128885

  -- is the error a whole number of turns? --
  weld |du/circ - round| .. <0.05:702 0.15:32 0.25:25 0.35:6 more:19  (89.5% clean)
  welds off by >=1 wrap ... 48 / 784
  phase |turn - round| ..... <0.05:784 0.15:0 0.25:0 0.35:0 more:0  (100.0% clean)
  nonzero phase targets .... 90 / 784
  trusted / untrusted ..... 0 / 0 (+0 over the wrap cap)
  wrap range .............. 0 .. 0

  -- gauge reconciliation --
  charts wind-corrected ... 0 / 559
  gauge islands ........... 0 (tree 0, cycle 0)
  cycle consistent ........ 0
  cycle INCONSISTENT ...... 0  (holonomy; no gauge can fix these)

  -- overlap --
  cross-group ............. 34041 raw -> 34041 post-wind -> 25903 final
  intra-group ............. 35516 raw -> 35516 post-wind
  intra |dr|/pitch ........ ~0:2647 ~0.5:5696 ~1:5371 ~1.5:3626 ~2:1706 >2.5:16470
    (~0..0.5 = folds no gauge fixes; ~1+ = wrong-wrap, re-gauge CAN fix)
  groups overlapping ...... 13 -> 13
  settled / shifted ....... 47 / 1
  parked / stuck .......... 0 / 0
  time .................... 1.29s
===================

=== TABU RE-GAUGE ===
  depth span .............. +/-4 wraps, tenure 40
  field ladder ............ -0.988262972 x 2pi*r per wind (0 pairs; FIXED)
  ladder u origin ......... -23892.392313154996
  iterations .............. 1 (canonical best at 1)
  moves ................... 0 chart + 1 group + 0 nbhd + 0 graded (of 6 eligible groups)
  phase-flat regions ...... 10 measured only
  phase lateral targets ... 145 trusted, 6 nonzero measured only
  energy (cell units) ..... 71746.1 -> 58620.8
  movable charts .......... 187 / 559
  charts moved ............ 19 / 559
  welds torn .............. 10 / 736 usable (+48 excluded)
  lateral pairs coupled ... 145 (torn 3)
  happy-family bonds ...... 11 (torn 0)
  state archive ........... 2 kept, 2 SAT-verified
  exact winner ............ #1 at iter 1, score 58620.8
  hash rebuilds ........... 0
  cross after (exact) ..... 25903 pairs
  intra after (exact) ..... 29318 pairs
  intra |dr|/pitch after .. ~0:2480 ~0.5:5504 ~1:5332 ~1.5:3626 ~2:1706 >2.5:10670
=====================
  exact workload .......... 189674 queries; 180147 AABB rejects; 7835 cache hits / 1692 misses (1692 entries); 326771 SAT tests
[tiled_atlas] sweep 1/1, tile 28/49 z00_y09_x18, loaded=80
[overlap_fix] active core: disabling tile-local pre-wind so the halo remains frozen
[overlap_fix] production preset: large-grid bounded
[overlap_fix] large-input guard: 80 cubes/136974 faces; tabu_iters=1 rounds=1 (pass --tabu-iters N to override)
[overlap_fix] active core: z[4352,4864) y[3200,3584) x[3840,4224); loaded complement is fixed halo
[overlap_fix] 80 cubes, 81327 vertices, 136974 faces, pitch=8.027
[overlap_fix]   label charts               t=0.0s
[overlap_fix]   build neighbours           t=0.0s
[overlap_fix]   label groups               t=0.2s
[overlap_fix]   uv index: raw              t=0.2s
[overlap_fix]   uv index: before           t=0.2s
[overlap_fix]   scan: raw                  t=0.2s
[overlap_fix]     scan 100000/136974 faces, 185690 pairs, 0.1s (889649 faces/s)
[overlap_fix]   scan: before               t=0.5s
[overlap_fix]     scan 100000/136974 faces, 185690 pairs, 0.1s (925732 faces/s)
[overlap_fix]   tabu place                 t=0.6s
[overlap_fix]     exact potential graph: 10048 pairs (5.2874% dense), 8 v bins
[overlap_fix]     tabu iter 1/1, best e=274771.5 @0, 0 moves, t=0.7s (0.71 s/iter)
[overlap_fix]     scan 100000/136974 faces, 185690 pairs, 0.1s (917852 faces/s)
[overlap_fix]     scan 100000/136974 faces, 131857 pairs, 0.1s (1034927 faces/s)
[overlap_fix]   scan: after                t=1.3s
[overlap_fix]     scan 100000/136974 faces, 131857 pairs, 0.1s (1016282 faces/s)
[overlap_fix]   group 11: shifted, 97 charts, r=1266.2 (spread 268.7), wraps=0 du=0.0 dv=0.0, overlap 84173 -> 12999

=== PREFIT COMPONENT CULL ===
  charts before / after ... 662 / 617
  size hist (faces) ........ 1:12 2-3:10 4-7:8 8-15:17 16-31:20 32-63:38 64-127:180 128-255:136 256-511:222 512+:19
  max Sander QC hist ....... <=2:587 <=4:20 <=8:18 <=16:9 <=32:5 <=64:8 <=128:3 <=256:2 >256:10
  charts killed ............ 30 small, 18 projected-degenerate
  welded groups before/after 73 / 73
  group size hist .......... <=1:0 <=3:0 <=7:0 <=15:11 <=31:17 <=63:13 <=127:9 <=255:7 <=511:0 <=1023:1 <=2047:2 >2047:13
  groups killed ............ 0 small
  faces killed ............. 22 stretch + 2115 chart + 0 group
==========================

=== OVERLAP FIX ===
  charts .................. 617
  welded groups ........... 73 (largest 97 charts)
  authentic weld edges .... 835
  faces killed (total) .... 2137 / 136974

  -- is the error a whole number of turns? --
  weld |du/circ - round| .. <0.05:770 0.15:31 0.25:15 0.35:6 more:13  (92.2% clean)
  welds off by >=1 wrap ... 38 / 835
  phase |turn - round| ..... <0.05:835 0.15:0 0.25:0 0.35:0 more:0  (100.0% clean)
  nonzero phase targets .... 57 / 835
  trusted / untrusted ..... 0 / 0 (+0 over the wrap cap)
  wrap range .............. 0 .. 0

  -- gauge reconciliation --
  charts wind-corrected ... 0 / 617
  gauge islands ........... 0 (tree 0, cycle 0)
  cycle consistent ........ 0
  cycle INCONSISTENT ...... 0  (holonomy; no gauge can fix these)

  -- overlap --
  cross-group ............. 88691 raw -> 88691 post-wind -> 17517 final
  intra-group ............. 183660 raw -> 183660 post-wind
  intra |dr|/pitch ........ ~0:3506 ~0.5:8345 ~1:19016 ~1.5:34541 ~2:36609 >2.5:81643
    (~0..0.5 = folds no gauge fixes; ~1+ = wrong-wrap, re-gauge CAN fix)
  groups overlapping ...... 35 -> 25
  settled / shifted ....... 72 / 1
  parked / stuck .......... 0 / 0
  time .................... 1.63s
===================

=== TABU RE-GAUGE ===
  depth span .............. +/-4 wraps, tenure 40
  field ladder ............ -0.988262972 x 2pi*r per wind (0 pairs; FIXED)
  ladder u origin ......... -23892.392313154996
  iterations .............. 1 (canonical best at 1)
  moves ................... 0 chart + 1 group + 0 nbhd + 0 graded (of 6 eligible groups)
  phase-flat regions ...... 13 measured only
  phase lateral targets ... 508 trusted, 68 nonzero measured only
  energy (cell units) ..... 274771.5 -> 207368.9
  movable charts .......... 295 / 617
  charts moved ............ 52 / 617
  welds torn .............. 42 / 800 usable (+35 excluded)
  lateral pairs coupled ... 508 (torn 133)
  happy-family bonds ...... 15 (torn 0)
  state archive ........... 2 kept, 2 SAT-verified
  exact winner ............ #1 at iter 1, score 207368.9
  hash rebuilds ........... 0
  cross after (exact) ..... 17517 pairs
  intra after (exact) ..... 181655 pairs
  intra |dr|/pitch after .. ~0:3322 ~0.5:8172 ~1:18488 ~1.5:34106 ~2:36264 >2.5:81303
=====================
  exact workload .......... 356576 queries; 330869 AABB rejects; 21417 cache hits / 4290 misses (4290 entries); 1989451 SAT tests
[tiled_atlas] sweep 1/1, tile 29/49 z00_y12_x00, loaded=80
[overlap_fix] active core: disabling tile-local pre-wind so the halo remains frozen
[overlap_fix] production preset: large-grid bounded
[overlap_fix] large-input guard: 80 cubes/226219 faces; tabu_iters=1 rounds=1 (pass --tabu-iters N to override)
[overlap_fix] active core: z[4352,4864) y[3584,3968) x[1536,1920); loaded complement is fixed halo
[overlap_fix] 80 cubes, 140418 vertices, 226219 faces, pitch=8.027
[overlap_fix]   label charts               t=0.0s
[overlap_fix]   build neighbours           t=0.0s
[overlap_fix]   label groups               t=0.3s
[overlap_fix]   uv index: raw              t=0.3s
[overlap_fix]   uv index: before           t=0.3s
[overlap_fix]   scan: raw                  t=0.4s
[overlap_fix]     scan 100000/226219 faces, 465738 pairs, 0.2s (601434 faces/s)
[overlap_fix]     scan 200000/226219 faces, 983446 pairs, 0.3s (584705 faces/s)
[overlap_fix]   scan: before               t=0.9s
[overlap_fix]     scan 100000/226219 faces, 465738 pairs, 0.2s (581970 faces/s)
[overlap_fix]     scan 200000/226219 faces, 983446 pairs, 0.3s (574404 faces/s)
[overlap_fix]   tabu place                 t=1.3s
[overlap_fix]     exact potential graph: 56124 pairs (8.4508% dense), 8 v bins
[overlap_fix]     tabu iter 1/1, best e=1110112.5 @0, 0 moves, t=1.5s (1.51 s/iter)
[overlap_fix]     scan 100000/226219 faces, 465738 pairs, 0.2s (595221 faces/s)
[overlap_fix]     scan 200000/226219 faces, 983446 pairs, 0.3s (574143 faces/s)
[overlap_fix]     scan 100000/226219 faces, 392708 pairs, 0.2s (559346 faces/s)
[overlap_fix]     scan 200000/226219 faces, 832283 pairs, 0.4s (537031 faces/s)
[overlap_fix]   scan: after                t=2.9s
[overlap_fix]     scan 100000/226219 faces, 392708 pairs, 0.2s (561068 faces/s)
[overlap_fix]     scan 200000/226219 faces, 832283 pairs, 0.4s (544657 faces/s)
[overlap_fix]   group 28: shifted, 207 charts, r=1189.0 (spread 403.8), wraps=0 du=0.0 dv=0.0, overlap 263869 -> 117731

=== PREFIT COMPONENT CULL ===
  charts before / after ... 1301 / 1153
  size hist (faces) ........ 1:31 2-3:36 4-7:34 8-15:32 16-31:87 32-63:129 64-127:315 128-255:253 256-511:370 512+:14
  max Sander QC hist ....... <=2:1106 <=4:63 <=8:30 <=16:25 <=32:18 <=64:11 <=128:19 <=256:14 >256:15
  charts killed ............ 98 small, 52 projected-degenerate
  welded groups before/after 194 / 194
  group size hist .......... <=1:0 <=3:0 <=7:3 <=15:16 <=31:45 <=63:34 <=127:46 <=255:23 <=511:7 <=1023:3 <=2047:5 >2047:12
  groups killed ............ 0 small
  faces killed ............. 13 stretch + 5174 chart + 0 group
==========================

=== OVERLAP FIX ===
  charts .................. 1153
  welded groups ........... 194 (largest 232 charts)
  authentic weld edges .... 1415
  faces killed (total) .... 5187 / 226219

  -- is the error a whole number of turns? --
  weld |du/circ - round| .. <0.05:1197 0.15:74 0.25:39 0.35:65 more:40  (84.6% clean)
  welds off by >=1 wrap ... 155 / 1415
  phase |turn - round| ..... <0.05:1415 0.15:0 0.25:0 0.35:0 more:0  (100.0% clean)
  nonzero phase targets .... 155 / 1415
  trusted / untrusted ..... 0 / 0 (+0 over the wrap cap)
  wrap range .............. 0 .. 0

  -- gauge reconciliation --
  charts wind-corrected ... 0 / 1153
  gauge islands ........... 0 (tree 0, cycle 0)
  cycle consistent ........ 0
  cycle INCONSISTENT ...... 0  (holonomy; no gauge can fix these)

  -- overlap --
  cross-group ............. 703646 raw -> 703646 post-wind -> 557508 final
  intra-group ............. 394433 raw -> 394433 post-wind
  intra |dr|/pitch ........ ~0:9795 ~0.5:27194 ~1:44065 ~1.5:59271 ~2:72083 >2.5:182025
    (~0..0.5 = folds no gauge fixes; ~1+ = wrong-wrap, re-gauge CAN fix)
  groups overlapping ...... 56 -> 53
  settled / shifted ....... 193 / 1
  parked / stuck .......... 0 / 0
  time .................... 3.75s
===================

=== TABU RE-GAUGE ===
  depth span .............. +/-4 wraps, tenure 40
  field ladder ............ -0.988262972 x 2pi*r per wind (0 pairs; FIXED)
  ladder u origin ......... -23892.392313154996
  iterations .............. 1 (canonical best at 1)
  moves ................... 0 chart + 1 group + 0 nbhd + 0 graded (of 4 eligible groups)
  phase-flat regions ...... 17 measured only
  phase lateral targets ... 833 trusted, 98 nonzero measured only
  energy (cell units) ..... 1110112.5 -> 952618.4
  movable charts .......... 522 / 1153
  charts moved ............ 110 / 1153
  welds torn .............. 120 / 1303 usable (+112 excluded)
  lateral pairs coupled ... 845 (torn 75)
  happy-family bonds ...... 31 (torn 0)
  state archive ........... 2 kept, 2 SAT-verified
  exact winner ............ #1 at iter 1, score 952618.4
  hash rebuilds ........... 0
  cross after (exact) ..... 557508 pairs
  intra after (exact) ..... 374266 pairs
  intra |dr|/pitch after .. ~0:9456 ~0.5:26431 ~1:43387 ~1.5:58642 ~2:71353 >2.5:164997
=====================
  exact workload .......... 1977380 queries; 1907338 AABB rejects; 61124 cache hits / 8918 misses (8918 entries); 4016276 SAT tests
[tiled_atlas] sweep 1/1, tile 30/49 z00_y12_x03, loaded=100
[overlap_fix] active core: disabling tile-local pre-wind so the halo remains frozen
[overlap_fix] production preset: large-grid bounded
[overlap_fix] large-input guard: 100 cubes/235687 faces; tabu_iters=1 rounds=1 (pass --tabu-iters N to override)
[overlap_fix] active core: z[4352,4864) y[3584,3968) x[1920,2304); loaded complement is fixed halo
[overlap_fix] 100 cubes, 146995 vertices, 235687 faces, pitch=8.027
[overlap_fix]   label charts               t=0.0s
[overlap_fix]   build neighbours           t=0.0s
[overlap_fix]   label groups               t=0.3s
[overlap_fix]   uv index: raw              t=0.3s
[overlap_fix]   uv index: before           t=0.3s
[overlap_fix]   scan: raw                  t=0.4s
[overlap_fix]     scan 100000/235687 faces, 385165 pairs, 0.2s (635616 faces/s)
[overlap_fix]     scan 200000/235687 faces, 769781 pairs, 0.3s (635016 faces/s)
[overlap_fix]   scan: before               t=0.9s
[overlap_fix]     scan 100000/235687 faces, 385165 pairs, 0.2s (650886 faces/s)
[overlap_fix]     scan 200000/235687 faces, 769781 pairs, 0.3s (653461 faces/s)
[overlap_fix]   tabu place                 t=1.2s
[overlap_fix]     exact potential graph: 56180 pairs (7.4937% dense), 8 v bins
[overlap_fix]     tabu iter 1/1, best e=883659.3 @0, 0 moves, t=1.4s (1.45 s/iter)
[overlap_fix]     scan 100000/235687 faces, 385165 pairs, 0.2s (658893 faces/s)
[overlap_fix]     scan 200000/235687 faces, 769781 pairs, 0.3s (663000 faces/s)
[overlap_fix]     scan 100000/235687 faces, 322497 pairs, 0.1s (706784 faces/s)
[overlap_fix]     scan 200000/235687 faces, 629177 pairs, 0.3s (667499 faces/s)
[overlap_fix]   scan: after                t=2.7s
[overlap_fix]     scan 100000/235687 faces, 322497 pairs, 0.2s (603812 faces/s)
[overlap_fix]     scan 200000/235687 faces, 629177 pairs, 0.3s (628324 faces/s)
[overlap_fix]   group 11: shifted, 561 charts, r=988.7 (spread 529.2), wraps=0 du=0.0 dv=0.0, overlap 14009 -> 9205

=== PREFIT COMPONENT CULL ===
  charts before / after ... 1395 / 1225
  size hist (faces) ........ 1:38 2-3:47 4-7:37 8-15:36 16-31:91 32-63:136 64-127:337 128-255:265 256-511:398 512+:10
  max Sander QC hist ....... <=2:1200 <=4:63 <=8:31 <=16:25 <=32:16 <=64:12 <=128:17 <=256:17 >256:14
  charts killed ............ 119 small, 52 projected-degenerate
  welded groups before/after 212 / 212
  group size hist .......... <=1:0 <=3:0 <=7:3 <=15:20 <=31:47 <=63:41 <=127:49 <=255:25 <=511:8 <=1023:5 <=2047:1 >2047:13
  groups killed ............ 0 small
  faces killed ............. 16 stretch + 5956 chart + 0 group
==========================

=== OVERLAP FIX ===
  charts .................. 1225
  welded groups ........... 212 (largest 561 charts)
  authentic weld edges .... 1513
  faces killed (total) .... 5972 / 235687

  -- is the error a whole number of turns? --
  weld |du/circ - round| .. <0.05:1251 0.15:86 0.25:74 0.35:57 more:45  (82.7% clean)
  welds off by >=1 wrap ... 123 / 1513
  phase |turn - round| ..... <0.05:1513 0.15:0 0.25:0 0.35:0 more:0  (100.0% clean)
  nonzero phase targets .... 208 / 1513
  trusted / untrusted ..... 0 / 0 (+0 over the wrap cap)
  wrap range .............. 0 .. 0

  -- gauge reconciliation --
  charts wind-corrected ... 0 / 1225
  gauge islands ........... 0 (tree 0, cycle 0)
  cycle consistent ........ 0
  cycle INCONSISTENT ...... 0  (holonomy; no gauge can fix these)

  -- overlap --
  cross-group ............. 286642 raw -> 286642 post-wind -> 281838 final
  intra-group ............. 589470 raw -> 589470 post-wind
  intra |dr|/pitch ........ ~0:12260 ~0.5:30069 ~1:42967 ~1.5:49553 ~2:57059 >2.5:397562
    (~0..0.5 = folds no gauge fixes; ~1+ = wrong-wrap, re-gauge CAN fix)
  groups overlapping ...... 44 -> 45
  settled / shifted ....... 211 / 1
  parked / stuck .......... 0 / 0
  time .................... 3.55s
===================

=== TABU RE-GAUGE ===
  depth span .............. +/-4 wraps, tenure 40
  field ladder ............ -0.988262972 x 2pi*r per wind (0 pairs; FIXED)
  ladder u origin ......... -23892.392313154996
  iterations .............. 1 (canonical best at 1)
  moves ................... 0 chart + 1 group + 0 nbhd + 0 graded (of 5 eligible groups)
  phase-flat regions ...... 27 measured only
  phase lateral targets ... 660 trusted, 40 nonzero measured only
  energy (cell units) ..... 883659.3 -> 761988.9
  movable charts .......... 377 / 1225
  charts moved ............ 130 / 1225
  welds torn .............. 127 / 1389 usable (+124 excluded)
  lateral pairs coupled ... 670 (torn 86)
  happy-family bonds ...... 35 (torn 0)
  state archive ........... 2 kept, 2 SAT-verified
  exact winner ............ #1 at iter 1, score 761988.9
  hash rebuilds ........... 0
  cross after (exact) ..... 281838 pairs
  intra after (exact) ..... 448764 pairs
  intra |dr|/pitch after .. ~0:11409 ~0.5:27486 ~1:40772 ~1.5:46780 ~2:52420 >2.5:269897
=====================
  exact workload .......... 1361868 queries; 1308945 AABB rejects; 46163 cache hits / 6760 misses (6760 entries); 3217820 SAT tests
[tiled_atlas] sweep 1/1, tile 31/49 z00_y12_x06, loaded=100
[overlap_fix] active core: disabling tile-local pre-wind so the halo remains frozen
[overlap_fix] production preset: large-grid bounded
[overlap_fix] large-input guard: 100 cubes/176755 faces; tabu_iters=1 rounds=1 (pass --tabu-iters N to override)
[overlap_fix] active core: z[4352,4864) y[3584,3968) x[2304,2688); loaded complement is fixed halo
[overlap_fix] 100 cubes, 110507 vertices, 176755 faces, pitch=8.027
[overlap_fix]   label charts               t=0.0s
[overlap_fix]   build neighbours           t=0.0s
[overlap_fix]   label groups               t=0.2s
[overlap_fix]   uv index: raw              t=0.2s
[overlap_fix]   uv index: before           t=0.2s
[overlap_fix]   scan: raw                  t=0.3s
[overlap_fix]     scan 100000/176755 faces, 254018 pairs, 0.1s (800261 faces/s)
[overlap_fix]   scan: before               t=0.6s
[overlap_fix]     scan 100000/176755 faces, 254018 pairs, 0.1s (808038 faces/s)
[overlap_fix]   tabu place                 t=0.9s
[overlap_fix]     exact potential graph: 25467 pairs (5.4526% dense), 8 v bins
[overlap_fix]     tabu iter 1/1, best e=478242.0 @0, 0 moves, t=1.0s (0.99 s/iter)
[overlap_fix]     scan 100000/176755 faces, 254018 pairs, 0.1s (785967 faces/s)
[overlap_fix]     scan 100000/176755 faces, 230010 pairs, 0.1s (825181 faces/s)
[overlap_fix]   scan: after                t=1.8s
[overlap_fix]     scan 100000/176755 faces, 230010 pairs, 0.1s (829508 faces/s)
[overlap_fix]   group 30: shifted, 158 charts, r=677.4 (spread 442.3), wraps=0 du=0.0 dv=0.0, overlap 43911 -> 26225

=== PREFIT COMPONENT CULL ===
  charts before / after ... 1080 / 967
  size hist (faces) ........ 1:25 2-3:37 4-7:24 8-15:35 16-31:52 32-63:115 64-127:267 128-255:230 256-511:292 512+:3
  max Sander QC hist ....... <=2:914 <=4:68 <=8:30 <=16:20 <=32:10 <=64:8 <=128:11 <=256:8 >256:11
  charts killed ............ 81 small, 33 projected-degenerate
  welded groups before/after 183 / 183
  group size hist .......... <=1:0 <=3:0 <=7:3 <=15:24 <=31:30 <=63:46 <=127:32 <=255:16 <=511:4 <=1023:4 <=2047:6 >2047:18
  groups killed ............ 0 small
  faces killed ............. 38 stretch + 3242 chart + 0 group
==========================

=== OVERLAP FIX ===
  charts .................. 967
  welded groups ........... 183 (largest 158 charts)
  authentic weld edges .... 1135
  faces killed (total) .... 3280 / 176755

  -- is the error a whole number of turns? --
  weld |du/circ - round| .. <0.05:932 0.15:94 0.25:57 0.35:22 more:30  (82.1% clean)
  welds off by >=1 wrap ... 82 / 1135
  phase |turn - round| ..... <0.05:1135 0.15:0 0.25:0 0.35:0 more:0  (100.0% clean)
  nonzero phase targets .... 164 / 1135
  trusted / untrusted ..... 0 / 0 (+0 over the wrap cap)
  wrap range .............. 0 .. 0

  -- gauge reconciliation --
  charts wind-corrected ... 0 / 967
  gauge islands ........... 0 (tree 0, cycle 0)
  cycle consistent ........ 0
  cycle INCONSISTENT ...... 0  (holonomy; no gauge can fix these)

  -- overlap --
  cross-group ............. 176903 raw -> 176903 post-wind -> 159217 final
  intra-group ............. 292309 raw -> 292309 post-wind
  intra |dr|/pitch ........ ~0:4671 ~0.5:12385 ~1:20220 ~1.5:30478 ~2:40023 >2.5:184532
    (~0..0.5 = folds no gauge fixes; ~1+ = wrong-wrap, re-gauge CAN fix)
  groups overlapping ...... 52 -> 52
  settled / shifted ....... 182 / 1
  parked / stuck .......... 0 / 0
  time .................... 2.27s
===================

=== TABU RE-GAUGE ===
  depth span .............. +/-4 wraps, tenure 40
  field ladder ............ -0.988262972 x 2pi*r per wind (0 pairs; FIXED)
  ladder u origin ......... -23892.392313154996
  iterations .............. 1 (canonical best at 1)
  moves ................... 0 chart + 1 group + 0 nbhd + 0 graded (of 10 eligible groups)
  phase-flat regions ...... 25 measured only
  phase lateral targets ... 346 trusted, 16 nonzero measured only
  energy (cell units) ..... 478242.0 -> 413863.8
  movable charts .......... 261 / 967
  charts moved ............ 58 / 967
  welds torn .............. 92 / 1066 usable (+69 excluded)
  lateral pairs coupled ... 381 (torn 51)
  happy-family bonds ...... 31 (torn 0)
  state archive ........... 2 kept, 2 SAT-verified
  exact winner ............ #1 at iter 1, score 413863.8
  hash rebuilds ........... 0
  cross after (exact) ..... 159217 pairs
  intra after (exact) ..... 241576 pairs
  intra |dr|/pitch after .. ~0:4357 ~0.5:11083 ~1:18506 ~1.5:28817 ~2:37935 >2.5:140878
=====================
  exact workload .......... 529483 queries; 502862 AABB rejects; 22362 cache hits / 4259 misses (4259 entries); 2061019 SAT tests
[tiled_atlas] sweep 1/1, tile 32/49 z00_y12_x09, loaded=100
[overlap_fix] active core: disabling tile-local pre-wind so the halo remains frozen
[overlap_fix] production preset: large-grid bounded
[overlap_fix] large-input guard: 100 cubes/207061 faces; tabu_iters=1 rounds=1 (pass --tabu-iters N to override)
[overlap_fix] active core: z[4352,4864) y[3584,3968) x[2688,3072); loaded complement is fixed halo
[overlap_fix] 100 cubes, 125576 vertices, 207061 faces, pitch=8.027
[overlap_fix]   label charts               t=0.0s
[overlap_fix]   build neighbours           t=0.0s
[overlap_fix]   label groups               t=0.3s
[overlap_fix]   uv index: raw              t=0.3s
[overlap_fix]   uv index: before           t=0.3s
[overlap_fix]   scan: raw                  t=0.4s
[overlap_fix]     scan 100000/207061 faces, 287342 pairs, 0.1s (694756 faces/s)
[overlap_fix]     scan 200000/207061 faces, 518365 pairs, 0.3s (745675 faces/s)
[overlap_fix]   scan: before               t=0.7s
[overlap_fix]     scan 100000/207061 faces, 287342 pairs, 0.1s (709158 faces/s)
[overlap_fix]     scan 200000/207061 faces, 518365 pairs, 0.3s (748755 faces/s)
[overlap_fix]   tabu place                 t=1.0s
[overlap_fix]     exact potential graph: 31361 pairs (5.9992% dense), 8 v bins
[overlap_fix]     tabu iter 1/1, best e=539057.5 @0, 0 moves, t=1.2s (1.17 s/iter)
[overlap_fix]     scan 100000/207061 faces, 287342 pairs, 0.1s (755083 faces/s)
[overlap_fix]     scan 200000/207061 faces, 518365 pairs, 0.2s (801434 faces/s)
[overlap_fix]     scan 100000/207061 faces, 246465 pairs, 0.1s (781601 faces/s)
[overlap_fix]     scan 200000/207061 faces, 444050 pairs, 0.2s (830161 faces/s)
[overlap_fix]   scan: after                t=2.2s
[overlap_fix]     scan 100000/207061 faces, 246465 pairs, 0.1s (809846 faces/s)
[overlap_fix]     scan 200000/207061 faces, 444050 pairs, 0.2s (841875 faces/s)
[overlap_fix]   group 21: shifted, 117 charts, r=547.7 (spread 274.5), wraps=0 du=0.0 dv=0.0, overlap 103099 -> 44729

=== PREFIT COMPONENT CULL ===
  charts before / after ... 1110 / 1023
  size hist (faces) ........ 1:14 2-3:25 4-7:21 8-15:22 16-31:54 32-63:89 64-127:289 128-255:237 256-511:350 512+:9
  max Sander QC hist ....... <=2:924 <=4:78 <=8:35 <=16:16 <=32:12 <=64:15 <=128:11 <=256:4 >256:15
  charts killed ............ 53 small, 35 projected-degenerate
  welded groups before/after 160 / 160
  group size hist .......... <=1:0 <=3:0 <=7:5 <=15:16 <=31:34 <=63:31 <=127:32 <=255:16 <=511:5 <=1023:3 <=2047:1 >2047:17
  groups killed ............ 0 small
  faces killed ............. 55 stretch + 4088 chart + 0 group
==========================

=== OVERLAP FIX ===
  charts .................. 1023
  welded groups ........... 160 (largest 117 charts)
  authentic weld edges .... 1306
  faces killed (total) .... 4143 / 207061

  -- is the error a whole number of turns? --
  weld |du/circ - round| .. <0.05:1053 0.15:104 0.25:70 0.35:33 more:46  (80.6% clean)
  welds off by >=1 wrap ... 161 / 1306
  phase |turn - round| ..... <0.05:1306 0.15:0 0.25:0 0.35:0 more:0  (100.0% clean)
  nonzero phase targets .... 104 / 1306
  trusted / untrusted ..... 0 / 0 (+0 over the wrap cap)
  wrap range .............. 0 .. 0

  -- gauge reconciliation --
  charts wind-corrected ... 0 / 1023
  gauge islands ........... 0 (tree 0, cycle 0)
  cycle consistent ........ 0
  cycle INCONSISTENT ...... 0  (holonomy; no gauge can fix these)

  -- overlap --
  cross-group ............. 139978 raw -> 139978 post-wind -> 81608 final
  intra-group ............. 384337 raw -> 384337 post-wind
  intra |dr|/pitch ........ ~0:9333 ~0.5:16901 ~1:33576 ~1.5:65257 ~2:79010 >2.5:180260
    (~0..0.5 = folds no gauge fixes; ~1+ = wrong-wrap, re-gauge CAN fix)
  groups overlapping ...... 51 -> 51
  settled / shifted ....... 159 / 1
  parked / stuck .......... 0 / 0
  time .................... 2.80s
===================

=== TABU RE-GAUGE ===
  depth span .............. +/-4 wraps, tenure 40
  field ladder ............ -0.988262972 x 2pi*r per wind (0 pairs; FIXED)
  ladder u origin ......... -23892.392313154996
  iterations .............. 1 (canonical best at 1)
  moves ................... 0 chart + 1 group + 0 nbhd + 0 graded (of 10 eligible groups)
  phase-flat regions ...... 22 measured only
  phase lateral targets ... 517 trusted, 11 nonzero measured only
  energy (cell units) ..... 539057.5 -> 468497.8
  movable charts .......... 328 / 1023
  charts moved ............ 55 / 1023
  welds torn .............. 106 / 1208 usable (+98 excluded)
  lateral pairs coupled ... 517 (torn 61)
  happy-family bonds ...... 14 (torn 0)
  state archive ........... 2 kept, 2 SAT-verified
  exact winner ............ #1 at iter 1, score 468497.8
  hash rebuilds ........... 0
  cross after (exact) ..... 81608 pairs
  intra after (exact) ..... 368392 pairs
  intra |dr|/pitch after .. ~0:9238 ~0.5:16549 ~1:32993 ~1.5:63556 ~2:76615 >2.5:169441
=====================
  exact workload .......... 898691 queries; 858634 AABB rejects; 32835 cache hits / 7222 misses (7222 entries); 3829984 SAT tests
[tiled_atlas] sweep 1/1, tile 33/49 z00_y12_x12, loaded=100
[overlap_fix] active core: disabling tile-local pre-wind so the halo remains frozen
[overlap_fix] production preset: large-grid bounded
[overlap_fix] large-input guard: 100 cubes/205828 faces; tabu_iters=1 rounds=1 (pass --tabu-iters N to override)
[overlap_fix] active core: z[4352,4864) y[3584,3968) x[3072,3456); loaded complement is fixed halo
[overlap_fix] 100 cubes, 124912 vertices, 205828 faces, pitch=8.027
[overlap_fix]   label charts               t=0.0s
[overlap_fix]   build neighbours           t=0.0s
[overlap_fix]   label groups               t=0.2s
[overlap_fix]   uv index: raw              t=0.2s
[overlap_fix]   uv index: before           t=0.2s
[overlap_fix]   scan: raw                  t=0.4s
[overlap_fix]     scan 100000/205828 faces, 182116 pairs, 0.1s (874800 faces/s)
[overlap_fix]     scan 200000/205828 faces, 288056 pairs, 0.2s (954181 faces/s)
[overlap_fix]   scan: before               t=0.7s
[overlap_fix]     scan 100000/205828 faces, 182116 pairs, 0.1s (886201 faces/s)
[overlap_fix]     scan 200000/205828 faces, 288056 pairs, 0.2s (952140 faces/s)
[overlap_fix]   tabu place                 t=0.9s
[overlap_fix]     exact potential graph: 23467 pairs (5.0140% dense), 8 v bins
[overlap_fix]     tabu iter 1/1, best e=299562.0 @0, 0 moves, t=1.0s (1.04 s/iter)
[overlap_fix]     scan 100000/205828 faces, 182116 pairs, 0.1s (838620 faces/s)
[overlap_fix]     scan 200000/205828 faces, 288056 pairs, 0.2s (910985 faces/s)
[overlap_fix]     scan 100000/205828 faces, 161040 pairs, 0.1s (918461 faces/s)
[overlap_fix]     scan 200000/205828 faces, 254526 pairs, 0.2s (986278 faces/s)
[overlap_fix]   scan: after                t=1.9s
[overlap_fix]     scan 100000/205828 faces, 161040 pairs, 0.1s (936043 faces/s)
[overlap_fix]     scan 200000/205828 faces, 254526 pairs, 0.2s (1003564 faces/s)
[overlap_fix]   group 16: shifted, 121 charts, r=601.3 (spread 372.4), wraps=0 du=0.0 dv=0.0, overlap 37072 -> 6779

=== PREFIT COMPONENT CULL ===
  charts before / after ... 1040 / 968
  size hist (faces) ........ 1:14 2-3:17 4-7:19 8-15:14 16-31:40 32-63:61 64-127:309 128-255:215 256-511:330 512+:21
  max Sander QC hist ....... <=2:913 <=4:52 <=8:17 <=16:12 <=32:8 <=64:13 <=128:8 <=256:7 >256:10
  charts killed ............ 46 small, 27 projected-degenerate
  welded groups before/after 121 / 121
  group size hist .......... <=1:0 <=3:0 <=7:4 <=15:7 <=31:24 <=63:20 <=127:22 <=255:11 <=511:7 <=1023:2 <=2047:1 >2047:23
  groups killed ............ 0 small
  faces killed ............. 33 stretch + 2678 chart + 0 group
==========================

=== OVERLAP FIX ===
  charts .................. 968
  welded groups ........... 121 (largest 121 charts)
  authentic weld edges .... 1290
  faces killed (total) .... 2711 / 205828

  -- is the error a whole number of turns? --
  weld |du/circ - round| .. <0.05:1035 0.15:85 0.25:76 0.35:33 more:61  (80.2% clean)
  welds off by >=1 wrap ... 170 / 1290
  phase |turn - round| ..... <0.05:1290 0.15:0 0.25:0 0.35:0 more:0  (100.0% clean)
  nonzero phase targets .... 176 / 1290
  trusted / untrusted ..... 0 / 0 (+0 over the wrap cap)
  wrap range .............. 0 .. 0

  -- gauge reconciliation --
  charts wind-corrected ... 0 / 968
  gauge islands ........... 0 (tree 0, cycle 0)
  cycle consistent ........ 0
  cycle INCONSISTENT ...... 0  (holonomy; no gauge can fix these)

  -- overlap --
  cross-group ............. 118484 raw -> 118484 post-wind -> 88191 final
  intra-group ............. 169808 raw -> 169808 post-wind
  intra |dr|/pitch ........ ~0:5790 ~0.5:14814 ~1:23746 ~1.5:30237 ~2:33619 >2.5:61602
    (~0..0.5 = folds no gauge fixes; ~1+ = wrong-wrap, re-gauge CAN fix)
  groups overlapping ...... 47 -> 47
  settled / shifted ....... 120 / 1
  parked / stuck .......... 0 / 0
  time .................... 2.41s
===================

=== TABU RE-GAUGE ===
  depth span .............. +/-4 wraps, tenure 40
  field ladder ............ -0.988262972 x 2pi*r per wind (0 pairs; FIXED)
  ladder u origin ......... -23892.392313154996
  iterations .............. 1 (canonical best at 1)
  moves ................... 0 chart + 1 group + 0 nbhd + 0 graded (of 8 eligible groups)
  phase-flat regions ...... 15 measured only
  phase lateral targets ... 314 trusted, 3 nonzero measured only
  energy (cell units) ..... 299562.0 -> 271200.6
  movable charts .......... 362 / 968
  charts moved ............ 72 / 968
  welds torn .............. 65 / 1157 usable (+133 excluded)
  lateral pairs coupled ... 314 (torn 36)
  happy-family bonds ...... 14 (torn 0)
  state archive ........... 2 kept, 2 SAT-verified
  exact winner ............ #1 at iter 1, score 271200.6
  hash rebuilds ........... 0
  cross after (exact) ..... 88191 pairs
  intra after (exact) ..... 166571 pairs
  intra |dr|/pitch after .. ~0:5792 ~0.5:14613 ~1:23775 ~1.5:29881 ~2:32819 >2.5:59691
=====================
  exact workload .......... 659105 queries; 623984 AABB rejects; 29083 cache hits / 6038 misses (6038 entries); 2367683 SAT tests
[tiled_atlas] sweep 1/1, tile 34/49 z00_y12_x15, loaded=100
[overlap_fix] active core: disabling tile-local pre-wind so the halo remains frozen
[overlap_fix] production preset: large-grid bounded
[overlap_fix] large-input guard: 100 cubes/186608 faces; tabu_iters=1 rounds=1 (pass --tabu-iters N to override)
[overlap_fix] active core: z[4352,4864) y[3584,3968) x[3456,3840); loaded complement is fixed halo
[overlap_fix] 100 cubes, 113131 vertices, 186608 faces, pitch=8.027
[overlap_fix]   label charts               t=0.0s
[overlap_fix]   build neighbours           t=0.0s
[overlap_fix]   label groups               t=0.2s
[overlap_fix]   uv index: raw              t=0.2s
[overlap_fix]   uv index: before           t=0.2s
[overlap_fix]   scan: raw                  t=0.3s
[overlap_fix]     scan 100000/186608 faces, 125976 pairs, 0.1s (987120 faces/s)
[overlap_fix]   scan: before               t=0.6s
[overlap_fix]     scan 100000/186608 faces, 125976 pairs, 0.1s (989261 faces/s)
[overlap_fix]   tabu place                 t=0.8s
[overlap_fix]     exact potential graph: 12854 pairs (3.8942% dense), 8 v bins
[overlap_fix]     tabu iter 1/1, best e=223967.9 @0, 0 moves, t=0.9s (0.92 s/iter)
[overlap_fix]     scan 100000/186608 faces, 125976 pairs, 0.1s (1004296 faces/s)
[overlap_fix]     scan 100000/186608 faces, 118282 pairs, 0.1s (1034201 faces/s)
[overlap_fix]   scan: after                t=1.6s
[overlap_fix]     scan 100000/186608 faces, 118282 pairs, 0.1s (1042396 faces/s)
[overlap_fix]   group 11: shifted, 114 charts, r=931.4 (spread 464.6), wraps=0 du=0.0 dv=0.0, overlap 6421 -> 3153

=== PREFIT COMPONENT CULL ===
  charts before / after ... 854 / 813
  size hist (faces) ........ 1:11 2-3:13 4-7:9 8-15:8 16-31:19 32-63:44 64-127:262 128-255:155 256-511:294 512+:39
  max Sander QC hist ....... <=2:813 <=4:14 <=8:9 <=16:2 <=32:3 <=64:5 <=128:4 <=256:1 >256:3
  charts killed ............ 32 small, 9 projected-degenerate
  welded groups before/after 68 / 68
  group size hist .......... <=1:0 <=3:0 <=7:1 <=15:3 <=31:11 <=63:15 <=127:7 <=255:5 <=511:2 <=1023:1 <=2047:4 >2047:19
  groups killed ............ 0 small
  faces killed ............. 15 stretch + 2065 chart + 0 group
==========================

=== OVERLAP FIX ===
  charts .................. 813
  welded groups ........... 68 (largest 114 charts)
  authentic weld edges .... 1133
  faces killed (total) .... 2080 / 186608

  -- is the error a whole number of turns? --
  weld |du/circ - round| .. <0.05:927 0.15:62 0.25:52 0.35:30 more:62  (81.8% clean)
  welds off by >=1 wrap ... 155 / 1133
  phase |turn - round| ..... <0.05:1133 0.15:0 0.25:0 0.35:0 more:0  (100.0% clean)
  nonzero phase targets .... 201 / 1133
  trusted / untrusted ..... 0 / 0 (+0 over the wrap cap)
  wrap range .............. 0 .. 0

  -- gauge reconciliation --
  charts wind-corrected ... 0 / 813
  gauge islands ........... 0 (tree 0, cycle 0)
  cycle consistent ........ 0
  cycle INCONSISTENT ...... 0  (holonomy; no gauge can fix these)

  -- overlap --
  cross-group ............. 119589 raw -> 119589 post-wind -> 116321 final
  intra-group ............. 100205 raw -> 100205 post-wind
  intra |dr|/pitch ........ ~0:3588 ~0.5:11445 ~1:14061 ~1.5:14127 ~2:14789 >2.5:42195
    (~0..0.5 = folds no gauge fixes; ~1+ = wrong-wrap, re-gauge CAN fix)
  groups overlapping ...... 28 -> 28
  settled / shifted ....... 67 / 1
  parked / stuck .......... 0 / 0
  time .................... 2.04s
===================

=== TABU RE-GAUGE ===
  depth span .............. +/-4 wraps, tenure 40
  field ladder ............ -0.988262972 x 2pi*r per wind (0 pairs; FIXED)
  ladder u origin ......... -23892.392313154996
  iterations .............. 1 (canonical best at 1)
  moves ................... 0 chart + 1 group + 0 nbhd + 0 graded (of 4 eligible groups)
  phase-flat regions ...... 9 measured only
  phase lateral targets ... 222 trusted, 16 nonzero measured only
  energy (cell units) ..... 223967.9 -> 216590.4
  movable charts .......... 284 / 813
  charts moved ............ 64 / 813
  welds torn .............. 39 / 982 usable (+151 excluded)
  lateral pairs coupled ... 222 (torn 1)
  happy-family bonds ...... 13 (torn 0)
  state archive ........... 2 kept, 2 SAT-verified
  exact winner ............ #1 at iter 1, score 216590.4
  hash rebuilds ........... 0
  cross after (exact) ..... 116321 pairs
  intra after (exact) ..... 93289 pairs
  intra |dr|/pitch after .. ~0:3502 ~0.5:10630 ~1:13530 ~1.5:13937 ~2:14700 >2.5:36990
=====================
  exact workload .......... 382898 queries; 367230 AABB rejects; 12813 cache hits / 2855 misses (2855 entries); 880548 SAT tests
[tiled_atlas] sweep 1/1, tile 35/49 z00_y12_x18, loaded=80
[overlap_fix] active core: disabling tile-local pre-wind so the halo remains frozen
[overlap_fix] production preset: large-grid bounded
[overlap_fix] large-input guard: 80 cubes/154604 faces; tabu_iters=1 rounds=1 (pass --tabu-iters N to override)
[overlap_fix] active core: z[4352,4864) y[3584,3968) x[3840,4224); loaded complement is fixed halo
[overlap_fix] 80 cubes, 91326 vertices, 154604 faces, pitch=8.027
[overlap_fix]   label charts               t=0.0s
[overlap_fix]   build neighbours           t=0.0s
[overlap_fix]   label groups               t=0.2s
[overlap_fix]   uv index: raw              t=0.2s
[overlap_fix]   uv index: before           t=0.2s
[overlap_fix]   scan: raw                  t=0.3s
[overlap_fix]     scan 100000/154604 faces, 253137 pairs, 0.1s (796180 faces/s)
[overlap_fix]   scan: before               t=0.6s
[overlap_fix]     scan 100000/154604 faces, 253137 pairs, 0.1s (797320 faces/s)
[overlap_fix]   tabu place                 t=0.8s
[overlap_fix]     exact potential graph: 16019 pairs (7.2556% dense), 8 v bins
[overlap_fix]     tabu iter 1/1, best e=392846.1 @0, 0 moves, t=0.9s (0.88 s/iter)
[overlap_fix]     scan 100000/154604 faces, 253137 pairs, 0.1s (808079 faces/s)
[overlap_fix]     scan 100000/154604 faces, 209653 pairs, 0.1s (850679 faces/s)
[overlap_fix]   scan: after                t=1.7s
[overlap_fix]     scan 100000/154604 faces, 209653 pairs, 0.1s (834043 faces/s)
[overlap_fix]   group 12: shifted, 215 charts, r=1183.1 (spread 380.7), wraps=0 du=0.0 dv=0.0, overlap 1689 -> 520

=== PREFIT COMPONENT CULL ===
  charts before / after ... 704 / 665
  size hist (faces) ........ 1:11 2-3:8 4-7:5 8-15:14 16-31:25 32-63:39 64-127:205 128-255:125 256-511:235 512+:37
  max Sander QC hist ....... <=2:634 <=4:21 <=8:17 <=16:6 <=32:4 <=64:12 <=128:2 <=256:0 >256:8
  charts killed ............ 24 small, 15 projected-degenerate
  welded groups before/after 82 / 82
  group size hist .......... <=1:0 <=3:0 <=7:0 <=15:10 <=31:21 <=63:11 <=127:9 <=255:9 <=511:2 <=1023:2 <=2047:4 >2047:14
  groups killed ............ 0 small
  faces killed ............. 6 stretch + 2275 chart + 0 group
==========================

=== OVERLAP FIX ===
  charts .................. 665
  welded groups ........... 82 (largest 215 charts)
  authentic weld edges .... 913
  faces killed (total) .... 2281 / 154604

  -- is the error a whole number of turns? --
  weld |du/circ - round| .. <0.05:813 0.15:59 0.25:16 0.35:8 more:17  (89.0% clean)
  welds off by >=1 wrap ... 76 / 913
  phase |turn - round| ..... <0.05:913 0.15:0 0.25:0 0.35:0 more:0  (100.0% clean)
  nonzero phase targets .... 74 / 913
  trusted / untrusted ..... 0 / 0 (+0 over the wrap cap)
  wrap range .............. 0 .. 0

  -- gauge reconciliation --
  charts wind-corrected ... 0 / 665
  gauge islands ........... 0 (tree 0, cycle 0)
  cycle consistent ........ 0
  cycle INCONSISTENT ...... 0  (holonomy; no gauge can fix these)

  -- overlap --
  cross-group ............. 100684 raw -> 100684 post-wind -> 99515 final
  intra-group ............. 285871 raw -> 285871 post-wind
  intra |dr|/pitch ........ ~0:6618 ~0.5:15905 ~1:24890 ~1.5:37985 ~2:45785 >2.5:154688
    (~0..0.5 = folds no gauge fixes; ~1+ = wrong-wrap, re-gauge CAN fix)
  groups overlapping ...... 44 -> 32
  settled / shifted ....... 81 / 1
  parked / stuck .......... 0 / 0
  time .................... 2.06s
===================

=== TABU RE-GAUGE ===
  depth span .............. +/-4 wraps, tenure 40
  field ladder ............ -0.988262972 x 2pi*r per wind (0 pairs; FIXED)
  ladder u origin ......... -23892.392313154996
  iterations .............. 1 (canonical best at 1)
  moves ................... 0 chart + 1 group + 0 nbhd + 0 graded (of 13 eligible groups)
  phase-flat regions ...... 20 measured only
  phase lateral targets ... 439 trusted, 0 nonzero measured only
  energy (cell units) ..... 392846.1 -> 333046.9
  movable charts .......... 300 / 665
  charts moved ............ 130 / 665
  welds torn .............. 81 / 879 usable (+34 excluded)
  lateral pairs coupled ... 439 (torn 98)
  happy-family bonds ...... 13 (torn 0)
  state archive ........... 2 kept, 2 SAT-verified
  exact winner ............ #1 at iter 1, score 333046.9
  hash rebuilds ........... 0
  cross after (exact) ..... 99515 pairs
  intra after (exact) ..... 209277 pairs
  intra |dr|/pitch after .. ~0:4854 ~0.5:12348 ~1:21418 ~1.5:33714 ~2:36893 >2.5:100050
=====================
  exact workload .......... 611577 queries; 576442 AABB rejects; 28511 cache hits / 6624 misses (6624 entries); 3248060 SAT tests
[tiled_atlas] sweep 1/1, tile 36/49 z00_y15_x00, loaded=80
[overlap_fix] active core: disabling tile-local pre-wind so the halo remains frozen
[overlap_fix] production preset: large-grid bounded
[overlap_fix] large-input guard: 80 cubes/234616 faces; tabu_iters=1 rounds=1 (pass --tabu-iters N to override)
[overlap_fix] active core: z[4352,4864) y[3968,4352) x[1536,1920); loaded complement is fixed halo
[overlap_fix] 80 cubes, 140443 vertices, 234616 faces, pitch=8.027
[overlap_fix]   label charts               t=0.0s
[overlap_fix]   build neighbours           t=0.0s
[overlap_fix]   label groups               t=0.3s
[overlap_fix]   uv index: raw              t=0.3s
[overlap_fix]   uv index: before           t=0.3s
[overlap_fix]   scan: raw                  t=0.4s
[overlap_fix]     scan 100000/234616 faces, 693042 pairs, 0.2s (468504 faces/s)
[overlap_fix]     scan 200000/234616 faces, 1328651 pairs, 0.4s (482800 faces/s)
[overlap_fix]   scan: before               t=1.0s
[overlap_fix]     scan 100000/234616 faces, 693042 pairs, 0.2s (460442 faces/s)
[overlap_fix]     scan 200000/234616 faces, 1328651 pairs, 0.4s (472602 faces/s)
[overlap_fix]   tabu place                 t=1.5s
[overlap_fix]     exact potential graph: 47873 pairs (8.0514% dense), 8 v bins
[overlap_fix]     tabu iter 1/1, best e=1522633.8 @0, 0 moves, t=1.8s (1.76 s/iter)
[overlap_fix]     scan 100000/234616 faces, 693042 pairs, 0.3s (345216 faces/s)
[overlap_fix]     scan 200000/234616 faces, 1328651 pairs, 0.5s (375461 faces/s)
[overlap_fix]     scan 100000/234616 faces, 504625 pairs, 0.2s (484403 faces/s)
[overlap_fix]     scan 200000/234616 faces, 973367 pairs, 0.4s (500462 faces/s)
[overlap_fix]   scan: after                t=3.8s
[overlap_fix]     scan 100000/234616 faces, 504625 pairs, 0.2s (475921 faces/s)
[overlap_fix]     scan 200000/234616 faces, 973367 pairs, 0.4s (493334 faces/s)
[overlap_fix]   group 0: shifted, 155 charts, r=1304.0 (spread 290.2), wraps=0 du=0.0 dv=0.0, overlap 505987 -> 130627

=== PREFIT COMPONENT CULL ===
  charts before / after ... 1166 / 1091
  size hist (faces) ........ 1:14 2-3:15 4-7:17 8-15:34 16-31:44 32-63:77 64-127:336 128-255:215 256-511:400 512+:14
  max Sander QC hist ....... <=2:1025 <=4:58 <=8:17 <=16:14 <=32:10 <=64:15 <=128:5 <=256:11 >256:11
  charts killed ............ 44 small, 32 projected-degenerate
  welded groups before/after 173 / 173
  group size hist .......... <=1:0 <=3:0 <=7:2 <=15:29 <=31:26 <=63:27 <=127:40 <=255:17 <=511:11 <=1023:3 <=2047:2 >2047:16
  groups killed ............ 0 small
  faces killed ............. 3 stretch + 5050 chart + 0 group
==========================

=== OVERLAP FIX ===
  charts .................. 1091
  welded groups ........... 173 (largest 266 charts)
  authentic weld edges .... 1391
  faces killed (total) .... 5053 / 234616

  -- is the error a whole number of turns? --
  weld |du/circ - round| .. <0.05:1240 0.15:52 0.25:39 0.35:35 more:25  (89.1% clean)
  welds off by >=1 wrap ... 77 / 1391
  phase |turn - round| ..... <0.05:1391 0.15:0 0.25:0 0.35:0 more:0  (100.0% clean)
  nonzero phase targets .... 100 / 1391
  trusted / untrusted ..... 0 / 0 (+0 over the wrap cap)
  wrap range .............. 0 .. 0

  -- gauge reconciliation --
  charts wind-corrected ... 0 / 1091
  gauge islands ........... 0 (tree 0, cycle 0)
  cycle consistent ........ 0
  cycle INCONSISTENT ...... 0  (holonomy; no gauge can fix these)

  -- overlap --
  cross-group ............. 671020 raw -> 671020 post-wind -> 295660 final
  intra-group ............. 844837 raw -> 844837 post-wind
  intra |dr|/pitch ........ ~0:5966 ~0.5:21105 ~1:64367 ~1.5:119016 ~2:147554 >2.5:486829
    (~0..0.5 = folds no gauge fixes; ~1+ = wrong-wrap, re-gauge CAN fix)
  groups overlapping ...... 67 -> 67
  settled / shifted ....... 172 / 1
  parked / stuck .......... 0 / 0
  time .................... 6.27s
===================

=== TABU RE-GAUGE ===
  depth span .............. +/-4 wraps, tenure 40
  field ladder ............ -0.988262972 x 2pi*r per wind (0 pairs; FIXED)
  ladder u origin ......... -23892.392313154996
  iterations .............. 1 (canonical best at 1)
  moves ................... 0 chart + 1 group + 0 nbhd + 0 graded (of 9 eligible groups)
  phase-flat regions ...... 25 measured only
  phase lateral targets ... 902 trusted, 54 nonzero measured only
  energy (cell units) ..... 1522633.8 -> 1137010.6
  movable charts .......... 498 / 1091
  charts moved ............ 90 / 1091
  welds torn .............. 70 / 1320 usable (+71 excluded)
  lateral pairs coupled ... 944 (torn 144)
  happy-family bonds ...... 27 (torn 0)
  state archive ........... 2 kept, 2 SAT-verified
  exact winner ............ #1 at iter 1, score 1137010.6
  hash rebuilds ........... 0
  cross after (exact) ..... 295660 pairs
  intra after (exact) ..... 828406 pairs
  intra |dr|/pitch after .. ~0:5624 ~0.5:20200 ~1:64370 ~1.5:118589 ~2:146388 >2.5:473235
=====================
  exact workload .......... 2036387 queries; 1945206 AABB rejects; 77197 cache hits / 13984 misses (13984 entries); 9078573 SAT tests
[tiled_atlas] sweep 1/1, tile 37/49 z00_y15_x03, loaded=100
[overlap_fix] active core: disabling tile-local pre-wind so the halo remains frozen
[overlap_fix] production preset: large-grid bounded
[overlap_fix] large-input guard: 100 cubes/286117 faces; tabu_iters=1 rounds=1 (pass --tabu-iters N to override)
[overlap_fix] active core: z[4352,4864) y[3968,4352) x[1920,2304); loaded complement is fixed halo
[overlap_fix] 100 cubes, 173635 vertices, 286117 faces, pitch=8.027
[overlap_fix]   label charts               t=0.0s
[overlap_fix]   build neighbours           t=0.0s
[overlap_fix]   label groups               t=0.4s
[overlap_fix]   uv index: raw              t=0.4s
[overlap_fix]   uv index: before           t=0.4s
[overlap_fix]   scan: raw                  t=0.5s
[overlap_fix]     scan 100000/286117 faces, 440422 pairs, 0.2s (606725 faces/s)
[overlap_fix]     scan 200000/286117 faces, 1109752 pairs, 0.4s (530667 faces/s)
[overlap_fix]   scan: before               t=1.2s
[overlap_fix]     scan 100000/286117 faces, 440422 pairs, 0.2s (562673 faces/s)
[overlap_fix]     scan 200000/286117 faces, 1109752 pairs, 0.4s (466496 faces/s)
[overlap_fix]   tabu place                 t=1.8s
[overlap_fix]     exact potential graph: 67888 pairs (7.0122% dense), 8 v bins
[overlap_fix]     tabu iter 1/1, best e=1500984.6 @0, 0 moves, t=2.2s (2.20 s/iter)
[overlap_fix]     scan 100000/286117 faces, 440422 pairs, 0.2s (531723 faces/s)
[overlap_fix]     scan 200000/286117 faces, 1109752 pairs, 0.4s (456663 faces/s)
[overlap_fix]     scan 100000/286117 faces, 355964 pairs, 0.2s (598377 faces/s)
[overlap_fix]     scan 200000/286117 faces, 813316 pairs, 0.4s (558042 faces/s)
[overlap_fix]   scan: after                t=4.4s
[overlap_fix]     scan 100000/286117 faces, 355964 pairs, 0.2s (586755 faces/s)
[overlap_fix]     scan 200000/286117 faces, 813316 pairs, 0.4s (539935 faces/s)
[overlap_fix]   group 33: shifted, 403 charts, r=1190.0 (spread 568.4), wraps=0 du=0.0 dv=0.0, overlap 252230 -> 141130

=== PREFIT COMPONENT CULL ===
  charts before / after ... 1531 / 1392
  size hist (faces) ........ 1:37 2-3:33 4-7:29 8-15:50 16-31:80 32-63:117 64-127:388 128-255:295 256-511:489 512+:13
  max Sander QC hist ....... <=2:1311 <=4:84 <=8:38 <=16:26 <=32:18 <=64:15 <=128:8 <=256:15 >256:16
  charts killed ............ 96 small, 44 projected-degenerate
  welded groups before/after 220 / 220
  group size hist .......... <=1:0 <=3:0 <=7:2 <=15:33 <=31:50 <=63:43 <=127:51 <=255:13 <=511:6 <=1023:1 <=2047:2 >2047:19
  groups killed ............ 0 small
  faces killed ............. 11 stretch + 6045 chart + 0 group
==========================

=== OVERLAP FIX ===
  charts .................. 1392
  welded groups ........... 220 (largest 403 charts)
  authentic weld edges .... 1790
  faces killed (total) .... 6056 / 286117

  -- is the error a whole number of turns? --
  weld |du/circ - round| .. <0.05:1425 0.15:153 0.25:104 0.35:62 more:46  (79.6% clean)
  welds off by >=1 wrap ... 152 / 1790
  phase |turn - round| ..... <0.05:1790 0.15:0 0.25:0 0.35:0 more:0  (100.0% clean)
  nonzero phase targets .... 331 / 1790
  trusted / untrusted ..... 0 / 0 (+0 over the wrap cap)
  wrap range .............. 0 .. 0

  -- gauge reconciliation --
  charts wind-corrected ... 0 / 1392
  gauge islands ........... 0 (tree 0, cycle 0)
  cycle consistent ........ 0
  cycle INCONSISTENT ...... 0  (holonomy; no gauge can fix these)

  -- overlap --
  cross-group ............. 384885 raw -> 384885 post-wind -> 273785 final
  intra-group ............. 1105973 raw -> 1105973 post-wind
  intra |dr|/pitch ........ ~0:5531 ~0.5:21606 ~1:54356 ~1.5:82128 ~2:98032 >2.5:844320
    (~0..0.5 = folds no gauge fixes; ~1+ = wrong-wrap, re-gauge CAN fix)
  groups overlapping ...... 71 -> 71
  settled / shifted ....... 219 / 1
  parked / stuck .......... 0 / 0
  time .................... 5.42s
===================

=== TABU RE-GAUGE ===
  depth span .............. +/-4 wraps, tenure 40
  field ladder ............ -0.988262972 x 2pi*r per wind (0 pairs; FIXED)
  ladder u origin ......... -23892.392313154996
  iterations .............. 1 (canonical best at 1)
  moves ................... 0 chart + 1 group + 0 nbhd + 0 graded (of 6 eligible groups)
  phase-flat regions ...... 13 measured only
  phase lateral targets ... 596 trusted, 24 nonzero measured only
  energy (cell units) ..... 1500984.6 -> 1121877.2
  movable charts .......... 494 / 1392
  charts moved ............ 182 / 1392
  welds torn .............. 166 / 1661 usable (+129 excluded)
  lateral pairs coupled ... 640 (torn 69)
  happy-family bonds ...... 11 (torn 0)
  state archive ........... 2 kept, 2 SAT-verified
  exact winner ............ #1 at iter 1, score 1121877.2
  hash rebuilds ........... 0
  cross after (exact) ..... 273785 pairs
  intra after (exact) ..... 821935 pairs
  intra |dr|/pitch after .. ~0:4149 ~0.5:18094 ~1:50981 ~1.5:78012 ~2:92514 >2.5:578185
=====================
  exact workload .......... 2030256 queries; 1948870 AABB rejects; 67253 cache hits / 14133 misses (14133 entries); 8460754 SAT tests
[tiled_atlas] sweep 1/1, tile 38/49 z00_y15_x06, loaded=100
[overlap_fix] active core: disabling tile-local pre-wind so the halo remains frozen
[overlap_fix] production preset: large-grid bounded
[overlap_fix] large-input guard: 100 cubes/272270 faces; tabu_iters=1 rounds=1 (pass --tabu-iters N to override)
[overlap_fix] active core: z[4352,4864) y[3968,4352) x[2304,2688); loaded complement is fixed halo
[overlap_fix] 100 cubes, 171077 vertices, 272270 faces, pitch=8.027
[overlap_fix]   label charts               t=0.0s
[overlap_fix]   build neighbours           t=0.0s
[overlap_fix]   label groups               t=0.4s
[overlap_fix]   uv index: raw              t=0.4s
[overlap_fix]   uv index: before           t=0.4s
[overlap_fix]   scan: raw                  t=0.5s
[overlap_fix]     scan 100000/272270 faces, 402877 pairs, 0.2s (654248 faces/s)
[overlap_fix]     scan 200000/272270 faces, 760520 pairs, 0.3s (668697 faces/s)
[overlap_fix]   scan: before               t=1.1s
[overlap_fix]     scan 100000/272270 faces, 402877 pairs, 0.2s (646703 faces/s)
[overlap_fix]     scan 200000/272270 faces, 760520 pairs, 0.3s (656287 faces/s)
[overlap_fix]   tabu place                 t=1.5s
[overlap_fix]     exact potential graph: 64020 pairs (4.9798% dense), 8 v bins
[overlap_fix]     tabu iter 1/1, best e=1016240.5 @0, 0 moves, t=1.7s (1.70 s/iter)
[overlap_fix]     scan 100000/272270 faces, 402877 pairs, 0.2s (660014 faces/s)
[overlap_fix]     scan 200000/272270 faces, 760520 pairs, 0.3s (662607 faces/s)
[overlap_fix]     scan 100000/272270 faces, 340286 pairs, 0.2s (620554 faces/s)
[overlap_fix]     scan 200000/272270 faces, 628049 pairs, 0.3s (627776 faces/s)
[overlap_fix]   scan: after                t=3.3s
[overlap_fix]     scan 100000/272270 faces, 340286 pairs, 0.2s (617028 faces/s)
[overlap_fix]     scan 200000/272270 faces, 628049 pairs, 0.3s (633202 faces/s)
[overlap_fix]   group 68: shifted, 249 charts, r=978.1 (spread 456.3), wraps=0 du=0.0 dv=0.0, overlap 172810 -> 69087

=== PREFIT COMPONENT CULL ===
  charts before / after ... 1823 / 1604
  size hist (faces) ........ 1:47 2-3:61 4-7:52 8-15:75 16-31:136 32-63:216 64-127:432 128-255:360 256-511:441 512+:3
  max Sander QC hist ....... <=2:1356 <=4:197 <=8:83 <=16:53 <=32:38 <=64:32 <=128:22 <=256:19 >256:23
  charts killed ............ 152 small, 70 projected-degenerate
  welded groups before/after 346 / 346
  group size hist .......... <=1:0 <=3:0 <=7:6 <=15:49 <=31:92 <=63:88 <=127:55 <=255:31 <=511:8 <=1023:2 <=2047:2 >2047:13
  groups killed ............ 0 small
  faces killed ............. 72 stretch + 6346 chart + 0 group
==========================

=== OVERLAP FIX ===
  charts .................. 1604
  welded groups ........... 346 (largest 296 charts)
  authentic weld edges .... 1833
  faces killed (total) .... 6418 / 272270

  -- is the error a whole number of turns? --
  weld |du/circ - round| .. <0.05:1337 0.15:221 0.25:130 0.35:72 more:73  (72.9% clean)
  welds off by >=1 wrap ... 224 / 1833
  phase |turn - round| ..... <0.05:1833 0.15:0 0.25:0 0.35:0 more:0  (100.0% clean)
  nonzero phase targets .... 405 / 1833
  trusted / untrusted ..... 0 / 0 (+0 over the wrap cap)
  wrap range .............. 0 .. 0

  -- gauge reconciliation --
  charts wind-corrected ... 0 / 1604
  gauge islands ........... 0 (tree 0, cycle 0)
  cycle consistent ........ 0
  cycle INCONSISTENT ...... 0  (holonomy; no gauge can fix these)

  -- overlap --
  cross-group ............. 414413 raw -> 414413 post-wind -> 310690 final
  intra-group ............. 588162 raw -> 588162 post-wind
  intra |dr|/pitch ........ ~0:6213 ~0.5:16853 ~1:32962 ~1.5:57765 ~2:73793 >2.5:400576
    (~0..0.5 = folds no gauge fixes; ~1+ = wrong-wrap, re-gauge CAN fix)
  groups overlapping ...... 103 -> 99
  settled / shifted ....... 345 / 1
  parked / stuck .......... 0 / 0
  time .................... 4.18s
===================

=== TABU RE-GAUGE ===
  depth span .............. +/-4 wraps, tenure 40
  field ladder ............ -0.988262972 x 2pi*r per wind (0 pairs; FIXED)
  ladder u origin ......... -23892.392313154996
  iterations .............. 1 (canonical best at 1)
  moves ................... 0 chart + 1 group + 0 nbhd + 0 graded (of 5 eligible groups)
  phase-flat regions ...... 27 measured only
  phase lateral targets ... 683 trusted, 107 nonzero measured only
  energy (cell units) ..... 1016240.5 -> 872344.6
  movable charts .......... 582 / 1604
  charts moved ............ 118 / 1604
  welds torn .............. 144 / 1654 usable (+179 excluded)
  lateral pairs coupled ... 727 (torn 52)
  happy-family bonds ...... 29 (torn 0)
  state archive ........... 2 kept, 2 SAT-verified
  exact winner ............ #1 at iter 1, score 872344.6
  hash rebuilds ........... 0
  cross after (exact) ..... 310690 pairs
  intra after (exact) ..... 543503 pairs
  intra |dr|/pitch after .. ~0:5222 ~0.5:14948 ~1:31521 ~1.5:56083 ~2:72117 >2.5:363612
=====================
  exact workload .......... 1902988 queries; 1835368 AABB rejects; 57564 cache hits / 10056 misses (10056 entries); 3921777 SAT tests
[tiled_atlas] sweep 1/1, tile 39/49 z00_y15_x09, loaded=100
[overlap_fix] active core: disabling tile-local pre-wind so the halo remains frozen
[overlap_fix] production preset: large-grid bounded
[overlap_fix] large-input guard: 100 cubes/272105 faces; tabu_iters=1 rounds=1 (pass --tabu-iters N to override)
[overlap_fix] active core: z[4352,4864) y[3968,4352) x[2688,3072); loaded complement is fixed halo
[overlap_fix] 100 cubes, 172073 vertices, 272105 faces, pitch=8.027
[overlap_fix]   label charts               t=0.0s
[overlap_fix]   build neighbours           t=0.0s
[overlap_fix]   label groups               t=0.4s
[overlap_fix]   uv index: raw              t=0.4s
[overlap_fix]   uv index: before           t=0.4s
[overlap_fix]   scan: raw                  t=0.5s
[overlap_fix]     scan 100000/272105 faces, 451927 pairs, 0.2s (596431 faces/s)
[overlap_fix]     scan 200000/272105 faces, 792472 pairs, 0.3s (643888 faces/s)
[overlap_fix]   scan: before               t=1.1s
[overlap_fix]     scan 100000/272105 faces, 451927 pairs, 0.2s (579613 faces/s)
[overlap_fix]     scan 200000/272105 faces, 792472 pairs, 0.3s (628238 faces/s)
[overlap_fix]   tabu place                 t=1.5s
[overlap_fix]     exact potential graph: 60140 pairs (4.4314% dense), 8 v bins
[overlap_fix]     tabu iter 1/1, best e=1056615.2 @0, 0 moves, t=1.7s (1.73 s/iter)
[overlap_fix]     scan 100000/272105 faces, 451927 pairs, 0.2s (580450 faces/s)
[overlap_fix]     scan 200000/272105 faces, 792472 pairs, 0.3s (636104 faces/s)
[overlap_fix]     scan 100000/272105 faces, 361146 pairs, 0.2s (568477 faces/s)
[overlap_fix]     scan 200000/272105 faces, 662912 pairs, 0.3s (609467 faces/s)
[overlap_fix]   scan: after                t=3.3s
[overlap_fix]     scan 100000/272105 faces, 361146 pairs, 0.2s (577500 faces/s)
[overlap_fix]     scan 200000/272105 faces, 662912 pairs, 0.3s (603698 faces/s)
[overlap_fix]   group 64: shifted, 406 charts, r=977.8 (spread 342.7), wraps=0 du=0.0 dv=0.0, overlap 203252 -> 141179

=== PREFIT COMPONENT CULL ===
  charts before / after ... 1870 / 1648
  size hist (faces) ........ 1:46 2-3:69 4-7:45 8-15:58 16-31:160 32-63:213 64-127:467 128-255:381 256-511:428 512+:3
  max Sander QC hist ....... <=2:1334 <=4:217 <=8:106 <=16:58 <=32:43 <=64:44 <=128:22 <=256:17 >256:29
  charts killed ............ 151 small, 75 projected-degenerate
  welded groups before/after 395 / 395
  group size hist .......... <=1:0 <=3:0 <=7:6 <=15:38 <=31:118 <=63:78 <=127:78 <=255:43 <=511:16 <=1023:2 <=2047:1 >2047:15
  groups killed ............ 0 small
  faces killed ............. 67 stretch + 7814 chart + 0 group
==========================

=== OVERLAP FIX ===
  charts .................. 1648
  welded groups ........... 395 (largest 406 charts)
  authentic weld edges .... 1817
  faces killed (total) .... 7881 / 272105

  -- is the error a whole number of turns? --
  weld |du/circ - round| .. <0.05:1460 0.15:169 0.25:100 0.35:34 more:54  (80.4% clean)
  welds off by >=1 wrap ... 181 / 1817
  phase |turn - round| ..... <0.05:1817 0.15:0 0.25:0 0.35:0 more:0  (100.0% clean)
  nonzero phase targets .... 180 / 1817
  trusted / untrusted ..... 0 / 0 (+0 over the wrap cap)
  wrap range .............. 0 .. 0

  -- gauge reconciliation --
  charts wind-corrected ... 0 / 1648
  gauge islands ........... 0 (tree 0, cycle 0)
  cycle consistent ........ 0
  cycle INCONSISTENT ...... 0  (holonomy; no gauge can fix these)

  -- overlap --
  cross-group ............. 365353 raw -> 365353 post-wind -> 303280 final
  intra-group ............. 680342 raw -> 680342 post-wind
  intra |dr|/pitch ........ ~0:14344 ~0.5:30210 ~1:51967 ~1.5:102082 ~2:119509 >2.5:362230
    (~0..0.5 = folds no gauge fixes; ~1+ = wrong-wrap, re-gauge CAN fix)
  groups overlapping ...... 137 -> 136
  settled / shifted ....... 394 / 1
  parked / stuck .......... 0 / 0
  time .................... 4.28s
===================

=== TABU RE-GAUGE ===
  depth span .............. +/-4 wraps, tenure 40
  field ladder ............ -0.988262972 x 2pi*r per wind (0 pairs; FIXED)
  ladder u origin ......... -23892.392313154996
  iterations .............. 1 (canonical best at 1)
  moves ................... 0 chart + 1 group + 0 nbhd + 0 graded (of 10 eligible groups)
  phase-flat regions ...... 31 measured only
  phase lateral targets ... 1339 trusted, 30 nonzero measured only
  energy (cell units) ..... 1056615.2 -> 931585.4
  movable charts .......... 536 / 1648
  charts moved ............ 91 / 1648
  welds torn .............. 159 / 1706 usable (+111 excluded)
  lateral pairs coupled ... 1343 (torn 29)
  happy-family bonds ...... 30 (torn 0)
  state archive ........... 2 kept, 2 SAT-verified
  exact winner ............ #1 at iter 1, score 931585.4
  hash rebuilds ........... 0
  cross after (exact) ..... 303280 pairs
  intra after (exact) ..... 612786 pairs
  intra |dr|/pitch after .. ~0:13946 ~0.5:28940 ~1:50069 ~1.5:98875 ~2:115507 >2.5:305449
=====================
  exact workload .......... 1686596 queries; 1617411 AABB rejects; 57756 cache hits / 11429 misses (11429 entries); 4134560 SAT tests
[tiled_atlas] sweep 1/1, tile 40/49 z00_y15_x12, loaded=100
[overlap_fix] active core: disabling tile-local pre-wind so the halo remains frozen
[overlap_fix] production preset: large-grid bounded
[overlap_fix] large-input guard: 100 cubes/233827 faces; tabu_iters=1 rounds=1 (pass --tabu-iters N to override)
[overlap_fix] active core: z[4352,4864) y[3968,4352) x[3072,3456); loaded complement is fixed halo
[overlap_fix] 100 cubes, 144164 vertices, 233827 faces, pitch=8.027
[overlap_fix]   label charts               t=0.0s
[overlap_fix]   build neighbours           t=0.0s
[overlap_fix]   label groups               t=0.3s
[overlap_fix]   uv index: raw              t=0.3s
[overlap_fix]   uv index: before           t=0.3s
[overlap_fix]   scan: raw                  t=0.4s
[overlap_fix]     scan 100000/233827 faces, 269062 pairs, 0.1s (737892 faces/s)
[overlap_fix]     scan 200000/233827 faces, 512505 pairs, 0.3s (749842 faces/s)
[overlap_fix]   scan: before               t=0.8s
[overlap_fix]     scan 100000/233827 faces, 269062 pairs, 0.1s (732873 faces/s)
[overlap_fix]     scan 200000/233827 faces, 512505 pairs, 0.3s (749708 faces/s)
[overlap_fix]   tabu place                 t=1.2s
[overlap_fix]     exact potential graph: 45405 pairs (5.3119% dense), 8 v bins
[overlap_fix]     tabu iter 1/1, best e=644784.9 @0, 0 moves, t=1.3s (1.34 s/iter)
[overlap_fix]     scan 100000/233827 faces, 269062 pairs, 0.1s (789596 faces/s)
[overlap_fix]     scan 200000/233827 faces, 512505 pairs, 0.3s (791691 faces/s)
[overlap_fix]     scan 100000/233827 faces, 247702 pairs, 0.1s (809450 faces/s)
[overlap_fix]     scan 200000/233827 faces, 475933 pairs, 0.2s (819767 faces/s)
[overlap_fix]   scan: after                t=2.4s
[overlap_fix]     scan 100000/233827 faces, 247702 pairs, 0.1s (694021 faces/s)
[overlap_fix]     scan 200000/233827 faces, 475933 pairs, 0.3s (704030 faces/s)
[overlap_fix]   group 12: shifted, 56 charts, r=845.0 (spread 384.1), wraps=0 du=0.0 dv=0.0, overlap 65921 -> 24010

=== PREFIT COMPONENT CULL ===
  charts before / after ... 1431 / 1308
  size hist (faces) ........ 1:28 2-3:30 4-7:31 8-15:39 16-31:95 32-63:124 64-127:370 128-255:322 256-511:390 512+:2
  max Sander QC hist ....... <=2:1194 <=4:84 <=8:38 <=16:32 <=32:25 <=64:22 <=128:9 <=256:10 >256:17
  charts killed ............ 86 small, 39 projected-degenerate
  welded groups before/after 227 / 227
  group size hist .......... <=1:0 <=3:0 <=7:2 <=15:23 <=31:57 <=63:32 <=127:56 <=255:21 <=511:13 <=1023:2 <=2047:2 >2047:19
  groups killed ............ 0 small
  faces killed ............. 22 stretch + 3205 chart + 0 group
==========================

=== OVERLAP FIX ===
  charts .................. 1308
  welded groups ........... 227 (largest 328 charts)
  authentic weld edges .... 1606
  faces killed (total) .... 3227 / 233827

  -- is the error a whole number of turns? --
  weld |du/circ - round| .. <0.05:1225 0.15:149 0.25:94 0.35:61 more:77  (76.3% clean)
  welds off by >=1 wrap ... 191 / 1606
  phase |turn - round| ..... <0.05:1606 0.15:0 0.25:0 0.35:0 more:0  (100.0% clean)
  nonzero phase targets .... 280 / 1606
  trusted / untrusted ..... 0 / 0 (+0 over the wrap cap)
  wrap range .............. 0 .. 0

  -- gauge reconciliation --
  charts wind-corrected ... 0 / 1308
  gauge islands ........... 0 (tree 0, cycle 0)
  cycle consistent ........ 0
  cycle INCONSISTENT ...... 0  (holonomy; no gauge can fix these)

  -- overlap --
  cross-group ............. 318957 raw -> 318957 post-wind -> 277046 final
  intra-group ............. 317247 raw -> 317247 post-wind
  intra |dr|/pitch ........ ~0:8905 ~0.5:23609 ~1:34658 ~1.5:42388 ~2:49582 >2.5:158105
    (~0..0.5 = folds no gauge fixes; ~1+ = wrong-wrap, re-gauge CAN fix)
  groups overlapping ...... 84 -> 84
  settled / shifted ....... 226 / 1
  parked / stuck .......... 0 / 0
  time .................... 3.18s
===================

=== TABU RE-GAUGE ===
  depth span .............. +/-4 wraps, tenure 40
  field ladder ............ -0.988262972 x 2pi*r per wind (0 pairs; FIXED)
  ladder u origin ......... -23892.392313154996
  iterations .............. 1 (canonical best at 1)
  moves ................... 0 chart + 1 group + 0 nbhd + 0 graded (of 3 eligible groups)
  phase-flat regions ...... 16 measured only
  phase lateral targets ... 776 trusted, 43 nonzero measured only
  energy (cell units) ..... 644784.9 -> 602252.8
  movable charts .......... 402 / 1308
  charts moved ............ 31 / 1308
  welds torn .............. 53 / 1435 usable (+171 excluded)
  lateral pairs coupled ... 780 (torn 6)
  happy-family bonds ...... 30 (torn 0)
  state archive ........... 2 kept, 2 SAT-verified
  exact winner ............ #1 at iter 1, score 602252.8
  hash rebuilds ........... 0
  cross after (exact) ..... 277046 pairs
  intra after (exact) ..... 315967 pairs
  intra |dr|/pitch after .. ~0:8812 ~0.5:23515 ~1:34596 ~1.5:42361 ~2:49579 >2.5:157104
=====================
  exact workload .......... 1250503 queries; 1212160 AABB rejects; 32749 cache hits / 5594 misses (5594 entries); 1900130 SAT tests
[tiled_atlas] sweep 1/1, tile 41/49 z00_y15_x15, loaded=100
[overlap_fix] active core: disabling tile-local pre-wind so the halo remains frozen
[overlap_fix] production preset: large-grid bounded
[overlap_fix] large-input guard: 100 cubes/182668 faces; tabu_iters=1 rounds=1 (pass --tabu-iters N to override)
[overlap_fix] active core: z[4352,4864) y[3968,4352) x[3456,3840); loaded complement is fixed halo
[overlap_fix] 100 cubes, 120089 vertices, 182668 faces, pitch=8.027
[overlap_fix]   label charts               t=0.0s
[overlap_fix]   build neighbours           t=0.0s
[overlap_fix]   label groups               t=0.2s
[overlap_fix]   uv index: raw              t=0.2s
[overlap_fix]   uv index: before           t=0.2s
[overlap_fix]   scan: raw                  t=0.3s
[overlap_fix]     scan 100000/182668 faces, 134722 pairs, 0.1s (947450 faces/s)
[overlap_fix]   scan: before               t=0.6s
[overlap_fix]     scan 100000/182668 faces, 134722 pairs, 0.1s (978843 faces/s)
[overlap_fix]   tabu place                 t=0.8s
[overlap_fix]     exact potential graph: 19272 pairs (4.3024% dense), 8 v bins
[overlap_fix]     tabu iter 1/1, best e=245835.5 @0, 0 moves, t=0.9s (0.90 s/iter)
[overlap_fix]     scan 100000/182668 faces, 134722 pairs, 0.1s (1022286 faces/s)
[overlap_fix]     scan 100000/182668 faces, 124464 pairs, 0.1s (1010451 faces/s)
[overlap_fix]   scan: after                t=1.6s
[overlap_fix]     scan 100000/182668 faces, 124464 pairs, 0.1s (1039165 faces/s)
[overlap_fix]   group 12: shifted, 101 charts, r=1049.8 (spread 444.6), wraps=0 du=0.0 dv=0.0, overlap 34674 -> 16156

=== PREFIT COMPONENT CULL ===
  charts before / after ... 1018 / 947
  size hist (faces) ........ 1:20 2-3:17 4-7:27 8-15:32 16-31:47 32-63:77 64-127:249 128-255:245 256-511:292 512+:12
  max Sander QC hist ....... <=2:960 <=4:19 <=8:9 <=16:8 <=32:9 <=64:4 <=128:2 <=256:2 >256:5
  charts killed ............ 61 small, 10 projected-degenerate
  welded groups before/after 106 / 106
  group size hist .......... <=1:0 <=3:0 <=7:1 <=15:17 <=31:16 <=63:17 <=127:17 <=255:4 <=511:4 <=1023:1 <=2047:4 >2047:25
  groups killed ............ 0 small
  faces killed ............. 13 stretch + 2425 chart + 0 group
==========================

=== OVERLAP FIX ===
  charts .................. 947
  welded groups ........... 106 (largest 101 charts)
  authentic weld edges .... 1211
  faces killed (total) .... 2438 / 182668

  -- is the error a whole number of turns? --
  weld |du/circ - round| .. <0.05:897 0.15:100 0.25:86 0.35:42 more:86  (74.1% clean)
  welds off by >=1 wrap ... 241 / 1211
  phase |turn - round| ..... <0.05:1211 0.15:0 0.25:0 0.35:0 more:0  (100.0% clean)
  nonzero phase targets .... 285 / 1211
  trusted / untrusted ..... 0 / 0 (+0 over the wrap cap)
  wrap range .............. 0 .. 0

  -- gauge reconciliation --
  charts wind-corrected ... 0 / 947
  gauge islands ........... 0 (tree 0, cycle 0)
  cycle consistent ........ 0
  cycle INCONSISTENT ...... 0  (holonomy; no gauge can fix these)

  -- overlap --
  cross-group ............. 180415 raw -> 180415 post-wind -> 161897 final
  intra-group ............. 55953 raw -> 55953 post-wind
  intra |dr|/pitch ........ ~0:2002 ~0.5:6520 ~1:8938 ~1.5:9800 ~2:9478 >2.5:19215
    (~0..0.5 = folds no gauge fixes; ~1+ = wrong-wrap, re-gauge CAN fix)
  groups overlapping ...... 43 -> 42
  settled / shifted ....... 105 / 1
  parked / stuck .......... 0 / 0
  time .................... 2.00s
===================

=== TABU RE-GAUGE ===
  depth span .............. +/-4 wraps, tenure 40
  field ladder ............ -0.988262972 x 2pi*r per wind (0 pairs; FIXED)
  ladder u origin ......... -23892.392313154996
  iterations .............. 1 (canonical best at 1)
  moves ................... 0 chart + 1 group + 0 nbhd + 0 graded (of 4 eligible groups)
  phase-flat regions ...... 6 measured only
  phase lateral targets ... 177 trusted, 37 nonzero measured only
  energy (cell units) ..... 245835.5 -> 226269.9
  movable charts .......... 313 / 947
  charts moved ............ 53 / 947
  welds torn .............. 69 / 1010 usable (+201 excluded)
  lateral pairs coupled ... 178 (torn 23)
  happy-family bonds ...... 6 (torn 0)
  state archive ........... 2 kept, 2 SAT-verified
  exact winner ............ #1 at iter 1, score 226269.9
  hash rebuilds ........... 0
  cross after (exact) ..... 161897 pairs
  intra after (exact) ..... 51977 pairs
  intra |dr|/pitch after .. ~0:1884 ~0.5:6190 ~1:8870 ~1.5:9719 ~2:9241 >2.5:16073
=====================
  exact workload .......... 489032 queries; 472465 AABB rejects; 13871 cache hits / 2696 misses (2696 entries); 842637 SAT tests
[tiled_atlas] sweep 1/1, tile 42/49 z00_y15_x18, loaded=80
[overlap_fix] active core: disabling tile-local pre-wind so the halo remains frozen
[overlap_fix] production preset: large-grid bounded
[overlap_fix] large-input guard: 80 cubes/134819 faces; tabu_iters=1 rounds=1 (pass --tabu-iters N to override)
[overlap_fix] active core: z[4352,4864) y[3968,4352) x[3840,4224); loaded complement is fixed halo
[overlap_fix] 80 cubes, 88159 vertices, 134819 faces, pitch=8.027
[overlap_fix]   label charts               t=0.0s
[overlap_fix]   build neighbours           t=0.0s
[overlap_fix]   label groups               t=0.2s
[overlap_fix]   uv index: raw              t=0.2s
[overlap_fix]   uv index: before           t=0.2s
[overlap_fix]   scan: raw                  t=0.2s
[overlap_fix]     scan 100000/134819 faces, 123260 pairs, 0.1s (952300 faces/s)
[overlap_fix]   scan: before               t=0.4s
[overlap_fix]     scan 100000/134819 faces, 123260 pairs, 0.1s (960817 faces/s)
[overlap_fix]   tabu place                 t=0.6s
[overlap_fix]     exact potential graph: 11292 pairs (5.4879% dense), 8 v bins
[overlap_fix]     tabu iter 1/1, best e=175168.3 @0, 0 moves, t=0.7s (0.68 s/iter)
[overlap_fix]     scan 100000/134819 faces, 123260 pairs, 0.1s (959941 faces/s)
[overlap_fix]     scan 100000/134819 faces, 86674 pairs, 0.1s (1099659 faces/s)
[overlap_fix]   scan: after                t=1.2s
[overlap_fix]     scan 100000/134819 faces, 86674 pairs, 0.1s (1096633 faces/s)
[overlap_fix]   group 14: shifted, 54 charts, r=1390.6 (spread 353.4), wraps=0 du=0.0 dv=0.0, overlap 48779 -> 1177

=== PREFIT COMPONENT CULL ===
  charts before / after ... 701 / 642
  size hist (faces) ........ 1:12 2-3:15 4-7:26 8-15:27 16-31:33 32-63:45 64-127:189 128-255:116 256-511:212 512+:26
  max Sander QC hist ....... <=2:657 <=4:14 <=8:8 <=16:6 <=32:4 <=64:7 <=128:2 <=256:0 >256:3
  charts killed ............ 50 small, 9 projected-degenerate
  welded groups before/after 97 / 97
  group size hist .......... <=1:0 <=3:0 <=7:0 <=15:11 <=31:15 <=63:11 <=127:15 <=255:7 <=511:7 <=1023:4 <=2047:4 >2047:23
  groups killed ............ 0 small
  faces killed ............. 0 stretch + 1468 chart + 0 group
==========================

=== OVERLAP FIX ===
  charts .................. 642
  welded groups ........... 97 (largest 54 charts)
  authentic weld edges .... 788
  faces killed (total) .... 1468 / 134819

  -- is the error a whole number of turns? --
  weld |du/circ - round| .. <0.05:685 0.15:38 0.25:29 0.35:13 more:23  (86.9% clean)
  welds off by >=1 wrap ... 103 / 788
  phase |turn - round| ..... <0.05:788 0.15:0 0.25:0 0.35:0 more:0  (100.0% clean)
  nonzero phase targets .... 87 / 788
  trusted / untrusted ..... 0 / 0 (+0 over the wrap cap)
  wrap range .............. 0 .. 0

  -- gauge reconciliation --
  charts wind-corrected ... 0 / 642
  gauge islands ........... 0 (tree 0, cycle 0)
  cycle consistent ........ 0
  cycle INCONSISTENT ...... 0  (holonomy; no gauge can fix these)

  -- overlap --
  cross-group ............. 136412 raw -> 136412 post-wind -> 88810 final
  intra-group ............. 31603 raw -> 31603 post-wind
  intra |dr|/pitch ........ ~0:2940 ~0.5:8796 ~1:7744 ~1.5:6279 ~2:4014 >2.5:1830
    (~0..0.5 = folds no gauge fixes; ~1+ = wrong-wrap, re-gauge CAN fix)
  groups overlapping ...... 41 -> 36
  settled / shifted ....... 96 / 1
  parked / stuck .......... 0 / 0
  time .................... 1.49s
===================

=== TABU RE-GAUGE ===
  depth span .............. +/-4 wraps, tenure 40
  field ladder ............ -0.988262972 x 2pi*r per wind (0 pairs; FIXED)
  ladder u origin ......... -23892.392313154996
  iterations .............. 1 (canonical best at 1)
  moves ................... 0 chart + 1 group + 0 nbhd + 0 graded (of 11 eligible groups)
  phase-flat regions ...... 21 measured only
  phase lateral targets ... 180 trusted, 11 nonzero measured only
  energy (cell units) ..... 175168.3 -> 127612.8
  movable charts .......... 261 / 642
  charts moved ............ 44 / 642
  welds torn .............. 46 / 723 usable (+65 excluded)
  lateral pairs coupled ... 180 (torn 24)
  happy-family bonds ...... 14 (torn 0)
  state archive ........... 2 kept, 2 SAT-verified
  exact winner ............ #1 at iter 1, score 127612.8
  hash rebuilds ........... 0
  cross after (exact) ..... 88810 pairs
  intra after (exact) ..... 30657 pairs
  intra |dr|/pitch after .. ~0:2895 ~0.5:8338 ~1:7442 ~1.5:6185 ~2:3970 >2.5:1827
=====================
  exact workload .......... 431348 queries; 410644 AABB rejects; 17770 cache hits / 2934 misses (2934 entries); 787292 SAT tests
[tiled_atlas] sweep 1/1, tile 43/49 z00_y18_x00, loaded=62
[overlap_fix] active core: disabling tile-local pre-wind so the halo remains frozen
[overlap_fix] production preset: large-grid bounded
[overlap_fix] large-input guard: 62 cubes/192104 faces; tabu_iters=1 rounds=1 (pass --tabu-iters N to override)
[overlap_fix] active core: z[4352,4864) y[4352,4736) x[1536,1920); loaded complement is fixed halo
[overlap_fix] 62 cubes, 117447 vertices, 192104 faces, pitch=8.027
[overlap_fix]   label charts               t=0.0s
[overlap_fix]   build neighbours           t=0.0s
[overlap_fix]   label groups               t=0.2s
[overlap_fix]   uv index: raw              t=0.2s
[overlap_fix]   uv index: before           t=0.2s
[overlap_fix]   scan: raw                  t=0.3s
[overlap_fix]     scan 100000/192104 faces, 388316 pairs, 0.2s (666381 faces/s)
[overlap_fix]   scan: before               t=0.7s
[overlap_fix]     scan 100000/192104 faces, 388316 pairs, 0.2s (651793 faces/s)
[overlap_fix]   tabu place                 t=1.0s
[overlap_fix]     exact potential graph: 26659 pairs (5.3801% dense), 8 v bins
[overlap_fix]     tabu iter 1/1, best e=698166.7 @0, 0 moves, t=1.2s (1.17 s/iter)
[overlap_fix]     scan 100000/192104 faces, 388316 pairs, 0.1s (673703 faces/s)
[overlap_fix]     scan 100000/192104 faces, 343659 pairs, 0.1s (677343 faces/s)
[overlap_fix]   scan: after                t=2.3s
[overlap_fix]     scan 100000/192104 faces, 343659 pairs, 0.2s (657720 faces/s)
[overlap_fix]   group 33: shifted, 146 charts, r=1672.3 (spread 276.0), wraps=0 du=0.0 dv=0.0, overlap 91033 -> 2139

=== PREFIT COMPONENT CULL ===
  charts before / after ... 1113 / 996
  size hist (faces) ........ 1:28 2-3:27 4-7:23 8-15:33 16-31:68 32-63:112 64-127:356 128-255:156 256-511:290 512+:20
  max Sander QC hist ....... <=2:884 <=4:82 <=8:39 <=16:28 <=32:23 <=64:19 <=128:9 <=256:8 >256:21
  charts killed ............ 73 small, 45 projected-degenerate
  welded groups before/after 238 / 238
  group size hist .......... <=1:0 <=3:0 <=7:4 <=15:23 <=31:45 <=63:45 <=127:67 <=255:25 <=511:13 <=1023:2 <=2047:2 >2047:12
  groups killed ............ 0 small
  faces killed ............. 17 stretch + 5817 chart + 0 group
==========================

=== OVERLAP FIX ===
  charts .................. 996
  welded groups ........... 238 (largest 294 charts)
  authentic weld edges .... 1111
  faces killed (total) .... 5834 / 192104

  -- is the error a whole number of turns? --
  weld |du/circ - round| .. <0.05:986 0.15:55 0.25:41 0.35:19 more:10  (88.7% clean)
  welds off by >=1 wrap ... 69 / 1111
  phase |turn - round| ..... <0.05:1111 0.15:0 0.25:0 0.35:0 more:0  (100.0% clean)
  nonzero phase targets .... 144 / 1111
  trusted / untrusted ..... 0 / 0 (+0 over the wrap cap)
  wrap range .............. 0 .. 0

  -- gauge reconciliation --
  charts wind-corrected ... 0 / 996
  gauge islands ........... 0 (tree 0, cycle 0)
  cycle consistent ........ 0
  cycle INCONSISTENT ...... 0  (holonomy; no gauge can fix these)

  -- overlap --
  cross-group ............. 252672 raw -> 252672 post-wind -> 163778 final
  intra-group ............. 436698 raw -> 436698 post-wind
  intra |dr|/pitch ........ ~0:4516 ~0.5:16924 ~1:46759 ~1.5:75102 ~2:78637 >2.5:214760
    (~0..0.5 = folds no gauge fixes; ~1+ = wrong-wrap, re-gauge CAN fix)
  groups overlapping ...... 111 -> 112
  settled / shifted ....... 237 / 1
  parked / stuck .......... 0 / 0
  time .................... 2.89s
===================

=== TABU RE-GAUGE ===
  depth span .............. +/-4 wraps, tenure 40
  field ladder ............ -0.988262972 x 2pi*r per wind (0 pairs; FIXED)
  ladder u origin ......... -23892.392313154996
  iterations .............. 1 (canonical best at 1)
  moves ................... 0 chart + 1 group + 0 nbhd + 0 graded (of 7 eligible groups)
  phase-flat regions ...... 23 measured only
  phase lateral targets ... 835 trusted, 1 nonzero measured only
  energy (cell units) ..... 698166.7 -> 612222.5
  movable charts .......... 594 / 996
  charts moved ............ 138 / 996
  welds torn .............. 62 / 1075 usable (+36 excluded)
  lateral pairs coupled ... 836 (torn 130)
  happy-family bonds ...... 24 (torn 0)
  state archive ........... 2 kept, 2 SAT-verified
  exact winner ............ #1 at iter 1, score 612222.5
  hash rebuilds ........... 0
  cross after (exact) ..... 163778 pairs
  intra after (exact) ..... 434916 pairs
  intra |dr|/pitch after .. ~0:4392 ~0.5:16557 ~1:46761 ~1.5:75053 ~2:78586 >2.5:213567
=====================
  exact workload .......... 1101417 queries; 1032177 AABB rejects; 58801 cache hits / 10439 misses (10439 entries); 4252674 SAT tests
[tiled_atlas] sweep 1/1, tile 44/49 z00_y18_x03, loaded=76
[overlap_fix] active core: disabling tile-local pre-wind so the halo remains frozen
[overlap_fix] production preset: large-grid bounded
[overlap_fix] large-input guard: 76 cubes/212342 faces; tabu_iters=1 rounds=1 (pass --tabu-iters N to override)
[overlap_fix] active core: z[4352,4864) y[4352,4736) x[1920,2304); loaded complement is fixed halo
[overlap_fix] 76 cubes, 129439 vertices, 212342 faces, pitch=8.027
[overlap_fix]   label charts               t=0.0s
[overlap_fix]   build neighbours           t=0.0s
[overlap_fix]   label groups               t=0.3s
[overlap_fix]   uv index: raw              t=0.3s
[overlap_fix]   uv index: before           t=0.3s
[overlap_fix]   scan: raw                  t=0.4s
[overlap_fix]     scan 100000/212342 faces, 358620 pairs, 0.1s (688517 faces/s)
[overlap_fix]     scan 200000/212342 faces, 669905 pairs, 0.3s (722054 faces/s)
[overlap_fix]   scan: before               t=0.8s
[overlap_fix]     scan 100000/212342 faces, 358620 pairs, 0.2s (649043 faces/s)
[overlap_fix]     scan 200000/212342 faces, 669905 pairs, 0.3s (686071 faces/s)
[overlap_fix]   tabu place                 t=1.1s
[overlap_fix]     exact potential graph: 47567 pairs (8.1186% dense), 8 v bins
[overlap_fix]     tabu iter 1/1, best e=695244.8 @0, 0 moves, t=1.3s (1.26 s/iter)
[overlap_fix]     scan 100000/212342 faces, 358620 pairs, 0.1s (674791 faces/s)
[overlap_fix]     scan 200000/212342 faces, 669905 pairs, 0.3s (700578 faces/s)
[overlap_fix]     scan 100000/212342 faces, 346538 pairs, 0.1s (690691 faces/s)
[overlap_fix]     scan 200000/212342 faces, 628423 pairs, 0.3s (735072 faces/s)
[overlap_fix]   scan: after                t=2.3s
[overlap_fix]     scan 100000/212342 faces, 346538 pairs, 0.1s (694054 faces/s)
[overlap_fix]     scan 200000/212342 faces, 628423 pairs, 0.3s (734047 faces/s)
[overlap_fix]   group 2: shifted, 164 charts, r=1220.9 (spread 456.4), wraps=0 du=0.0 dv=0.0, overlap 170710 -> 141558

=== PREFIT COMPONENT CULL ===
  charts before / after ... 1217 / 1083
  size hist (faces) ........ 1:31 2-3:32 4-7:37 8-15:41 16-31:79 32-63:106 64-127:344 128-255:189 256-511:339 512+:19
  max Sander QC hist ....... <=2:979 <=4:84 <=8:41 <=16:36 <=32:26 <=64:14 <=128:16 <=256:9 >256:12
  charts killed ............ 94 small, 42 projected-degenerate
  welded groups before/after 222 / 222
  group size hist .......... <=1:0 <=3:0 <=7:5 <=15:26 <=31:58 <=63:36 <=127:50 <=255:20 <=511:10 <=1023:2 <=2047:3 >2047:12
  groups killed ............ 0 small
  faces killed ............. 8 stretch + 4394 chart + 0 group
==========================

=== OVERLAP FIX ===
  charts .................. 1083
  welded groups ........... 222 (largest 212 charts)
  authentic weld edges .... 1302
  faces killed (total) .... 4402 / 212342

  -- is the error a whole number of turns? --
  weld |du/circ - round| .. <0.05:955 0.15:144 0.25:133 0.35:44 more:26  (73.3% clean)
  welds off by >=1 wrap ... 201 / 1302
  phase |turn - round| ..... <0.05:1302 0.15:0 0.25:0 0.35:0 more:0  (100.0% clean)
  nonzero phase targets .... 357 / 1302
  trusted / untrusted ..... 0 / 0 (+0 over the wrap cap)
  wrap range .............. 0 .. 0

  -- gauge reconciliation --
  charts wind-corrected ... 0 / 1083
  gauge islands ........... 0 (tree 0, cycle 0)
  cycle consistent ........ 0
  cycle INCONSISTENT ...... 0  (holonomy; no gauge can fix these)

  -- overlap --
  cross-group ............. 320396 raw -> 320396 post-wind -> 291244 final
  intra-group ............. 358512 raw -> 358512 post-wind
  intra |dr|/pitch ........ ~0:3034 ~0.5:12890 ~1:36112 ~1.5:58752 ~2:53925 >2.5:193799
    (~0..0.5 = folds no gauge fixes; ~1+ = wrong-wrap, re-gauge CAN fix)
  groups overlapping ...... 88 -> 88
  settled / shifted ....... 221 / 1
  parked / stuck .......... 0 / 0
  time .................... 2.98s
===================

=== TABU RE-GAUGE ===
  depth span .............. +/-4 wraps, tenure 40
  field ladder ............ -0.988262972 x 2pi*r per wind (0 pairs; FIXED)
  ladder u origin ......... -23892.392313154996
  iterations .............. 1 (canonical best at 1)
  moves ................... 0 chart + 1 group + 0 nbhd + 0 graded (of 5 eligible groups)
  phase-flat regions ...... 20 measured only
  phase lateral targets ... 490 trusted, 27 nonzero measured only
  energy (cell units) ..... 695244.8 -> 654212.8
  movable charts .......... 426 / 1083
  charts moved ............ 55 / 1083
  welds torn .............. 139 / 1200 usable (+102 excluded)
  lateral pairs coupled ... 520 (torn 11)
  happy-family bonds ...... 45 (torn 0)
  state archive ........... 2 kept, 2 SAT-verified
  exact winner ............ #1 at iter 1, score 654212.8
  hash rebuilds ........... 0
  cross after (exact) ..... 291244 pairs
  intra after (exact) ..... 346182 pairs
  intra |dr|/pitch after .. ~0:2972 ~0.5:12659 ~1:35827 ~1.5:58941 ~2:54000 >2.5:181783
=====================
  exact workload .......... 1348045 queries; 1311717 AABB rejects; 30421 cache hits / 5907 misses (5907 entries); 2945875 SAT tests
[tiled_atlas] sweep 1/1, tile 45/49 z00_y18_x06, loaded=74
[overlap_fix] active core: disabling tile-local pre-wind so the halo remains frozen
[overlap_fix] production preset: large-grid bounded
[overlap_fix] large-input guard: 74 cubes/174642 faces; tabu_iters=1 rounds=1 (pass --tabu-iters N to override)
[overlap_fix] active core: z[4352,4864) y[4352,4736) x[2304,2688); loaded complement is fixed halo
[overlap_fix] 74 cubes, 111271 vertices, 174642 faces, pitch=8.027
[overlap_fix]   label charts               t=0.0s
[overlap_fix]   build neighbours           t=0.0s
[overlap_fix]   label groups               t=0.2s
[overlap_fix]   uv index: raw              t=0.2s
[overlap_fix]   uv index: before           t=0.2s
[overlap_fix]   scan: raw                  t=0.3s
[overlap_fix]     scan 100000/174642 faces, 281872 pairs, 0.1s (784132 faces/s)
[overlap_fix]   scan: before               t=0.6s
[overlap_fix]     scan 100000/174642 faces, 281872 pairs, 0.1s (772129 faces/s)
[overlap_fix]   tabu place                 t=0.9s
[overlap_fix]     exact potential graph: 52344 pairs (9.0506% dense), 8 v bins
[overlap_fix]     tabu iter 1/1, best e=532366.8 @0, 0 moves, t=1.0s (1.01 s/iter)
[overlap_fix]     scan 100000/174642 faces, 281872 pairs, 0.1s (787827 faces/s)
[overlap_fix]     scan 100000/174642 faces, 221695 pairs, 0.1s (850295 faces/s)
[overlap_fix]   scan: after                t=1.8s
[overlap_fix]     scan 100000/174642 faces, 221695 pairs, 0.1s (853594 faces/s)
[overlap_fix]   group 0: shifted, 279 charts, r=1097.2 (spread 441.2), wraps=0 du=0.0 dv=0.0, overlap 194326 -> 85860

=== PREFIT COMPONENT CULL ===
  charts before / after ... 1233 / 1076
  size hist (faces) ........ 1:34 2-3:38 4-7:38 8-15:53 16-31:110 32-63:158 64-127:320 128-255:202 256-511:277 512+:3
  max Sander QC hist ....... <=2:865 <=4:148 <=8:64 <=16:45 <=32:35 <=64:28 <=128:19 <=256:14 >256:15
  charts killed ............ 106 small, 54 projected-degenerate
  welded groups before/after 249 / 249
  group size hist .......... <=1:0 <=3:0 <=7:3 <=15:35 <=31:68 <=63:54 <=127:48 <=255:17 <=511:11 <=1023:1 <=2047:4 >2047:8
  groups killed ............ 0 small
  faces killed ............. 39 stretch + 4697 chart + 0 group
==========================

=== OVERLAP FIX ===
  charts .................. 1076
  welded groups ........... 249 (largest 279 charts)
  authentic weld edges .... 1179
  faces killed (total) .... 4736 / 174642

  -- is the error a whole number of turns? --
  weld |du/circ - round| .. <0.05:778 0.15:149 0.25:129 0.35:74 more:49  (66.0% clean)
  welds off by >=1 wrap ... 185 / 1179
  phase |turn - round| ..... <0.05:1179 0.15:0 0.25:0 0.35:0 more:0  (100.0% clean)
  nonzero phase targets .... 319 / 1179
  trusted / untrusted ..... 0 / 0 (+0 over the wrap cap)
  wrap range .............. 0 .. 0

  -- gauge reconciliation --
  charts wind-corrected ... 0 / 1076
  gauge islands ........... 0 (tree 0, cycle 0)
  cycle consistent ........ 0
  cycle INCONSISTENT ...... 0  (holonomy; no gauge can fix these)

  -- overlap --
  cross-group ............. 251026 raw -> 251026 post-wind -> 142560 final
  intra-group ............. 271753 raw -> 271753 post-wind
  intra |dr|/pitch ........ ~0:3983 ~0.5:10359 ~1:17943 ~1.5:27483 ~2:34837 >2.5:177148
    (~0..0.5 = folds no gauge fixes; ~1+ = wrong-wrap, re-gauge CAN fix)
  groups overlapping ...... 72 -> 72
  settled / shifted ....... 248 / 1
  parked / stuck .......... 0 / 0
  time .................... 2.32s
===================

=== TABU RE-GAUGE ===
  depth span .............. +/-4 wraps, tenure 40
  field ladder ............ -0.988262972 x 2pi*r per wind (0 pairs; FIXED)
  ladder u origin ......... -23892.392313154996
  iterations .............. 1 (canonical best at 1)
  moves ................... 0 chart + 1 group + 0 nbhd + 0 graded (of 4 eligible groups)
  phase-flat regions ...... 20 measured only
  phase lateral targets ... 489 trusted, 24 nonzero measured only
  energy (cell units) ..... 532366.8 -> 397488.0
  movable charts .......... 503 / 1076
  charts moved ............ 144 / 1076
  welds torn .............. 132 / 1034 usable (+145 excluded)
  lateral pairs coupled ... 519 (torn 61)
  happy-family bonds ...... 23 (torn 0)
  state archive ........... 2 kept, 2 SAT-verified
  exact winner ............ #1 at iter 1, score 397488.0
  hash rebuilds ........... 0
  cross after (exact) ..... 142560 pairs
  intra after (exact) ..... 236003 pairs
  intra |dr|/pitch after .. ~0:3915 ~0.5:10210 ~1:17454 ~1.5:27016 ~2:34391 >2.5:143017
=====================
  exact workload .......... 1806584 queries; 1761204 AABB rejects; 38809 cache hits / 6571 misses (6571 entries); 2280270 SAT tests
[tiled_atlas] sweep 1/1, tile 46/49 z00_y18_x09, loaded=68
[overlap_fix] active core: disabling tile-local pre-wind so the halo remains frozen
[overlap_fix] production preset: large-grid bounded
[overlap_fix] large-input guard: 68 cubes/155890 faces; tabu_iters=1 rounds=1 (pass --tabu-iters N to override)
[overlap_fix] active core: z[4352,4864) y[4352,4736) x[2688,3072); loaded complement is fixed halo
[overlap_fix] 68 cubes, 101989 vertices, 155890 faces, pitch=8.027
[overlap_fix]   label charts               t=0.0s
[overlap_fix]   build neighbours           t=0.0s
[overlap_fix]   label groups               t=0.2s
[overlap_fix]   uv index: raw              t=0.2s
[overlap_fix]   uv index: before           t=0.2s
[overlap_fix]   scan: raw                  t=0.3s
[overlap_fix]     scan 100000/155890 faces, 367807 pairs, 0.1s (697126 faces/s)
[overlap_fix]   scan: before               t=0.6s
[overlap_fix]     scan 100000/155890 faces, 367807 pairs, 0.1s (675248 faces/s)
[overlap_fix]   tabu place                 t=0.8s
[overlap_fix]     exact potential graph: 44606 pairs (7.7126% dense), 8 v bins
[overlap_fix]     tabu iter 1/1, best e=595148.1 @0, 0 moves, t=1.0s (0.97 s/iter)
[overlap_fix]     scan 100000/155890 faces, 367807 pairs, 0.1s (694747 faces/s)
[overlap_fix]     scan 100000/155890 faces, 255888 pairs, 0.1s (794827 faces/s)
[overlap_fix]   scan: after                t=1.8s
[overlap_fix]     scan 100000/155890 faces, 255888 pairs, 0.1s (802881 faces/s)
[overlap_fix]   group 0: shifted, 536 charts, r=1015.4 (spread 432.4), wraps=0 du=0.0 dv=0.0, overlap 78088 -> 33567

=== PREFIT COMPONENT CULL ===
  charts before / after ... 1252 / 1076
  size hist (faces) ........ 1:43 2-3:47 4-7:33 8-15:45 16-31:128 32-63:172 64-127:339 128-255:224 256-511:220 512+:1
  max Sander QC hist ....... <=2:817 <=4:182 <=8:74 <=16:48 <=32:40 <=64:38 <=128:16 <=256:16 >256:21
  charts killed ............ 118 small, 61 projected-degenerate
  welded groups before/after 292 / 292
  group size hist .......... <=1:0 <=3:0 <=7:4 <=15:26 <=31:89 <=63:60 <=127:59 <=255:32 <=511:10 <=1023:3 <=2047:2 >2047:7
  groups killed ............ 0 small
  faces killed ............. 44 stretch + 5876 chart + 0 group
==========================

=== OVERLAP FIX ===
  charts .................. 1076
  welded groups ........... 292 (largest 536 charts)
  authentic weld edges .... 1092
  faces killed (total) .... 5920 / 155890

  -- is the error a whole number of turns? --
  weld |du/circ - round| .. <0.05:815 0.15:86 0.25:52 0.35:90 more:49  (74.6% clean)
  welds off by >=1 wrap ... 157 / 1092
  phase |turn - round| ..... <0.05:1092 0.15:0 0.25:0 0.35:0 more:0  (100.0% clean)
  nonzero phase targets .... 118 / 1092
  trusted / untrusted ..... 0 / 0 (+0 over the wrap cap)
  wrap range .............. 0 .. 0

  -- gauge reconciliation --
  charts wind-corrected ... 0 / 1076
  gauge islands ........... 0 (tree 0, cycle 0)
  cycle consistent ........ 0
  cycle INCONSISTENT ...... 0  (holonomy; no gauge can fix these)

  -- overlap --
  cross-group ............. 88418 raw -> 88418 post-wind -> 43897 final
  intra-group ............. 500816 raw -> 500816 post-wind
  intra |dr|/pitch ........ ~0:8008 ~0.5:17271 ~1:30586 ~1.5:59255 ~2:66360 >2.5:319336
    (~0..0.5 = folds no gauge fixes; ~1+ = wrong-wrap, re-gauge CAN fix)
  groups overlapping ...... 100 -> 100
  settled / shifted ....... 291 / 1
  parked / stuck .......... 0 / 0
  time .................... 2.34s
===================

=== TABU RE-GAUGE ===
  depth span .............. +/-4 wraps, tenure 40
  field ladder ............ -0.988262972 x 2pi*r per wind (0 pairs; FIXED)
  ladder u origin ......... -23892.392313154996
  iterations .............. 1 (canonical best at 1)
  moves ................... 0 chart + 1 group + 0 nbhd + 0 graded (of 7 eligible groups)
  phase-flat regions ...... 22 measured only
  phase lateral targets ... 1129 trusted, 13 nonzero measured only
  energy (cell units) ..... 595148.1 -> 442974.9
  movable charts .......... 535 / 1076
  charts moved ............ 265 / 1076
  welds torn .............. 123 / 949 usable (+143 excluded)
  lateral pairs coupled ... 1133 (torn 141)
  happy-family bonds ...... 27 (torn 0)
  state archive ........... 2 kept, 2 SAT-verified
  exact winner ............ #1 at iter 1, score 442974.9
  hash rebuilds ........... 0
  cross after (exact) ..... 43897 pairs
  intra after (exact) ..... 376297 pairs
  intra |dr|/pitch after .. ~0:5613 ~0.5:12830 ~1:25596 ~1.5:54647 ~2:60931 >2.5:216680
=====================
  exact workload .......... 1436362 queries; 1375501 AABB rejects; 48999 cache hits / 11862 misses (11862 entries); 3521972 SAT tests
[tiled_atlas] sweep 1/1, tile 47/49 z00_y18_x12, loaded=60
[overlap_fix] active core: disabling tile-local pre-wind so the halo remains frozen
[overlap_fix] production preset: large-grid bounded
[overlap_fix] large-input guard: 60 cubes/117117 faces; tabu_iters=1 rounds=1 (pass --tabu-iters N to override)
[overlap_fix] active core: z[4352,4864) y[4352,4736) x[3072,3456); loaded complement is fixed halo
[overlap_fix] 60 cubes, 74611 vertices, 117117 faces, pitch=8.027
[overlap_fix]   label charts               t=0.0s
[overlap_fix]   build neighbours           t=0.0s
[overlap_fix]   label groups               t=0.1s
[overlap_fix]   uv index: raw              t=0.1s
[overlap_fix]   uv index: before           t=0.1s
[overlap_fix]   scan: raw                  t=0.2s
[overlap_fix]     scan 100000/117117 faces, 343206 pairs, 0.1s (690999 faces/s)
[overlap_fix]   scan: before               t=0.4s
[overlap_fix]     scan 100000/117117 faces, 343206 pairs, 0.1s (716016 faces/s)
[overlap_fix]   tabu place                 t=0.6s
[overlap_fix]     exact potential graph: 28982 pairs (9.4908% dense), 8 v bins
[overlap_fix]     tabu iter 1/1, best e=405606.9 @0, 0 moves, t=0.7s (0.68 s/iter)
[overlap_fix]     scan 100000/117117 faces, 343206 pairs, 0.1s (730879 faces/s)
[overlap_fix]     scan 100000/117117 faces, 248532 pairs, 0.1s (825412 faces/s)
[overlap_fix]   scan: after                t=1.3s
[overlap_fix]     scan 100000/117117 faces, 248532 pairs, 0.1s (830060 faces/s)
[overlap_fix]   group 0: shifted, 394 charts, r=1081.7 (spread 515.1), wraps=0 du=0.0 dv=0.0, overlap 95325 -> 37458

=== PREFIT COMPONENT CULL ===
  charts before / after ... 882 / 782
  size hist (faces) ........ 1:20 2-3:25 4-7:22 8-15:35 16-31:87 32-63:101 64-127:248 128-255:173 256-511:171 512+:0
  max Sander QC hist ....... <=2:684 <=4:72 <=8:30 <=16:22 <=32:24 <=64:17 <=128:8 <=256:7 >256:18
  charts killed ............ 66 small, 35 projected-degenerate
  welded groups before/after 195 / 195
  group size hist .......... <=1:0 <=3:0 <=7:1 <=15:21 <=31:55 <=63:30 <=127:45 <=255:18 <=511:10 <=1023:5 <=2047:3 >2047:7
  groups killed ............ 0 small
  faces killed ............. 24 stretch + 3248 chart + 0 group
==========================

=== OVERLAP FIX ===
  charts .................. 782
  welded groups ........... 195 (largest 394 charts)
  authentic weld edges .... 804
  faces killed (total) .... 3272 / 117117

  -- is the error a whole number of turns? --
  weld |du/circ - round| .. <0.05:603 0.15:67 0.25:27 0.35:34 more:73  (75.0% clean)
  welds off by >=1 wrap ... 142 / 804
  phase |turn - round| ..... <0.05:804 0.15:0 0.25:0 0.35:0 more:0  (100.0% clean)
  nonzero phase targets .... 118 / 804
  trusted / untrusted ..... 0 / 0 (+0 over the wrap cap)
  wrap range .............. 0 .. 0

  -- gauge reconciliation --
  charts wind-corrected ... 0 / 782
  gauge islands ........... 0 (tree 0, cycle 0)
  cycle consistent ........ 0
  cycle INCONSISTENT ...... 0  (holonomy; no gauge can fix these)

  -- overlap --
  cross-group ............. 129455 raw -> 129455 post-wind -> 71588 final
  intra-group ............. 267455 raw -> 267455 post-wind
  intra |dr|/pitch ........ ~0:5977 ~0.5:17438 ~1:26769 ~1.5:37307 ~2:42980 >2.5:136984
    (~0..0.5 = folds no gauge fixes; ~1+ = wrong-wrap, re-gauge CAN fix)
  groups overlapping ...... 70 -> 70
  settled / shifted ....... 194 / 1
  parked / stuck .......... 0 / 0
  time .................... 1.59s
===================

=== TABU RE-GAUGE ===
  depth span .............. +/-4 wraps, tenure 40
  field ladder ............ -0.988262972 x 2pi*r per wind (0 pairs; FIXED)
  ladder u origin ......... -23892.392313154996
  iterations .............. 1 (canonical best at 1)
  moves ................... 0 chart + 1 group + 0 nbhd + 0 graded (of 4 eligible groups)
  phase-flat regions ...... 12 measured only
  phase lateral targets ... 611 trusted, 28 nonzero measured only
  energy (cell units) ..... 405606.9 -> 307688.3
  movable charts .......... 339 / 782
  charts moved ............ 210 / 782
  welds torn .............. 87 / 689 usable (+115 excluded)
  lateral pairs coupled ... 612 (torn 44)
  happy-family bonds ...... 16 (torn 0)
  state archive ........... 2 kept, 2 SAT-verified
  exact winner ............ #1 at iter 1, score 307688.3
  hash rebuilds ........... 0
  cross after (exact) ..... 71588 pairs
  intra after (exact) ..... 223711 pairs
  intra |dr|/pitch after .. ~0:5544 ~0.5:16116 ~1:25317 ~1.5:35835 ~2:39862 >2.5:101037
=====================
  exact workload .......... 1042962 queries; 1000409 AABB rejects; 35454 cache hits / 7099 misses (7099 entries); 2520146 SAT tests
[tiled_atlas] sweep 1/1, tile 48/49 z00_y18_x15, loaded=59
[overlap_fix] active core: disabling tile-local pre-wind so the halo remains frozen
[overlap_fix] production preset: large-grid bounded
[overlap_fix] large-input guard: 59 cubes/72217 faces; tabu_iters=1 rounds=1 (pass --tabu-iters N to override)
[overlap_fix] active core: z[4352,4864) y[4352,4736) x[3456,3840); loaded complement is fixed halo
[overlap_fix] 59 cubes, 51677 vertices, 72217 faces, pitch=8.027
[overlap_fix]   label charts               t=0.0s
[overlap_fix]   build neighbours           t=0.0s
[overlap_fix]   label groups               t=0.1s
[overlap_fix]   uv index: raw              t=0.1s
[overlap_fix]   uv index: before           t=0.1s
[overlap_fix]   scan: raw                  t=0.1s
[overlap_fix]   scan: before               t=0.2s
[overlap_fix]   tabu place                 t=0.3s
[overlap_fix]     exact potential graph: 10205 pairs (9.1420% dense), 8 v bins
[overlap_fix]     tabu iter 1/1, best e=100676.1 @0, 0 moves, t=0.4s (0.35 s/iter)
[overlap_fix]   scan: after                t=0.6s
[overlap_fix]   group 8: shifted, 52 charts, r=1270.0 (spread 470.2), wraps=0 du=0.0 dv=0.0, overlap 27000 -> 8397

=== PREFIT COMPONENT CULL ===
  charts before / after ... 527 / 473
  size hist (faces) ........ 1:16 2-3:12 4-7:21 8-15:22 16-31:31 32-63:57 64-127:139 128-255:135 256-511:94 512+:0
  max Sander QC hist ....... <=2:491 <=4:12 <=8:7 <=16:4 <=32:7 <=64:0 <=128:1 <=256:1 >256:4
  charts killed ............ 48 small, 6 projected-degenerate
  welded groups before/after 79 / 79
  group size hist .......... <=1:0 <=3:0 <=7:0 <=15:12 <=31:14 <=63:12 <=127:15 <=255:5 <=511:2 <=1023:3 <=2047:5 >2047:11
  groups killed ............ 0 small
  faces killed ............. 7 stretch + 1425 chart + 0 group
==========================

=== OVERLAP FIX ===
  charts .................. 473
  welded groups ........... 79 (largest 80 charts)
  authentic weld edges .... 539
  faces killed (total) .... 1432 / 72217

  -- is the error a whole number of turns? --
  weld |du/circ - round| .. <0.05:375 0.15:63 0.25:38 0.35:14 more:49  (69.6% clean)
  welds off by >=1 wrap ... 136 / 539
  phase |turn - round| ..... <0.05:539 0.15:0 0.25:0 0.35:0 more:0  (100.0% clean)
  nonzero phase targets .... 147 / 539
  trusted / untrusted ..... 0 / 0 (+0 over the wrap cap)
  wrap range .............. 0 .. 0

  -- gauge reconciliation --
  charts wind-corrected ... 0 / 473
  gauge islands ........... 0 (tree 0, cycle 0)
  cycle consistent ........ 0
  cycle INCONSISTENT ...... 0  (holonomy; no gauge can fix these)

  -- overlap --
  cross-group ............. 79331 raw -> 79331 post-wind -> 60728 final
  intra-group ............. 16750 raw -> 16750 post-wind
  intra |dr|/pitch ........ ~0:653 ~0.5:2409 ~1:3446 ~1.5:2644 ~2:2912 >2.5:4686
    (~0..0.5 = folds no gauge fixes; ~1+ = wrong-wrap, re-gauge CAN fix)
  groups overlapping ...... 30 -> 30
  settled / shifted ....... 78 / 1
  parked / stuck .......... 0 / 0
  time .................... 0.79s
===================

=== TABU RE-GAUGE ===
  depth span .............. +/-4 wraps, tenure 40
  field ladder ............ -0.988262972 x 2pi*r per wind (0 pairs; FIXED)
  ladder u origin ......... -23892.392313154996
  iterations .............. 1 (canonical best at 1)
  moves ................... 0 chart + 1 group + 0 nbhd + 0 graded (of 1 eligible groups)
  phase-flat regions ...... 5 measured only
  phase lateral targets ... 87 trusted, 27 nonzero measured only
  energy (cell units) ..... 100676.1 -> 82506.2
  movable charts .......... 181 / 473
  charts moved ............ 31 / 473
  welds torn .............. 57 / 450 usable (+89 excluded)
  lateral pairs coupled ... 88 (torn 6)
  happy-family bonds ...... 12 (torn 0)
  state archive ........... 2 kept, 2 SAT-verified
  exact winner ............ #1 at iter 1, score 82506.2
  hash rebuilds ........... 0
  cross after (exact) ..... 60728 pairs
  intra after (exact) ..... 16535 pairs
  intra |dr|/pitch after .. ~0:658 ~0.5:2361 ~1:3323 ~1.5:2606 ~2:2905 >2.5:4682
=====================
  exact workload .......... 368887 queries; 357207 AABB rejects; 10083 cache hits / 1597 misses (1597 entries); 355568 SAT tests
[tiled_atlas] sweep 1/1, tile 49/49 z00_y18_x18, loaded=48
[overlap_fix] active core: disabling tile-local pre-wind so the halo remains frozen
[overlap_fix] production preset: large-grid bounded
[overlap_fix] large-input guard: 48 cubes/56599 faces; tabu_iters=1 rounds=1 (pass --tabu-iters N to override)
[overlap_fix] active core: z[4352,4864) y[4352,4736) x[3840,4224); loaded complement is fixed halo
[overlap_fix] 48 cubes, 41472 vertices, 56599 faces, pitch=8.027
[overlap_fix]   label charts               t=0.0s
[overlap_fix]   build neighbours           t=0.0s
[overlap_fix]   label groups               t=0.1s
[overlap_fix]   uv index: raw              t=0.1s
[overlap_fix]   uv index: before           t=0.1s
[overlap_fix]   scan: raw                  t=0.1s
[overlap_fix]   scan: before               t=0.2s
[overlap_fix]   tabu place                 t=0.2s
[overlap_fix]     exact potential graph: 3272 pairs (6.1387% dense), 8 v bins
[overlap_fix]     tabu iter 1/1, best e=25302.9 @0, 0 moves, t=0.2s (0.24 s/iter)
[overlap_fix]   scan: after                t=0.4s
[overlap_fix]   group 9: shifted, 21 charts, r=1539.1 (spread 356.7), wraps=0 du=0.0 dv=0.0, overlap 9173 -> 0

=== PREFIT COMPONENT CULL ===
  charts before / after ... 371 / 327
  size hist (faces) ........ 1:11 2-3:14 4-7:20 8-15:16 16-31:21 32-63:41 64-127:103 128-255:56 256-511:80 512+:9
  max Sander QC hist ....... <=2:356 <=4:4 <=8:3 <=16:3 <=32:3 <=64:1 <=128:0 <=256:0 >256:1
  charts killed ............ 43 small, 1 projected-degenerate
  welded groups before/after 59 / 59
  group size hist .......... <=1:0 <=3:0 <=7:0 <=15:8 <=31:5 <=63:8 <=127:11 <=255:6 <=511:5 <=1023:3 <=2047:1 >2047:12
  groups killed ............ 0 small
  faces killed ............. 0 stretch + 147 chart + 0 group
==========================

=== OVERLAP FIX ===
  charts .................. 327
  welded groups ........... 59 (largest 26 charts)
  authentic weld edges .... 352
  faces killed (total) .... 147 / 56599

  -- is the error a whole number of turns? --
  weld |du/circ - round| .. <0.05:301 0.15:17 0.25:14 0.35:6 more:14  (85.5% clean)
  welds off by >=1 wrap ... 47 / 352
  phase |turn - round| ..... <0.05:352 0.15:0 0.25:0 0.35:0 more:0  (100.0% clean)
  nonzero phase targets .... 62 / 352
  trusted / untrusted ..... 0 / 0 (+0 over the wrap cap)
  wrap range .............. 0 .. 0

  -- gauge reconciliation --
  charts wind-corrected ... 0 / 327
  gauge islands ........... 0 (tree 0, cycle 0)
  cycle consistent ........ 0
  cycle INCONSISTENT ...... 0  (holonomy; no gauge can fix these)

  -- overlap --
  cross-group ............. 19868 raw -> 19868 post-wind -> 10695 final
  intra-group ............. 4018 raw -> 4018 post-wind
  intra |dr|/pitch ........ ~0:701 ~0.5:1783 ~1:555 ~1.5:270 ~2:360 >2.5:349
    (~0..0.5 = folds no gauge fixes; ~1+ = wrong-wrap, re-gauge CAN fix)
  groups overlapping ...... 23 -> 22
  settled / shifted ....... 58 / 1
  parked / stuck .......... 0 / 0
  time .................... 0.56s
===================

=== TABU RE-GAUGE ===
  depth span .............. +/-4 wraps, tenure 40
  field ladder ............ -0.988262972 x 2pi*r per wind (0 pairs; FIXED)
  ladder u origin ......... -23892.392313154996
  iterations .............. 1 (canonical best at 1)
  moves ................... 0 chart + 1 group + 0 nbhd + 0 graded (of 4 eligible groups)
  phase-flat regions ...... 15 measured only
  phase lateral targets ... 61 trusted, 1 nonzero measured only
  energy (cell units) ..... 25302.9 -> 16222.6
  movable charts .......... 155 / 327
  charts moved ............ 15 / 327
  welds torn .............. 9 / 313 usable (+39 excluded)
  lateral pairs coupled ... 61 (torn 6)
  happy-family bonds ...... 29 (torn 0)
  state archive ........... 2 kept, 2 SAT-verified
  exact winner ............ #1 at iter 1, score 16222.6
  hash rebuilds ........... 0
  cross after (exact) ..... 10695 pairs
  intra after (exact) ..... 3908 pairs
  intra |dr|/pitch after .. ~0:697 ~0.5:1734 ~1:507 ~1.5:261 ~2:360 >2.5:349
=====================
  exact workload .......... 111904 queries; 106616 AABB rejects; 4435 cache hits / 853 misses (853 entries); 86883 SAT tests
[tiled_atlas] final no-move global audit/export
[overlap_fix] production preset: large-grid bounded
[overlap_fix] 1702 cubes, 2476186 vertices, 3958802 faces, pitch=8.027
[overlap_fix]   label charts               t=0.1s
[overlap_fix]   build neighbours           t=0.5s
[overlap_fix]   label groups               t=8.4s
[overlap_fix]   uv index: raw              t=8.4s
[overlap_fix]   uv index: before           t=8.4s
[overlap_fix]   scan: raw                  t=11.5s
[overlap_fix]     scan 100000/3958802 faces, 782665 pairs, 0.3s (339011 faces/s)
[overlap_fix]     scan 200000/3958802 faces, 1687894 pairs, 0.6s (328289 faces/s)
[overlap_fix]     scan 300000/3958802 faces, 2428710 pairs, 0.9s (344175 faces/s)
[overlap_fix]     scan 400000/3958802 faces, 3242571 pairs, 1.2s (341251 faces/s)
[overlap_fix]     scan 500000/3958802 faces, 3883813 pairs, 1.4s (351062 faces/s)
[overlap_fix]     scan 600000/3958802 faces, 4378591 pairs, 1.6s (365621 faces/s)
[overlap_fix]     scan 700000/3958802 faces, 4774058 pairs, 1.8s (382590 faces/s)
[overlap_fix]     scan 800000/3958802 faces, 5256446 pairs, 2.0s (391109 faces/s)
[overlap_fix]     scan 900000/3958802 faces, 5648720 pairs, 2.2s (400996 faces/s)
[overlap_fix]     scan 1000000/3958802 faces, 6101027 pairs, 2.5s (407976 faces/s)
[overlap_fix]     scan 1100000/3958802 faces, 7049604 pairs, 2.8s (397797 faces/s)
[overlap_fix]     scan 1200000/3958802 faces, 7909679 pairs, 3.1s (393386 faces/s)
[overlap_fix]     scan 1300000/3958802 faces, 8743952 pairs, 3.3s (388185 faces/s)
[overlap_fix]     scan 1400000/3958802 faces, 9535700 pairs, 3.6s (384367 faces/s)
[overlap_fix]     scan 1500000/3958802 faces, 10247306 pairs, 3.9s (382940 faces/s)
[overlap_fix]     scan 1600000/3958802 faces, 10658914 pairs, 4.1s (388715 faces/s)
[overlap_fix]     scan 1700000/3958802 faces, 11119352 pairs, 4.3s (393686 faces/s)
[overlap_fix]     scan 1800000/3958802 faces, 11685875 pairs, 4.6s (395472 faces/s)
[overlap_fix]     scan 1900000/3958802 faces, 12016625 pairs, 4.7s (401508 faces/s)
[overlap_fix]     scan 2000000/3958802 faces, 12372851 pairs, 4.9s (407765 faces/s)
[overlap_fix]     scan 2100000/3958802 faces, 13454542 pairs, 5.3s (399106 faces/s)
[overlap_fix]     scan 2200000/3958802 faces, 14504889 pairs, 5.6s (392487 faces/s)
[overlap_fix]     scan 2300000/3958802 faces, 15415846 pairs, 5.9s (388345 faces/s)
[overlap_fix]     scan 2400000/3958802 faces, 16218554 pairs, 6.2s (385809 faces/s)
[overlap_fix]     scan 2500000/3958802 faces, 16852343 pairs, 6.5s (386310 faces/s)
[overlap_fix]     scan 2600000/3958802 faces, 17336357 pairs, 6.7s (389554 faces/s)
[overlap_fix]     scan 2700000/3958802 faces, 17712361 pairs, 6.9s (393869 faces/s)
[overlap_fix]     scan 2800000/3958802 faces, 18287196 pairs, 7.1s (394827 faces/s)
[overlap_fix]     scan 2900000/3958802 faces, 18755371 pairs, 7.3s (396609 faces/s)
[overlap_fix]     scan 3000000/3958802 faces, 19099941 pairs, 7.5s (400996 faces/s)
[overlap_fix]     scan 3100000/3958802 faces, 20088239 pairs, 7.8s (397207 faces/s)
[overlap_fix]     scan 3200000/3958802 faces, 21025766 pairs, 8.1s (394385 faces/s)
[overlap_fix]     scan 3300000/3958802 faces, 21822560 pairs, 8.4s (394029 faces/s)
[overlap_fix]     scan 3400000/3958802 faces, 22389889 pairs, 8.6s (395381 faces/s)
[overlap_fix]     scan 3500000/3958802 faces, 23072775 pairs, 8.9s (395187 faces/s)
[overlap_fix]     scan 3600000/3958802 faces, 23563070 pairs, 9.1s (397359 faces/s)
[overlap_fix]     scan 3700000/3958802 faces, 23950547 pairs, 9.2s (400486 faces/s)
[overlap_fix]     scan 3800000/3958802 faces, 24549983 pairs, 9.5s (401227 faces/s)
[overlap_fix]     scan 3900000/3958802 faces, 25017697 pairs, 9.7s (402495 faces/s)
[overlap_fix]   scan: before               t=24.4s
[overlap_fix]     scan 100000/3958802 faces, 782665 pairs, 0.3s (358581 faces/s)
[overlap_fix]     scan 200000/3958802 faces, 1687894 pairs, 0.6s (337044 faces/s)
[overlap_fix]     scan 300000/3958802 faces, 2428710 pairs, 0.9s (346835 faces/s)
[overlap_fix]     scan 400000/3958802 faces, 3242571 pairs, 1.2s (343042 faces/s)
[overlap_fix]     scan 500000/3958802 faces, 3883813 pairs, 1.4s (353039 faces/s)
[overlap_fix]     scan 600000/3958802 faces, 4378591 pairs, 1.6s (367531 faces/s)
[overlap_fix]     scan 700000/3958802 faces, 4774058 pairs, 1.8s (382567 faces/s)
[overlap_fix]     scan 800000/3958802 faces, 5256446 pairs, 2.0s (390448 faces/s)
[overlap_fix]     scan 900000/3958802 faces, 5648720 pairs, 2.3s (399812 faces/s)
[overlap_fix]     scan 1000000/3958802 faces, 6101027 pairs, 2.4s (408248 faces/s)
[overlap_fix]     scan 1100000/3958802 faces, 7049604 pairs, 2.8s (396126 faces/s)
[overlap_fix]     scan 1200000/3958802 faces, 7909679 pairs, 3.1s (388926 faces/s)
[overlap_fix]     scan 1300000/3958802 faces, 8743952 pairs, 3.4s (383549 faces/s)
[overlap_fix]     scan 1400000/3958802 faces, 9535700 pairs, 3.7s (380625 faces/s)
[overlap_fix]     scan 1500000/3958802 faces, 10247306 pairs, 4.0s (378696 faces/s)
[overlap_fix]     scan 1600000/3958802 faces, 10658914 pairs, 4.2s (384891 faces/s)
[overlap_fix]     scan 1700000/3958802 faces, 11119352 pairs, 4.4s (389285 faces/s)
[overlap_fix]     scan 1800000/3958802 faces, 11685875 pairs, 4.6s (390461 faces/s)
[overlap_fix]     scan 1900000/3958802 faces, 12016625 pairs, 4.8s (395662 faces/s)
[overlap_fix]     scan 2000000/3958802 faces, 12372851 pairs, 5.0s (402099 faces/s)
[overlap_fix]     scan 2100000/3958802 faces, 13454542 pairs, 5.3s (393833 faces/s)
[overlap_fix]     scan 2200000/3958802 faces, 14504889 pairs, 5.7s (387413 faces/s)
[overlap_fix]     scan 2300000/3958802 faces, 15415846 pairs, 6.0s (384104 faces/s)
[overlap_fix]     scan 2400000/3958802 faces, 16218554 pairs, 6.3s (381569 faces/s)
[overlap_fix]     scan 2500000/3958802 faces, 16852343 pairs, 6.6s (381620 faces/s)
[overlap_fix]     scan 2600000/3958802 faces, 17336357 pairs, 6.8s (384153 faces/s)
[overlap_fix]     scan 2700000/3958802 faces, 17712361 pairs, 7.0s (387659 faces/s)
[overlap_fix]     scan 2800000/3958802 faces, 18287196 pairs, 7.2s (388105 faces/s)
[overlap_fix]     scan 2900000/3958802 faces, 18755371 pairs, 7.4s (389898 faces/s)
[overlap_fix]     scan 3000000/3958802 faces, 19099941 pairs, 7.6s (394320 faces/s)
[overlap_fix]     scan 3100000/3958802 faces, 20088239 pairs, 7.9s (390687 faces/s)
[overlap_fix]     scan 3200000/3958802 faces, 21025766 pairs, 8.3s (387850 faces/s)
[overlap_fix]     scan 3300000/3958802 faces, 21822560 pairs, 8.5s (386933 faces/s)
[overlap_fix]     scan 3400000/3958802 faces, 22389889 pairs, 8.8s (388095 faces/s)
[overlap_fix]     scan 3500000/3958802 faces, 23072775 pairs, 9.0s (388088 faces/s)
[overlap_fix]     scan 3600000/3958802 faces, 23563070 pairs, 9.2s (390048 faces/s)
[overlap_fix]     scan 3700000/3958802 faces, 23950547 pairs, 9.4s (392962 faces/s)
[overlap_fix]     scan 3800000/3958802 faces, 24549983 pairs, 9.7s (393256 faces/s)
[overlap_fix]     scan 3900000/3958802 faces, 25017697 pairs, 9.9s (394488 faces/s)
[overlap_fix]   tabu place                 t=34.4s
[overlap_fix]     exact potential graph: 8664667 pairs (3.7941% dense), 8 v bins
[overlap_fix]     scan 100000/3958802 faces, 782665 pairs, 0.3s (358590 faces/s)
[overlap_fix]     scan 200000/3958802 faces, 1687894 pairs, 0.6s (332290 faces/s)
[overlap_fix]     scan 300000/3958802 faces, 2428710 pairs, 0.9s (343141 faces/s)
[overlap_fix]     scan 400000/3958802 faces, 3242571 pairs, 1.2s (340851 faces/s)
[overlap_fix]     scan 500000/3958802 faces, 3883813 pairs, 1.4s (346466 faces/s)
[overlap_fix]     scan 600000/3958802 faces, 4378591 pairs, 1.7s (362640 faces/s)
[overlap_fix]     scan 700000/3958802 faces, 4774058 pairs, 1.8s (380253 faces/s)
[overlap_fix]     scan 800000/3958802 faces, 5256446 pairs, 2.1s (388538 faces/s)
[overlap_fix]     scan 900000/3958802 faces, 5648720 pairs, 2.3s (396703 faces/s)
[overlap_fix]     scan 1000000/3958802 faces, 6101027 pairs, 2.5s (404044 faces/s)
[overlap_fix]     scan 1100000/3958802 faces, 7049604 pairs, 2.8s (390794 faces/s)
[overlap_fix]     scan 1200000/3958802 faces, 7909679 pairs, 3.1s (383649 faces/s)
[overlap_fix]     scan 1300000/3958802 faces, 8743952 pairs, 3.4s (380154 faces/s)
[overlap_fix]     scan 1400000/3958802 faces, 9535700 pairs, 3.7s (377044 faces/s)
[overlap_fix]     scan 1500000/3958802 faces, 10247306 pairs, 4.0s (376535 faces/s)
[overlap_fix]     scan 1600000/3958802 faces, 10658914 pairs, 4.2s (379670 faces/s)
[overlap_fix]     scan 1700000/3958802 faces, 11119352 pairs, 4.4s (383148 faces/s)
[overlap_fix]     scan 1800000/3958802 faces, 11685875 pairs, 4.7s (383672 faces/s)
[overlap_fix]     scan 1900000/3958802 faces, 12016625 pairs, 4.9s (390034 faces/s)
[overlap_fix]     scan 2000000/3958802 faces, 12372851 pairs, 5.0s (396818 faces/s)
[overlap_fix]     scan 2100000/3958802 faces, 13454542 pairs, 5.4s (389278 faces/s)
[overlap_fix]     scan 2200000/3958802 faces, 14504889 pairs, 5.7s (382977 faces/s)
[overlap_fix]     scan 2300000/3958802 faces, 15415846 pairs, 6.1s (378769 faces/s)
[overlap_fix]     scan 2400000/3958802 faces, 16218554 pairs, 6.4s (376880 faces/s)
[overlap_fix]     scan 2500000/3958802 faces, 16852343 pairs, 6.6s (377440 faces/s)
[overlap_fix]     scan 2600000/3958802 faces, 17336357 pairs, 6.8s (380284 faces/s)
[overlap_fix]     scan 2700000/3958802 faces, 17712361 pairs, 7.0s (384322 faces/s)
[overlap_fix]     scan 2800000/3958802 faces, 18287196 pairs, 7.3s (383426 faces/s)
[overlap_fix]     scan 2900000/3958802 faces, 18755371 pairs, 7.5s (384950 faces/s)
[overlap_fix]     scan 3000000/3958802 faces, 19099941 pairs, 7.7s (389454 faces/s)
[overlap_fix]     scan 3100000/3958802 faces, 20088239 pairs, 8.0s (386397 faces/s)
[overlap_fix]     scan 3200000/3958802 faces, 21025766 pairs, 8.3s (383869 faces/s)
[overlap_fix]     scan 3300000/3958802 faces, 21822560 pairs, 8.6s (383276 faces/s)
[overlap_fix]     scan 3400000/3958802 faces, 22389889 pairs, 8.8s (385134 faces/s)
[overlap_fix]     scan 3500000/3958802 faces, 23072775 pairs, 9.1s (385194 faces/s)
[overlap_fix]     scan 3600000/3958802 faces, 23563070 pairs, 9.3s (387239 faces/s)
[overlap_fix]     scan 3700000/3958802 faces, 23950547 pairs, 9.5s (390227 faces/s)
[overlap_fix]     scan 3800000/3958802 faces, 24549983 pairs, 9.7s (390800 faces/s)
[overlap_fix]     scan 3900000/3958802 faces, 25017697 pairs, 9.9s (392075 faces/s)
[overlap_fix]   scan: after                t=59.7s
[overlap_fix]     scan 100000/3958802 faces, 782665 pairs, 0.3s (352056 faces/s)
[overlap_fix]     scan 200000/3958802 faces, 1687894 pairs, 0.6s (334608 faces/s)
[overlap_fix]     scan 300000/3958802 faces, 2428710 pairs, 0.9s (343111 faces/s)
[overlap_fix]     scan 400000/3958802 faces, 3242571 pairs, 1.2s (343340 faces/s)
[overlap_fix]     scan 500000/3958802 faces, 3883813 pairs, 1.4s (349137 faces/s)
[overlap_fix]     scan 600000/3958802 faces, 4378591 pairs, 1.7s (363387 faces/s)
[overlap_fix]     scan 700000/3958802 faces, 4774058 pairs, 1.9s (378027 faces/s)
[overlap_fix]     scan 800000/3958802 faces, 5256446 pairs, 2.1s (384957 faces/s)
[overlap_fix]     scan 900000/3958802 faces, 5648720 pairs, 2.3s (395174 faces/s)
[overlap_fix]     scan 1000000/3958802 faces, 6101027 pairs, 2.5s (404114 faces/s)
[overlap_fix]     scan 1100000/3958802 faces, 7049604 pairs, 2.8s (393007 faces/s)
[overlap_fix]     scan 1200000/3958802 faces, 7909679 pairs, 3.1s (385941 faces/s)
[overlap_fix]     scan 1300000/3958802 faces, 8743952 pairs, 3.4s (380692 faces/s)
[overlap_fix]     scan 1400000/3958802 faces, 9535700 pairs, 3.7s (378070 faces/s)
[overlap_fix]     scan 1500000/3958802 faces, 10247306 pairs, 4.0s (377521 faces/s)
[overlap_fix]     scan 1600000/3958802 faces, 10658914 pairs, 4.2s (383686 faces/s)
[overlap_fix]     scan 1700000/3958802 faces, 11119352 pairs, 4.4s (388065 faces/s)
[overlap_fix]     scan 1800000/3958802 faces, 11685875 pairs, 4.6s (389566 faces/s)
[overlap_fix]     scan 1900000/3958802 faces, 12016625 pairs, 4.8s (396002 faces/s)
[overlap_fix]     scan 2000000/3958802 faces, 12372851 pairs, 5.0s (402538 faces/s)
[overlap_fix]     scan 2100000/3958802 faces, 13454542 pairs, 5.3s (394270 faces/s)
[overlap_fix]     scan 2200000/3958802 faces, 14504889 pairs, 5.7s (388433 faces/s)
[overlap_fix]     scan 2300000/3958802 faces, 15415846 pairs, 6.0s (384590 faces/s)
[overlap_fix]     scan 2400000/3958802 faces, 16218554 pairs, 6.3s (382565 faces/s)
[overlap_fix]     scan 2500000/3958802 faces, 16852343 pairs, 6.5s (382857 faces/s)
[overlap_fix]     scan 2600000/3958802 faces, 17336357 pairs, 6.7s (385525 faces/s)
[overlap_fix]     scan 2700000/3958802 faces, 17712361 pairs, 6.9s (389633 faces/s)
[overlap_fix]     scan 2800000/3958802 faces, 18287196 pairs, 7.2s (390257 faces/s)
[overlap_fix]     scan 2900000/3958802 faces, 18755371 pairs, 7.4s (392637 faces/s)
[overlap_fix]     scan 3000000/3958802 faces, 19099941 pairs, 7.6s (397011 faces/s)
[overlap_fix]     scan 3100000/3958802 faces, 20088239 pairs, 7.9s (393140 faces/s)
[overlap_fix]     scan 3200000/3958802 faces, 21025766 pairs, 8.2s (390199 faces/s)
[overlap_fix]     scan 3300000/3958802 faces, 21822560 pairs, 8.5s (388984 faces/s)
[overlap_fix]     scan 3400000/3958802 faces, 22389889 pairs, 8.7s (390462 faces/s)
[overlap_fix]     scan 3500000/3958802 faces, 23072775 pairs, 9.0s (390489 faces/s)
[overlap_fix]     scan 3600000/3958802 faces, 23563070 pairs, 9.2s (392745 faces/s)
[overlap_fix]     scan 3700000/3958802 faces, 23950547 pairs, 9.3s (395797 faces/s)
[overlap_fix]     scan 3800000/3958802 faces, 24549983 pairs, 9.6s (396600 faces/s)
[overlap_fix]     scan 3900000/3958802 faces, 25017697 pairs, 9.8s (398051 faces/s)

=== PREFIT COMPONENT CULL ===
  charts before / after ... 24000 / 21372
  size hist (faces) ........ 1:579 2-3:632 4-7:628 8-15:784 16-31:1572 32-63:2475 64-127:6597 128-255:4232 256-511:6209 512+:292
  max Sander QC hist ....... <=2:19419 <=4:1682 <=8:776 <=16:536 <=32:400 <=64:369 <=128:257 <=256:196 >256:365
  charts killed ............ 1741 small, 927 projected-degenerate
  welded groups before/after 3565 / 3565
  group size hist .......... <=1:0 <=3:0 <=7:67 <=15:484 <=31:999 <=63:801 <=127:776 <=255:286 <=511:122 <=1023:12 <=2047:3 >2047:15
  groups killed ............ 0 small
  faces killed ............. 567 stretch + 97112 chart + 0 group
==========================

=== OVERLAP FIX ===
  charts .................. 21372
  welded groups ........... 3565 (largest 10144 charts)
  authentic weld edges .... 28500
  faces killed (total) .... 97679 / 3958802

  -- is the error a whole number of turns? --
  weld |du/circ - round| .. <0.05:22770 0.15:2245 0.25:1581 0.35:897 more:1007  (79.9% clean)
  welds off by >=1 wrap ... 4260 / 28500
  phase |turn - round| ..... <0.05:28500 0.15:0 0.25:0 0.35:0 more:0  (100.0% clean)
  nonzero phase targets .... 4187 / 28500
  trusted / untrusted ..... 0 / 0 (+0 over the wrap cap)
  wrap range .............. 0 .. 0

  -- gauge reconciliation --
  charts wind-corrected ... 0 / 21372
  gauge islands ........... 0 (tree 0, cycle 0)
  cycle consistent ........ 0
  cycle INCONSISTENT ...... 0  (holonomy; no gauge can fix these)

  -- overlap --
  cross-group ............. 926023 raw -> 926023 post-wind -> 926023 final
  intra-group ............. 24141976 raw -> 24141976 post-wind
  intra |dr|/pitch ........ ~0:265018 ~0.5:587906 ~1:889424 ~1.5:1401251 ~2:1884187 >2.5:19114190
    (~0..0.5 = folds no gauge fixes; ~1+ = wrong-wrap, re-gauge CAN fix)
  groups overlapping ...... 1272 -> 1272
  settled / shifted ....... 3565 / 0
  parked / stuck .......... 0 / 0
  time .................... 73.77s
===================

=== TABU RE-GAUGE ===
  depth span .............. +/-4 wraps, tenure 40
  field ladder ............ -0.988262972 x 2pi*r per wind (0 pairs; FIXED)
  ladder u origin ......... -23892.392313154996
  iterations .............. 0 (canonical best at 0)
  moves ................... 0 chart + 0 group + 0 nbhd + 0 graded (of 16 eligible groups)
  phase-flat regions ...... 178 measured only
  phase lateral targets ... 19429 trusted, 118 nonzero measured only
  energy (cell units) ..... 25339609.9 -> 25339609.9
  movable charts .......... 21372 / 21372
  charts moved ............ 0 / 21372
  welds torn .............. 1952 / 25906 usable (+2594 excluded)
  lateral pairs coupled ... 19461 (torn 0)
  happy-family bonds ...... 260 (torn 0)
  state archive ........... 1 kept, 1 SAT-verified
  exact winner ............ #0 at iter 0, score 25339609.9
  hash rebuilds ........... 0
  cross after (exact) ..... 926023 pairs
  intra after (exact) ..... 24141976 pairs
  intra |dr|/pitch after .. ~0:265018 ~0.5:587906 ~1:889424 ~1.5:1401251 ~2:1884187 >2.5:19114190
=====================
  exact workload .......... 25994001 queries; 25732785 AABB rejects; 174144 cache hits / 87072 misses (87072 entries); 40011735 SAT tests
[tiled_atlas] final RAW texture
[obj_bake_raw] in=D:\work\scrollfiesta_public\output\pherc0139_4x21x21_run\tiled_atlas_signed_v2\atlas\atlas_bake.obj raw=D:\work\vesuvius-c\PHerc0139-4x21x21-cubes\cubes_RAW out=D:\work\scrollfiesta_public\output\pherc0139_4x21x21_run\tiled_atlas_signed_v2\texture id=tiled
  parsed: 2476186 verts, 2476186 vt, 3861123 faces (1.6s)
  cube table: 6x22x23 cubes (chunk 128) over bbox
TIFFOpen: D:\work\vesuvius-c\PHerc0139-4x21x21-cubes\cubes_RAW/z04352_y01920_x01792.tif: Cannot open.
TIFFOpen: D:\work\vesuvius-c\PHerc0139-4x21x21-cubes\cubes_RAW/z04224_y02048_x01920.tif: Cannot open.
TIFFOpen: D:\work\vesuvius-c\PHerc0139-4x21x21-cubes\cubes_RAW/z04224_y02048_x02048.tif: Cannot open.
TIFFOpen: D:\work\vesuvius-c\PHerc0139-4x21x21-cubes\cubes_RAW/z04352_y01920_x01920.tif: Cannot open.
TIFFOpen: D:\work\vesuvius-c\PHerc0139-4x21x21-cubes\cubes_RAW/z04352_y01920_x02048.tif: Cannot open.
TIFFOpen: D:\work\vesuvius-c\PHerc0139-4x21x21-cubes\cubes_RAW/z04224_y02048_x02176.tif: Cannot open.
TIFFOpen: D:\work\vesuvius-c\PHerc0139-4x21x21-cubes\cubes_RAW/z04352_y01920_x02176.tif: Cannot open.
TIFFOpen: D:\work\vesuvius-c\PHerc0139-4x21x21-cubes\cubes_RAW/z04352_y01920_x02304.tif: Cannot open.
TIFFOpen: D:\work\vesuvius-c\PHerc0139-4x21x21-cubes\cubes_RAW/z04224_y02048_x02304.tif: Cannot open.
TIFFOpen: D:\work\vesuvius-c\PHerc0139-4x21x21-cubes\cubes_RAW/z04352_y01920_x02432.tif: Cannot open.
TIFFOpen: D:\work\vesuvius-c\PHerc0139-4x21x21-cubes\cubes_RAW/z04224_y02048_x02432.tif: Cannot open.
TIFFOpen: D:\work\vesuvius-c\PHerc0139-4x21x21-cubes\cubes_RAW/z04224_y02048_x02560.tif: Cannot open.
TIFFOpen: D:\work\vesuvius-c\PHerc0139-4x21x21-cubes\cubes_RAW/z04224_y02048_x02688.tif: Cannot open.
TIFFOpen: D:\work\vesuvius-c\PHerc0139-4x21x21-cubes\cubes_RAW/z04352_y01920_x02560.tif: Cannot open.
TIFFOpen: D:\work\vesuvius-c\PHerc0139-4x21x21-cubes\cubes_RAW/z04352_y01920_x02688.tif: Cannot open.
TIFFOpen: D:\work\vesuvius-c\PHerc0139-4x21x21-cubes\cubes_RAW/z04352_y01920_x02816.tif: Cannot open.
TIFFOpen: D:\work\vesuvius-c\PHerc0139-4x21x21-cubes\cubes_RAW/z04224_y02048_x02816.tif: Cannot open.
TIFFOpen: D:\work\vesuvius-c\PHerc0139-4x21x21-cubes\cubes_RAW/z04352_y01920_x02944.tif: Cannot open.
TIFFOpen: D:\work\vesuvius-c\PHerc0139-4x21x21-cubes\cubes_RAW/z04224_y02048_x03072.tif: Cannot open.
TIFFOpen: D:\work\vesuvius-c\PHerc0139-4x21x21-cubes\cubes_RAW/z04224_y02176_x03072.tif: Cannot open.
TIFFOpen: D:\work\vesuvius-c\PHerc0139-4x21x21-cubes\cubes_RAW/z04352_y01920_x03072.tif: Cannot open.
TIFFOpen: D:\work\vesuvius-c\PHerc0139-4x21x21-cubes\cubes_RAW/z04224_y02048_x03200.tif: Cannot open.
TIFFOpen: D:\work\vesuvius-c\PHerc0139-4x21x21-cubes\cubes_RAW/z04352_y01920_x03200.tif: Cannot open.
TIFFOpen: D:\work\vesuvius-c\PHerc0139-4x21x21-cubes\cubes_RAW/z04352_y01920_x03328.tif: Cannot open.
TIFFOpen: D:\work\vesuvius-c\PHerc0139-4x21x21-cubes\cubes_RAW/z04224_y02048_x03328.tif: Cannot open.
TIFFOpen: D:\work\vesuvius-c\PHerc0139-4x21x21-cubes\cubes_RAW/z04352_y01920_x03456.tif: Cannot open.
TIFFOpen: D:\work\vesuvius-c\PHerc0139-4x21x21-cubes\cubes_RAW/z04480_y01920_x03328.tif: Cannot open.
TIFFOpen: D:\work\vesuvius-c\PHerc0139-4x21x21-cubes\cubes_RAW/z04224_y02048_x03456.tif: Cannot open.
TIFFOpen: D:\work\vesuvius-c\PHerc0139-4x21x21-cubes\cubes_RAW/z04224_y02048_x03584.tif: Cannot open.
TIFFOpen: D:\work\vesuvius-c\PHerc0139-4x21x21-cubes\cubes_RAW/z04352_y01920_x03584.tif: Cannot open.
TIFFOpen: D:\work\vesuvius-c\PHerc0139-4x21x21-cubes\cubes_RAW/z04352_y01920_x03712.tif: Cannot open.
TIFFOpen: D:\work\vesuvius-c\PHerc0139-4x21x21-cubes\cubes_RAW/z04480_y01920_x03584.tif: Cannot open.
TIFFOpen: D:\work\vesuvius-c\PHerc0139-4x21x21-cubes\cubes_RAW/z04224_y02048_x03712.tif: Cannot open.
TIFFOpen: D:\work\vesuvius-c\PHerc0139-4x21x21-cubes\cubes_RAW/z04224_y02176_x03712.tif: Cannot open.
TIFFOpen: D:\work\vesuvius-c\PHerc0139-4x21x21-cubes\cubes_RAW/z04480_y01920_x03712.tif: Cannot open.
TIFFOpen: D:\work\vesuvius-c\PHerc0139-4x21x21-cubes\cubes_RAW/z04224_y02048_x03840.tif: Cannot open.
TIFFOpen: D:\work\vesuvius-c\PHerc0139-4x21x21-cubes\cubes_RAW/z04352_y01920_x03968.tif: Cannot open.
TIFFOpen: D:\work\vesuvius-c\PHerc0139-4x21x21-cubes\cubes_RAW/z04352_y01920_x03840.tif: Cannot open.
TIFFOpen: D:\work\vesuvius-c\PHerc0139-4x21x21-cubes\cubes_RAW/z04480_y01920_x03840.tif: Cannot open.
TIFFOpen: D:\work\vesuvius-c\PHerc0139-4x21x21-cubes\cubes_RAW/z04224_y02048_x03968.tif: Cannot open.
TIFFOpen: D:\work\vesuvius-c\PHerc0139-4x21x21-cubes\cubes_RAW/z04224_y01920_x03968.tif: Cannot open.
TIFFOpen: D:\work\vesuvius-c\PHerc0139-4x21x21-cubes\cubes_RAW/z04352_y01920_x04096.tif: Cannot open.
TIFFOpen: D:\work\vesuvius-c\PHerc0139-4x21x21-cubes\cubes_RAW/z04224_y02048_x04096.tif: Cannot open.
TIFFOpen: D:\work\vesuvius-c\PHerc0139-4x21x21-cubes\cubes_RAW/z04352_y02048_x04224.tif: Cannot open.
TIFFOpen: D:\work\vesuvius-c\PHerc0139-4x21x21-cubes\cubes_RAW/z04352_y02176_x04224.tif: Cannot open.
TIFFOpen: D:\work\vesuvius-c\PHerc0139-4x21x21-cubes\cubes_RAW/z04224_y01920_x04096.tif: Cannot open.
TIFFOpen: D:\work\vesuvius-c\PHerc0139-4x21x21-cubes\cubes_RAW/z04352_y01920_x04224.tif: Cannot open.
TIFFOpen: D:\work\vesuvius-c\PHerc0139-4x21x21-cubes\cubes_RAW/z04224_y02176_x01792.tif: Cannot open.
TIFFOpen: D:\work\vesuvius-c\PHerc0139-4x21x21-cubes\cubes_RAW/z04224_y02176_x01920.tif: Cannot open.
TIFFOpen: D:\work\vesuvius-c\PHerc0139-4x21x21-cubes\cubes_RAW/z04224_y02176_x02176.tif: Cannot open.
TIFFOpen: D:\work\vesuvius-c\PHerc0139-4x21x21-cubes\cubes_RAW/z04224_y02176_x02304.tif: Cannot open.
TIFFOpen: D:\work\vesuvius-c\PHerc0139-4x21x21-cubes\cubes_RAW/z04224_y02176_x02432.tif: Cannot open.
TIFFOpen: D:\work\vesuvius-c\PHerc0139-4x21x21-cubes\cubes_RAW/z04224_y02176_x02560.tif: Cannot open.
TIFFOpen: D:\work\vesuvius-c\PHerc0139-4x21x21-cubes\cubes_RAW/z04224_y02176_x02688.tif: Cannot open.
TIFFOpen: D:\work\vesuvius-c\PHerc0139-4x21x21-cubes\cubes_RAW/z04224_y02176_x02816.tif: Cannot open.
TIFFOpen: D:\work\vesuvius-c\PHerc0139-4x21x21-cubes\cubes_RAW/z04224_y02176_x02944.tif: Cannot open.
TIFFOpen: D:\work\vesuvius-c\PHerc0139-4x21x21-cubes\cubes_RAW/z04224_y02304_x03072.tif: Cannot open.
TIFFOpen: D:\work\vesuvius-c\PHerc0139-4x21x21-cubes\cubes_RAW/z04224_y02176_x03200.tif: Cannot open.
TIFFOpen: D:\work\vesuvius-c\PHerc0139-4x21x21-cubes\cubes_RAW/z04224_y02176_x03328.tif: Cannot open.
TIFFOpen: D:\work\vesuvius-c\PHerc0139-4x21x21-cubes\cubes_RAW/z04224_y02176_x03456.tif: Cannot open.
TIFFOpen: D:\work\vesuvius-c\PHerc0139-4x21x21-cubes\cubes_RAW/z04224_y02176_x03584.tif: Cannot open.
TIFFOpen: D:\work\vesuvius-c\PHerc0139-4x21x21-cubes\cubes_RAW/z04224_y02304_x03712.tif: Cannot open.
TIFFOpen: D:\work\vesuvius-c\PHerc0139-4x21x21-cubes\cubes_RAW/z04224_y02176_x03840.tif: Cannot open.
TIFFOpen: D:\work\vesuvius-c\PHerc0139-4x21x21-cubes\cubes_RAW/z04224_y02176_x03968.tif: Cannot open.
TIFFOpen: D:\work\vesuvius-c\PHerc0139-4x21x21-cubes\cubes_RAW/z04224_y02176_x04096.tif: Cannot open.
TIFFOpen: D:\work\vesuvius-c\PHerc0139-4x21x21-cubes\cubes_RAW/z04224_y02304_x01664.tif: Cannot open.
TIFFOpen: D:\work\vesuvius-c\PHerc0139-4x21x21-cubes\cubes_RAW/z04224_y02304_x01792.tif: Cannot open.
TIFFOpen: D:\work\vesuvius-c\PHerc0139-4x21x21-cubes\cubes_RAW/z04224_y02304_x01920.tif: Cannot open.
TIFFOpen: D:\work\vesuvius-c\PHerc0139-4x21x21-cubes\cubes_RAW/z04224_y02304_x02048.tif: Cannot open.
TIFFOpen: D:\work\vesuvius-c\PHerc0139-4x21x21-cubes\cubes_RAW/z04224_y02304_x02176.tif: Cannot open.
TIFFOpen: D:\work\vesuvius-c\PHerc0139-4x21x21-cubes\cubes_RAW/z04224_y02304_x02304.tif: Cannot open.
TIFFOpen: D:\work\vesuvius-c\PHerc0139-4x21x21-cubes\cubes_RAW/z04224_y02304_x02432.tif: Cannot open.
TIFFOpen: D:\work\vesuvius-c\PHerc0139-4x21x21-cubes\cubes_RAW/z04224_y02304_x02560.tif: Cannot open.
TIFFOpen: D:\work\vesuvius-c\PHerc0139-4x21x21-cubes\cubes_RAW/z04224_y02304_x02688.tif: Cannot open.
TIFFOpen: D:\work\vesuvius-c\PHerc0139-4x21x21-cubes\cubes_RAW/z04224_y02304_x02816.tif: Cannot open.
TIFFOpen: D:\work\vesuvius-c\PHerc0139-4x21x21-cubes\cubes_RAW/z04224_y02304_x02944.tif: Cannot open.
TIFFOpen: D:\work\vesuvius-c\PHerc0139-4x21x21-cubes\cubes_RAW/z04224_y02304_x03200.tif: Cannot open.
TIFFOpen: D:\work\vesuvius-c\PHerc0139-4x21x21-cubes\cubes_RAW/z04224_y02304_x03328.tif: Cannot open.
TIFFOpen: D:\work\vesuvius-c\PHerc0139-4x21x21-cubes\cubes_RAW/z04224_y02304_x03456.tif: Cannot open.
TIFFOpen: D:\work\vesuvius-c\PHerc0139-4x21x21-cubes\cubes_RAW/z04224_y02304_x03584.tif: Cannot open.
TIFFOpen: D:\work\vesuvius-c\PHerc0139-4x21x21-cubes\cubes_RAW/z04224_y02432_x03584.tif: Cannot open.
TIFFOpen: D:\work\vesuvius-c\PHerc0139-4x21x21-cubes\cubes_RAW/z04224_y02432_x03712.tif: Cannot open.
TIFFOpen: D:\work\vesuvius-c\PHerc0139-4x21x21-cubes\cubes_RAW/z04224_y02304_x03840.tif: Cannot open.
TIFFOpen: D:\work\vesuvius-c\PHerc0139-4x21x21-cubes\cubes_RAW/z04224_y02304_x03968.tif: Cannot open.
TIFFOpen: D:\work\vesuvius-c\PHerc0139-4x21x21-cubes\cubes_RAW/z04224_y02304_x04096.tif: Cannot open.
TIFFOpen: D:\work\vesuvius-c\PHerc0139-4x21x21-cubes\cubes_RAW/z04352_y02304_x04224.tif: Cannot open.
TIFFOpen: D:\work\vesuvius-c\PHerc0139-4x21x21-cubes\cubes_RAW/z04224_y02432_x01536.tif: Cannot open.
TIFFOpen: D:\work\vesuvius-c\PHerc0139-4x21x21-cubes\cubes_RAW/z04224_y02432_x01664.tif: Cannot open.
TIFFOpen: D:\work\vesuvius-c\PHerc0139-4x21x21-cubes\cubes_RAW/z04224_y02432_x01792.tif: Cannot open.
TIFFOpen: D:\work\vesuvius-c\PHerc0139-4x21x21-cubes\cubes_RAW/z04224_y02432_x01920.tif: Cannot open.
TIFFOpen: D:\work\vesuvius-c\PHerc0139-4x21x21-cubes\cubes_RAW/z04224_y02432_x02048.tif: Cannot open.
TIFFOpen: D:\work\vesuvius-c\PHerc0139-4x21x21-cubes\cubes_RAW/z04224_y02432_x02176.tif: Cannot open.
TIFFOpen: D:\work\vesuvius-c\PHerc0139-4x21x21-cubes\cubes_RAW/z04224_y02432_x02304.tif: Cannot open.
TIFFOpen: D:\work\vesuvius-c\PHerc0139-4x21x21-cubes\cubes_RAW/z04224_y02560_x02304.tif: Cannot open.
TIFFOpen: D:\work\vesuvius-c\PHerc0139-4x21x21-cubes\cubes_RAW/z04224_y02432_x02432.tif: Cannot open.
TIFFOpen: D:\work\vesuvius-c\PHerc0139-4x21x21-cubes\cubes_RAW/z04224_y02432_x02560.tif: Cannot open.
TIFFOpen: D:\work\vesuvius-c\PHerc0139-4x21x21-cubes\cubes_RAW/z04224_y02432_x02688.tif: Cannot open.
TIFFOpen: D:\work\vesuvius-c\PHerc0139-4x21x21-cubes\cubes_RAW/z04224_y02432_x02816.tif: Cannot open.
TIFFOpen: D:\work\vesuvius-c\PHerc0139-4x21x21-cubes\cubes_RAW/z04224_y02432_x02944.tif: Cannot open.
TIFFOpen: D:\work\vesuvius-c\PHerc0139-4x21x21-cubes\cubes_RAW/z04224_y02432_x03072.tif: Cannot open.
TIFFOpen: D:\work\vesuvius-c\PHerc0139-4x21x21-cubes\cubes_RAW/z04224_y02560_x03072.tif: Cannot open.
TIFFOpen: D:\work\vesuvius-c\PHerc0139-4x21x21-cubes\cubes_RAW/z04224_y02432_x03200.tif: Cannot open.
TIFFOpen: D:\work\vesuvius-c\PHerc0139-4x21x21-cubes\cubes_RAW/z04224_y02560_x03200.tif: Cannot open.
TIFFOpen: D:\work\vesuvius-c\PHerc0139-4x21x21-cubes\cubes_RAW/z04224_y02432_x03328.tif: Cannot open.
TIFFOpen: D:\work\vesuvius-c\PHerc0139-4x21x21-cubes\cubes_RAW/z04224_y02432_x03456.tif: Cannot open.
TIFFOpen: D:\work\vesuvius-c\PHerc0139-4x21x21-cubes\cubes_RAW/z04224_y02560_x03456.tif: Cannot open.
TIFFOpen: D:\work\vesuvius-c\PHerc0139-4x21x21-cubes\cubes_RAW/z04224_y02560_x03712.tif: Cannot open.
TIFFOpen: D:\work\vesuvius-c\PHerc0139-4x21x21-cubes\cubes_RAW/z04224_y02432_x03840.tif: Cannot open.
TIFFOpen: D:\work\vesuvius-c\PHerc0139-4x21x21-cubes\cubes_RAW/z04224_y02432_x03968.tif: Cannot open.
TIFFOpen: D:\work\vesuvius-c\PHerc0139-4x21x21-cubes\cubes_RAW/z04352_y02432_x04224.tif: Cannot open.
TIFFOpen: D:\work\vesuvius-c\PHerc0139-4x21x21-cubes\cubes_RAW/z04224_y02432_x04096.tif: Cannot open.
TIFFOpen: D:\work\vesuvius-c\PHerc0139-4x21x21-cubes\cubes_RAW/z04352_y02560_x04224.tif: Cannot open.
TIFFOpen: D:\work\vesuvius-c\PHerc0139-4x21x21-cubes\cubes_RAW/z04224_y02560_x01536.tif: Cannot open.
TIFFOpen: D:\work\vesuvius-c\PHerc0139-4x21x21-cubes\cubes_RAW/z04352_y02560_x01408.tif: Cannot open.
TIFFOpen: D:\work\vesuvius-c\PHerc0139-4x21x21-cubes\cubes_RAW/z04224_y02560_x01664.tif: Cannot open.
TIFFOpen: D:\work\vesuvius-c\PHerc0139-4x21x21-cubes\cubes_RAW/z04224_y02560_x01792.tif: Cannot open.
TIFFOpen: D:\work\vesuvius-c\PHerc0139-4x21x21-cubes\cubes_RAW/z04224_y02560_x01920.tif: Cannot open.
TIFFOpen: D:\work\vesuvius-c\PHerc0139-4x21x21-cubes\cubes_RAW/z04224_y02560_x02048.tif: Cannot open.
TIFFOpen: D:\work\vesuvius-c\PHerc0139-4x21x21-cubes\cubes_RAW/z04224_y02560_x02176.tif: Cannot open.
TIFFOpen: D:\work\vesuvius-c\PHerc0139-4x21x21-cubes\cubes_RAW/z04224_y02560_x02432.tif: Cannot open.
TIFFOpen: D:\work\vesuvius-c\PHerc0139-4x21x21-cubes\cubes_RAW/z04224_y02560_x02560.tif: Cannot open.
TIFFOpen: D:\work\vesuvius-c\PHerc0139-4x21x21-cubes\cubes_RAW/z04224_y02560_x02816.tif: Cannot open.
TIFFOpen: D:\work\vesuvius-c\PHerc0139-4x21x21-cubes\cubes_RAW/z04224_y02560_x02944.tif: Cannot open.
TIFFOpen: D:\work\vesuvius-c\PHerc0139-4x21x21-cubes\cubes_RAW/z04224_y02560_x03328.tif: Cannot open.
TIFFOpen: D:\work\vesuvius-c\PHerc0139-4x21x21-cubes\cubes_RAW/z04224_y02560_x03584.tif: Cannot open.
TIFFOpen: D:\work\vesuvius-c\PHerc0139-4x21x21-cubes\cubes_RAW/z04224_y02560_x03840.tif: Cannot open.
TIFFOpen: D:\work\vesuvius-c\PHerc0139-4x21x21-cubes\cubes_RAW/z04224_y02560_x03968.tif: Cannot open.
TIFFOpen: D:\work\vesuvius-c\PHerc0139-4x21x21-cubes\cubes_RAW/z04224_y02560_x04096.tif: Cannot open.
TIFFOpen: D:\work\vesuvius-c\PHerc0139-4x21x21-cubes\cubes_RAW/z04480_y02560_x04224.tif: Cannot open.
TIFFOpen: D:\work\vesuvius-c\PHerc0139-4x21x21-cubes\cubes_RAW/z04352_y02688_x01408.tif: Cannot open.
TIFFOpen: D:\work\vesuvius-c\PHerc0139-4x21x21-cubes\cubes_RAW/z04224_y02688_x01536.tif: Cannot open.
TIFFOpen: D:\work\vesuvius-c\PHerc0139-4x21x21-cubes\cubes_RAW/z04224_y02688_x01920.tif: Cannot open.
TIFFOpen: D:\work\vesuvius-c\PHerc0139-4x21x21-cubes\cubes_RAW/z04224_y02688_x02048.tif: Cannot open.
TIFFOpen: D:\work\vesuvius-c\PHerc0139-4x21x21-cubes\cubes_RAW/z04224_y02688_x02176.tif: Cannot open.
TIFFOpen: D:\work\vesuvius-c\PHerc0139-4x21x21-cubes\cubes_RAW/z04224_y02688_x02304.tif: Cannot open.
TIFFOpen: D:\work\vesuvius-c\PHerc0139-4x21x21-cubes\cubes_RAW/z04224_y02688_x02432.tif: Cannot open.
TIFFOpen: D:\work\vesuvius-c\PHerc0139-4x21x21-cubes\cubes_RAW/z04224_y02816_x02432.tif: Cannot open.
TIFFOpen: D:\work\vesuvius-c\PHerc0139-4x21x21-cubes\cubes_RAW/z04224_y02688_x02560.tif: Cannot open.
TIFFOpen: D:\work\vesuvius-c\PHerc0139-4x21x21-cubes\cubes_RAW/z04224_y02688_x02816.tif: Cannot open.
TIFFOpen: D:\work\vesuvius-c\PHerc0139-4x21x21-cubes\cubes_RAW/z04224_y02688_x02944.tif: Cannot open.
TIFFOpen: D:\work\vesuvius-c\PHerc0139-4x21x21-cubes\cubes_RAW/z04224_y02688_x03072.tif: Cannot open.
TIFFOpen: D:\work\vesuvius-c\PHerc0139-4x21x21-cubes\cubes_RAW/z04224_y02688_x03200.tif: Cannot open.
TIFFOpen: D:\work\vesuvius-c\PHerc0139-4x21x21-cubes\cubes_RAW/z04224_y02688_x03328.tif: Cannot open.
TIFFOpen: D:\work\vesuvius-c\PHerc0139-4x21x21-cubes\cubes_RAW/z04224_y02688_x03456.tif: Cannot open.
TIFFOpen: D:\work\vesuvius-c\PHerc0139-4x21x21-cubes\cubes_RAW/z04224_y02688_x03712.tif: Cannot open.
TIFFOpen: D:\work\vesuvius-c\PHerc0139-4x21x21-cubes\cubes_RAW/z04224_y02688_x03840.tif: Cannot open.
TIFFOpen: D:\work\vesuvius-c\PHerc0139-4x21x21-cubes\cubes_RAW/z04352_y02688_x04224.tif: Cannot open.
TIFFOpen: D:\work\vesuvius-c\PHerc0139-4x21x21-cubes\cubes_RAW/z04352_y02816_x04224.tif: Cannot open.
TIFFOpen: D:\work\vesuvius-c\PHerc0139-4x21x21-cubes\cubes_RAW/z04480_y02688_x04224.tif: Cannot open.
TIFFOpen: D:\work\vesuvius-c\PHerc0139-4x21x21-cubes\cubes_RAW/z04352_y02816_x01408.tif: Cannot open.
TIFFOpen: D:\work\vesuvius-c\PHerc0139-4x21x21-cubes\cubes_RAW/z04224_y02816_x01536.tif: Cannot open.
TIFFOpen: D:\work\vesuvius-c\PHerc0139-4x21x21-cubes\cubes_RAW/z04224_y02816_x01664.tif: Cannot open.
TIFFOpen: D:\work\vesuvius-c\PHerc0139-4x21x21-cubes\cubes_RAW/z04224_y02816_x01920.tif: Cannot open.
TIFFOpen: D:\work\vesuvius-c\PHerc0139-4x21x21-cubes\cubes_RAW/z04224_y02816_x02048.tif: Cannot open.
TIFFOpen: D:\work\vesuvius-c\PHerc0139-4x21x21-cubes\cubes_RAW/z04224_y02816_x02176.tif: Cannot open.
TIFFOpen: D:\work\vesuvius-c\PHerc0139-4x21x21-cubes\cubes_RAW/z04224_y02816_x02560.tif: Cannot open.
TIFFOpen: D:\work\vesuvius-c\PHerc0139-4x21x21-cubes\cubes_RAW/z04224_y02816_x02816.tif: Cannot open.
TIFFOpen: D:\work\vesuvius-c\PHerc0139-4x21x21-cubes\cubes_RAW/z04224_y02816_x02944.tif: Cannot open.
TIFFOpen: D:\work\vesuvius-c\PHerc0139-4x21x21-cubes\cubes_RAW/z04224_y02944_x02944.tif: Cannot open.
TIFFOpen: D:\work\vesuvius-c\PHerc0139-4x21x21-cubes\cubes_RAW/z04224_y02816_x03072.tif: Cannot open.
TIFFOpen: D:\work\vesuvius-c\PHerc0139-4x21x21-cubes\cubes_RAW/z04224_y02816_x03200.tif: Cannot open.
TIFFOpen: D:\work\vesuvius-c\PHerc0139-4x21x21-cubes\cubes_RAW/z04224_y02816_x03328.tif: Cannot open.
TIFFOpen: D:\work\vesuvius-c\PHerc0139-4x21x21-cubes\cubes_RAW/z04224_y02816_x03456.tif: Cannot open.
TIFFOpen: D:\work\vesuvius-c\PHerc0139-4x21x21-cubes\cubes_RAW/z04224_y02944_x03456.tif: Cannot open.
TIFFOpen: D:\work\vesuvius-c\PHerc0139-4x21x21-cubes\cubes_RAW/z04224_y02816_x03584.tif: Cannot open.
TIFFOpen: D:\work\vesuvius-c\PHerc0139-4x21x21-cubes\cubes_RAW/z04224_y02944_x03584.tif: Cannot open.
TIFFOpen: D:\work\vesuvius-c\PHerc0139-4x21x21-cubes\cubes_RAW/z04224_y02816_x03712.tif: Cannot open.
TIFFOpen: D:\work\vesuvius-c\PHerc0139-4x21x21-cubes\cubes_RAW/z04224_y02816_x03840.tif: Cannot open.
TIFFOpen: D:\work\vesuvius-c\PHerc0139-4x21x21-cubes\cubes_RAW/z04224_y02816_x04096.tif: Cannot open.
TIFFOpen: D:\work\vesuvius-c\PHerc0139-4x21x21-cubes\cubes_RAW/z04480_y02816_x04224.tif: Cannot open.
TIFFOpen: D:\work\vesuvius-c\PHerc0139-4x21x21-cubes\cubes_RAW/z04224_y02944_x01536.tif: Cannot open.
TIFFOpen: D:\work\vesuvius-c\PHerc0139-4x21x21-cubes\cubes_RAW/z04352_y02944_x01408.tif: Cannot open.
TIFFOpen: D:\work\vesuvius-c\PHerc0139-4x21x21-cubes\cubes_RAW/z04224_y02944_x01664.tif: Cannot open.
TIFFOpen: D:\work\vesuvius-c\PHerc0139-4x21x21-cubes\cubes_RAW/z04224_y02944_x01792.tif: Cannot open.
TIFFOpen: D:\work\vesuvius-c\PHerc0139-4x21x21-cubes\cubes_RAW/z04224_y02944_x01920.tif: Cannot open.
TIFFOpen: D:\work\vesuvius-c\PHerc0139-4x21x21-cubes\cubes_RAW/z04224_y02944_x02432.tif: Cannot open.
TIFFOpen: D:\work\vesuvius-c\PHerc0139-4x21x21-cubes\cubes_RAW/z04224_y02944_x02560.tif: Cannot open.
TIFFOpen: D:\work\vesuvius-c\PHerc0139-4x21x21-cubes\cubes_RAW/z04224_y02944_x02688.tif: Cannot open.
TIFFOpen: D:\work\vesuvius-c\PHerc0139-4x21x21-cubes\cubes_RAW/z04224_y02944_x02816.tif: Cannot open.
TIFFOpen: D:\work\vesuvius-c\PHerc0139-4x21x21-cubes\cubes_RAW/z04224_y02944_x03072.tif: Cannot open.
TIFFOpen: D:\work\vesuvius-c\PHerc0139-4x21x21-cubes\cubes_RAW/z04224_y02944_x03200.tif: Cannot open.
TIFFOpen: D:\work\vesuvius-c\PHerc0139-4x21x21-cubes\cubes_RAW/z04224_y02944_x03328.tif: Cannot open.
TIFFOpen: D:\work\vesuvius-c\PHerc0139-4x21x21-cubes\cubes_RAW/z04224_y03072_x03456.tif: Cannot open.
TIFFOpen: D:\work\vesuvius-c\PHerc0139-4x21x21-cubes\cubes_RAW/z04224_y02944_x03712.tif: Cannot open.
TIFFOpen: D:\work\vesuvius-c\PHerc0139-4x21x21-cubes\cubes_RAW/z04224_y02944_x03840.tif: Cannot open.
TIFFOpen: D:\work\vesuvius-c\PHerc0139-4x21x21-cubes\cubes_RAW/z04224_y02944_x03968.tif: Cannot open.
TIFFOpen: D:\work\vesuvius-c\PHerc0139-4x21x21-cubes\cubes_RAW/z04224_y02944_x04096.tif: Cannot open.
TIFFOpen: D:\work\vesuvius-c\PHerc0139-4x21x21-cubes\cubes_RAW/z04352_y02944_x04224.tif: Cannot open.
TIFFOpen: D:\work\vesuvius-c\PHerc0139-4x21x21-cubes\cubes_RAW/z04352_y03072_x04224.tif: Cannot open.
TIFFOpen: D:\work\vesuvius-c\PHerc0139-4x21x21-cubes\cubes_RAW/z04480_y02944_x04224.tif: Cannot open.
TIFFOpen: D:\work\vesuvius-c\PHerc0139-4x21x21-cubes\cubes_RAW/z04224_y03072_x01536.tif: Cannot open.
TIFFOpen: D:\work\vesuvius-c\PHerc0139-4x21x21-cubes\cubes_RAW/z04352_y03072_x01408.tif: Cannot open.
TIFFOpen: D:\work\vesuvius-c\PHerc0139-4x21x21-cubes\cubes_RAW/z04224_y03072_x01664.tif: Cannot open.
TIFFOpen: D:\work\vesuvius-c\PHerc0139-4x21x21-cubes\cubes_RAW/z04224_y03072_x01792.tif: Cannot open.
TIFFOpen: D:\work\vesuvius-c\PHerc0139-4x21x21-cubes\cubes_RAW/z04224_y03072_x02048.tif: Cannot open.
TIFFOpen: D:\work\vesuvius-c\PHerc0139-4x21x21-cubes\cubes_RAW/z04224_y03072_x02176.tif: Cannot open.
TIFFOpen: D:\work\vesuvius-c\PHerc0139-4x21x21-cubes\cubes_RAW/z04224_y03072_x02304.tif: Cannot open.
TIFFOpen: D:\work\vesuvius-c\PHerc0139-4x21x21-cubes\cubes_RAW/z04224_y03072_x02432.tif: Cannot open.
TIFFOpen: D:\work\vesuvius-c\PHerc0139-4x21x21-cubes\cubes_RAW/z04224_y03072_x02560.tif: Cannot open.
TIFFOpen: D:\work\vesuvius-c\PHerc0139-4x21x21-cubes\cubes_RAW/z04224_y03072_x02688.tif: Cannot open.
TIFFOpen: D:\work\vesuvius-c\PHerc0139-4x21x21-cubes\cubes_RAW/z04224_y03072_x02816.tif: Cannot open.
TIFFOpen: D:\work\vesuvius-c\PHerc0139-4x21x21-cubes\cubes_RAW/z04224_y03200_x02816.tif: Cannot open.
TIFFOpen: D:\work\vesuvius-c\PHerc0139-4x21x21-cubes\cubes_RAW/z04224_y03072_x02944.tif: Cannot open.
TIFFOpen: D:\work\vesuvius-c\PHerc0139-4x21x21-cubes\cubes_RAW/z04224_y03072_x03072.tif: Cannot open.
TIFFOpen: D:\work\vesuvius-c\PHerc0139-4x21x21-cubes\cubes_RAW/z04224_y03072_x03200.tif: Cannot open.
TIFFOpen: D:\work\vesuvius-c\PHerc0139-4x21x21-cubes\cubes_RAW/z04224_y03072_x03328.tif: Cannot open.
TIFFOpen: D:\work\vesuvius-c\PHerc0139-4x21x21-cubes\cubes_RAW/z04224_y03072_x03584.tif: Cannot open.
TIFFOpen: D:\work\vesuvius-c\PHerc0139-4x21x21-cubes\cubes_RAW/z04224_y03072_x03712.tif: Cannot open.
TIFFOpen: D:\work\vesuvius-c\PHerc0139-4x21x21-cubes\cubes_RAW/z04224_y03072_x03968.tif: Cannot open.
TIFFOpen: D:\work\vesuvius-c\PHerc0139-4x21x21-cubes\cubes_RAW/z04224_y03072_x04096.tif: Cannot open.
TIFFOpen: D:\work\vesuvius-c\PHerc0139-4x21x21-cubes\cubes_RAW/z04480_y03072_x04224.tif: Cannot open.
TIFFOpen: D:\work\vesuvius-c\PHerc0139-4x21x21-cubes\cubes_RAW/z04352_y03200_x01408.tif: Cannot open.
TIFFOpen: D:\work\vesuvius-c\PHerc0139-4x21x21-cubes\cubes_RAW/z04224_y03200_x01536.tif: Cannot open.
TIFFOpen: D:\work\vesuvius-c\PHerc0139-4x21x21-cubes\cubes_RAW/z04224_y03200_x01664.tif: Cannot open.
TIFFOpen: D:\work\vesuvius-c\PHerc0139-4x21x21-cubes\cubes_RAW/z04224_y03200_x01792.tif: Cannot open.
TIFFOpen: D:\work\vesuvius-c\PHerc0139-4x21x21-cubes\cubes_RAW/z04224_y03200_x02048.tif: Cannot open.
TIFFOpen: D:\work\vesuvius-c\PHerc0139-4x21x21-cubes\cubes_RAW/z04224_y03200_x02176.tif: Cannot open.
TIFFOpen: D:\work\vesuvius-c\PHerc0139-4x21x21-cubes\cubes_RAW/z04224_y03200_x02688.tif: Cannot open.
TIFFOpen: D:\work\vesuvius-c\PHerc0139-4x21x21-cubes\cubes_RAW/z04224_y03200_x02944.tif: Cannot open.
TIFFOpen: D:\work\vesuvius-c\PHerc0139-4x21x21-cubes\cubes_RAW/z04224_y03200_x03072.tif: Cannot open.
TIFFOpen: D:\work\vesuvius-c\PHerc0139-4x21x21-cubes\cubes_RAW/z04224_y03200_x03200.tif: Cannot open.
TIFFOpen: D:\work\vesuvius-c\PHerc0139-4x21x21-cubes\cubes_RAW/z04224_y03200_x03328.tif: Cannot open.
TIFFOpen: D:\work\vesuvius-c\PHerc0139-4x21x21-cubes\cubes_RAW/z04224_y03200_x03456.tif: Cannot open.
TIFFOpen: D:\work\vesuvius-c\PHerc0139-4x21x21-cubes\cubes_RAW/z04224_y03200_x03584.tif: Cannot open.
TIFFOpen: D:\work\vesuvius-c\PHerc0139-4x21x21-cubes\cubes_RAW/z04224_y03200_x03712.tif: Cannot open.
TIFFOpen: D:\work\vesuvius-c\PHerc0139-4x21x21-cubes\cubes_RAW/z04224_y03200_x03840.tif: Cannot open.
TIFFOpen: D:\work\vesuvius-c\PHerc0139-4x21x21-cubes\cubes_RAW/z04224_y03200_x03968.tif: Cannot open.
TIFFOpen: D:\work\vesuvius-c\PHerc0139-4x21x21-cubes\cubes_RAW/z04224_y03200_x04096.tif: Cannot open.
TIFFOpen: D:\work\vesuvius-c\PHerc0139-4x21x21-cubes\cubes_RAW/z04352_y03200_x04224.tif: Cannot open.
TIFFOpen: D:\work\vesuvius-c\PHerc0139-4x21x21-cubes\cubes_RAW/z04480_y03200_x04224.tif: Cannot open.
TIFFOpen: D:\work\vesuvius-c\PHerc0139-4x21x21-cubes\cubes_RAW/z04352_y03328_x04224.tif: Cannot open.
TIFFOpen: D:\work\vesuvius-c\PHerc0139-4x21x21-cubes\cubes_RAW/z04224_y03328_x01536.tif: Cannot open.
TIFFOpen: D:\work\vesuvius-c\PHerc0139-4x21x21-cubes\cubes_RAW/z04224_y03328_x01664.tif: Cannot open.
TIFFOpen: D:\work\vesuvius-c\PHerc0139-4x21x21-cubes\cubes_RAW/z04352_y03328_x01408.tif: Cannot open.
TIFFOpen: D:\work\vesuvius-c\PHerc0139-4x21x21-cubes\cubes_RAW/z04224_y03328_x01792.tif: Cannot open.
TIFFOpen: D:\work\vesuvius-c\PHerc0139-4x21x21-cubes\cubes_RAW/z04224_y03456_x01664.tif: Cannot open.
TIFFOpen: D:\work\vesuvius-c\PHerc0139-4x21x21-cubes\cubes_RAW/z04224_y03328_x01920.tif: Cannot open.
TIFFOpen: D:\work\vesuvius-c\PHerc0139-4x21x21-cubes\cubes_RAW/z04224_y03328_x02048.tif: Cannot open.
TIFFOpen: D:\work\vesuvius-c\PHerc0139-4x21x21-cubes\cubes_RAW/z04224_y03328_x02304.tif: Cannot open.
TIFFOpen: D:\work\vesuvius-c\PHerc0139-4x21x21-cubes\cubes_RAW/z04224_y03328_x02560.tif: Cannot open.
TIFFOpen: D:\work\vesuvius-c\PHerc0139-4x21x21-cubes\cubes_RAW/z04224_y03328_x02688.tif: Cannot open.
TIFFOpen: D:\work\vesuvius-c\PHerc0139-4x21x21-cubes\cubes_RAW/z04224_y03328_x02816.tif: Cannot open.
TIFFOpen: D:\work\vesuvius-c\PHerc0139-4x21x21-cubes\cubes_RAW/z04224_y03456_x02816.tif: Cannot open.
TIFFOpen: D:\work\vesuvius-c\PHerc0139-4x21x21-cubes\cubes_RAW/z04224_y03328_x02944.tif: Cannot open.
TIFFOpen: D:\work\vesuvius-c\PHerc0139-4x21x21-cubes\cubes_RAW/z04224_y03456_x02944.tif: Cannot open.
TIFFOpen: D:\work\vesuvius-c\PHerc0139-4x21x21-cubes\cubes_RAW/z04224_y03328_x03072.tif: Cannot open.
TIFFOpen: D:\work\vesuvius-c\PHerc0139-4x21x21-cubes\cubes_RAW/z04224_y03328_x03200.tif: Cannot open.
TIFFOpen: D:\work\vesuvius-c\PHerc0139-4x21x21-cubes\cubes_RAW/z04224_y03328_x03456.tif: Cannot open.
TIFFOpen: D:\work\vesuvius-c\PHerc0139-4x21x21-cubes\cubes_RAW/z04224_y03328_x03584.tif: Cannot open.
TIFFOpen: D:\work\vesuvius-c\PHerc0139-4x21x21-cubes\cubes_RAW/z04224_y03328_x03712.tif: Cannot open.
TIFFOpen: D:\work\vesuvius-c\PHerc0139-4x21x21-cubes\cubes_RAW/z04224_y03328_x03840.tif: Cannot open.
TIFFOpen: D:\work\vesuvius-c\PHerc0139-4x21x21-cubes\cubes_RAW/z04224_y03328_x03968.tif: Cannot open.
TIFFOpen: D:\work\vesuvius-c\PHerc0139-4x21x21-cubes\cubes_RAW/z04224_y03328_x04096.tif: Cannot open.
TIFFOpen: D:\work\vesuvius-c\PHerc0139-4x21x21-cubes\cubes_RAW/z04480_y03328_x04224.tif: Cannot open.
TIFFOpen: D:\work\vesuvius-c\PHerc0139-4x21x21-cubes\cubes_RAW/z04352_y03456_x04224.tif: Cannot open.
TIFFOpen: D:\work\vesuvius-c\PHerc0139-4x21x21-cubes\cubes_RAW/z04352_y03456_x01408.tif: Cannot open.
TIFFOpen: D:\work\vesuvius-c\PHerc0139-4x21x21-cubes\cubes_RAW/z04224_y03456_x01536.tif: Cannot open.
TIFFOpen: D:\work\vesuvius-c\PHerc0139-4x21x21-cubes\cubes_RAW/z04480_y03456_x01408.tif: Cannot open.
TIFFOpen: D:\work\vesuvius-c\PHerc0139-4x21x21-cubes\cubes_RAW/z04224_y03456_x01792.tif: Cannot open.
TIFFOpen: D:\work\vesuvius-c\PHerc0139-4x21x21-cubes\cubes_RAW/z04224_y03456_x02048.tif: Cannot open.
TIFFOpen: D:\work\vesuvius-c\PHerc0139-4x21x21-cubes\cubes_RAW/z04224_y03456_x02304.tif: Cannot open.
TIFFOpen: D:\work\vesuvius-c\PHerc0139-4x21x21-cubes\cubes_RAW/z04224_y03456_x02432.tif: Cannot open.
TIFFOpen: D:\work\vesuvius-c\PHerc0139-4x21x21-cubes\cubes_RAW/z04224_y03456_x02560.tif: Cannot open.
TIFFOpen: D:\work\vesuvius-c\PHerc0139-4x21x21-cubes\cubes_RAW/z04224_y03456_x02688.tif: Cannot open.
TIFFOpen: D:\work\vesuvius-c\PHerc0139-4x21x21-cubes\cubes_RAW/z04224_y03584_x02944.tif: Cannot open.
TIFFOpen: D:\work\vesuvius-c\PHerc0139-4x21x21-cubes\cubes_RAW/z04224_y03456_x03072.tif: Cannot open.
TIFFOpen: D:\work\vesuvius-c\PHerc0139-4x21x21-cubes\cubes_RAW/z04224_y03584_x03072.tif: Cannot open.
TIFFOpen: D:\work\vesuvius-c\PHerc0139-4x21x21-cubes\cubes_RAW/z04224_y03456_x03200.tif: Cannot open.
TIFFOpen: D:\work\vesuvius-c\PHerc0139-4x21x21-cubes\cubes_RAW/z04224_y03456_x03328.tif: Cannot open.
TIFFOpen: D:\work\vesuvius-c\PHerc0139-4x21x21-cubes\cubes_RAW/z04224_y03456_x03456.tif: Cannot open.
TIFFOpen: D:\work\vesuvius-c\PHerc0139-4x21x21-cubes\cubes_RAW/z04224_y03584_x03328.tif: Cannot open.
TIFFOpen: D:\work\vesuvius-c\PHerc0139-4x21x21-cubes\cubes_RAW/z04224_y03456_x03584.tif: Cannot open.
TIFFOpen: D:\work\vesuvius-c\PHerc0139-4x21x21-cubes\cubes_RAW/z04224_y03456_x03712.tif: Cannot open.
TIFFOpen: D:\work\vesuvius-c\PHerc0139-4x21x21-cubes\cubes_RAW/z04224_y03456_x03840.tif: Cannot open.
TIFFOpen: D:\work\vesuvius-c\PHerc0139-4x21x21-cubes\cubes_RAW/z04224_y03584_x03840.tif: Cannot open.
TIFFOpen: D:\work\vesuvius-c\PHerc0139-4x21x21-cubes\cubes_RAW/z04224_y03456_x03968.tif: Cannot open.
TIFFOpen: D:\work\vesuvius-c\PHerc0139-4x21x21-cubes\cubes_RAW/z04224_y03456_x04096.tif: Cannot open.
TIFFOpen: D:\work\vesuvius-c\PHerc0139-4x21x21-cubes\cubes_RAW/z04224_y03584_x03968.tif: Cannot open.
TIFFOpen: D:\work\vesuvius-c\PHerc0139-4x21x21-cubes\cubes_RAW/z04480_y03456_x04224.tif: Cannot open.
TIFFOpen: D:\work\vesuvius-c\PHerc0139-4x21x21-cubes\cubes_RAW/z04224_y03584_x01536.tif: Cannot open.
TIFFOpen: D:\work\vesuvius-c\PHerc0139-4x21x21-cubes\cubes_RAW/z04352_y03584_x01408.tif: Cannot open.
TIFFOpen: D:\work\vesuvius-c\PHerc0139-4x21x21-cubes\cubes_RAW/z04352_y03712_x01408.tif: Cannot open.
TIFFOpen: D:\work\vesuvius-c\PHerc0139-4x21x21-cubes\cubes_RAW/z04224_y03584_x01664.tif: Cannot open.
TIFFOpen: D:\work\vesuvius-c\PHerc0139-4x21x21-cubes\cubes_RAW/z04224_y03584_x01792.tif: Cannot open.
TIFFOpen: D:\work\vesuvius-c\PHerc0139-4x21x21-cubes\cubes_RAW/z04224_y03584_x01920.tif: Cannot open.
TIFFOpen: D:\work\vesuvius-c\PHerc0139-4x21x21-cubes\cubes_RAW/z04224_y03584_x02176.tif: Cannot open.
TIFFOpen: D:\work\vesuvius-c\PHerc0139-4x21x21-cubes\cubes_RAW/z04224_y03584_x02304.tif: Cannot open.
TIFFOpen: D:\work\vesuvius-c\PHerc0139-4x21x21-cubes\cubes_RAW/z04224_y03584_x02560.tif: Cannot open.
TIFFOpen: D:\work\vesuvius-c\PHerc0139-4x21x21-cubes\cubes_RAW/z04224_y03584_x02688.tif: Cannot open.
TIFFOpen: D:\work\vesuvius-c\PHerc0139-4x21x21-cubes\cubes_RAW/z04224_y03584_x02816.tif: Cannot open.
TIFFOpen: D:\work\vesuvius-c\PHerc0139-4x21x21-cubes\cubes_RAW/z04224_y03584_x03200.tif: Cannot open.
TIFFOpen: D:\work\vesuvius-c\PHerc0139-4x21x21-cubes\cubes_RAW/z04224_y03712_x03328.tif: Cannot open.
TIFFOpen: D:\work\vesuvius-c\PHerc0139-4x21x21-cubes\cubes_RAW/z04224_y03584_x03456.tif: Cannot open.
TIFFOpen: D:\work\vesuvius-c\PHerc0139-4x21x21-cubes\cubes_RAW/z04224_y03584_x03584.tif: Cannot open.
TIFFOpen: D:\work\vesuvius-c\PHerc0139-4x21x21-cubes\cubes_RAW/z04224_y03584_x03712.tif: Cannot open.
TIFFOpen: D:\work\vesuvius-c\PHerc0139-4x21x21-cubes\cubes_RAW/z04224_y03712_x03840.tif: Cannot open.
TIFFOpen: D:\work\vesuvius-c\PHerc0139-4x21x21-cubes\cubes_RAW/z04224_y03584_x04096.tif: Cannot open.
TIFFOpen: D:\work\vesuvius-c\PHerc0139-4x21x21-cubes\cubes_RAW/z04224_y03712_x01536.tif: Cannot open.
TIFFOpen: D:\work\vesuvius-c\PHerc0139-4x21x21-cubes\cubes_RAW/z04352_y03840_x01408.tif: Cannot open.
TIFFOpen: D:\work\vesuvius-c\PHerc0139-4x21x21-cubes\cubes_RAW/z04480_y03712_x01408.tif: Cannot open.
TIFFOpen: D:\work\vesuvius-c\PHerc0139-4x21x21-cubes\cubes_RAW/z04224_y03712_x01664.tif: Cannot open.
TIFFOpen: D:\work\vesuvius-c\PHerc0139-4x21x21-cubes\cubes_RAW/z04224_y03712_x01792.tif: Cannot open.
TIFFOpen: D:\work\vesuvius-c\PHerc0139-4x21x21-cubes\cubes_RAW/z04224_y03712_x01920.tif: Cannot open.
TIFFOpen: D:\work\vesuvius-c\PHerc0139-4x21x21-cubes\cubes_RAW/z04224_y03712_x02048.tif: Cannot open.
TIFFOpen: D:\work\vesuvius-c\PHerc0139-4x21x21-cubes\cubes_RAW/z04224_y03712_x02176.tif: Cannot open.
TIFFOpen: D:\work\vesuvius-c\PHerc0139-4x21x21-cubes\cubes_RAW/z04224_y03712_x02304.tif: Cannot open.
TIFFOpen: D:\work\vesuvius-c\PHerc0139-4x21x21-cubes\cubes_RAW/z04224_y03840_x02304.tif: Cannot open.
TIFFOpen: D:\work\vesuvius-c\PHerc0139-4x21x21-cubes\cubes_RAW/z04224_y03712_x02432.tif: Cannot open.
TIFFOpen: D:\work\vesuvius-c\PHerc0139-4x21x21-cubes\cubes_RAW/z04224_y03840_x02432.tif: Cannot open.
TIFFOpen: D:\work\vesuvius-c\PHerc0139-4x21x21-cubes\cubes_RAW/z04224_y03712_x02560.tif: Cannot open.
TIFFOpen: D:\work\vesuvius-c\PHerc0139-4x21x21-cubes\cubes_RAW/z04224_y03712_x02688.tif: Cannot open.
TIFFOpen: D:\work\vesuvius-c\PHerc0139-4x21x21-cubes\cubes_RAW/z04224_y03840_x02688.tif: Cannot open.
TIFFOpen: D:\work\vesuvius-c\PHerc0139-4x21x21-cubes\cubes_RAW/z04224_y03712_x02816.tif: Cannot open.
TIFFOpen: D:\work\vesuvius-c\PHerc0139-4x21x21-cubes\cubes_RAW/z04224_y03840_x02816.tif: Cannot open.
TIFFOpen: D:\work\vesuvius-c\PHerc0139-4x21x21-cubes\cubes_RAW/z04224_y03712_x02944.tif: Cannot open.
TIFFOpen: D:\work\vesuvius-c\PHerc0139-4x21x21-cubes\cubes_RAW/z04224_y03712_x03072.tif: Cannot open.
TIFFOpen: D:\work\vesuvius-c\PHerc0139-4x21x21-cubes\cubes_RAW/z04224_y03712_x03200.tif: Cannot open.
TIFFOpen: D:\work\vesuvius-c\PHerc0139-4x21x21-cubes\cubes_RAW/z04224_y03712_x03456.tif: Cannot open.
TIFFOpen: D:\work\vesuvius-c\PHerc0139-4x21x21-cubes\cubes_RAW/z04224_y03840_x03456.tif: Cannot open.
TIFFOpen: D:\work\vesuvius-c\PHerc0139-4x21x21-cubes\cubes_RAW/z04224_y03712_x03584.tif: Cannot open.
TIFFOpen: D:\work\vesuvius-c\PHerc0139-4x21x21-cubes\cubes_RAW/z04224_y03840_x03584.tif: Cannot open.
TIFFOpen: D:\work\vesuvius-c\PHerc0139-4x21x21-cubes\cubes_RAW/z04224_y03712_x03712.tif: Cannot open.
TIFFOpen: D:\work\vesuvius-c\PHerc0139-4x21x21-cubes\cubes_RAW/z04224_y03712_x03968.tif: Cannot open.
TIFFOpen: D:\work\vesuvius-c\PHerc0139-4x21x21-cubes\cubes_RAW/z04224_y03712_x04096.tif: Cannot open.
TIFFOpen: D:\work\vesuvius-c\PHerc0139-4x21x21-cubes\cubes_RAW/z04352_y03712_x04224.tif: Cannot open.
TIFFOpen: D:\work\vesuvius-c\PHerc0139-4x21x21-cubes\cubes_RAW/z04352_y03840_x04224.tif: Cannot open.
TIFFOpen: D:\work\vesuvius-c\PHerc0139-4x21x21-cubes\cubes_RAW/z04224_y03840_x01536.tif: Cannot open.
TIFFOpen: D:\work\vesuvius-c\PHerc0139-4x21x21-cubes\cubes_RAW/z04480_y03840_x01408.tif: Cannot open.
TIFFOpen: D:\work\vesuvius-c\PHerc0139-4x21x21-cubes\cubes_RAW/z04352_y03968_x01408.tif: Cannot open.
TIFFOpen: D:\work\vesuvius-c\PHerc0139-4x21x21-cubes\cubes_RAW/z04224_y03840_x01664.tif: Cannot open.
TIFFOpen: D:\work\vesuvius-c\PHerc0139-4x21x21-cubes\cubes_RAW/z04224_y03840_x01792.tif: Cannot open.
TIFFOpen: D:\work\vesuvius-c\PHerc0139-4x21x21-cubes\cubes_RAW/z04224_y03840_x01920.tif: Cannot open.
TIFFOpen: D:\work\vesuvius-c\PHerc0139-4x21x21-cubes\cubes_RAW/z04224_y03840_x02048.tif: Cannot open.
TIFFOpen: D:\work\vesuvius-c\PHerc0139-4x21x21-cubes\cubes_RAW/z04224_y03840_x02176.tif: Cannot open.
TIFFOpen: D:\work\vesuvius-c\PHerc0139-4x21x21-cubes\cubes_RAW/z04224_y03840_x02560.tif: Cannot open.
TIFFOpen: D:\work\vesuvius-c\PHerc0139-4x21x21-cubes\cubes_RAW/z04224_y03840_x02944.tif: Cannot open.
TIFFOpen: D:\work\vesuvius-c\PHerc0139-4x21x21-cubes\cubes_RAW/z04224_y03968_x02944.tif: Cannot open.
TIFFOpen: D:\work\vesuvius-c\PHerc0139-4x21x21-cubes\cubes_RAW/z04224_y03840_x03072.tif: Cannot open.
TIFFOpen: D:\work\vesuvius-c\PHerc0139-4x21x21-cubes\cubes_RAW/z04224_y03968_x03072.tif: Cannot open.
TIFFOpen: D:\work\vesuvius-c\PHerc0139-4x21x21-cubes\cubes_RAW/z04224_y03840_x03200.tif: Cannot open.
TIFFOpen: D:\work\vesuvius-c\PHerc0139-4x21x21-cubes\cubes_RAW/z04224_y03840_x03328.tif: Cannot open.
TIFFOpen: D:\work\vesuvius-c\PHerc0139-4x21x21-cubes\cubes_RAW/z04224_y03840_x03712.tif: Cannot open.
TIFFOpen: D:\work\vesuvius-c\PHerc0139-4x21x21-cubes\cubes_RAW/z04224_y03840_x03840.tif: Cannot open.
TIFFOpen: D:\work\vesuvius-c\PHerc0139-4x21x21-cubes\cubes_RAW/z04224_y03840_x03968.tif: Cannot open.
TIFFOpen: D:\work\vesuvius-c\PHerc0139-4x21x21-cubes\cubes_RAW/z04224_y03968_x03840.tif: Cannot open.
TIFFOpen: D:\work\vesuvius-c\PHerc0139-4x21x21-cubes\cubes_RAW/z04224_y03840_x04096.tif: Cannot open.
TIFFOpen: D:\work\vesuvius-c\PHerc0139-4x21x21-cubes\cubes_RAW/z04480_y03840_x04224.tif: Cannot open.
TIFFOpen: D:\work\vesuvius-c\PHerc0139-4x21x21-cubes\cubes_RAW/z04224_y03968_x01536.tif: Cannot open.
TIFFOpen: D:\work\vesuvius-c\PHerc0139-4x21x21-cubes\cubes_RAW/z04352_y04096_x01408.tif: Cannot open.
TIFFOpen: D:\work\vesuvius-c\PHerc0139-4x21x21-cubes\cubes_RAW/z04224_y03968_x01664.tif: Cannot open.
TIFFOpen: D:\work\vesuvius-c\PHerc0139-4x21x21-cubes\cubes_RAW/z04224_y03968_x01792.tif: Cannot open.
TIFFOpen: D:\work\vesuvius-c\PHerc0139-4x21x21-cubes\cubes_RAW/z04224_y03968_x01920.tif: Cannot open.
TIFFOpen: D:\work\vesuvius-c\PHerc0139-4x21x21-cubes\cubes_RAW/z04224_y04096_x01920.tif: Cannot open.
TIFFOpen: D:\work\vesuvius-c\PHerc0139-4x21x21-cubes\cubes_RAW/z04224_y03968_x02048.tif: Cannot open.
TIFFOpen: D:\work\vesuvius-c\PHerc0139-4x21x21-cubes\cubes_RAW/z04224_y03968_x02176.tif: Cannot open.
TIFFOpen: D:\work\vesuvius-c\PHerc0139-4x21x21-cubes\cubes_RAW/z04224_y04096_x02176.tif: Cannot open.
TIFFOpen: D:\work\vesuvius-c\PHerc0139-4x21x21-cubes\cubes_RAW/z04224_y03968_x02304.tif: Cannot open.
TIFFOpen: D:\work\vesuvius-c\PHerc0139-4x21x21-cubes\cubes_RAW/z04224_y03968_x02432.tif: Cannot open.
TIFFOpen: D:\work\vesuvius-c\PHerc0139-4x21x21-cubes\cubes_RAW/z04224_y03968_x02560.tif: Cannot open.
TIFFOpen: D:\work\vesuvius-c\PHerc0139-4x21x21-cubes\cubes_RAW/z04224_y03968_x02688.tif: Cannot open.
TIFFOpen: D:\work\vesuvius-c\PHerc0139-4x21x21-cubes\cubes_RAW/z04224_y04096_x02688.tif: Cannot open.
TIFFOpen: D:\work\vesuvius-c\PHerc0139-4x21x21-cubes\cubes_RAW/z04224_y03968_x02816.tif: Cannot open.
TIFFOpen: D:\work\vesuvius-c\PHerc0139-4x21x21-cubes\cubes_RAW/z04224_y04096_x02944.tif: Cannot open.
TIFFOpen: D:\work\vesuvius-c\PHerc0139-4x21x21-cubes\cubes_RAW/z04224_y04096_x03072.tif: Cannot open.
TIFFOpen: D:\work\vesuvius-c\PHerc0139-4x21x21-cubes\cubes_RAW/z04224_y03968_x03200.tif: Cannot open.
TIFFOpen: D:\work\vesuvius-c\PHerc0139-4x21x21-cubes\cubes_RAW/z04224_y03968_x03328.tif: Cannot open.
TIFFOpen: D:\work\vesuvius-c\PHerc0139-4x21x21-cubes\cubes_RAW/z04224_y03968_x03456.tif: Cannot open.
TIFFOpen: D:\work\vesuvius-c\PHerc0139-4x21x21-cubes\cubes_RAW/z04224_y03968_x03584.tif: Cannot open.
TIFFOpen: D:\work\vesuvius-c\PHerc0139-4x21x21-cubes\cubes_RAW/z04224_y03968_x03712.tif: Cannot open.
TIFFOpen: D:\work\vesuvius-c\PHerc0139-4x21x21-cubes\cubes_RAW/z04224_y03968_x03968.tif: Cannot open.
TIFFOpen: D:\work\vesuvius-c\PHerc0139-4x21x21-cubes\cubes_RAW/z04224_y04096_x03968.tif: Cannot open.
TIFFOpen: D:\work\vesuvius-c\PHerc0139-4x21x21-cubes\cubes_RAW/z04224_y03968_x04096.tif: Cannot open.
TIFFOpen: D:\work\vesuvius-c\PHerc0139-4x21x21-cubes\cubes_RAW/z04352_y03968_x04224.tif: Cannot open.
TIFFOpen: D:\work\vesuvius-c\PHerc0139-4x21x21-cubes\cubes_RAW/z04480_y03968_x04224.tif: Cannot open.
TIFFOpen: D:\work\vesuvius-c\PHerc0139-4x21x21-cubes\cubes_RAW/z04224_y04096_x01536.tif: Cannot open.
TIFFOpen: D:\work\vesuvius-c\PHerc0139-4x21x21-cubes\cubes_RAW/z04352_y04224_x01408.tif: Cannot open.
TIFFOpen: D:\work\vesuvius-c\PHerc0139-4x21x21-cubes\cubes_RAW/z04480_y04096_x01408.tif: Cannot open.
TIFFOpen: D:\work\vesuvius-c\PHerc0139-4x21x21-cubes\cubes_RAW/z04224_y04096_x01664.tif: Cannot open.
TIFFOpen: D:\work\vesuvius-c\PHerc0139-4x21x21-cubes\cubes_RAW/z04224_y04096_x01792.tif: Cannot open.
TIFFOpen: D:\work\vesuvius-c\PHerc0139-4x21x21-cubes\cubes_RAW/z04224_y04224_x01792.tif: Cannot open.
TIFFOpen: D:\work\vesuvius-c\PHerc0139-4x21x21-cubes\cubes_RAW/z04224_y04096_x02048.tif: Cannot open.
TIFFOpen: D:\work\vesuvius-c\PHerc0139-4x21x21-cubes\cubes_RAW/z04224_y04096_x02304.tif: Cannot open.
TIFFOpen: D:\work\vesuvius-c\PHerc0139-4x21x21-cubes\cubes_RAW/z04224_y04096_x02432.tif: Cannot open.
TIFFOpen: D:\work\vesuvius-c\PHerc0139-4x21x21-cubes\cubes_RAW/z04224_y04224_x02432.tif: Cannot open.
TIFFOpen: D:\work\vesuvius-c\PHerc0139-4x21x21-cubes\cubes_RAW/z04224_y04096_x02560.tif: Cannot open.
TIFFOpen: D:\work\vesuvius-c\PHerc0139-4x21x21-cubes\cubes_RAW/z04224_y04096_x02816.tif: Cannot open.
TIFFOpen: D:\work\vesuvius-c\PHerc0139-4x21x21-cubes\cubes_RAW/z04224_y04096_x03200.tif: Cannot open.
TIFFOpen: D:\work\vesuvius-c\PHerc0139-4x21x21-cubes\cubes_RAW/z04224_y04096_x03328.tif: Cannot open.
TIFFOpen: D:\work\vesuvius-c\PHerc0139-4x21x21-cubes\cubes_RAW/z04224_y04096_x03456.tif: Cannot open.
TIFFOpen: D:\work\vesuvius-c\PHerc0139-4x21x21-cubes\cubes_RAW/z04224_y04096_x03584.tif: Cannot open.
TIFFOpen: D:\work\vesuvius-c\PHerc0139-4x21x21-cubes\cubes_RAW/z04224_y04096_x03840.tif: Cannot open.
TIFFOpen: D:\work\vesuvius-c\PHerc0139-4x21x21-cubes\cubes_RAW/z04224_y04096_x04096.tif: Cannot open.
TIFFOpen: D:\work\vesuvius-c\PHerc0139-4x21x21-cubes\cubes_RAW/z04352_y04096_x04224.tif: Cannot open.
TIFFOpen: D:\work\vesuvius-c\PHerc0139-4x21x21-cubes\cubes_RAW/z04352_y04224_x04224.tif: Cannot open.
TIFFOpen: D:\work\vesuvius-c\PHerc0139-4x21x21-cubes\cubes_RAW/z04224_y04224_x01536.tif: Cannot open.
TIFFOpen: D:\work\vesuvius-c\PHerc0139-4x21x21-cubes\cubes_RAW/z04352_y04352_x01408.tif: Cannot open.
TIFFOpen: D:\work\vesuvius-c\PHerc0139-4x21x21-cubes\cubes_RAW/z04224_y04224_x01664.tif: Cannot open.
TIFFOpen: D:\work\vesuvius-c\PHerc0139-4x21x21-cubes\cubes_RAW/z04224_y04224_x01920.tif: Cannot open.
TIFFOpen: D:\work\vesuvius-c\PHerc0139-4x21x21-cubes\cubes_RAW/z04224_y04352_x01920.tif: Cannot open.
TIFFOpen: D:\work\vesuvius-c\PHerc0139-4x21x21-cubes\cubes_RAW/z04224_y04224_x02048.tif: Cannot open.
TIFFOpen: D:\work\vesuvius-c\PHerc0139-4x21x21-cubes\cubes_RAW/z04224_y04224_x02176.tif: Cannot open.
TIFFOpen: D:\work\vesuvius-c\PHerc0139-4x21x21-cubes\cubes_RAW/z04224_y04352_x02176.tif: Cannot open.
TIFFOpen: D:\work\vesuvius-c\PHerc0139-4x21x21-cubes\cubes_RAW/z04224_y04224_x02304.tif: Cannot open.
TIFFOpen: D:\work\vesuvius-c\PHerc0139-4x21x21-cubes\cubes_RAW/z04224_y04352_x02304.tif: Cannot open.
TIFFOpen: D:\work\vesuvius-c\PHerc0139-4x21x21-cubes\cubes_RAW/z04224_y04224_x02560.tif: Cannot open.
TIFFOpen: D:\work\vesuvius-c\PHerc0139-4x21x21-cubes\cubes_RAW/z04224_y04224_x02688.tif: Cannot open.
TIFFOpen: D:\work\vesuvius-c\PHerc0139-4x21x21-cubes\cubes_RAW/z04224_y04224_x02816.tif: Cannot open.
TIFFOpen: D:\work\vesuvius-c\PHerc0139-4x21x21-cubes\cubes_RAW/z04224_y04352_x02816.tif: Cannot open.
TIFFOpen: D:\work\vesuvius-c\PHerc0139-4x21x21-cubes\cubes_RAW/z04224_y04224_x02944.tif: Cannot open.
TIFFOpen: D:\work\vesuvius-c\PHerc0139-4x21x21-cubes\cubes_RAW/z04224_y04352_x02944.tif: Cannot open.
TIFFOpen: D:\work\vesuvius-c\PHerc0139-4x21x21-cubes\cubes_RAW/z04224_y04224_x03072.tif: Cannot open.
TIFFOpen: D:\work\vesuvius-c\PHerc0139-4x21x21-cubes\cubes_RAW/z04224_y04352_x03072.tif: Cannot open.
TIFFOpen: D:\work\vesuvius-c\PHerc0139-4x21x21-cubes\cubes_RAW/z04224_y04224_x03200.tif: Cannot open.
TIFFOpen: D:\work\vesuvius-c\PHerc0139-4x21x21-cubes\cubes_RAW/z04224_y04352_x03200.tif: Cannot open.
TIFFOpen: D:\work\vesuvius-c\PHerc0139-4x21x21-cubes\cubes_RAW/z04224_y04224_x03328.tif: Cannot open.
TIFFOpen: D:\work\vesuvius-c\PHerc0139-4x21x21-cubes\cubes_RAW/z04224_y04352_x03328.tif: Cannot open.
TIFFOpen: D:\work\vesuvius-c\PHerc0139-4x21x21-cubes\cubes_RAW/z04224_y04224_x03456.tif: Cannot open.
TIFFOpen: D:\work\vesuvius-c\PHerc0139-4x21x21-cubes\cubes_RAW/z04224_y04224_x03584.tif: Cannot open.
TIFFOpen: D:\work\vesuvius-c\PHerc0139-4x21x21-cubes\cubes_RAW/z04224_y04224_x03712.tif: Cannot open.
TIFFOpen: D:\work\vesuvius-c\PHerc0139-4x21x21-cubes\cubes_RAW/z04224_y04224_x03840.tif: Cannot open.
TIFFOpen: D:\work\vesuvius-c\PHerc0139-4x21x21-cubes\cubes_RAW/z04224_y04224_x03968.tif: Cannot open.
TIFFOpen: D:\work\vesuvius-c\PHerc0139-4x21x21-cubes\cubes_RAW/z04480_y04224_x04224.tif: Cannot open.
TIFFOpen: D:\work\vesuvius-c\PHerc0139-4x21x21-cubes\cubes_RAW/z04224_y04224_x04096.tif: Cannot open.
TIFFOpen: D:\work\vesuvius-c\PHerc0139-4x21x21-cubes\cubes_RAW/z04224_y04224_x04224.tif: Cannot open.
TIFFOpen: D:\work\vesuvius-c\PHerc0139-4x21x21-cubes\cubes_RAW/z04224_y04352_x04096.tif: Cannot open.
TIFFOpen: D:\work\vesuvius-c\PHerc0139-4x21x21-cubes\cubes_RAW/z04224_y04352_x04224.tif: Cannot open.
TIFFOpen: D:\work\vesuvius-c\PHerc0139-4x21x21-cubes\cubes_RAW/z04352_y04352_x04224.tif: Cannot open.
TIFFOpen: D:\work\vesuvius-c\PHerc0139-4x21x21-cubes\cubes_RAW/z04224_y04352_x01536.tif: Cannot open.
TIFFOpen: D:\work\vesuvius-c\PHerc0139-4x21x21-cubes\cubes_RAW/z04224_y04480_x01536.tif: Cannot open.
TIFFOpen: D:\work\vesuvius-c\PHerc0139-4x21x21-cubes\cubes_RAW/z04352_y04480_x01408.tif: Cannot open.
TIFFOpen: D:\work\vesuvius-c\PHerc0139-4x21x21-cubes\cubes_RAW/z04224_y04352_x01664.tif: Cannot open.
TIFFOpen: D:\work\vesuvius-c\PHerc0139-4x21x21-cubes\cubes_RAW/z04224_y04480_x01664.tif: Cannot open.
TIFFOpen: D:\work\vesuvius-c\PHerc0139-4x21x21-cubes\cubes_RAW/z04224_y04352_x01792.tif: Cannot open.
TIFFOpen: D:\work\vesuvius-c\PHerc0139-4x21x21-cubes\cubes_RAW/z04224_y04352_x02048.tif: Cannot open.
TIFFOpen: D:\work\vesuvius-c\PHerc0139-4x21x21-cubes\cubes_RAW/z04224_y04352_x02432.tif: Cannot open.
TIFFOpen: D:\work\vesuvius-c\PHerc0139-4x21x21-cubes\cubes_RAW/z04224_y04352_x02560.tif: Cannot open.
TIFFOpen: D:\work\vesuvius-c\PHerc0139-4x21x21-cubes\cubes_RAW/z04224_y04352_x02688.tif: Cannot open.
TIFFOpen: D:\work\vesuvius-c\PHerc0139-4x21x21-cubes\cubes_RAW/z04224_y04480_x02944.tif: Cannot open.
TIFFOpen: D:\work\vesuvius-c\PHerc0139-4x21x21-cubes\cubes_RAW/z04224_y04352_x03456.tif: Cannot open.
TIFFOpen: D:\work\vesuvius-c\PHerc0139-4x21x21-cubes\cubes_RAW/z04224_y04352_x03584.tif: Cannot open.
TIFFOpen: D:\work\vesuvius-c\PHerc0139-4x21x21-cubes\cubes_RAW/z04224_y04352_x03712.tif: Cannot open.
TIFFOpen: D:\work\vesuvius-c\PHerc0139-4x21x21-cubes\cubes_RAW/z04224_y04352_x03840.tif: Cannot open.
TIFFOpen: D:\work\vesuvius-c\PHerc0139-4x21x21-cubes\cubes_RAW/z04224_y04352_x03968.tif: Cannot open.
TIFFOpen: D:\work\vesuvius-c\PHerc0139-4x21x21-cubes\cubes_RAW/z04224_y04608_x01536.tif: Cannot open.
TIFFOpen: D:\work\vesuvius-c\PHerc0139-4x21x21-cubes\cubes_RAW/z04224_y04480_x01792.tif: Cannot open.
TIFFOpen: D:\work\vesuvius-c\PHerc0139-4x21x21-cubes\cubes_RAW/z04224_y04480_x01920.tif: Cannot open.
TIFFOpen: D:\work\vesuvius-c\PHerc0139-4x21x21-cubes\cubes_RAW/z04224_y04480_x02048.tif: Cannot open.
TIFFOpen: D:\work\vesuvius-c\PHerc0139-4x21x21-cubes\cubes_RAW/z04224_y04480_x03072.tif: Cannot open.
TIFFOpen: D:\work\vesuvius-c\PHerc0139-4x21x21-cubes\cubes_RAW/z04224_y04480_x03200.tif: Cannot open.
TIFFOpen: D:\work\vesuvius-c\PHerc0139-4x21x21-cubes\cubes_RAW/z04224_y04480_x03328.tif: Cannot open.
TIFFOpen: D:\work\vesuvius-c\PHerc0139-4x21x21-cubes\cubes_RAW/z04224_y04480_x03456.tif: Cannot open.
TIFFOpen: D:\work\vesuvius-c\PHerc0139-4x21x21-cubes\cubes_RAW/z04224_y04480_x03584.tif: Cannot open.
TIFFOpen: D:\work\vesuvius-c\PHerc0139-4x21x21-cubes\cubes_RAW/z04352_y04608_x01408.tif: Cannot open.
TIFFOpen: D:\work\vesuvius-c\PHerc0139-4x21x21-cubes\cubes_RAW/z04224_y04608_x01664.tif: Cannot open.
TIFFOpen: D:\work\vesuvius-c\PHerc0139-4x21x21-cubes\cubes_RAW/z04480_y01920_x01920.tif: Cannot open.
TIFFOpen: D:\work\vesuvius-c\PHerc0139-4x21x21-cubes\cubes_RAW/z04480_y01920_x02048.tif: Cannot open.
TIFFOpen: D:\work\vesuvius-c\PHerc0139-4x21x21-cubes\cubes_RAW/z04480_y01920_x02176.tif: Cannot open.
TIFFOpen: D:\work\vesuvius-c\PHerc0139-4x21x21-cubes\cubes_RAW/z04480_y01920_x02304.tif: Cannot open.
TIFFOpen: D:\work\vesuvius-c\PHerc0139-4x21x21-cubes\cubes_RAW/z04608_y01920_x02304.tif: Cannot open.
TIFFOpen: D:\work\vesuvius-c\PHerc0139-4x21x21-cubes\cubes_RAW/z04480_y01920_x02432.tif: Cannot open.
TIFFOpen: D:\work\vesuvius-c\PHerc0139-4x21x21-cubes\cubes_RAW/z04480_y01920_x02560.tif: Cannot open.
TIFFOpen: D:\work\vesuvius-c\PHerc0139-4x21x21-cubes\cubes_RAW/z04480_y01920_x02688.tif: Cannot open.
TIFFOpen: D:\work\vesuvius-c\PHerc0139-4x21x21-cubes\cubes_RAW/z04480_y01920_x02816.tif: Cannot open.
TIFFOpen: D:\work\vesuvius-c\PHerc0139-4x21x21-cubes\cubes_RAW/z04608_y01920_x02816.tif: Cannot open.
TIFFOpen: D:\work\vesuvius-c\PHerc0139-4x21x21-cubes\cubes_RAW/z04480_y01920_x02944.tif: Cannot open.
TIFFOpen: D:\work\vesuvius-c\PHerc0139-4x21x21-cubes\cubes_RAW/z04608_y01920_x02944.tif: Cannot open.
TIFFOpen: D:\work\vesuvius-c\PHerc0139-4x21x21-cubes\cubes_RAW/z04480_y01920_x03200.tif: Cannot open.
TIFFOpen: D:\work\vesuvius-c\PHerc0139-4x21x21-cubes\cubes_RAW/z04480_y01920_x03456.tif: Cannot open.
TIFFOpen: D:\work\vesuvius-c\PHerc0139-4x21x21-cubes\cubes_RAW/z04480_y01920_x03968.tif: Cannot open.
TIFFOpen: D:\work\vesuvius-c\PHerc0139-4x21x21-cubes\cubes_RAW/z04480_y01920_x04096.tif: Cannot open.
TIFFOpen: D:\work\vesuvius-c\PHerc0139-4x21x21-cubes\cubes_RAW/z04480_y02048_x04224.tif: Cannot open.
TIFFOpen: D:\work\vesuvius-c\PHerc0139-4x21x21-cubes\cubes_RAW/z04480_y02176_x04224.tif: Cannot open.
TIFFOpen: D:\work\vesuvius-c\PHerc0139-4x21x21-cubes\cubes_RAW/z04480_y02304_x04224.tif: Cannot open.
TIFFOpen: D:\work\vesuvius-c\PHerc0139-4x21x21-cubes\cubes_RAW/z04608_y02304_x04224.tif: Cannot open.
TIFFOpen: D:\work\vesuvius-c\PHerc0139-4x21x21-cubes\cubes_RAW/z04480_y02432_x04224.tif: Cannot open.
TIFFOpen: D:\work\vesuvius-c\PHerc0139-4x21x21-cubes\cubes_RAW/z04480_y02560_x01408.tif: Cannot open.
TIFFOpen: D:\work\vesuvius-c\PHerc0139-4x21x21-cubes\cubes_RAW/z04480_y02688_x01408.tif: Cannot open.
TIFFOpen: D:\work\vesuvius-c\PHerc0139-4x21x21-cubes\cubes_RAW/z04608_y02688_x01408.tif: Cannot open.
TIFFOpen: D:\work\vesuvius-c\PHerc0139-4x21x21-cubes\cubes_RAW/z04480_y02816_x01408.tif: Cannot open.
TIFFOpen: D:\work\vesuvius-c\PHerc0139-4x21x21-cubes\cubes_RAW/z04480_y02944_x01408.tif: Cannot open.
TIFFOpen: D:\work\vesuvius-c\PHerc0139-4x21x21-cubes\cubes_RAW/z04608_y02944_x01408.tif: Cannot open.
TIFFOpen: D:\work\vesuvius-c\PHerc0139-4x21x21-cubes\cubes_RAW/z04608_y02944_x04224.tif: Cannot open.
TIFFOpen: D:\work\vesuvius-c\PHerc0139-4x21x21-cubes\cubes_RAW/z04608_y02816_x04224.tif: Cannot open.
TIFFOpen: D:\work\vesuvius-c\PHerc0139-4x21x21-cubes\cubes_RAW/z04480_y03072_x01408.tif: Cannot open.
TIFFOpen: D:\work\vesuvius-c\PHerc0139-4x21x21-cubes\cubes_RAW/z04608_y03072_x04224.tif: Cannot open.
TIFFOpen: D:\work\vesuvius-c\PHerc0139-4x21x21-cubes\cubes_RAW/z04480_y03200_x01408.tif: Cannot open.
TIFFOpen: D:\work\vesuvius-c\PHerc0139-4x21x21-cubes\cubes_RAW/z04480_y03328_x01408.tif: Cannot open.
TIFFOpen: D:\work\vesuvius-c\PHerc0139-4x21x21-cubes\cubes_RAW/z04608_y03200_x01408.tif: Cannot open.
TIFFOpen: D:\work\vesuvius-c\PHerc0139-4x21x21-cubes\cubes_RAW/z04608_y03200_x04224.tif: Cannot open.
TIFFOpen: D:\work\vesuvius-c\PHerc0139-4x21x21-cubes\cubes_RAW/z04608_y03328_x04224.tif: Cannot open.
TIFFOpen: D:\work\vesuvius-c\PHerc0139-4x21x21-cubes\cubes_RAW/z04480_y03584_x04224.tif: Cannot open.
TIFFOpen: D:\work\vesuvius-c\PHerc0139-4x21x21-cubes\cubes_RAW/z04480_y03584_x01408.tif: Cannot open.
TIFFOpen: D:\work\vesuvius-c\PHerc0139-4x21x21-cubes\cubes_RAW/z04608_y03584_x04224.tif: Cannot open.
TIFFOpen: D:\work\vesuvius-c\PHerc0139-4x21x21-cubes\cubes_RAW/z04608_y03712_x01408.tif: Cannot open.
TIFFOpen: D:\work\vesuvius-c\PHerc0139-4x21x21-cubes\cubes_RAW/z04480_y03712_x04224.tif: Cannot open.
TIFFOpen: D:\work\vesuvius-c\PHerc0139-4x21x21-cubes\cubes_RAW/z04608_y03712_x04224.tif: Cannot open.
TIFFOpen: D:\work\vesuvius-c\PHerc0139-4x21x21-cubes\cubes_RAW/z04480_y03968_x01408.tif: Cannot open.
TIFFOpen: D:\work\vesuvius-c\PHerc0139-4x21x21-cubes\cubes_RAW/z04608_y03840_x01408.tif: Cannot open.
TIFFOpen: D:\work\vesuvius-c\PHerc0139-4x21x21-cubes\cubes_RAW/z04608_y03840_x04224.tif: Cannot open.
TIFFOpen: D:\work\vesuvius-c\PHerc0139-4x21x21-cubes\cubes_RAW/z04480_y04096_x04224.tif: Cannot open.
TIFFOpen: D:\work\vesuvius-c\PHerc0139-4x21x21-cubes\cubes_RAW/z04480_y04224_x01408.tif: Cannot open.
TIFFOpen: D:\work\vesuvius-c\PHerc0139-4x21x21-cubes\cubes_RAW/z04480_y04352_x01408.tif: Cannot open.
TIFFOpen: D:\work\vesuvius-c\PHerc0139-4x21x21-cubes\cubes_RAW/z04608_y04352_x01408.tif: Cannot open.
TIFFOpen: D:\work\vesuvius-c\PHerc0139-4x21x21-cubes\cubes_RAW/z04480_y04480_x01408.tif: Cannot open.
TIFFOpen: D:\work\vesuvius-c\PHerc0139-4x21x21-cubes\cubes_RAW/z04480_y04352_x04224.tif: Cannot open.
TIFFOpen: D:\work\vesuvius-c\PHerc0139-4x21x21-cubes\cubes_RAW/z04608_y04352_x04224.tif: Cannot open.
TIFFOpen: D:\work\vesuvius-c\PHerc0139-4x21x21-cubes\cubes_RAW/z04608_y01920_x01792.tif: Cannot open.
TIFFOpen: D:\work\vesuvius-c\PHerc0139-4x21x21-cubes\cubes_RAW/z04608_y01920_x01920.tif: Cannot open.
TIFFOpen: D:\work\vesuvius-c\PHerc0139-4x21x21-cubes\cubes_RAW/z04608_y01920_x02048.tif: Cannot open.
TIFFOpen: D:\work\vesuvius-c\PHerc0139-4x21x21-cubes\cubes_RAW/z04736_y01920_x02048.tif: Cannot open.
TIFFOpen: D:\work\vesuvius-c\PHerc0139-4x21x21-cubes\cubes_RAW/z04608_y01920_x02176.tif: Cannot open.
TIFFOpen: D:\work\vesuvius-c\PHerc0139-4x21x21-cubes\cubes_RAW/z04608_y01920_x02432.tif: Cannot open.
TIFFOpen: D:\work\vesuvius-c\PHerc0139-4x21x21-cubes\cubes_RAW/z04608_y01920_x02560.tif: Cannot open.
TIFFOpen: D:\work\vesuvius-c\PHerc0139-4x21x21-cubes\cubes_RAW/z04608_y01920_x02688.tif: Cannot open.
TIFFOpen: D:\work\vesuvius-c\PHerc0139-4x21x21-cubes\cubes_RAW/z04736_y01920_x02688.tif: Cannot open.
TIFFOpen: D:\work\vesuvius-c\PHerc0139-4x21x21-cubes\cubes_RAW/z04736_y01920_x02944.tif: Cannot open.
TIFFOpen: D:\work\vesuvius-c\PHerc0139-4x21x21-cubes\cubes_RAW/z04608_y01920_x03072.tif: Cannot open.
TIFFOpen: D:\work\vesuvius-c\PHerc0139-4x21x21-cubes\cubes_RAW/z04608_y01920_x03200.tif: Cannot open.
TIFFOpen: D:\work\vesuvius-c\PHerc0139-4x21x21-cubes\cubes_RAW/z04608_y01920_x03328.tif: Cannot open.
TIFFOpen: D:\work\vesuvius-c\PHerc0139-4x21x21-cubes\cubes_RAW/z04608_y01920_x03456.tif: Cannot open.
TIFFOpen: D:\work\vesuvius-c\PHerc0139-4x21x21-cubes\cubes_RAW/z04608_y01920_x03584.tif: Cannot open.
TIFFOpen: D:\work\vesuvius-c\PHerc0139-4x21x21-cubes\cubes_RAW/z04736_y01920_x03456.tif: Cannot open.
TIFFOpen: D:\work\vesuvius-c\PHerc0139-4x21x21-cubes\cubes_RAW/z04736_y01920_x03584.tif: Cannot open.
TIFFOpen: D:\work\vesuvius-c\PHerc0139-4x21x21-cubes\cubes_RAW/z04608_y01920_x03712.tif: Cannot open.
TIFFOpen: D:\work\vesuvius-c\PHerc0139-4x21x21-cubes\cubes_RAW/z04736_y01920_x03712.tif: Cannot open.
TIFFOpen: D:\work\vesuvius-c\PHerc0139-4x21x21-cubes\cubes_RAW/z04608_y01920_x03840.tif: Cannot open.
TIFFOpen: D:\work\vesuvius-c\PHerc0139-4x21x21-cubes\cubes_RAW/z04608_y01920_x03968.tif: Cannot open.
TIFFOpen: D:\work\vesuvius-c\PHerc0139-4x21x21-cubes\cubes_RAW/z04736_y01920_x03968.tif: Cannot open.
TIFFOpen: D:\work\vesuvius-c\PHerc0139-4x21x21-cubes\cubes_RAW/z04608_y02048_x04224.tif: Cannot open.
TIFFOpen: D:\work\vesuvius-c\PHerc0139-4x21x21-cubes\cubes_RAW/z04608_y01920_x04096.tif: Cannot open.
TIFFOpen: D:\work\vesuvius-c\PHerc0139-4x21x21-cubes\cubes_RAW/z04608_y02176_x04224.tif: Cannot open.
TIFFOpen: D:\work\vesuvius-c\PHerc0139-4x21x21-cubes\cubes_RAW/z04608_y02432_x04224.tif: Cannot open.
TIFFOpen: D:\work\vesuvius-c\PHerc0139-4x21x21-cubes\cubes_RAW/z04608_y02560_x01408.tif: Cannot open.
TIFFOpen: D:\work\vesuvius-c\PHerc0139-4x21x21-cubes\cubes_RAW/z04608_y02560_x04224.tif: Cannot open.
TIFFOpen: D:\work\vesuvius-c\PHerc0139-4x21x21-cubes\cubes_RAW/z04608_y02688_x04224.tif: Cannot open.
TIFFOpen: D:\work\vesuvius-c\PHerc0139-4x21x21-cubes\cubes_RAW/z04608_y02816_x01408.tif: Cannot open.
TIFFOpen: D:\work\vesuvius-c\PHerc0139-4x21x21-cubes\cubes_RAW/z04608_y03072_x01408.tif: Cannot open.
TIFFOpen: D:\work\vesuvius-c\PHerc0139-4x21x21-cubes\cubes_RAW/z04736_y02944_x04224.tif: Cannot open.
TIFFOpen: D:\work\vesuvius-c\PHerc0139-4x21x21-cubes\cubes_RAW/z04736_y03072_x04224.tif: Cannot open.
TIFFOpen: D:\work\vesuvius-c\PHerc0139-4x21x21-cubes\cubes_RAW/z04608_y03328_x01408.tif: Cannot open.
TIFFOpen: D:\work\vesuvius-c\PHerc0139-4x21x21-cubes\cubes_RAW/z04736_y03200_x01408.tif: Cannot open.
TIFFOpen: D:\work\vesuvius-c\PHerc0139-4x21x21-cubes\cubes_RAW/z04608_y03456_x01408.tif: Cannot open.
TIFFOpen: D:\work\vesuvius-c\PHerc0139-4x21x21-cubes\cubes_RAW/z04736_y03456_x01408.tif: Cannot open.
TIFFOpen: D:\work\vesuvius-c\PHerc0139-4x21x21-cubes\cubes_RAW/z04608_y03584_x01408.tif: Cannot open.
TIFFOpen: D:\work\vesuvius-c\PHerc0139-4x21x21-cubes\cubes_RAW/z04736_y03584_x01408.tif: Cannot open.
TIFFOpen: D:\work\vesuvius-c\PHerc0139-4x21x21-cubes\cubes_RAW/z04736_y03712_x01408.tif: Cannot open.
TIFFOpen: D:\work\vesuvius-c\PHerc0139-4x21x21-cubes\cubes_RAW/z04736_y03840_x01408.tif: Cannot open.
TIFFOpen: D:\work\vesuvius-c\PHerc0139-4x21x21-cubes\cubes_RAW/z04608_y03968_x01408.tif: Cannot open.
TIFFOpen: D:\work\vesuvius-c\PHerc0139-4x21x21-cubes\cubes_RAW/z04736_y03968_x01408.tif: Cannot open.
TIFFOpen: D:\work\vesuvius-c\PHerc0139-4x21x21-cubes\cubes_RAW/z04608_y04096_x01408.tif: Cannot open.
TIFFOpen: D:\work\vesuvius-c\PHerc0139-4x21x21-cubes\cubes_RAW/z04608_y03968_x04224.tif: Cannot open.
TIFFOpen: D:\work\vesuvius-c\PHerc0139-4x21x21-cubes\cubes_RAW/z04608_y04096_x04224.tif: Cannot open.
TIFFOpen: D:\work\vesuvius-c\PHerc0139-4x21x21-cubes\cubes_RAW/z04608_y04224_x04224.tif: Cannot open.
TIFFOpen: D:\work\vesuvius-c\PHerc0139-4x21x21-cubes\cubes_RAW/z04608_y04224_x01408.tif: Cannot open.
TIFFOpen: D:\work\vesuvius-c\PHerc0139-4x21x21-cubes\cubes_RAW/z04608_y04480_x01408.tif: Cannot open.
TIFFOpen: D:\work\vesuvius-c\PHerc0139-4x21x21-cubes\cubes_RAW/z04736_y04352_x01408.tif: Cannot open.
TIFFOpen: D:\work\vesuvius-c\PHerc0139-4x21x21-cubes\cubes_RAW/z04864_y02048_x01792.tif: Cannot open.
TIFFOpen: D:\work\vesuvius-c\PHerc0139-4x21x21-cubes\cubes_RAW/z04864_y02048_x01664.tif: Cannot open.
TIFFOpen: D:\work\vesuvius-c\PHerc0139-4x21x21-cubes\cubes_RAW/z04864_y02176_x01664.tif: Cannot open.
TIFFOpen: D:\work\vesuvius-c\PHerc0139-4x21x21-cubes\cubes_RAW/z04736_y01920_x01792.tif: Cannot open.
TIFFOpen: D:\work\vesuvius-c\PHerc0139-4x21x21-cubes\cubes_RAW/z04864_y02048_x01920.tif: Cannot open.
TIFFOpen: D:\work\vesuvius-c\PHerc0139-4x21x21-cubes\cubes_RAW/z04864_y02176_x01792.tif: Cannot open.
TIFFOpen: D:\work\vesuvius-c\PHerc0139-4x21x21-cubes\cubes_RAW/z04736_y01920_x01920.tif: Cannot open.
TIFFOpen: D:\work\vesuvius-c\PHerc0139-4x21x21-cubes\cubes_RAW/z04864_y02176_x01920.tif: Cannot open.
TIFFOpen: D:\work\vesuvius-c\PHerc0139-4x21x21-cubes\cubes_RAW/z04864_y02048_x02048.tif: Cannot open.
TIFFOpen: D:\work\vesuvius-c\PHerc0139-4x21x21-cubes\cubes_RAW/z04864_y02048_x02176.tif: Cannot open.
TIFFOpen: D:\work\vesuvius-c\PHerc0139-4x21x21-cubes\cubes_RAW/z04864_y02176_x02048.tif: Cannot open.
TIFFOpen: D:\work\vesuvius-c\PHerc0139-4x21x21-cubes\cubes_RAW/z04736_y01920_x02176.tif: Cannot open.
TIFFOpen: D:\work\vesuvius-c\PHerc0139-4x21x21-cubes\cubes_RAW/z04864_y02048_x02304.tif: Cannot open.
TIFFOpen: D:\work\vesuvius-c\PHerc0139-4x21x21-cubes\cubes_RAW/z04736_y01920_x02304.tif: Cannot open.
TIFFOpen: D:\work\vesuvius-c\PHerc0139-4x21x21-cubes\cubes_RAW/z04736_y01920_x02432.tif: Cannot open.
TIFFOpen: D:\work\vesuvius-c\PHerc0139-4x21x21-cubes\cubes_RAW/z04864_y02048_x02432.tif: Cannot open.
TIFFOpen: D:\work\vesuvius-c\PHerc0139-4x21x21-cubes\cubes_RAW/z04736_y01920_x02560.tif: Cannot open.
TIFFOpen: D:\work\vesuvius-c\PHerc0139-4x21x21-cubes\cubes_RAW/z04864_y01920_x02432.tif: Cannot open.
TIFFOpen: D:\work\vesuvius-c\PHerc0139-4x21x21-cubes\cubes_RAW/z04864_y02048_x02560.tif: Cannot open.
TIFFOpen: D:\work\vesuvius-c\PHerc0139-4x21x21-cubes\cubes_RAW/z04864_y02048_x02688.tif: Cannot open.
TIFFOpen: D:\work\vesuvius-c\PHerc0139-4x21x21-cubes\cubes_RAW/z04864_y01920_x02688.tif: Cannot open.
TIFFOpen: D:\work\vesuvius-c\PHerc0139-4x21x21-cubes\cubes_RAW/z04864_y02176_x02688.tif: Cannot open.
TIFFOpen: D:\work\vesuvius-c\PHerc0139-4x21x21-cubes\cubes_RAW/z04864_y02048_x02816.tif: Cannot open.
TIFFOpen: D:\work\vesuvius-c\PHerc0139-4x21x21-cubes\cubes_RAW/z04736_y01920_x02816.tif: Cannot open.
TIFFOpen: D:\work\vesuvius-c\PHerc0139-4x21x21-cubes\cubes_RAW/z04864_y01920_x02816.tif: Cannot open.
TIFFOpen: D:\work\vesuvius-c\PHerc0139-4x21x21-cubes\cubes_RAW/z04736_y01920_x03072.tif: Cannot open.
TIFFOpen: D:\work\vesuvius-c\PHerc0139-4x21x21-cubes\cubes_RAW/z04864_y02048_x02944.tif: Cannot open.
TIFFOpen: D:\work\vesuvius-c\PHerc0139-4x21x21-cubes\cubes_RAW/z04864_y02048_x03072.tif: Cannot open.
TIFFOpen: D:\work\vesuvius-c\PHerc0139-4x21x21-cubes\cubes_RAW/z04736_y01920_x03200.tif: Cannot open.
TIFFOpen: D:\work\vesuvius-c\PHerc0139-4x21x21-cubes\cubes_RAW/z04864_y02048_x03200.tif: Cannot open.
TIFFOpen: D:\work\vesuvius-c\PHerc0139-4x21x21-cubes\cubes_RAW/z04736_y01920_x03328.tif: Cannot open.
TIFFOpen: D:\work\vesuvius-c\PHerc0139-4x21x21-cubes\cubes_RAW/z04864_y02048_x03328.tif: Cannot open.
TIFFOpen: D:\work\vesuvius-c\PHerc0139-4x21x21-cubes\cubes_RAW/z04864_y02048_x03456.tif: Cannot open.
TIFFOpen: D:\work\vesuvius-c\PHerc0139-4x21x21-cubes\cubes_RAW/z04864_y01920_x03456.tif: Cannot open.
TIFFOpen: D:\work\vesuvius-c\PHerc0139-4x21x21-cubes\cubes_RAW/z04864_y02048_x03584.tif: Cannot open.
TIFFOpen: D:\work\vesuvius-c\PHerc0139-4x21x21-cubes\cubes_RAW/z04864_y02048_x03712.tif: Cannot open.
TIFFOpen: D:\work\vesuvius-c\PHerc0139-4x21x21-cubes\cubes_RAW/z04736_y01920_x03840.tif: Cannot open.
TIFFOpen: D:\work\vesuvius-c\PHerc0139-4x21x21-cubes\cubes_RAW/z04864_y01920_x03712.tif: Cannot open.
TIFFOpen: D:\work\vesuvius-c\PHerc0139-4x21x21-cubes\cubes_RAW/z04864_y02048_x03840.tif: Cannot open.
TIFFOpen: D:\work\vesuvius-c\PHerc0139-4x21x21-cubes\cubes_RAW/z04864_y02176_x03840.tif: Cannot open.
TIFFOpen: D:\work\vesuvius-c\PHerc0139-4x21x21-cubes\cubes_RAW/z04864_y01920_x03840.tif: Cannot open.
TIFFOpen: D:\work\vesuvius-c\PHerc0139-4x21x21-cubes\cubes_RAW/z04864_y02048_x03968.tif: Cannot open.
TIFFOpen: D:\work\vesuvius-c\PHerc0139-4x21x21-cubes\cubes_RAW/z04864_y02176_x03968.tif: Cannot open.
TIFFOpen: D:\work\vesuvius-c\PHerc0139-4x21x21-cubes\cubes_RAW/z04736_y01920_x04096.tif: Cannot open.
TIFFOpen: D:\work\vesuvius-c\PHerc0139-4x21x21-cubes\cubes_RAW/z04864_y01920_x03968.tif: Cannot open.
TIFFOpen: D:\work\vesuvius-c\PHerc0139-4x21x21-cubes\cubes_RAW/z04736_y02048_x04224.tif: Cannot open.
TIFFOpen: D:\work\vesuvius-c\PHerc0139-4x21x21-cubes\cubes_RAW/z04864_y02048_x04096.tif: Cannot open.
TIFFOpen: D:\work\vesuvius-c\PHerc0139-4x21x21-cubes\cubes_RAW/z04736_y02176_x04224.tif: Cannot open.
TIFFOpen: D:\work\vesuvius-c\PHerc0139-4x21x21-cubes\cubes_RAW/z04864_y02176_x04096.tif: Cannot open.
TIFFOpen: D:\work\vesuvius-c\PHerc0139-4x21x21-cubes\cubes_RAW/z04864_y02048_x04224.tif: Cannot open.
TIFFOpen: D:\work\vesuvius-c\PHerc0139-4x21x21-cubes\cubes_RAW/z04864_y02304_x01664.tif: Cannot open.
TIFFOpen: D:\work\vesuvius-c\PHerc0139-4x21x21-cubes\cubes_RAW/z04864_y02304_x01792.tif: Cannot open.
TIFFOpen: D:\work\vesuvius-c\PHerc0139-4x21x21-cubes\cubes_RAW/z04864_y02304_x01920.tif: Cannot open.
TIFFOpen: D:\work\vesuvius-c\PHerc0139-4x21x21-cubes\cubes_RAW/z04864_y02176_x02176.tif: Cannot open.
TIFFOpen: D:\work\vesuvius-c\PHerc0139-4x21x21-cubes\cubes_RAW/z04864_y02176_x02304.tif: Cannot open.
TIFFOpen: D:\work\vesuvius-c\PHerc0139-4x21x21-cubes\cubes_RAW/z04864_y02176_x02432.tif: Cannot open.
TIFFOpen: D:\work\vesuvius-c\PHerc0139-4x21x21-cubes\cubes_RAW/z04864_y02304_x02432.tif: Cannot open.
TIFFOpen: D:\work\vesuvius-c\PHerc0139-4x21x21-cubes\cubes_RAW/z04864_y02176_x02560.tif: Cannot open.
TIFFOpen: D:\work\vesuvius-c\PHerc0139-4x21x21-cubes\cubes_RAW/z04864_y02304_x02688.tif: Cannot open.
TIFFOpen: D:\work\vesuvius-c\PHerc0139-4x21x21-cubes\cubes_RAW/z04864_y02176_x02816.tif: Cannot open.
TIFFOpen: D:\work\vesuvius-c\PHerc0139-4x21x21-cubes\cubes_RAW/z04864_y02304_x02816.tif: Cannot open.
TIFFOpen: D:\work\vesuvius-c\PHerc0139-4x21x21-cubes\cubes_RAW/z04864_y02176_x02944.tif: Cannot open.
TIFFOpen: D:\work\vesuvius-c\PHerc0139-4x21x21-cubes\cubes_RAW/z04864_y02176_x03072.tif: Cannot open.
TIFFOpen: D:\work\vesuvius-c\PHerc0139-4x21x21-cubes\cubes_RAW/z04864_y02176_x03200.tif: Cannot open.
TIFFOpen: D:\work\vesuvius-c\PHerc0139-4x21x21-cubes\cubes_RAW/z04864_y02176_x03328.tif: Cannot open.
TIFFOpen: D:\work\vesuvius-c\PHerc0139-4x21x21-cubes\cubes_RAW/z04864_y02176_x03456.tif: Cannot open.
TIFFOpen: D:\work\vesuvius-c\PHerc0139-4x21x21-cubes\cubes_RAW/z04864_y02176_x03584.tif: Cannot open.
TIFFOpen: D:\work\vesuvius-c\PHerc0139-4x21x21-cubes\cubes_RAW/z04864_y02304_x03584.tif: Cannot open.
TIFFOpen: D:\work\vesuvius-c\PHerc0139-4x21x21-cubes\cubes_RAW/z04864_y02176_x03712.tif: Cannot open.
TIFFOpen: D:\work\vesuvius-c\PHerc0139-4x21x21-cubes\cubes_RAW/z04864_y02304_x03712.tif: Cannot open.
TIFFOpen: D:\work\vesuvius-c\PHerc0139-4x21x21-cubes\cubes_RAW/z04864_y02304_x03840.tif: Cannot open.
TIFFOpen: D:\work\vesuvius-c\PHerc0139-4x21x21-cubes\cubes_RAW/z04864_y02304_x03968.tif: Cannot open.
TIFFOpen: D:\work\vesuvius-c\PHerc0139-4x21x21-cubes\cubes_RAW/z04864_y02304_x04096.tif: Cannot open.
TIFFOpen: D:\work\vesuvius-c\PHerc0139-4x21x21-cubes\cubes_RAW/z04864_y02304_x01536.tif: Cannot open.
TIFFOpen: D:\work\vesuvius-c\PHerc0139-4x21x21-cubes\cubes_RAW/z04864_y02432_x01536.tif: Cannot open.
TIFFOpen: D:\work\vesuvius-c\PHerc0139-4x21x21-cubes\cubes_RAW/z04864_y02432_x01664.tif: Cannot open.
TIFFOpen: D:\work\vesuvius-c\PHerc0139-4x21x21-cubes\cubes_RAW/z04864_y02304_x02048.tif: Cannot open.
TIFFOpen: D:\work\vesuvius-c\PHerc0139-4x21x21-cubes\cubes_RAW/z04864_y02432_x02048.tif: Cannot open.
TIFFOpen: D:\work\vesuvius-c\PHerc0139-4x21x21-cubes\cubes_RAW/z04864_y02304_x02176.tif: Cannot open.
TIFFOpen: D:\work\vesuvius-c\PHerc0139-4x21x21-cubes\cubes_RAW/z04864_y02304_x02304.tif: Cannot open.
TIFFOpen: D:\work\vesuvius-c\PHerc0139-4x21x21-cubes\cubes_RAW/z04864_y02432_x02432.tif: Cannot open.
TIFFOpen: D:\work\vesuvius-c\PHerc0139-4x21x21-cubes\cubes_RAW/z04864_y02304_x02560.tif: Cannot open.
TIFFOpen: D:\work\vesuvius-c\PHerc0139-4x21x21-cubes\cubes_RAW/z04864_y02432_x02560.tif: Cannot open.
TIFFOpen: D:\work\vesuvius-c\PHerc0139-4x21x21-cubes\cubes_RAW/z04864_y02432_x02688.tif: Cannot open.
TIFFOpen: D:\work\vesuvius-c\PHerc0139-4x21x21-cubes\cubes_RAW/z04864_y02304_x02944.tif: Cannot open.
TIFFOpen: D:\work\vesuvius-c\PHerc0139-4x21x21-cubes\cubes_RAW/z04864_y02432_x02944.tif: Cannot open.
TIFFOpen: D:\work\vesuvius-c\PHerc0139-4x21x21-cubes\cubes_RAW/z04864_y02304_x03072.tif: Cannot open.
TIFFOpen: D:\work\vesuvius-c\PHerc0139-4x21x21-cubes\cubes_RAW/z04864_y02304_x03200.tif: Cannot open.
TIFFOpen: D:\work\vesuvius-c\PHerc0139-4x21x21-cubes\cubes_RAW/z04864_y02304_x03328.tif: Cannot open.
TIFFOpen: D:\work\vesuvius-c\PHerc0139-4x21x21-cubes\cubes_RAW/z04864_y02304_x03456.tif: Cannot open.
TIFFOpen: D:\work\vesuvius-c\PHerc0139-4x21x21-cubes\cubes_RAW/z04864_y02432_x03584.tif: Cannot open.
TIFFOpen: D:\work\vesuvius-c\PHerc0139-4x21x21-cubes\cubes_RAW/z04864_y02432_x03840.tif: Cannot open.
TIFFOpen: D:\work\vesuvius-c\PHerc0139-4x21x21-cubes\cubes_RAW/z04864_y02432_x03968.tif: Cannot open.
TIFFOpen: D:\work\vesuvius-c\PHerc0139-4x21x21-cubes\cubes_RAW/z04736_y02304_x04224.tif: Cannot open.
TIFFOpen: D:\work\vesuvius-c\PHerc0139-4x21x21-cubes\cubes_RAW/z04736_y02432_x04224.tif: Cannot open.
TIFFOpen: D:\work\vesuvius-c\PHerc0139-4x21x21-cubes\cubes_RAW/z04736_y02432_x01408.tif: Cannot open.
TIFFOpen: D:\work\vesuvius-c\PHerc0139-4x21x21-cubes\cubes_RAW/z04864_y02560_x01536.tif: Cannot open.
TIFFOpen: D:\work\vesuvius-c\PHerc0139-4x21x21-cubes\cubes_RAW/z04864_y02432_x01792.tif: Cannot open.
TIFFOpen: D:\work\vesuvius-c\PHerc0139-4x21x21-cubes\cubes_RAW/z04864_y02432_x01920.tif: Cannot open.
TIFFOpen: D:\work\vesuvius-c\PHerc0139-4x21x21-cubes\cubes_RAW/z04864_y02560_x01920.tif: Cannot open.
TIFFOpen: D:\work\vesuvius-c\PHerc0139-4x21x21-cubes\cubes_RAW/z04864_y02432_x02176.tif: Cannot open.
TIFFOpen: D:\work\vesuvius-c\PHerc0139-4x21x21-cubes\cubes_RAW/z04864_y02432_x02304.tif: Cannot open.
TIFFOpen: D:\work\vesuvius-c\PHerc0139-4x21x21-cubes\cubes_RAW/z04864_y02560_x02560.tif: Cannot open.
TIFFOpen: D:\work\vesuvius-c\PHerc0139-4x21x21-cubes\cubes_RAW/z04864_y02432_x02816.tif: Cannot open.
TIFFOpen: D:\work\vesuvius-c\PHerc0139-4x21x21-cubes\cubes_RAW/z04864_y02560_x02816.tif: Cannot open.
TIFFOpen: D:\work\vesuvius-c\PHerc0139-4x21x21-cubes\cubes_RAW/z04864_y02560_x02944.tif: Cannot open.
TIFFOpen: D:\work\vesuvius-c\PHerc0139-4x21x21-cubes\cubes_RAW/z04864_y02432_x03072.tif: Cannot open.
TIFFOpen: D:\work\vesuvius-c\PHerc0139-4x21x21-cubes\cubes_RAW/z04864_y02560_x03072.tif: Cannot open.
TIFFOpen: D:\work\vesuvius-c\PHerc0139-4x21x21-cubes\cubes_RAW/z04864_y02432_x03200.tif: Cannot open.
TIFFOpen: D:\work\vesuvius-c\PHerc0139-4x21x21-cubes\cubes_RAW/z04864_y02560_x03200.tif: Cannot open.
TIFFOpen: D:\work\vesuvius-c\PHerc0139-4x21x21-cubes\cubes_RAW/z04864_y02432_x03328.tif: Cannot open.
TIFFOpen: D:\work\vesuvius-c\PHerc0139-4x21x21-cubes\cubes_RAW/z04864_y02432_x03456.tif: Cannot open.
TIFFOpen: D:\work\vesuvius-c\PHerc0139-4x21x21-cubes\cubes_RAW/z04864_y02432_x03712.tif: Cannot open.
TIFFOpen: D:\work\vesuvius-c\PHerc0139-4x21x21-cubes\cubes_RAW/z04864_y02560_x03712.tif: Cannot open.
TIFFOpen: D:\work\vesuvius-c\PHerc0139-4x21x21-cubes\cubes_RAW/z04864_y02560_x03840.tif: Cannot open.
TIFFOpen: D:\work\vesuvius-c\PHerc0139-4x21x21-cubes\cubes_RAW/z04864_y02432_x04096.tif: Cannot open.
TIFFOpen: D:\work\vesuvius-c\PHerc0139-4x21x21-cubes\cubes_RAW/z04736_y02560_x01408.tif: Cannot open.
TIFFOpen: D:\work\vesuvius-c\PHerc0139-4x21x21-cubes\cubes_RAW/z04864_y02560_x01664.tif: Cannot open.
TIFFOpen: D:\work\vesuvius-c\PHerc0139-4x21x21-cubes\cubes_RAW/z04864_y02560_x01792.tif: Cannot open.
TIFFOpen: D:\work\vesuvius-c\PHerc0139-4x21x21-cubes\cubes_RAW/z04864_y02688_x01792.tif: Cannot open.
TIFFOpen: D:\work\vesuvius-c\PHerc0139-4x21x21-cubes\cubes_RAW/z04864_y02560_x02048.tif: Cannot open.
TIFFOpen: D:\work\vesuvius-c\PHerc0139-4x21x21-cubes\cubes_RAW/z04864_y02688_x02048.tif: Cannot open.
TIFFOpen: D:\work\vesuvius-c\PHerc0139-4x21x21-cubes\cubes_RAW/z04864_y02560_x02176.tif: Cannot open.
TIFFOpen: D:\work\vesuvius-c\PHerc0139-4x21x21-cubes\cubes_RAW/z04864_y02560_x02304.tif: Cannot open.
TIFFOpen: D:\work\vesuvius-c\PHerc0139-4x21x21-cubes\cubes_RAW/z04864_y02688_x02304.tif: Cannot open.
TIFFOpen: D:\work\vesuvius-c\PHerc0139-4x21x21-cubes\cubes_RAW/z04864_y02560_x02432.tif: Cannot open.
TIFFOpen: D:\work\vesuvius-c\PHerc0139-4x21x21-cubes\cubes_RAW/z04864_y02688_x02432.tif: Cannot open.
TIFFOpen: D:\work\vesuvius-c\PHerc0139-4x21x21-cubes\cubes_RAW/z04864_y02688_x02560.tif: Cannot open.
TIFFOpen: D:\work\vesuvius-c\PHerc0139-4x21x21-cubes\cubes_RAW/z04864_y02560_x02688.tif: Cannot open.
TIFFOpen: D:\work\vesuvius-c\PHerc0139-4x21x21-cubes\cubes_RAW/z04864_y02688_x02816.tif: Cannot open.
TIFFOpen: D:\work\vesuvius-c\PHerc0139-4x21x21-cubes\cubes_RAW/z04864_y02688_x03200.tif: Cannot open.
TIFFOpen: D:\work\vesuvius-c\PHerc0139-4x21x21-cubes\cubes_RAW/z04864_y02560_x03328.tif: Cannot open.
TIFFOpen: D:\work\vesuvius-c\PHerc0139-4x21x21-cubes\cubes_RAW/z04864_y02560_x03456.tif: Cannot open.
TIFFOpen: D:\work\vesuvius-c\PHerc0139-4x21x21-cubes\cubes_RAW/z04864_y02560_x03584.tif: Cannot open.
TIFFOpen: D:\work\vesuvius-c\PHerc0139-4x21x21-cubes\cubes_RAW/z04864_y02688_x03584.tif: Cannot open.
TIFFOpen: D:\work\vesuvius-c\PHerc0139-4x21x21-cubes\cubes_RAW/z04864_y02688_x03712.tif: Cannot open.
TIFFOpen: D:\work\vesuvius-c\PHerc0139-4x21x21-cubes\cubes_RAW/z04864_y02688_x03840.tif: Cannot open.
TIFFOpen: D:\work\vesuvius-c\PHerc0139-4x21x21-cubes\cubes_RAW/z04864_y02560_x03968.tif: Cannot open.
TIFFOpen: D:\work\vesuvius-c\PHerc0139-4x21x21-cubes\cubes_RAW/z04864_y02688_x03968.tif: Cannot open.
TIFFOpen: D:\work\vesuvius-c\PHerc0139-4x21x21-cubes\cubes_RAW/z04736_y02560_x04224.tif: Cannot open.
TIFFOpen: D:\work\vesuvius-c\PHerc0139-4x21x21-cubes\cubes_RAW/z04864_y02560_x04096.tif: Cannot open.
TIFFOpen: D:\work\vesuvius-c\PHerc0139-4x21x21-cubes\cubes_RAW/z04864_y02560_x04224.tif: Cannot open.
TIFFOpen: D:\work\vesuvius-c\PHerc0139-4x21x21-cubes\cubes_RAW/z04736_y02688_x01408.tif: Cannot open.
TIFFOpen: D:\work\vesuvius-c\PHerc0139-4x21x21-cubes\cubes_RAW/z04864_y02688_x01536.tif: Cannot open.
TIFFOpen: D:\work\vesuvius-c\PHerc0139-4x21x21-cubes\cubes_RAW/z04864_y02688_x01664.tif: Cannot open.
TIFFOpen: D:\work\vesuvius-c\PHerc0139-4x21x21-cubes\cubes_RAW/z04864_y02688_x01920.tif: Cannot open.
TIFFOpen: D:\work\vesuvius-c\PHerc0139-4x21x21-cubes\cubes_RAW/z04864_y02816_x01792.tif: Cannot open.
TIFFOpen: D:\work\vesuvius-c\PHerc0139-4x21x21-cubes\cubes_RAW/z04864_y02816_x02048.tif: Cannot open.
TIFFOpen: D:\work\vesuvius-c\PHerc0139-4x21x21-cubes\cubes_RAW/z04864_y02688_x02176.tif: Cannot open.
TIFFOpen: D:\work\vesuvius-c\PHerc0139-4x21x21-cubes\cubes_RAW/z04864_y02816_x02432.tif: Cannot open.
TIFFOpen: D:\work\vesuvius-c\PHerc0139-4x21x21-cubes\cubes_RAW/z04864_y02816_x02560.tif: Cannot open.
TIFFOpen: D:\work\vesuvius-c\PHerc0139-4x21x21-cubes\cubes_RAW/z04864_y02688_x02688.tif: Cannot open.
TIFFOpen: D:\work\vesuvius-c\PHerc0139-4x21x21-cubes\cubes_RAW/z04864_y02688_x02944.tif: Cannot open.
TIFFOpen: D:\work\vesuvius-c\PHerc0139-4x21x21-cubes\cubes_RAW/z04864_y02816_x02944.tif: Cannot open.
TIFFOpen: D:\work\vesuvius-c\PHerc0139-4x21x21-cubes\cubes_RAW/z04864_y02688_x03072.tif: Cannot open.
TIFFOpen: D:\work\vesuvius-c\PHerc0139-4x21x21-cubes\cubes_RAW/z04864_y02816_x03072.tif: Cannot open.
TIFFOpen: D:\work\vesuvius-c\PHerc0139-4x21x21-cubes\cubes_RAW/z04864_y02688_x03328.tif: Cannot open.
TIFFOpen: D:\work\vesuvius-c\PHerc0139-4x21x21-cubes\cubes_RAW/z04864_y02688_x03456.tif: Cannot open.
TIFFOpen: D:\work\vesuvius-c\PHerc0139-4x21x21-cubes\cubes_RAW/z04864_y02816_x03456.tif: Cannot open.
TIFFOpen: D:\work\vesuvius-c\PHerc0139-4x21x21-cubes\cubes_RAW/z04864_y02816_x03712.tif: Cannot open.
TIFFOpen: D:\work\vesuvius-c\PHerc0139-4x21x21-cubes\cubes_RAW/z04864_y02816_x03840.tif: Cannot open.
TIFFOpen: D:\work\vesuvius-c\PHerc0139-4x21x21-cubes\cubes_RAW/z04864_y02816_x03968.tif: Cannot open.
TIFFOpen: D:\work\vesuvius-c\PHerc0139-4x21x21-cubes\cubes_RAW/z04864_y02688_x04096.tif: Cannot open.
TIFFOpen: D:\work\vesuvius-c\PHerc0139-4x21x21-cubes\cubes_RAW/z04736_y02688_x04224.tif: Cannot open.
TIFFOpen: D:\work\vesuvius-c\PHerc0139-4x21x21-cubes\cubes_RAW/z04736_y02816_x04224.tif: Cannot open.
TIFFOpen: D:\work\vesuvius-c\PHerc0139-4x21x21-cubes\cubes_RAW/z04864_y02816_x01536.tif: Cannot open.
TIFFOpen: D:\work\vesuvius-c\PHerc0139-4x21x21-cubes\cubes_RAW/z04736_y02816_x01408.tif: Cannot open.
TIFFOpen: D:\work\vesuvius-c\PHerc0139-4x21x21-cubes\cubes_RAW/z04864_y02816_x01664.tif: Cannot open.
TIFFOpen: D:\work\vesuvius-c\PHerc0139-4x21x21-cubes\cubes_RAW/z04864_y02816_x01920.tif: Cannot open.
TIFFOpen: D:\work\vesuvius-c\PHerc0139-4x21x21-cubes\cubes_RAW/z04864_y02944_x01792.tif: Cannot open.
TIFFOpen: D:\work\vesuvius-c\PHerc0139-4x21x21-cubes\cubes_RAW/z04864_y02816_x02176.tif: Cannot open.
TIFFOpen: D:\work\vesuvius-c\PHerc0139-4x21x21-cubes\cubes_RAW/z04864_y02944_x02048.tif: Cannot open.
TIFFOpen: D:\work\vesuvius-c\PHerc0139-4x21x21-cubes\cubes_RAW/z04864_y02944_x02176.tif: Cannot open.
TIFFOpen: D:\work\vesuvius-c\PHerc0139-4x21x21-cubes\cubes_RAW/z04864_y02816_x02304.tif: Cannot open.
TIFFOpen: D:\work\vesuvius-c\PHerc0139-4x21x21-cubes\cubes_RAW/z04864_y02944_x02304.tif: Cannot open.
TIFFOpen: D:\work\vesuvius-c\PHerc0139-4x21x21-cubes\cubes_RAW/z04864_y02944_x02432.tif: Cannot open.
TIFFOpen: D:\work\vesuvius-c\PHerc0139-4x21x21-cubes\cubes_RAW/z04864_y02944_x02560.tif: Cannot open.
TIFFOpen: D:\work\vesuvius-c\PHerc0139-4x21x21-cubes\cubes_RAW/z04864_y02816_x02688.tif: Cannot open.
TIFFOpen: D:\work\vesuvius-c\PHerc0139-4x21x21-cubes\cubes_RAW/z04864_y02944_x02688.tif: Cannot open.
TIFFOpen: D:\work\vesuvius-c\PHerc0139-4x21x21-cubes\cubes_RAW/z04864_y02816_x02816.tif: Cannot open.
TIFFOpen: D:\work\vesuvius-c\PHerc0139-4x21x21-cubes\cubes_RAW/z04864_y02944_x02816.tif: Cannot open.
TIFFOpen: D:\work\vesuvius-c\PHerc0139-4x21x21-cubes\cubes_RAW/z04864_y02944_x02944.tif: Cannot open.
TIFFOpen: D:\work\vesuvius-c\PHerc0139-4x21x21-cubes\cubes_RAW/z04864_y02944_x03072.tif: Cannot open.
TIFFOpen: D:\work\vesuvius-c\PHerc0139-4x21x21-cubes\cubes_RAW/z04864_y02816_x03200.tif: Cannot open.
TIFFOpen: D:\work\vesuvius-c\PHerc0139-4x21x21-cubes\cubes_RAW/z04864_y02816_x03328.tif: Cannot open.
TIFFOpen: D:\work\vesuvius-c\PHerc0139-4x21x21-cubes\cubes_RAW/z04864_y02816_x03584.tif: Cannot open.
TIFFOpen: D:\work\vesuvius-c\PHerc0139-4x21x21-cubes\cubes_RAW/z04864_y02944_x03584.tif: Cannot open.
TIFFOpen: D:\work\vesuvius-c\PHerc0139-4x21x21-cubes\cubes_RAW/z04864_y02944_x03712.tif: Cannot open.
TIFFOpen: D:\work\vesuvius-c\PHerc0139-4x21x21-cubes\cubes_RAW/z04864_y02944_x03840.tif: Cannot open.
TIFFOpen: D:\work\vesuvius-c\PHerc0139-4x21x21-cubes\cubes_RAW/z04864_y02816_x04096.tif: Cannot open.
TIFFOpen: D:\work\vesuvius-c\PHerc0139-4x21x21-cubes\cubes_RAW/z04864_y02816_x04224.tif: Cannot open.
TIFFOpen: D:\work\vesuvius-c\PHerc0139-4x21x21-cubes\cubes_RAW/z04864_y02944_x01536.tif: Cannot open.
TIFFOpen: D:\work\vesuvius-c\PHerc0139-4x21x21-cubes\cubes_RAW/z04864_y02944_x01664.tif: Cannot open.
TIFFOpen: D:\work\vesuvius-c\PHerc0139-4x21x21-cubes\cubes_RAW/z04736_y02944_x01408.tif: Cannot open.
TIFFOpen: D:\work\vesuvius-c\PHerc0139-4x21x21-cubes\cubes_RAW/z04864_y02944_x01920.tif: Cannot open.
TIFFOpen: D:\work\vesuvius-c\PHerc0139-4x21x21-cubes\cubes_RAW/z04864_y03072_x01920.tif: Cannot open.
TIFFOpen: D:\work\vesuvius-c\PHerc0139-4x21x21-cubes\cubes_RAW/z04864_y03072_x02560.tif: Cannot open.
TIFFOpen: D:\work\vesuvius-c\PHerc0139-4x21x21-cubes\cubes_RAW/z04864_y03072_x02688.tif: Cannot open.
TIFFOpen: D:\work\vesuvius-c\PHerc0139-4x21x21-cubes\cubes_RAW/z04864_y03072_x02816.tif: Cannot open.
TIFFOpen: D:\work\vesuvius-c\PHerc0139-4x21x21-cubes\cubes_RAW/z04864_y03072_x02944.tif: Cannot open.
TIFFOpen: D:\work\vesuvius-c\PHerc0139-4x21x21-cubes\cubes_RAW/z04864_y02944_x03200.tif: Cannot open.
TIFFOpen: D:\work\vesuvius-c\PHerc0139-4x21x21-cubes\cubes_RAW/z04864_y03072_x03200.tif: Cannot open.
TIFFOpen: D:\work\vesuvius-c\PHerc0139-4x21x21-cubes\cubes_RAW/z04864_y02944_x03328.tif: Cannot open.
TIFFOpen: D:\work\vesuvius-c\PHerc0139-4x21x21-cubes\cubes_RAW/z04864_y02944_x03456.tif: Cannot open.
TIFFOpen: D:\work\vesuvius-c\PHerc0139-4x21x21-cubes\cubes_RAW/z04864_y03072_x03584.tif: Cannot open.
TIFFOpen: D:\work\vesuvius-c\PHerc0139-4x21x21-cubes\cubes_RAW/z04864_y02944_x03968.tif: Cannot open.
TIFFOpen: D:\work\vesuvius-c\PHerc0139-4x21x21-cubes\cubes_RAW/z04864_y02944_x04096.tif: Cannot open.
TIFFOpen: D:\work\vesuvius-c\PHerc0139-4x21x21-cubes\cubes_RAW/z04864_y02944_x04224.tif: Cannot open.
TIFFOpen: D:\work\vesuvius-c\PHerc0139-4x21x21-cubes\cubes_RAW/z04864_y03072_x04096.tif: Cannot open.
TIFFOpen: D:\work\vesuvius-c\PHerc0139-4x21x21-cubes\cubes_RAW/z04864_y03072_x04224.tif: Cannot open.
TIFFOpen: D:\work\vesuvius-c\PHerc0139-4x21x21-cubes\cubes_RAW/z04864_y03072_x01536.tif: Cannot open.
TIFFOpen: D:\work\vesuvius-c\PHerc0139-4x21x21-cubes\cubes_RAW/z04864_y03072_x01664.tif: Cannot open.
TIFFOpen: D:\work\vesuvius-c\PHerc0139-4x21x21-cubes\cubes_RAW/z04736_y03072_x01408.tif: Cannot open.
TIFFOpen: D:\work\vesuvius-c\PHerc0139-4x21x21-cubes\cubes_RAW/z04864_y03072_x01408.tif: Cannot open.
TIFFOpen: D:\work\vesuvius-c\PHerc0139-4x21x21-cubes\cubes_RAW/z04864_y03072_x01792.tif: Cannot open.
TIFFOpen: D:\work\vesuvius-c\PHerc0139-4x21x21-cubes\cubes_RAW/z04864_y03072_x02048.tif: Cannot open.
TIFFOpen: D:\work\vesuvius-c\PHerc0139-4x21x21-cubes\cubes_RAW/z04864_y03200_x01920.tif: Cannot open.
TIFFOpen: D:\work\vesuvius-c\PHerc0139-4x21x21-cubes\cubes_RAW/z04864_y03072_x02176.tif: Cannot open.
TIFFOpen: D:\work\vesuvius-c\PHerc0139-4x21x21-cubes\cubes_RAW/z04864_y03200_x02048.tif: Cannot open.
TIFFOpen: D:\work\vesuvius-c\PHerc0139-4x21x21-cubes\cubes_RAW/z04864_y03200_x02176.tif: Cannot open.
TIFFOpen: D:\work\vesuvius-c\PHerc0139-4x21x21-cubes\cubes_RAW/z04864_y03072_x02304.tif: Cannot open.
TIFFOpen: D:\work\vesuvius-c\PHerc0139-4x21x21-cubes\cubes_RAW/z04864_y03072_x02432.tif: Cannot open.
TIFFOpen: D:\work\vesuvius-c\PHerc0139-4x21x21-cubes\cubes_RAW/z04864_y03200_x02432.tif: Cannot open.
TIFFOpen: D:\work\vesuvius-c\PHerc0139-4x21x21-cubes\cubes_RAW/z04864_y03200_x02560.tif: Cannot open.
TIFFOpen: D:\work\vesuvius-c\PHerc0139-4x21x21-cubes\cubes_RAW/z04864_y03200_x02816.tif: Cannot open.
TIFFOpen: D:\work\vesuvius-c\PHerc0139-4x21x21-cubes\cubes_RAW/z04864_y03200_x02944.tif: Cannot open.
TIFFOpen: D:\work\vesuvius-c\PHerc0139-4x21x21-cubes\cubes_RAW/z04864_y03072_x03072.tif: Cannot open.
TIFFOpen: D:\work\vesuvius-c\PHerc0139-4x21x21-cubes\cubes_RAW/z04864_y03200_x03072.tif: Cannot open.
TIFFOpen: D:\work\vesuvius-c\PHerc0139-4x21x21-cubes\cubes_RAW/z04864_y03072_x03328.tif: Cannot open.
TIFFOpen: D:\work\vesuvius-c\PHerc0139-4x21x21-cubes\cubes_RAW/z04864_y03072_x03456.tif: Cannot open.
TIFFOpen: D:\work\vesuvius-c\PHerc0139-4x21x21-cubes\cubes_RAW/z04864_y03072_x03712.tif: Cannot open.
TIFFOpen: D:\work\vesuvius-c\PHerc0139-4x21x21-cubes\cubes_RAW/z04864_y03072_x03840.tif: Cannot open.
TIFFOpen: D:\work\vesuvius-c\PHerc0139-4x21x21-cubes\cubes_RAW/z04864_y03072_x03968.tif: Cannot open.
TIFFOpen: D:\work\vesuvius-c\PHerc0139-4x21x21-cubes\cubes_RAW/z04736_y03200_x04224.tif: Cannot open.
TIFFOpen: D:\work\vesuvius-c\PHerc0139-4x21x21-cubes\cubes_RAW/z04864_y03200_x01536.tif: Cannot open.
TIFFOpen: D:\work\vesuvius-c\PHerc0139-4x21x21-cubes\cubes_RAW/z04736_y03328_x01408.tif: Cannot open.
TIFFOpen: D:\work\vesuvius-c\PHerc0139-4x21x21-cubes\cubes_RAW/z04864_y03200_x01408.tif: Cannot open.
TIFFOpen: D:\work\vesuvius-c\PHerc0139-4x21x21-cubes\cubes_RAW/z04864_y03200_x01664.tif: Cannot open.
TIFFOpen: D:\work\vesuvius-c\PHerc0139-4x21x21-cubes\cubes_RAW/z04864_y03200_x01792.tif: Cannot open.
TIFFOpen: D:\work\vesuvius-c\PHerc0139-4x21x21-cubes\cubes_RAW/z04864_y03200_x02304.tif: Cannot open.
TIFFOpen: D:\work\vesuvius-c\PHerc0139-4x21x21-cubes\cubes_RAW/z04864_y03200_x02688.tif: Cannot open.
TIFFOpen: D:\work\vesuvius-c\PHerc0139-4x21x21-cubes\cubes_RAW/z04864_y03200_x03200.tif: Cannot open.
TIFFOpen: D:\work\vesuvius-c\PHerc0139-4x21x21-cubes\cubes_RAW/z04864_y03200_x03328.tif: Cannot open.
TIFFOpen: D:\work\vesuvius-c\PHerc0139-4x21x21-cubes\cubes_RAW/z04864_y03200_x03456.tif: Cannot open.
TIFFOpen: D:\work\vesuvius-c\PHerc0139-4x21x21-cubes\cubes_RAW/z04864_y03200_x03584.tif: Cannot open.
TIFFOpen: D:\work\vesuvius-c\PHerc0139-4x21x21-cubes\cubes_RAW/z04864_y03200_x03712.tif: Cannot open.
TIFFOpen: D:\work\vesuvius-c\PHerc0139-4x21x21-cubes\cubes_RAW/z04864_y03200_x03840.tif: Cannot open.
TIFFOpen: D:\work\vesuvius-c\PHerc0139-4x21x21-cubes\cubes_RAW/z04864_y03200_x03968.tif: Cannot open.
TIFFOpen: D:\work\vesuvius-c\PHerc0139-4x21x21-cubes\cubes_RAW/z04864_y03200_x04096.tif: Cannot open.
TIFFOpen: D:\work\vesuvius-c\PHerc0139-4x21x21-cubes\cubes_RAW/z04864_y03200_x04224.tif: Cannot open.
TIFFOpen: D:\work\vesuvius-c\PHerc0139-4x21x21-cubes\cubes_RAW/z04864_y03328_x01536.tif: Cannot open.
TIFFOpen: D:\work\vesuvius-c\PHerc0139-4x21x21-cubes\cubes_RAW/z04864_y03328_x01664.tif: Cannot open.
TIFFOpen: D:\work\vesuvius-c\PHerc0139-4x21x21-cubes\cubes_RAW/z04864_y03328_x01792.tif: Cannot open.
TIFFOpen: D:\work\vesuvius-c\PHerc0139-4x21x21-cubes\cubes_RAW/z04864_y03328_x01920.tif: Cannot open.
TIFFOpen: D:\work\vesuvius-c\PHerc0139-4x21x21-cubes\cubes_RAW/z04864_y03328_x02048.tif: Cannot open.
TIFFOpen: D:\work\vesuvius-c\PHerc0139-4x21x21-cubes\cubes_RAW/z04864_y03328_x02176.tif: Cannot open.
TIFFOpen: D:\work\vesuvius-c\PHerc0139-4x21x21-cubes\cubes_RAW/z04864_y03328_x02304.tif: Cannot open.
TIFFOpen: D:\work\vesuvius-c\PHerc0139-4x21x21-cubes\cubes_RAW/z04864_y03328_x02432.tif: Cannot open.
TIFFOpen: D:\work\vesuvius-c\PHerc0139-4x21x21-cubes\cubes_RAW/z04864_y03328_x02560.tif: Cannot open.
TIFFOpen: D:\work\vesuvius-c\PHerc0139-4x21x21-cubes\cubes_RAW/z04864_y03328_x02688.tif: Cannot open.
TIFFOpen: D:\work\vesuvius-c\PHerc0139-4x21x21-cubes\cubes_RAW/z04864_y03328_x02816.tif: Cannot open.
TIFFOpen: D:\work\vesuvius-c\PHerc0139-4x21x21-cubes\cubes_RAW/z04864_y03328_x02944.tif: Cannot open.
TIFFOpen: D:\work\vesuvius-c\PHerc0139-4x21x21-cubes\cubes_RAW/z04864_y03328_x03072.tif: Cannot open.
TIFFOpen: D:\work\vesuvius-c\PHerc0139-4x21x21-cubes\cubes_RAW/z04864_y03328_x03200.tif: Cannot open.
TIFFOpen: D:\work\vesuvius-c\PHerc0139-4x21x21-cubes\cubes_RAW/z04864_y03328_x03328.tif: Cannot open.
TIFFOpen: D:\work\vesuvius-c\PHerc0139-4x21x21-cubes\cubes_RAW/z04864_y03328_x03456.tif: Cannot open.
TIFFOpen: D:\work\vesuvius-c\PHerc0139-4x21x21-cubes\cubes_RAW/z04864_y03328_x03584.tif: Cannot open.
TIFFOpen: D:\work\vesuvius-c\PHerc0139-4x21x21-cubes\cubes_RAW/z04864_y03328_x03712.tif: Cannot open.
TIFFOpen: D:\work\vesuvius-c\PHerc0139-4x21x21-cubes\cubes_RAW/z04864_y03328_x03840.tif: Cannot open.
TIFFOpen: D:\work\vesuvius-c\PHerc0139-4x21x21-cubes\cubes_RAW/z04864_y03328_x03968.tif: Cannot open.
TIFFOpen: D:\work\vesuvius-c\PHerc0139-4x21x21-cubes\cubes_RAW/z04864_y03328_x04096.tif: Cannot open.
TIFFOpen: D:\work\vesuvius-c\PHerc0139-4x21x21-cubes\cubes_RAW/z04864_y03456_x01536.tif: Cannot open.
TIFFOpen: D:\work\vesuvius-c\PHerc0139-4x21x21-cubes\cubes_RAW/z04864_y03456_x01408.tif: Cannot open.
TIFFOpen: D:\work\vesuvius-c\PHerc0139-4x21x21-cubes\cubes_RAW/z04864_y03456_x01664.tif: Cannot open.
TIFFOpen: D:\work\vesuvius-c\PHerc0139-4x21x21-cubes\cubes_RAW/z04864_y03456_x01792.tif: Cannot open.
TIFFOpen: D:\work\vesuvius-c\PHerc0139-4x21x21-cubes\cubes_RAW/z04864_y03456_x01920.tif: Cannot open.
TIFFOpen: D:\work\vesuvius-c\PHerc0139-4x21x21-cubes\cubes_RAW/z04864_y03456_x02048.tif: Cannot open.
TIFFOpen: D:\work\vesuvius-c\PHerc0139-4x21x21-cubes\cubes_RAW/z04864_y03456_x02176.tif: Cannot open.
TIFFOpen: D:\work\vesuvius-c\PHerc0139-4x21x21-cubes\cubes_RAW/z04864_y03456_x02304.tif: Cannot open.
TIFFOpen: D:\work\vesuvius-c\PHerc0139-4x21x21-cubes\cubes_RAW/z04864_y03456_x02432.tif: Cannot open.
TIFFOpen: D:\work\vesuvius-c\PHerc0139-4x21x21-cubes\cubes_RAW/z04864_y03456_x02560.tif: Cannot open.
TIFFOpen: D:\work\vesuvius-c\PHerc0139-4x21x21-cubes\cubes_RAW/z04864_y03456_x02688.tif: Cannot open.
TIFFOpen: D:\work\vesuvius-c\PHerc0139-4x21x21-cubes\cubes_RAW/z04864_y03584_x02560.tif: Cannot open.
TIFFOpen: D:\work\vesuvius-c\PHerc0139-4x21x21-cubes\cubes_RAW/z04864_y03456_x02816.tif: Cannot open.
TIFFOpen: D:\work\vesuvius-c\PHerc0139-4x21x21-cubes\cubes_RAW/z04864_y03456_x02944.tif: Cannot open.
TIFFOpen: D:\work\vesuvius-c\PHerc0139-4x21x21-cubes\cubes_RAW/z04864_y03456_x03072.tif: Cannot open.
TIFFOpen: D:\work\vesuvius-c\PHerc0139-4x21x21-cubes\cubes_RAW/z04864_y03456_x03200.tif: Cannot open.
TIFFOpen: D:\work\vesuvius-c\PHerc0139-4x21x21-cubes\cubes_RAW/z04864_y03456_x03328.tif: Cannot open.
TIFFOpen: D:\work\vesuvius-c\PHerc0139-4x21x21-cubes\cubes_RAW/z04864_y03456_x03456.tif: Cannot open.
TIFFOpen: D:\work\vesuvius-c\PHerc0139-4x21x21-cubes\cubes_RAW/z04864_y03456_x03584.tif: Cannot open.
TIFFOpen: D:\work\vesuvius-c\PHerc0139-4x21x21-cubes\cubes_RAW/z04864_y03456_x03712.tif: Cannot open.
TIFFOpen: D:\work\vesuvius-c\PHerc0139-4x21x21-cubes\cubes_RAW/z04864_y03456_x03840.tif: Cannot open.
TIFFOpen: D:\work\vesuvius-c\PHerc0139-4x21x21-cubes\cubes_RAW/z04864_y03456_x03968.tif: Cannot open.
TIFFOpen: D:\work\vesuvius-c\PHerc0139-4x21x21-cubes\cubes_RAW/z04864_y03456_x04096.tif: Cannot open.
TIFFOpen: D:\work\vesuvius-c\PHerc0139-4x21x21-cubes\cubes_RAW/z04864_y03584_x01536.tif: Cannot open.
TIFFOpen: D:\work\vesuvius-c\PHerc0139-4x21x21-cubes\cubes_RAW/z04864_y03712_x01536.tif: Cannot open.
TIFFOpen: D:\work\vesuvius-c\PHerc0139-4x21x21-cubes\cubes_RAW/z04864_y03584_x01664.tif: Cannot open.
TIFFOpen: D:\work\vesuvius-c\PHerc0139-4x21x21-cubes\cubes_RAW/z04864_y03584_x01792.tif: Cannot open.
TIFFOpen: D:\work\vesuvius-c\PHerc0139-4x21x21-cubes\cubes_RAW/z04864_y03584_x01920.tif: Cannot open.
TIFFOpen: D:\work\vesuvius-c\PHerc0139-4x21x21-cubes\cubes_RAW/z04864_y03584_x02048.tif: Cannot open.
TIFFOpen: D:\work\vesuvius-c\PHerc0139-4x21x21-cubes\cubes_RAW/z04864_y03584_x02176.tif: Cannot open.
TIFFOpen: D:\work\vesuvius-c\PHerc0139-4x21x21-cubes\cubes_RAW/z04864_y03584_x02304.tif: Cannot open.
TIFFOpen: D:\work\vesuvius-c\PHerc0139-4x21x21-cubes\cubes_RAW/z04864_y03584_x02432.tif: Cannot open.
TIFFOpen: D:\work\vesuvius-c\PHerc0139-4x21x21-cubes\cubes_RAW/z04864_y03584_x02688.tif: Cannot open.
TIFFOpen: D:\work\vesuvius-c\PHerc0139-4x21x21-cubes\cubes_RAW/z04864_y03584_x02816.tif: Cannot open.
TIFFOpen: D:\work\vesuvius-c\PHerc0139-4x21x21-cubes\cubes_RAW/z04864_y03712_x02816.tif: Cannot open.
TIFFOpen: D:\work\vesuvius-c\PHerc0139-4x21x21-cubes\cubes_RAW/z04864_y03584_x02944.tif: Cannot open.
TIFFOpen: D:\work\vesuvius-c\PHerc0139-4x21x21-cubes\cubes_RAW/z04864_y03584_x03072.tif: Cannot open.
TIFFOpen: D:\work\vesuvius-c\PHerc0139-4x21x21-cubes\cubes_RAW/z04864_y03712_x03072.tif: Cannot open.
TIFFOpen: D:\work\vesuvius-c\PHerc0139-4x21x21-cubes\cubes_RAW/z04864_y03584_x03200.tif: Cannot open.
TIFFOpen: D:\work\vesuvius-c\PHerc0139-4x21x21-cubes\cubes_RAW/z04864_y03712_x03200.tif: Cannot open.
TIFFOpen: D:\work\vesuvius-c\PHerc0139-4x21x21-cubes\cubes_RAW/z04864_y03584_x03328.tif: Cannot open.
TIFFOpen: D:\work\vesuvius-c\PHerc0139-4x21x21-cubes\cubes_RAW/z04864_y03712_x03328.tif: Cannot open.
TIFFOpen: D:\work\vesuvius-c\PHerc0139-4x21x21-cubes\cubes_RAW/z04864_y03584_x03456.tif: Cannot open.
TIFFOpen: D:\work\vesuvius-c\PHerc0139-4x21x21-cubes\cubes_RAW/z04864_y03584_x03584.tif: Cannot open.
TIFFOpen: D:\work\vesuvius-c\PHerc0139-4x21x21-cubes\cubes_RAW/z04864_y03584_x03712.tif: Cannot open.
TIFFOpen: D:\work\vesuvius-c\PHerc0139-4x21x21-cubes\cubes_RAW/z04864_y03584_x03840.tif: Cannot open.
TIFFOpen: D:\work\vesuvius-c\PHerc0139-4x21x21-cubes\cubes_RAW/z04864_y03584_x03968.tif: Cannot open.
TIFFOpen: D:\work\vesuvius-c\PHerc0139-4x21x21-cubes\cubes_RAW/z04864_y03584_x04096.tif: Cannot open.
TIFFOpen: D:\work\vesuvius-c\PHerc0139-4x21x21-cubes\cubes_RAW/z04736_y03584_x04224.tif: Cannot open.
TIFFOpen: D:\work\vesuvius-c\PHerc0139-4x21x21-cubes\cubes_RAW/z04736_y03712_x04224.tif: Cannot open.
TIFFOpen: D:\work\vesuvius-c\PHerc0139-4x21x21-cubes\cubes_RAW/z04864_y03712_x01664.tif: Cannot open.
TIFFOpen: D:\work\vesuvius-c\PHerc0139-4x21x21-cubes\cubes_RAW/z04864_y03712_x01408.tif: Cannot open.
TIFFOpen: D:\work\vesuvius-c\PHerc0139-4x21x21-cubes\cubes_RAW/z04864_y03712_x01792.tif: Cannot open.
TIFFOpen: D:\work\vesuvius-c\PHerc0139-4x21x21-cubes\cubes_RAW/z04864_y03712_x01920.tif: Cannot open.
TIFFOpen: D:\work\vesuvius-c\PHerc0139-4x21x21-cubes\cubes_RAW/z04864_y03712_x02048.tif: Cannot open.
TIFFOpen: D:\work\vesuvius-c\PHerc0139-4x21x21-cubes\cubes_RAW/z04864_y03712_x02176.tif: Cannot open.
TIFFOpen: D:\work\vesuvius-c\PHerc0139-4x21x21-cubes\cubes_RAW/z04864_y03840_x02176.tif: Cannot open.
TIFFOpen: D:\work\vesuvius-c\PHerc0139-4x21x21-cubes\cubes_RAW/z04864_y03712_x02304.tif: Cannot open.
TIFFOpen: D:\work\vesuvius-c\PHerc0139-4x21x21-cubes\cubes_RAW/z04864_y03840_x02304.tif: Cannot open.
TIFFOpen: D:\work\vesuvius-c\PHerc0139-4x21x21-cubes\cubes_RAW/z04864_y03712_x02432.tif: Cannot open.
TIFFOpen: D:\work\vesuvius-c\PHerc0139-4x21x21-cubes\cubes_RAW/z04864_y03712_x02560.tif: Cannot open.
TIFFOpen: D:\work\vesuvius-c\PHerc0139-4x21x21-cubes\cubes_RAW/z04864_y03712_x02688.tif: Cannot open.
TIFFOpen: D:\work\vesuvius-c\PHerc0139-4x21x21-cubes\cubes_RAW/z04864_y03712_x02944.tif: Cannot open.
TIFFOpen: D:\work\vesuvius-c\PHerc0139-4x21x21-cubes\cubes_RAW/z04864_y03840_x02944.tif: Cannot open.
TIFFOpen: D:\work\vesuvius-c\PHerc0139-4x21x21-cubes\cubes_RAW/z04864_y03840_x03072.tif: Cannot open.
TIFFOpen: D:\work\vesuvius-c\PHerc0139-4x21x21-cubes\cubes_RAW/z04864_y03840_x03328.tif: Cannot open.
TIFFOpen: D:\work\vesuvius-c\PHerc0139-4x21x21-cubes\cubes_RAW/z04864_y03712_x03456.tif: Cannot open.
TIFFOpen: D:\work\vesuvius-c\PHerc0139-4x21x21-cubes\cubes_RAW/z04864_y03840_x03456.tif: Cannot open.
TIFFOpen: D:\work\vesuvius-c\PHerc0139-4x21x21-cubes\cubes_RAW/z04864_y03712_x03584.tif: Cannot open.
TIFFOpen: D:\work\vesuvius-c\PHerc0139-4x21x21-cubes\cubes_RAW/z04864_y03712_x03712.tif: Cannot open.
TIFFOpen: D:\work\vesuvius-c\PHerc0139-4x21x21-cubes\cubes_RAW/z04864_y03712_x03840.tif: Cannot open.
TIFFOpen: D:\work\vesuvius-c\PHerc0139-4x21x21-cubes\cubes_RAW/z04864_y03712_x03968.tif: Cannot open.
TIFFOpen: D:\work\vesuvius-c\PHerc0139-4x21x21-cubes\cubes_RAW/z04864_y03712_x04096.tif: Cannot open.
TIFFOpen: D:\work\vesuvius-c\PHerc0139-4x21x21-cubes\cubes_RAW/z04736_y03840_x04224.tif: Cannot open.
TIFFOpen: D:\work\vesuvius-c\PHerc0139-4x21x21-cubes\cubes_RAW/z04864_y03840_x01536.tif: Cannot open.
TIFFOpen: D:\work\vesuvius-c\PHerc0139-4x21x21-cubes\cubes_RAW/z04864_y03840_x01408.tif: Cannot open.
TIFFOpen: D:\work\vesuvius-c\PHerc0139-4x21x21-cubes\cubes_RAW/z04864_y03840_x01664.tif: Cannot open.
TIFFOpen: D:\work\vesuvius-c\PHerc0139-4x21x21-cubes\cubes_RAW/z04864_y03840_x01792.tif: Cannot open.
TIFFOpen: D:\work\vesuvius-c\PHerc0139-4x21x21-cubes\cubes_RAW/z04864_y03840_x01920.tif: Cannot open.
TIFFOpen: D:\work\vesuvius-c\PHerc0139-4x21x21-cubes\cubes_RAW/z04864_y03840_x02048.tif: Cannot open.
TIFFOpen: D:\work\vesuvius-c\PHerc0139-4x21x21-cubes\cubes_RAW/z04864_y03968_x02176.tif: Cannot open.
TIFFOpen: D:\work\vesuvius-c\PHerc0139-4x21x21-cubes\cubes_RAW/z04864_y03968_x02304.tif: Cannot open.
TIFFOpen: D:\work\vesuvius-c\PHerc0139-4x21x21-cubes\cubes_RAW/z04864_y03840_x02432.tif: Cannot open.
TIFFOpen: D:\work\vesuvius-c\PHerc0139-4x21x21-cubes\cubes_RAW/z04864_y03968_x02432.tif: Cannot open.
TIFFOpen: D:\work\vesuvius-c\PHerc0139-4x21x21-cubes\cubes_RAW/z04864_y03840_x02560.tif: Cannot open.
TIFFOpen: D:\work\vesuvius-c\PHerc0139-4x21x21-cubes\cubes_RAW/z04864_y03968_x02560.tif: Cannot open.
TIFFOpen: D:\work\vesuvius-c\PHerc0139-4x21x21-cubes\cubes_RAW/z04864_y03840_x02688.tif: Cannot open.
TIFFOpen: D:\work\vesuvius-c\PHerc0139-4x21x21-cubes\cubes_RAW/z04864_y03968_x02688.tif: Cannot open.
TIFFOpen: D:\work\vesuvius-c\PHerc0139-4x21x21-cubes\cubes_RAW/z04864_y03840_x02816.tif: Cannot open.
TIFFOpen: D:\work\vesuvius-c\PHerc0139-4x21x21-cubes\cubes_RAW/z04864_y03968_x02816.tif: Cannot open.
TIFFOpen: D:\work\vesuvius-c\PHerc0139-4x21x21-cubes\cubes_RAW/z04864_y03968_x02944.tif: Cannot open.
TIFFOpen: D:\work\vesuvius-c\PHerc0139-4x21x21-cubes\cubes_RAW/z04864_y03968_x03072.tif: Cannot open.
TIFFOpen: D:\work\vesuvius-c\PHerc0139-4x21x21-cubes\cubes_RAW/z04864_y03840_x03200.tif: Cannot open.
TIFFOpen: D:\work\vesuvius-c\PHerc0139-4x21x21-cubes\cubes_RAW/z04864_y03968_x03456.tif: Cannot open.
TIFFOpen: D:\work\vesuvius-c\PHerc0139-4x21x21-cubes\cubes_RAW/z04864_y03840_x03584.tif: Cannot open.
TIFFOpen: D:\work\vesuvius-c\PHerc0139-4x21x21-cubes\cubes_RAW/z04864_y03968_x03584.tif: Cannot open.
TIFFOpen: D:\work\vesuvius-c\PHerc0139-4x21x21-cubes\cubes_RAW/z04864_y03840_x03712.tif: Cannot open.
TIFFOpen: D:\work\vesuvius-c\PHerc0139-4x21x21-cubes\cubes_RAW/z04864_y03840_x03840.tif: Cannot open.
TIFFOpen: D:\work\vesuvius-c\PHerc0139-4x21x21-cubes\cubes_RAW/z04864_y03840_x03968.tif: Cannot open.
TIFFOpen: D:\work\vesuvius-c\PHerc0139-4x21x21-cubes\cubes_RAW/z04864_y03840_x04096.tif: Cannot open.
TIFFOpen: D:\work\vesuvius-c\PHerc0139-4x21x21-cubes\cubes_RAW/z04864_y03968_x01536.tif: Cannot open.
TIFFOpen: D:\work\vesuvius-c\PHerc0139-4x21x21-cubes\cubes_RAW/z04864_y04096_x01536.tif: Cannot open.
TIFFOpen: D:\work\vesuvius-c\PHerc0139-4x21x21-cubes\cubes_RAW/z04864_y03968_x01664.tif: Cannot open.
TIFFOpen: D:\work\vesuvius-c\PHerc0139-4x21x21-cubes\cubes_RAW/z04864_y03968_x01792.tif: Cannot open.
TIFFOpen: D:\work\vesuvius-c\PHerc0139-4x21x21-cubes\cubes_RAW/z04864_y03968_x01920.tif: Cannot open.
TIFFOpen: D:\work\vesuvius-c\PHerc0139-4x21x21-cubes\cubes_RAW/z04864_y04096_x01920.tif: Cannot open.
TIFFOpen: D:\work\vesuvius-c\PHerc0139-4x21x21-cubes\cubes_RAW/z04864_y03968_x02048.tif: Cannot open.
TIFFOpen: D:\work\vesuvius-c\PHerc0139-4x21x21-cubes\cubes_RAW/z04864_y04096_x02176.tif: Cannot open.
TIFFOpen: D:\work\vesuvius-c\PHerc0139-4x21x21-cubes\cubes_RAW/z04864_y04096_x02304.tif: Cannot open.
TIFFOpen: D:\work\vesuvius-c\PHerc0139-4x21x21-cubes\cubes_RAW/z04864_y04096_x02560.tif: Cannot open.
TIFFOpen: D:\work\vesuvius-c\PHerc0139-4x21x21-cubes\cubes_RAW/z04864_y04096_x02688.tif: Cannot open.
TIFFOpen: D:\work\vesuvius-c\PHerc0139-4x21x21-cubes\cubes_RAW/z04864_y04096_x02816.tif: Cannot open.
TIFFOpen: D:\work\vesuvius-c\PHerc0139-4x21x21-cubes\cubes_RAW/z04864_y04096_x02944.tif: Cannot open.
TIFFOpen: D:\work\vesuvius-c\PHerc0139-4x21x21-cubes\cubes_RAW/z04864_y04096_x03072.tif: Cannot open.
TIFFOpen: D:\work\vesuvius-c\PHerc0139-4x21x21-cubes\cubes_RAW/z04864_y03968_x03200.tif: Cannot open.
TIFFOpen: D:\work\vesuvius-c\PHerc0139-4x21x21-cubes\cubes_RAW/z04864_y04096_x03200.tif: Cannot open.
TIFFOpen: D:\work\vesuvius-c\PHerc0139-4x21x21-cubes\cubes_RAW/z04864_y03968_x03328.tif: Cannot open.
TIFFOpen: D:\work\vesuvius-c\PHerc0139-4x21x21-cubes\cubes_RAW/z04864_y04096_x03584.tif: Cannot open.
TIFFOpen: D:\work\vesuvius-c\PHerc0139-4x21x21-cubes\cubes_RAW/z04864_y03968_x03712.tif: Cannot open.
TIFFOpen: D:\work\vesuvius-c\PHerc0139-4x21x21-cubes\cubes_RAW/z04864_y03968_x03840.tif: Cannot open.
TIFFOpen: D:\work\vesuvius-c\PHerc0139-4x21x21-cubes\cubes_RAW/z04864_y04096_x03840.tif: Cannot open.
TIFFOpen: D:\work\vesuvius-c\PHerc0139-4x21x21-cubes\cubes_RAW/z04864_y03968_x03968.tif: Cannot open.
TIFFOpen: D:\work\vesuvius-c\PHerc0139-4x21x21-cubes\cubes_RAW/z04864_y04096_x03968.tif: Cannot open.
TIFFOpen: D:\work\vesuvius-c\PHerc0139-4x21x21-cubes\cubes_RAW/z04736_y03968_x04224.tif: Cannot open.
TIFFOpen: D:\work\vesuvius-c\PHerc0139-4x21x21-cubes\cubes_RAW/z04864_y03968_x04096.tif: Cannot open.
TIFFOpen: D:\work\vesuvius-c\PHerc0139-4x21x21-cubes\cubes_RAW/z04736_y04096_x04224.tif: Cannot open.
TIFFOpen: D:\work\vesuvius-c\PHerc0139-4x21x21-cubes\cubes_RAW/z04736_y04096_x01408.tif: Cannot open.
TIFFOpen: D:\work\vesuvius-c\PHerc0139-4x21x21-cubes\cubes_RAW/z04736_y04224_x01408.tif: Cannot open.
TIFFOpen: D:\work\vesuvius-c\PHerc0139-4x21x21-cubes\cubes_RAW/z04864_y04224_x01536.tif: Cannot open.
TIFFOpen: D:\work\vesuvius-c\PHerc0139-4x21x21-cubes\cubes_RAW/z04864_y04096_x01408.tif: Cannot open.
TIFFOpen: D:\work\vesuvius-c\PHerc0139-4x21x21-cubes\cubes_RAW/z04864_y04096_x01664.tif: Cannot open.
TIFFOpen: D:\work\vesuvius-c\PHerc0139-4x21x21-cubes\cubes_RAW/z04864_y04224_x01664.tif: Cannot open.
TIFFOpen: D:\work\vesuvius-c\PHerc0139-4x21x21-cubes\cubes_RAW/z04864_y04096_x01792.tif: Cannot open.
TIFFOpen: D:\work\vesuvius-c\PHerc0139-4x21x21-cubes\cubes_RAW/z04864_y04224_x01792.tif: Cannot open.
TIFFOpen: D:\work\vesuvius-c\PHerc0139-4x21x21-cubes\cubes_RAW/z04864_y04224_x01920.tif: Cannot open.
TIFFOpen: D:\work\vesuvius-c\PHerc0139-4x21x21-cubes\cubes_RAW/z04864_y04096_x02048.tif: Cannot open.
TIFFOpen: D:\work\vesuvius-c\PHerc0139-4x21x21-cubes\cubes_RAW/z04864_y04224_x02048.tif: Cannot open.
TIFFOpen: D:\work\vesuvius-c\PHerc0139-4x21x21-cubes\cubes_RAW/z04864_y04224_x02176.tif: Cannot open.
TIFFOpen: D:\work\vesuvius-c\PHerc0139-4x21x21-cubes\cubes_RAW/z04864_y04224_x02304.tif: Cannot open.
TIFFOpen: D:\work\vesuvius-c\PHerc0139-4x21x21-cubes\cubes_RAW/z04864_y04096_x02432.tif: Cannot open.
TIFFOpen: D:\work\vesuvius-c\PHerc0139-4x21x21-cubes\cubes_RAW/z04864_y04224_x02560.tif: Cannot open.
TIFFOpen: D:\work\vesuvius-c\PHerc0139-4x21x21-cubes\cubes_RAW/z04864_y04224_x02816.tif: Cannot open.
TIFFOpen: D:\work\vesuvius-c\PHerc0139-4x21x21-cubes\cubes_RAW/z04864_y04224_x02944.tif: Cannot open.
TIFFOpen: D:\work\vesuvius-c\PHerc0139-4x21x21-cubes\cubes_RAW/z04864_y04224_x03072.tif: Cannot open.
TIFFOpen: D:\work\vesuvius-c\PHerc0139-4x21x21-cubes\cubes_RAW/z04864_y04224_x03200.tif: Cannot open.
TIFFOpen: D:\work\vesuvius-c\PHerc0139-4x21x21-cubes\cubes_RAW/z04864_y04096_x03328.tif: Cannot open.
TIFFOpen: D:\work\vesuvius-c\PHerc0139-4x21x21-cubes\cubes_RAW/z04864_y04224_x03328.tif: Cannot open.
TIFFOpen: D:\work\vesuvius-c\PHerc0139-4x21x21-cubes\cubes_RAW/z04864_y04096_x03456.tif: Cannot open.
TIFFOpen: D:\work\vesuvius-c\PHerc0139-4x21x21-cubes\cubes_RAW/z04864_y04224_x03584.tif: Cannot open.
TIFFOpen: D:\work\vesuvius-c\PHerc0139-4x21x21-cubes\cubes_RAW/z04864_y04096_x03712.tif: Cannot open.
TIFFOpen: D:\work\vesuvius-c\PHerc0139-4x21x21-cubes\cubes_RAW/z04864_y04224_x03968.tif: Cannot open.
TIFFOpen: D:\work\vesuvius-c\PHerc0139-4x21x21-cubes\cubes_RAW/z04864_y04096_x04096.tif: Cannot open.
TIFFOpen: D:\work\vesuvius-c\PHerc0139-4x21x21-cubes\cubes_RAW/z04864_y04352_x01920.tif: Cannot open.
TIFFOpen: D:\work\vesuvius-c\PHerc0139-4x21x21-cubes\cubes_RAW/z04864_y04352_x02048.tif: Cannot open.
TIFFOpen: D:\work\vesuvius-c\PHerc0139-4x21x21-cubes\cubes_RAW/z04864_y04352_x02176.tif: Cannot open.
TIFFOpen: D:\work\vesuvius-c\PHerc0139-4x21x21-cubes\cubes_RAW/z04864_y04352_x02304.tif: Cannot open.
TIFFOpen: D:\work\vesuvius-c\PHerc0139-4x21x21-cubes\cubes_RAW/z04864_y04224_x02432.tif: Cannot open.
TIFFOpen: D:\work\vesuvius-c\PHerc0139-4x21x21-cubes\cubes_RAW/z04864_y04352_x02432.tif: Cannot open.
TIFFOpen: D:\work\vesuvius-c\PHerc0139-4x21x21-cubes\cubes_RAW/z04864_y04352_x02560.tif: Cannot open.
TIFFOpen: D:\work\vesuvius-c\PHerc0139-4x21x21-cubes\cubes_RAW/z04864_y04224_x02688.tif: Cannot open.
TIFFOpen: D:\work\vesuvius-c\PHerc0139-4x21x21-cubes\cubes_RAW/z04864_y04352_x02816.tif: Cannot open.
TIFFOpen: D:\work\vesuvius-c\PHerc0139-4x21x21-cubes\cubes_RAW/z04864_y04352_x02944.tif: Cannot open.
TIFFOpen: D:\work\vesuvius-c\PHerc0139-4x21x21-cubes\cubes_RAW/z04864_y04352_x03072.tif: Cannot open.
TIFFOpen: D:\work\vesuvius-c\PHerc0139-4x21x21-cubes\cubes_RAW/z04864_y04352_x03200.tif: Cannot open.
TIFFOpen: D:\work\vesuvius-c\PHerc0139-4x21x21-cubes\cubes_RAW/z04864_y04352_x03328.tif: Cannot open.
TIFFOpen: D:\work\vesuvius-c\PHerc0139-4x21x21-cubes\cubes_RAW/z04864_y04224_x03456.tif: Cannot open.
TIFFOpen: D:\work\vesuvius-c\PHerc0139-4x21x21-cubes\cubes_RAW/z04864_y04352_x03456.tif: Cannot open.
TIFFOpen: D:\work\vesuvius-c\PHerc0139-4x21x21-cubes\cubes_RAW/z04864_y04224_x03712.tif: Cannot open.
TIFFOpen: D:\work\vesuvius-c\PHerc0139-4x21x21-cubes\cubes_RAW/z04864_y04352_x03712.tif: Cannot open.
TIFFOpen: D:\work\vesuvius-c\PHerc0139-4x21x21-cubes\cubes_RAW/z04864_y04224_x03840.tif: Cannot open.
TIFFOpen: D:\work\vesuvius-c\PHerc0139-4x21x21-cubes\cubes_RAW/z04864_y04352_x03840.tif: Cannot open.
TIFFOpen: D:\work\vesuvius-c\PHerc0139-4x21x21-cubes\cubes_RAW/z04864_y04352_x03968.tif: Cannot open.
TIFFOpen: D:\work\vesuvius-c\PHerc0139-4x21x21-cubes\cubes_RAW/z04864_y04224_x04096.tif: Cannot open.
TIFFOpen: D:\work\vesuvius-c\PHerc0139-4x21x21-cubes\cubes_RAW/z04736_y04224_x04224.tif: Cannot open.
TIFFOpen: D:\work\vesuvius-c\PHerc0139-4x21x21-cubes\cubes_RAW/z04864_y04352_x04096.tif: Cannot open.
TIFFOpen: D:\work\vesuvius-c\PHerc0139-4x21x21-cubes\cubes_RAW/z04736_y04352_x04224.tif: Cannot open.
TIFFOpen: D:\work\vesuvius-c\PHerc0139-4x21x21-cubes\cubes_RAW/z04864_y04352_x01536.tif: Cannot open.
TIFFOpen: D:\work\vesuvius-c\PHerc0139-4x21x21-cubes\cubes_RAW/z04736_y04480_x01408.tif: Cannot open.
TIFFOpen: D:\work\vesuvius-c\PHerc0139-4x21x21-cubes\cubes_RAW/z04864_y04480_x01536.tif: Cannot open.
TIFFOpen: D:\work\vesuvius-c\PHerc0139-4x21x21-cubes\cubes_RAW/z04864_y04352_x01408.tif: Cannot open.
TIFFOpen: D:\work\vesuvius-c\PHerc0139-4x21x21-cubes\cubes_RAW/z04864_y04352_x01664.tif: Cannot open.
TIFFOpen: D:\work\vesuvius-c\PHerc0139-4x21x21-cubes\cubes_RAW/z04864_y04480_x01664.tif: Cannot open.
TIFFOpen: D:\work\vesuvius-c\PHerc0139-4x21x21-cubes\cubes_RAW/z04864_y04352_x01792.tif: Cannot open.
TIFFOpen: D:\work\vesuvius-c\PHerc0139-4x21x21-cubes\cubes_RAW/z04864_y04480_x01792.tif: Cannot open.
TIFFOpen: D:\work\vesuvius-c\PHerc0139-4x21x21-cubes\cubes_RAW/z04864_y04480_x01920.tif: Cannot open.
TIFFOpen: D:\work\vesuvius-c\PHerc0139-4x21x21-cubes\cubes_RAW/z04864_y04480_x02048.tif: Cannot open.
TIFFOpen: D:\work\vesuvius-c\PHerc0139-4x21x21-cubes\cubes_RAW/z04864_y04480_x02432.tif: Cannot open.
TIFFOpen: D:\work\vesuvius-c\PHerc0139-4x21x21-cubes\cubes_RAW/z04864_y04480_x02560.tif: Cannot open.
TIFFOpen: D:\work\vesuvius-c\PHerc0139-4x21x21-cubes\cubes_RAW/z04864_y04352_x02688.tif: Cannot open.
TIFFOpen: D:\work\vesuvius-c\PHerc0139-4x21x21-cubes\cubes_RAW/z04864_y04480_x02816.tif: Cannot open.
TIFFOpen: D:\work\vesuvius-c\PHerc0139-4x21x21-cubes\cubes_RAW/z04864_y04480_x02944.tif: Cannot open.
TIFFOpen: D:\work\vesuvius-c\PHerc0139-4x21x21-cubes\cubes_RAW/z04864_y04480_x03072.tif: Cannot open.
TIFFOpen: D:\work\vesuvius-c\PHerc0139-4x21x21-cubes\cubes_RAW/z04864_y04480_x03200.tif: Cannot open.
TIFFOpen: D:\work\vesuvius-c\PHerc0139-4x21x21-cubes\cubes_RAW/z04864_y04480_x03328.tif: Cannot open.
TIFFOpen: D:\work\vesuvius-c\PHerc0139-4x21x21-cubes\cubes_RAW/z04864_y04480_x03456.tif: Cannot open.
TIFFOpen: D:\work\vesuvius-c\PHerc0139-4x21x21-cubes\cubes_RAW/z04864_y04352_x03584.tif: Cannot open.
TIFFOpen: D:\work\vesuvius-c\PHerc0139-4x21x21-cubes\cubes_RAW/z04864_y04480_x03968.tif: Cannot open.
TIFFOpen: D:\work\vesuvius-c\PHerc0139-4x21x21-cubes\cubes_RAW/z04864_y04608_x01792.tif: Cannot open.
TIFFOpen: D:\work\vesuvius-c\PHerc0139-4x21x21-cubes\cubes_RAW/z04864_y04608_x01920.tif: Cannot open.
TIFFOpen: D:\work\vesuvius-c\PHerc0139-4x21x21-cubes\cubes_RAW/z04864_y04608_x02048.tif: Cannot open.
TIFFOpen: D:\work\vesuvius-c\PHerc0139-4x21x21-cubes\cubes_RAW/z04864_y04480_x02176.tif: Cannot open.
TIFFOpen: D:\work\vesuvius-c\PHerc0139-4x21x21-cubes\cubes_RAW/z04864_y04608_x02176.tif: Cannot open.
TIFFOpen: D:\work\vesuvius-c\PHerc0139-4x21x21-cubes\cubes_RAW/z04864_y04480_x02304.tif: Cannot open.
TIFFOpen: D:\work\vesuvius-c\PHerc0139-4x21x21-cubes\cubes_RAW/z04864_y04608_x02304.tif: Cannot open.
TIFFOpen: D:\work\vesuvius-c\PHerc0139-4x21x21-cubes\cubes_RAW/z04864_y04608_x02432.tif: Cannot open.
TIFFOpen: D:\work\vesuvius-c\PHerc0139-4x21x21-cubes\cubes_RAW/z04864_y04480_x02688.tif: Cannot open.
TIFFOpen: D:\work\vesuvius-c\PHerc0139-4x21x21-cubes\cubes_RAW/z04864_y04608_x02688.tif: Cannot open.
TIFFOpen: D:\work\vesuvius-c\PHerc0139-4x21x21-cubes\cubes_RAW/z04864_y04480_x03584.tif: Cannot open.
TIFFOpen: D:\work\vesuvius-c\PHerc0139-4x21x21-cubes\cubes_RAW/z04864_y04480_x03712.tif: Cannot open.
TIFFOpen: D:\work\vesuvius-c\PHerc0139-4x21x21-cubes\cubes_RAW/z04864_y04480_x03840.tif: Cannot open.
TIFFOpen: D:\work\vesuvius-c\PHerc0139-4x21x21-cubes\cubes_RAW/z04864_y04480_x04096.tif: Cannot open.
TIFFOpen: D:\work\vesuvius-c\PHerc0139-4x21x21-cubes\cubes_RAW/z04864_y04608_x02560.tif: Cannot open.
  sampled: 2476183/2476186 verts (100.00%), 1707 cubes loaded, 1039 missing (84.5s)
  contrast window: [40, 196] (stretch on)
  intensity percentiles p1/p25/p50/p75/p99: 40 / 108 / 131 / 148 / 196
  wrote D:\work\scrollfiesta_public\output\pherc0139_4x21x21_run\tiled_atlas_signed_v2\texture/tiled_raw3d.obj
  wrote D:\work\scrollfiesta_public\output\pherc0139_4x21x21_run\tiled_atlas_signed_v2\texture/tiled_rawflat.obj
ERROR: raster 471255x172 unreasonable (du/dv too small?)
  WARN: cannot write D:\work\scrollfiesta_public\output\pherc0139_4x21x21_run\tiled_atlas_signed_v2\texture/tiled_rawtex.tif
[obj_bake_raw] SUMMARY id=tiled verts=2476186 sampled=100.00% cubes=1707/2746 window=[40,196] parse=1.6s sample=84.5s write=8.4s
