group,color,action,charts,faces,vertices,mean_radius,radius_spread,circumference,wraps,shift_u,shift_v,overlap_before,overlap_after,intra_overlap,intra_wrongwind
0,#3f3f3f,settled,28,6244,3674,1600.17,148,10054.1,0,0,0,56,56,661,31
1,#bb9466,settled,10144,1997416,1191236,1225.44,1128.35,7699.69,0,0,0,563112,563112,18906185,18358330
2,#84e98c,settled,2,52,56,1644.7,23.3488,10333.9,0,0,0,0,0,0,0
3,#4d8cb3,settled,1,67,49,1664.36,10.3655,10457.5,0,0,0,0,0,0,0
4,#c8e0da,settled,1,30,26,1669.4,8.65606,10489.1,0,0,0,0,0,0,0
5,#91824e,settled,1,25,23,1670.78,3.66417,10497.8,0,0,0,0,0,0,0
6,#5ad874,settled,1,33,35,1629.69,5.45334,10239.7,0,0,0,0,0,0,0
7,#d6799c,settled,1,42,36,1673.14,5.79399,10512.6,0,0,0,0,0,0,0
8,#9ecfc2,settled,1,13,14,1668.89,4.40772,10485.9,0,0,0,0,0,0,0
9,#6771e9,settled,2,70,58,1579.53,13.8187,9924.48,0,0,0,566,566,0,0
10,#e3c65d,settled,1,66,49,1568.86,12.1616,9857.45,0,0,0,498,498,0,0
11,#ac6884,settled,1,13,14,1573.84,2.27279,9888.75,0,0,0,42,42,0,0
12,#74bdaa,settled,1,142,87,1555.5,4.23058,9773.51,0,0,0,0,0,0,0
13,#f05fd2,settled,1,15,16,1544.95,2.04071,9707.22,0,0,0,85,85,0,0
14,#b9b445,settled,1,62,45,1540.54,4.37862,9679.49,0,0,0,0,0,0,0
15,#82566c,settled,1,66,50,1552.89,10.8125,9757.13,0,0,0,742,742,0,0
16,#4aac93,settled,1,72,50,1541.11,9.84842,9683.1,0,0,0,581,581,0,0
17,#c64dba,settled,1,47,38,1557.68,15.4089,9787.18,0,0,0,427,427,0,0
18,#8fa3e0,settled,1,41,31,1566.36,4.92122,9841.73,0,0,0,0,0,0,0
19,#584554,settled,1,65,49,1593.12,25.6256,10009.9,0,0,0,0,0,0,0
20,#d49a7b,settled,1,57,49,1570.85,9.90542,9869.97,0,0,0,0,0,0,0
21,#9cefa1,settled,1,69,48,1574.57,7.18609,9893.3,0,0,0,0,0,0,0
22,#6591c8,settled,1,42,33,1564.01,2.06609,9826.95,0,0,0,235,235,0,0
23,#e1e6ef,settled,1,18,18,1576.29,1.99819,9904.11,0,0,0,32,32,0,0
24,#aa8863,settled,2,381,233,1524.29,72.5098,9577.4,0,0,0,0,0,0,0
25,#72dd89,settled,1,54,42,1452.81,56.6528,9128.25,0,0,0,156,156,0,0
26,#ee7fb1,settled,1,56,43,1422.42,5.14698,8937.3,0,0,0,127,127,0,0
27,#b7d4d7,settled,1,14,13,1431.84,2.78226,8996.54,0,0,0,0,0,0,0
28,#80774b,settled,1,40,36,1463.62,34.6948,9196.17,0,0,0,0,0,0,0
29,#48cc72,settled,2,161,116,1360.43,67.0575,8547.81,0,0,0,10994,10994,0,0
30,#c46d99,settled,2,108,81,1380.51,32.3478,8673.99,0,0,0,9,9,18,0
31,#8dc3bf,settled,1,73,50,1408.86,32.8768,8852.13,0,0,0,5441,5441,0,0
32,#5665e7,settled,1,13,14,1401.44,15.4194,8805.5,0,0,0,658,658,0,0
33,#d2ba5a,settled,1,213,127,1412.86,6.32635,8877.25,0,0,0,4019,4019,0,0
34,#9a5c81,settled,1,17,21,1383.52,9.71124,8692.94,0,0,0,553,553,0,0
35,#63b1a8,settled,1,22,22,1420.63,2.04678,8926.11,0,0,0,0,0,0,0
36,#df53cf,settled,1,39,32,1433.7,7.78415,9008.23,0,0,0,0,0,0,0
37,#a8a842,settled,1,12,14,1429,2.57047,8978.67,0,0,0,0,0,0,0
38,#704a69,settled,1,70,50,1441.81,35.844,9059.15,0,0,0,5452,5452,0,0
39,#ec9f90,settled,1,68,47,1418.67,14.6018,8913.79,0,0,0,2387,2387,0,0
40,#b541b7,settled,1,8,9,1413.18,0.894283,8879.27,0,0,0,156,156,0,0
41,#7e97dd,settled,1,15,15,1387.48,5.84014,8717.78,0,0,0,0,0,0,0
42,#46ec51,settled,1,8,10,1382.07,6.26161,8683.8,0,0,0,0,0,0,0
43,#c28e78,settled,1,15,15,1374.01,4.47369,8633.17,0,0,0,0,0,0,0
44,#8be39e,settled,1,107,76,1393.95,48.8233,8758.44,0,0,0,13,13,0,0
45,#5485c6,settled,1,30,25,1367.93,1.98798,8594.96,0,0,0,0,0,0,0
46,#cfdaec,settled,1,71,50,1359.86,50.6757,8544.23,0,0,0,13,13,0,0
47,#987c60,settled,1,34,28,1358.27,2.74263,8534.29,0,0,0,0,0,0,0
48,#61d287,settled,1,13,13,1401.43,1.52785,8805.46,0,0,0,0,0,0,0
49,#dd73ae,settled,1,73,50,1386.84,10.7241,8713.8,0,0,0,0,0,0,0
50,#a5c8d4,settled,1,68,49,1294.08,13.5242,8130.97,0,0,0,0,0,0,0
51,#6e6b48,settled,2,293,189,1420.15,18.2678,8923.09,0,0,0,440,440,37,0
52,#eabf6f,settled,1,76,50,1399.43,9.50105,8792.88,0,0,0,161,161,0,0
53,#b36296,settled,1,72,50,1661.15,5.04389,10437.3,0,0,0,112,112,0,0
54,#7bb7bd,settled,1,60,50,1668.05,6.23272,10480.7,0,0,0,74,74,0,0
55,#4459e4,settled,1,48,42,1690.54,3.12173,10621.9,0,0,0,110,110,0,0
56,#c0ae57,settled,16,3058,1826,1790.67,188.451,11251.1,0,0,0,0,0,1350,780
57,#89507e,settled,9,2233,1286,1814.26,155.21,11399.3,0,0,0,27,27,54,0
58,#51a5a5,settled,6,1668,960,1824.22,149.951,11461.9,0,0,0,0,0,31,0
59,#cd47cc,settled,3,595,354,1839.37,139.838,11557.1,0,0,0,1479,1479,0,0
60,#969c3f,settled,3,507,301,1849.11,110.458,11618.3,0,0,0,1474,1474,2,0
61,#5ff266,settled,1,21,19,1773.6,1.76614,11143.9,0,0,0,27,27,0,0
62,#db938d,settled,1,22,20,1880.79,2.83682,11817.3,0,0,0,49,49,0,0
63,#a3e9b3,settled,1,235,137,1868.52,79.3531,11740.2,0,0,0,0,0,0,0
64,#6c8bdb,settled,1,108,68,1881.97,51.3255,11824.8,0,0,0,0,0,0,0
65,#e8e04e,settled,1,74,50,1899.24,23.8916,11933.3,0,0,0,0,0,0,0
66,#b18275,settled,1,55,46,1593.38,5.32934,10011.5,0,0,0,0,0,0,0
67,#79d79c,settled,2,251,165,1588.58,11.1589,9981.31,0,0,0,0,0,31,0
68,#4279c3,settled,1,62,49,1602.36,5.77588,10068,0,0,0,0,0,0,0
69,#becee9,settled,1,16,15,1534.5,3.37979,9641.55,0,0,0,7,7,0,0
70,#87705d,settled,1,71,50,1473.73,7.68136,9259.75,0,0,0,0,0,0,0
71,#4fc684,settled,2,189,125,1484.91,10.1366,9329.94,0,0,0,80,80,4,0
72,#cb67ab,settled,1,48,34,1565.47,3.19909,9836.12,0,0,0,56,56,0,0
73,#94bdd2,settled,1,37,33,1518.72,2.31661,9542.39,0,0,0,232,232,0,0
74,#5d5f46,settled,1,41,32,1518.03,3.28036,9538.05,0,0,0,320,320,0,0
75,#d9b36c,settled,1,50,37,1496.44,3.87505,9402.42,0,0,0,246,246,0,0
76,#a15693,settled,1,134,89,1491.34,4.89892,9370.38,0,0,0,166,166,0,0
77,#6aabba,settled,1,52,45,1512.95,13.2544,9506.18,0,0,0,285,285,0,0
78,#e64de1,settled,1,46,32,1494.22,2.47583,9388.46,0,0,0,40,40,0,0
79,#afa254,settled,1,18,15,1494.28,2.80337,9388.82,0,0,0,26,26,0,0
80,#77447b,settled,1,42,38,1492.76,4.96895,9379.3,0,0,0,54,54,0,0
81,#409aa2,settled,1,168,111,1493.91,3.92084,9386.5,0,0,0,209,209,0,0
82,#bceec8,settled,1,68,49,1499.26,8.0243,9420.14,0,0,0,507,507,0,0
83,#8590f0,settled,1,11,11,1522.43,2.13257,9565.74,0,0,0,65,65,0,0
84,#4de663,settled,1,72,50,1462.47,21.2691,9188.95,0,0,0,0,0,0,0
85,#c9878a,settled,1,53,38,1542.86,3.51536,9694.07,0,0,0,0,0,0,0
86,#92ddb1,settled,1,62,44,1538.93,3.18501,9669.39,0,0,0,0,0,0,0
87,#5b7fd8,settled,1,69,50,1348.1,3.75058,8470.37,0,0,0,0,0,0,0
88,#d6d44b,settled,1,85,57,1375.74,3.50448,8644,0,0,0,0,0,0,0
89,#9f7672,settled,1,34,26,1376.15,4.70721,8646.61,0,0,0,0,0,0,0
90,#68cb99,settled,1,14,14,1375.62,8.24081,8643.27,0,0,0,0,0,0,0
91,#e46dc0,settled,1,103,85,1371.66,4.80355,8618.41,0,0,0,0,0,0,0
92,#acc2e7,settled,1,19,18,1382.53,1.09151,8686.67,0,0,0,9,9,0,0
93,#75645b,settled,1,21,20,1352.67,2.18575,8499.05,0,0,0,0,0,0,0
94,#f1b981,settled,1,74,54,1354.03,3.76367,8507.64,0,0,0,0,0,0,0
95,#ba5ba8,settled,1,56,41,1313.37,2.66839,8252.17,0,0,0,0,0,0,0
96,#82b1cf,settled,1,74,56,1311.98,2.34315,8243.4,0,0,0,0,0,0,0
97,#4b5343,settled,1,29,22,1313.01,1.90348,8249.9,0,0,0,17,17,0,0
98,#c7a869,settled,1,22,23,1312.02,2.05003,8243.65,0,0,0,0,0,0,0
99,#904a90,settled,1,21,20,1311.9,2.89808,8242.89,0,0,0,17,17,0,0
100,#589fb7,settled,1,14,14,1290.21,1.90534,8106.66,0,0,0,0,0,0,0
101,#d441de,settled,1,28,24,1313.39,2.54314,8252.29,0,0,0,560,560,0,0
102,#9d9651,settled,1,35,34,1315,3.80365,8262.36,0,0,0,840,840,0,0
103,#66eb78,settled,1,38,31,1317.32,2.3877,8276.99,0,0,0,876,876,0,0
104,#e28d9f,settled,1,26,20,1283.18,1.72501,8062.47,0,0,0,0,0,0,0
105,#aae2c6,settled,3,202,141,1264.05,55.3827,7942.23,0,0,0,103,103,17,3
106,#7385ed,settled,1,11,13,1225.75,1.10728,7701.64,0,0,0,0,0,0,0
107,#efd960,settled,1,27,21,1225.71,2.62956,7701.35,0,0,0,0,0,0,0
108,#b87b87,settled,1,239,140,1234.71,4.6269,7757.93,0,0,0,0,0,0,0
109,#80d1ae,settled,1,25,22,1253.52,5.6843,7876.12,0,0,0,0,0,0,0
110,#4973d5,settled,1,20,17,1261.5,2.64577,7926.22,0,0,0,0,0,0,0
111,#c5c848,settled,1,17,20,1257.47,2.50409,7900.92,0,0,0,0,0,0,0
112,#8e6a70,settled,1,22,19,1251.87,2.86707,7865.72,0,0,0,0,0,0,0
113,#56bf96,settled,1,67,50,1301.7,19.4503,8178.8,0,0,0,0,0,0,0
114,#d261bd,settled,1,10,11,1261.42,4.92084,7925.76,0,0,0,0,0,0,0
115,#9bb6e4,settled,1,188,111,1208.19,4.07647,7591.27,0,0,0,0,0,0,0
116,#645858,settled,1,114,71,1279.74,5.65173,8040.83,0,0,0,18,18,0,0
117,#e0ad7e,settled,1,34,25,1277.66,2.94497,8027.78,0,0,0,18,18,0,0
118,#a84fa5,settled,1,390,219,1275.14,9.33594,8011.94,0,0,0,0,0,0,0
119,#71a5cc,settled,1,47,34,1253.68,4.18742,7877.08,0,0,0,0,0,0,0
120,#ed4640,settled,1,71,49,1253.66,2.53881,7876.99,0,0,0,0,0,0,0
121,#b69c66,settled,1,16,15,1282.22,3.57073,8056.4,0,0,0,0,0,0,0
122,#7ef18d,settled,1,17,15,1225.45,1.85985,7699.75,0,0,0,0,0,0,0
123,#4793b4,settled,1,16,15,1812.51,1.04522,11388.4,0,0,0,0,0,0,0
124,#c3e8db,settled,1,19,18,1814.45,2.14869,11400.6,0,0,0,0,0,0,0
125,#8c8a4f,settled,2,125,100,1581.08,5.35101,9934.2,0,0,0,0,0,7,0
126,#54e075,settled,2,348,224,1559.66,6.63399,9799.64,0,0,0,0,0,286,0
127,#d0819c,settled,2,301,197,1581.48,4.14911,9936.71,0,0,0,0,0,28,0
128,#99d6c3,settled,1,65,48,1575.04,3.63958,9896.3,0,0,0,0,0,0,0
129,#6279ea,settled,1,226,133,1516.2,5.31624,9526.59,0,0,0,0,0,0,0
130,#ddcd5d,settled,1,14,13,1522.66,0.462489,9567.16,0,0,0,0,0,0,0
131,#a67085,settled,1,105,63,1521.84,3.86793,9561.98,0,0,0,103,103,0,0
132,#6fc5ab,settled,1,23,19,1516.2,2.13838,9526.55,0,0,0,0,0,0,0
133,#eb66d2,settled,6,768,534,1532.83,34.1161,9631.08,0,0,0,10316,10316,51,1
134,#b3bc46,settled,1,53,44,1581.41,7.48798,9936.3,0,0,0,0,0,0,0
135,#7c5e6d,settled,1,65,46,1466.66,9.82358,9215.31,0,0,0,0,0,0,0
136,#45b393,settled,1,63,48,1462.51,16.6575,9189.25,0,0,0,213,213,0,0
137,#c155ba,settled,1,53,37,1456.26,4.8974,9149.95,0,0,0,0,0,0,0
138,#89aae1,settled,1,12,14,1456.07,4.45174,9148.76,0,0,0,2,2,0,0
139,#524d55,settled,1,140,87,1471.74,3.8275,9247.22,0,0,0,211,211,0,0
140,#cea17b,settled,1,8,9,1439,1.83637,9041.52,0,0,0,0,0,0,0
141,#9743a3,settled,1,173,104,1505.48,3.16947,9459.2,0,0,0,0,0,0,0
142,#5f99c9,settled,1,26,21,1369.3,2.82234,8603.54,0,0,0,0,0,0,0
143,#dbeef0,settled,1,62,50,1370.2,3.0693,8609.22,0,0,0,0,0,0,0
144,#a49064,settled,1,19,17,1369,2.67944,8601.7,0,0,0,0,0,0,0
145,#6de58a,settled,1,29,26,1355.77,1.24559,8518.58,0,0,0,0,0,0,0
146,#e987b1,settled,1,23,21,1342.1,1.27677,8432.69,0,0,0,0,0,0,0
147,#b1dcd8,settled,1,21,20,1362.78,2.36887,8562.6,0,0,0,0,0,0,0
148,#7a7e4c,settled,1,19,20,1353.89,2.73419,8506.76,0,0,0,0,0,0,0
149,#43d472,settled,1,70,50,1428.59,2.51559,8976.08,0,0,0,0,0,0,0
150,#bf759a,settled,1,31,24,1429.04,1.3801,8978.92,0,0,0,0,0,0,0
151,#87cbc0,settled,4,124,120,1280.39,25.4828,8044.94,0,0,0,7905,7905,46,0
152,#506de7,settled,1,68,47,1332.06,3.76817,8369.57,0,0,0,220,220,0,0
153,#ccc15b,settled,1,136,95,1299.05,9.65002,8162.15,0,0,0,2264,2264,0,0
154,#956482,settled,1,10,13,1297.47,1.4481,8152.25,0,0,0,154,154,0,0
155,#5db9a8,settled,1,8,10,1295.04,1.31223,8137,0,0,0,0,0,0,0
156,#d95bcf,settled,1,45,36,1290.21,3.43286,8106.64,0,0,0,795,795,0,0
157,#a2b043,settled,1,27,24,1304.5,2.63638,8196.41,0,0,0,32,32,0,0
158,#6b526a,settled,4,255,179,1291.06,16.0378,8111.99,0,0,0,7532,7532,171,120
159,#e7a790,settled,1,32,26,1252.22,1.31322,7867.92,0,0,0,650,650,0,0
160,#af49b8,settled,1,8,9,1254.09,2.5916,7879.69,0,0,0,146,146,0,0
161,#789ede,settled,1,11,11,1271.2,1.41512,7987.16,0,0,0,230,230,0,0
162,#414152,settled,2,154,100,1321.03,5.14678,8300.3,0,0,0,1974,1974,0,0
163,#bd9579,settled,1,21,19,1229.79,2.66035,7726.98,0,0,0,0,0,0,0
164,#85eb9f,settled,1,130,81,1246.91,2.70011,7834.58,0,0,0,34,34,0,0
165,#4e8dc6,settled,1,306,174,1254.71,7.48196,7883.55,0,0,0,76,76,0,0
166,#cae2ed,settled,1,19,18,1246.66,1.71891,7833,0,0,0,22,22,0,0
167,#938461,settled,1,68,46,1208.2,10.3496,7591.37,0,0,0,0,0,0,0
168,#5bd987,settled,1,20,16,1221.69,2.21535,7676.09,0,0,0,0,0,0,0
169,#d77baf,settled,1,23,19,1220.85,2.23662,7670.8,0,0,0,0,0,0,0
170,#a0d0d5,settled,1,16,17,1258.49,3.42419,7907.31,0,0,0,351,351,0,0
171,#697249,settled,1,23,25,1182.07,9.67885,7427.16,0,0,0,3,3,0,0
172,#e4c770,settled,1,12,13,1178.98,2.25816,7407.74,0,0,0,3,3,0,0
173,#ad6997,settled,1,80,52,1150.02,6.67726,7225.81,0,0,0,0,0,0,0
174,#76bfbd,settled,1,75,55,1154.01,39.1375,7250.84,0,0,0,0,0,0,0
175,#f260e4,settled,3,164,141,1085.55,51.8674,6820.7,0,0,0,625,625,18,7
176,#bab658,settled,1,13,14,1120.16,7.97726,7038.16,0,0,0,0,0,0,0
177,#83587f,settled,1,69,47,1117.29,4.03389,7020.17,0,0,0,16,16,0,0
178,#4cada5,settled,1,46,34,1116.21,2.92489,7013.33,0,0,0,16,16,0,0
179,#c84fcd,settled,1,37,29,1164.22,3.01516,7315.01,0,0,0,0,0,0,0
180,#90a440,settled,1,28,21,1162.05,3.58242,7301.39,0,0,0,0,0,0,0
181,#594667,settled,1,252,147,1154.23,9.32994,7252.24,0,0,0,0,0,0,0
182,#d59b8e,settled,1,54,50,1202.83,69.6568,7557.63,0,0,0,101,101,0,0
183,#9ef0b4,settled,2,143,100,1220.28,19.7063,7667.23,0,0,0,272,272,0,0
184,#6693db,settled,1,58,42,1530.24,3.68239,9614.8,0,0,0,346,346,0,0
185,#e2e74f,settled,1,11,12,1527.37,1.5547,9596.75,0,0,0,94,94,0,0
186,#ab8976,settled,1,13,14,1519,2.6206,9544.14,0,0,0,58,58,0,0
187,#74df9c,settled,1,16,15,1517.72,2.39595,9536.09,0,0,0,55,55,0,0
188,#f080c4,settled,1,120,79,1515.86,5.64746,9524.41,0,0,0,573,573,0,0
189,#b8d6ea,settled,1,26,21,1505.39,2.22965,9458.67,0,0,0,0,0,0,0
190,#81785e,settled,1,14,15,1506.23,1.79237,9463.91,0,0,0,0,0,0,0
191,#4acd85,settled,2,90,74,1501.1,12.9914,9431.71,0,0,0,1286,1286,3,0
192,#c66fac,settled,1,9,10,1506.77,10.7845,9467.32,0,0,0,157,157,0,0
193,#8ec4d2,settled,1,29,22,1512.03,2.22742,9500.35,0,0,0,81,81,0,0
194,#576646,settled,1,32,32,1571.63,2.94494,9874.82,0,0,0,0,0,0,0
195,#d3bb6d,settled,1,12,13,1571.24,2.48713,9872.38,0,0,0,0,0,0,0
196,#9c5d94,settled,1,65,49,1575.38,3.39854,9898.41,0,0,0,0,0,0,0
197,#64b3ba,settled,1,349,202,1444,11.2111,9072.93,0,0,0,0,0,0,0
198,#e054e2,settled,1,16,14,1419.79,2.4746,8920.81,0,0,0,0,0,0,0
199,#a9aa55,settled,3,223,155,1416.44,14.0922,8899.73,0,0,0,0,0,0,0
200,#724c7c,settled,1,27,25,1437.48,3.89644,9031.93,0,0,0,0,0,0,0
201,#eea1a3,settled,2,147,100,1474.61,8.96202,9265.22,0,0,0,43,43,0,0
202,#b643ca,settled,1,64,49,1410.02,8.72521,8859.42,0,0,0,0,0,0,0
203,#7f98f0,settled,1,39,36,1491.09,2.29608,9368.8,0,0,0,0,0,0,0
204,#48ee64,settled,1,17,15,1489.08,0.882444,9356.15,0,0,0,84,84,0,0
205,#c48f8b,settled,1,70,56,1489.89,1.10564,9361.23,0,0,0,351,351,0,0
206,#8ce4b1,settled,1,72,50,1458.42,3.14952,9163.55,0,0,0,0,0,0,0
207,#5587d9,settled,1,16,16,1283.41,1.97619,8063.93,0,0,0,126,126,0,0
208,#d1db4c,settled,1,274,163,1318.81,6.84207,8286.31,0,0,0,2069,2069,0,0
209,#9a7e73,settled,2,113,81,1309.27,15.6206,8226.38,0,0,0,1443,1443,0,0
210,#62d39a,settled,1,28,23,1308.27,2.01557,8220.09,0,0,0,162,162,0,0
211,#de74c1,settled,1,11,11,1310.53,1.60863,8234.33,0,0,0,95,95,0,0
212,#a7cae7,settled,1,12,14,1418.96,2.47027,8915.61,0,0,0,0,0,0,0
213,#706c5b,settled,1,18,16,1398.16,2.75674,8784.92,0,0,0,0,0,0,0
214,#ebc182,settled,1,63,49,1450.18,3.27217,9111.77,0,0,0,0,0,0,0
215,#b463a9,settled,1,32,25,1290.52,5.19769,8108.56,0,0,0,0,0,0,0
216,#7db8cf,settled,1,152,92,1300.47,3.79955,8171.09,0,0,0,278,278,0,0
217,#465b43,settled,1,337,192,1294.11,8.86993,8131.12,0,0,0,827,827,0,0
218,#c1af6a,settled,2,76,62,1299.07,2.45663,8162.28,0,0,0,176,176,0,0
219,#8a5191,settled,1,43,36,1300.83,5.23213,8173.39,0,0,0,311,311,0,0
220,#53a7b8,settled,1,22,18,1269.08,2.84463,7973.84,0,0,0,296,296,0,0
221,#cf48df,settled,1,70,50,1270.83,4.90738,7984.86,0,0,0,1034,1034,0,0
222,#979e52,settled,1,16,17,1274.78,1.86874,8009.7,0,0,0,0,0,0,0
223,#604079,settled,1,77,50,1214.13,1.91207,7628.58,0,0,0,0,0,0,0
224,#dc95a0,settled,1,46,41,1239.4,2.31786,7787.35,0,0,0,1032,1032,0,0
225,#a5eac6,settled,1,53,39,1245.06,3.26787,7822.97,0,0,0,67,67,0,0
226,#6d8cee,settled,1,12,13,1073.14,3.37305,6742.76,0,0,0,0,0,0,0
227,#e9e161,settled,1,11,11,1029.98,1.33729,6471.56,0,0,0,0,0,0,0
228,#b28388,settled,1,17,15,1051.36,1.17958,6605.92,0,0,0,95,95,0,0
229,#7bd9af,settled,1,28,30,1050.73,11.2554,6601.94,0,0,0,159,159,0,0
230,#437bd6,settled,1,63,47,1052.68,5.31577,6614.2,0,0,0,81,81,0,0
231,#bfcf49,settled,1,20,18,1044.88,2.80726,6565.17,0,0,0,0,0,0,0
232,#887270,settled,1,23,19,1054.27,3.71275,6624.17,0,0,0,0,0,0,0
233,#51c797,settled,1,46,39,1025.5,5.0782,6443.41,0,0,0,0,0,0,0
234,#cd69be,settled,1,109,66,1106.75,1.42333,6953.88,0,0,0,115,115,0,0
235,#95bee4,settled,1,27,22,1097.51,2.97098,6895.86,0,0,0,0,0,0,0
236,#5e6058,settled,1,13,13,1099.59,2.44886,6908.9,0,0,0,0,0,0,0
237,#dab57f,settled,1,77,50,1079.68,7.766,6783.8,0,0,0,0,0,0,0
238,#a357a6,settled,1,70,49,1070.41,11.3348,6725.59,0,0,0,0,0,0,0
239,#6baccd,settled,1,12,14,1023.9,27.0073,6433.36,0,0,0,81,81,0,0
240,#e74e41,settled,1,66,47,1012.96,3.06168,6364.62,0,0,0,81,81,0,0
241,#b0a367,settled,1,70,50,1000.87,5.72868,6288.66,0,0,0,0,0,0,0
242,#79468e,settled,1,217,127,1007.02,6.17269,6327.32,0,0,0,285,285,0,0
243,#419bb5,settled,1,75,50,1047.2,14.4668,6579.73,0,0,0,0,0,0,0
244,#bdf0db,settled,1,68,50,1048.93,16.9285,6590.6,0,0,0,0,0,0,0
245,#86924f,settled,1,30,25,946.902,8.20923,5949.56,0,0,0,33,33,0,0
246,#4fe776,settled,1,248,147,925.334,7.54652,5814.05,0,0,0,572,572,0,0
247,#cb899d,settled,5409,1187545,696275,862.652,1159.68,5420.2,0,0,0,306612,306612,4507360,4259501
248,#93dec4,settled,1,81,52,977.981,3.28867,6144.84,0,0,0,174,174,0,0
249,#5c80eb,settled,1,153,92,1531.14,4.08625,9620.41,0,0,0,505,505,0,0
250,#d8d55e,settled,1,37,28,1525.15,4.738,9582.81,0,0,0,166,166,0,0
251,#a17785,settled,1,21,19,1519.8,2.17459,9549.18,0,0,0,65,65,0,0
252,#69cdac,settled,1,27,25,1515.72,1.95597,9523.55,0,0,0,91,91,0,0
253,#e56ed3,settled,1,62,42,1513.36,3.75566,9508.73,0,0,0,175,175,0,0
254,#aec446,settled,1,320,182,1530.49,9.42573,9616.33,0,0,0,491,491,0,0
255,#77666d,settled,1,67,49,1524.93,6.78493,9581.41,0,0,0,392,392,0,0
256,#3fbb94,settled,1,13,15,1466.35,6.38174,9213.34,0,0,0,8,8,0,0
257,#bb5dbb,settled,1,52,39,1466.3,2.50925,9213,0,0,0,0,0,0,0
258,#84b2e2,settled,1,21,19,1465.3,4.5785,9206.77,0,0,0,0,0,0,0
259,#4d5456,settled,1,66,49,1474.87,7.37467,9266.9,0,0,0,37,37,0,0
260,#c8a97c,settled,1,62,49,1477.94,16.7007,9286.19,0,0,0,24,24,0,0
261,#914ba3,settled,1,64,46,1466.99,4.51234,9217.39,0,0,0,0,0,0,0
262,#5aa1ca,settled,1,43,32,1466.19,2.96499,9212.34,0,0,0,24,24,0,0
263,#d642f1,settled,1,17,18,1445.93,3.2853,9085.03,0,0,0,0,0,0,0
264,#9e9764,settled,1,28,21,1474.56,3.82873,9264.95,0,0,0,37,37,0,0
265,#67ed8b,settled,2,134,99,1452.98,10.3014,9129.34,0,0,0,0,0,0,0
266,#e38eb2,settled,1,74,50,1454.55,3.91018,9139.24,0,0,0,0,0,0,0
267,#ace4d9,settled,1,57,44,1501.5,2.02957,9434.22,0,0,0,290,290,0,0
268,#74864d,settled,1,7,9,1384.19,5.75193,8697.09,0,0,0,0,0,0,0
269,#f0db73,settled,1,67,50,1398.78,2.98122,8788.77,0,0,0,0,0,0,0
270,#b97d9a,settled,1,41,31,1329.83,1.22328,8355.54,0,0,0,308,308,0,0
271,#82d2c1,settled,1,92,61,1299.2,3.02101,8163.09,0,0,0,781,781,0,0
272,#4a74e8,settled,1,16,14,1298.84,1.93482,8160.88,0,0,0,156,156,0,0
273,#c6c95b,settled,1,18,17,1294.57,1.08008,8134.05,0,0,0,102,102,0,0
274,#8f6b82,settled,1,17,15,1286.91,2.48143,8085.9,0,0,0,17,17,0,0
275,#58c1a9,settled,1,77,50,1278.77,4.83768,8034.76,0,0,0,641,641,0,0
276,#d462d0,settled,1,29,22,1281.88,2.54548,8054.26,0,0,0,124,124,0,0
277,#9cb843,settled,1,51,38,1286,3.45381,8080.2,0,0,0,64,64,0,0
278,#655a6b,settled,1,120,78,1249.23,3.19306,7849.12,0,0,0,1033,1033,0,0
279,#e1af91,settled,1,269,157,1236.1,6.71813,7766.64,0,0,0,2425,2425,0,0
280,#aa51b8,settled,1,57,41,1216.29,2.453,7642.16,0,0,0,695,695,0,0
281,#72a6df,settled,1,47,39,1208.34,5.98973,7592.2,0,0,0,0,0,0,0
282,#ee4853,settled,1,16,16,1244.4,0.985753,7818.8,0,0,0,169,169,0,0
283,#b79d79,settled,1,26,19,1129.02,3.24436,7093.82,0,0,0,0,0,0,0
284,#803fa1,settled,1,31,23,1143.76,2.74434,7186.46,0,0,0,250,250,0,0
285,#4895c7,settled,1,25,24,1144.48,4.37548,7190.99,0,0,0,233,233,0,0
286,#c4e9ee,settled,1,41,35,1127.29,1.61213,7082.97,0,0,0,0,0,0,0
287,#8d8c62,settled,1,16,15,1127.75,1.76557,7085.84,0,0,0,0,0,0,0
288,#56e188,settled,1,67,50,1103.55,5.74082,6933.81,0,0,0,0,0,0,0
289,#d282af,settled,1,14,13,1041.97,1.09448,6546.91,0,0,0,0,0,0,0
290,#9ad8d6,settled,1,78,50,1022.26,6.17871,6423.05,0,0,0,0,0,0,0
291,#637a4a,settled,1,191,114,941.915,3.76689,5918.23,0,0,0,0,0,0,0
292,#dfcf70,settled,1,62,43,934.719,9.84192,5873.01,0,0,0,0,0,0,0
293,#a87197,settled,1,33,27,958.835,3.16623,6024.54,0,0,0,6,6,0,0
294,#70c6be,settled,1,30,24,956.2,5.68738,6007.98,0,0,0,6,6,0,0
295,#ec68e5,settled,1,21,18,953.886,5.73047,5993.44,0,0,0,0,0,0,0
296,#b5bd58,settled,1,49,36,930.35,2.86445,5845.56,0,0,0,0,0,0,0
297,#7e5f80,settled,1,41,31,928.978,3.22955,5836.94,0,0,0,0,0,0,0
298,#46b5a6,settled,1,51,38,933.215,6.1204,5863.57,0,0,0,0,0,0,0
299,#c256cd,settled,1,37,28,932.656,1.00252,5860.05,0,0,0,0,0,0,0
300,#8bac41,settled,1,345,208,842.033,3.10699,5290.65,0,0,0,398,398,0,0
301,#544e68,settled,1,75,50,851.408,2.78592,5349.55,0,0,0,0,0,0,0
302,#cfa38e,settled,1,17,15,776.219,1.5226,4877.13,0,0,0,0,0,0,0
303,#9845b6,settled,1,7,9,887.281,6.05553,5574.95,0,0,0,12,12,0,0
304,#619adc,settled,1,8,10,1093.51,16.7715,6870.74,0,0,0,136,136,0,0
305,#ddef4f,settled,1,33,27,1223.01,3.39566,7684.43,0,0,0,38,38,0,0
306,#a59177,settled,1,67,47,1246.81,2.90136,7833.95,0,0,0,161,161,0,0
307,#6ee79d,settled,1,78,53,1238.64,5.84622,7782.62,0,0,0,0,0,0,0
308,#ea88c4,settled,1,84,57,1245.27,6.01284,7824.25,0,0,0,142,142,0,0
309,#b3ddeb,settled,1,71,47,1201.69,13.0938,7550.44,0,0,0,151,151,0,0
310,#7b805f,settled,1,52,43,1510.28,9.23712,9489.36,0,0,0,0,0,0,0
311,#44d585,settled,1,10,11,1505.82,1.34615,9461.35,0,0,0,0,0,0,0
312,#c077ac,settled,1,12,13,1474.63,3.53408,9265.36,0,0,0,0,0,0,0
313,#89ccd3,settled,1,30,25,1477.11,2.94339,9280.94,0,0,0,0,0,0,0
314,#516e47,settled,1,19,19,1466.82,4.39892,9216.3,0,0,0,0,0,0,0
315,#cdc36d,settled,1,8,10,1432.44,8.57338,9000.26,0,0,0,0,0,0,0
316,#966595,settled,1,73,48,1474.28,5.18718,9263.16,0,0,0,0,0,0,0
317,#5fbabb,settled,1,75,50,1461.84,4.13281,9184.99,0,0,0,0,0,0,0
318,#db5ce2,settled,1,65,46,1445.09,15.2882,9079.79,0,0,0,0,0,0,0
319,#a3b156,settled,1,32,31,1454.99,10.9085,9141.94,0,0,0,0,0,0,0
320,#6c547d,settled,1,10,12,1450.31,1.73944,9112.58,0,0,0,0,0,0,0
321,#e8a8a3,settled,1,66,50,1456.66,3.92097,9152.47,0,0,0,0,0,0,0
322,#b14acb,settled,1,67,45,1437.67,7.37441,9033.12,0,0,0,0,0,0,0
323,#79a0f1,settled,1,39,31,1305.6,2.19645,8203.34,0,0,0,375,375,0,0
324,#424265,settled,1,51,39,1397.22,6.90587,8778.96,0,0,0,8,8,0,0
325,#be978c,settled,1,18,16,1294.04,1.84657,8130.7,0,0,0,181,181,0,0
326,#87ecb2,settled,1,7,8,1279.38,1.41372,8038.61,0,0,0,98,98,0,0
327,#4f8ed9,settled,1,9,12,1265.83,1.18255,7953.45,0,0,0,64,64,0,0
328,#cbe34d,settled,1,15,14,1245.44,1.36348,7825.35,0,0,0,138,138,0,0
329,#948574,settled,1,19,16,1245.95,1.31802,7828.56,0,0,0,173,173,0,0
330,#5ddb9a,settled,1,85,55,1246.18,2.90805,7829.95,0,0,0,836,836,0,0
331,#d97cc1,settled,1,31,24,1237.15,3.02885,7773.25,0,0,0,237,237,0,0
332,#a1d2e8,settled,1,71,50,1228.79,4.63359,7720.71,0,0,0,631,631,0,0
333,#6a745c,settled,1,331,191,1233.62,2.08124,7751.03,0,0,0,2589,2589,0,0
334,#e6c882,settled,1,27,22,1237.3,2.60273,7774.21,0,0,0,220,220,0,0
335,#af6baa,settled,1,18,16,1161.42,2.26997,7297.39,0,0,0,0,0,0,0
336,#77c0d0,settled,1,78,50,1170.94,6.6975,7357.26,0,0,0,708,708,0,0
337,#406244,settled,1,69,50,1131.14,5.60958,7107.14,0,0,0,229,229,0,0
338,#bcb76b,settled,1,31,24,1127.71,2.0825,7085.64,0,0,0,0,0,0,0
339,#855992,settled,1,12,12,1138.26,2.5971,7151.9,0,0,0,0,0,0,0
340,#4dafb8,settled,1,68,46,1128.63,7.68283,7091.37,0,0,0,503,503,0,0
341,#c950e0,settled,1,224,130,1124.93,5.52944,7068.13,0,0,0,633,633,0,0
342,#92a553,settled,2,138,100,975.752,12.9244,6130.83,0,0,0,0,0,0,0
343,#5b487a,settled,1,114,75,1028.01,4.04808,6459.15,0,0,0,0,0,0,0
344,#d69ca1,settled,1,79,55,1009.76,5.86945,6344.54,0,0,0,0,0,0,0
345,#9ff2c7,settled,1,26,21,1008.64,2.78268,6337.47,0,0,0,0,0,0,0
346,#6894ee,settled,1,49,35,1011.65,2.56455,6356.39,0,0,0,0,0,0,0
347,#e4e962,settled,1,76,52,995.132,5.87537,6252.6,0,0,0,31,31,0,0
348,#ac8b89,settled,1,43,30,994.717,3.754,6249.99,0,0,0,31,31,0,0
349,#75e0af,settled,1,48,33,993.363,3.20508,6241.48,0,0,0,0,0,0,0
350,#f182d6,settled,1,15,14,1007.26,1.65661,6328.83,0,0,0,0,0,0,0
351,#bad74a,settled,2,65,54,1013.67,12.2778,6369.06,0,0,0,0,0,0,0
352,#827971,settled,1,69,50,887.344,5.29454,5575.35,0,0,0,283,283,0,0
353,#4bcf97,settled,1,367,217,895.583,4.83728,5627.11,0,0,0,283,283,0,0
354,#c770bf,settled,1,33,24,926.072,2.58163,5818.68,0,0,0,0,0,0,0
355,#90c6e5,settled,1,25,21,848.041,2.79156,5328.4,0,0,0,0,0,0,0
356,#586859,settled,1,10,11,847.439,2.51018,5324.62,0,0,0,15,15,0,0
357,#d4bd80,settled,1,26,22,846.448,3.66816,5318.39,0,0,0,40,40,0,0
358,#9d5fa7,settled,1,19,17,847.179,1.65031,5322.99,0,0,0,19,19,0,0
359,#66b4cd,settled,1,71,50,857.178,10.2542,5385.81,0,0,0,0,0,0,0
360,#e25641,settled,1,73,50,856.147,4.05453,5379.33,0,0,0,45,45,0,0
361,#aaab68,settled,1,64,49,865.175,3.1698,5436.05,0,0,0,58,58,0,0
362,#734d8f,settled,1,64,49,854.397,10.1692,5368.33,0,0,0,182,182,0,0
363,#efa2b6,settled,1,63,50,845.874,9.57747,5314.78,0,0,0,182,182,0,0
364,#b844dd,settled,1,63,50,830.702,2.69888,5219.45,0,0,0,31,31,0,0
365,#809a50,settled,1,45,33,817.582,3.67722,5137.02,0,0,0,0,0,0,0
366,#49ef77,settled,1,132,88,824.072,7.83835,5177.8,0,0,0,43,43,0,0
367,#c5909e,settled,1,148,92,822.891,7.44477,5170.38,0,0,0,212,212,0,0
368,#8ee6c4,settled,1,18,19,828.677,1.30066,5206.73,0,0,0,43,43,0,0
369,#5688eb,settled,1,41,32,813.458,6.11129,5111.11,0,0,0,0,0,0,0
370,#d2dd5f,settled,1,47,36,830.559,6.73743,5218.56,0,0,0,350,350,0,0
371,#9b7f86,settled,1,18,17,726.731,2.75149,4566.19,0,0,0,0,0,0,0
372,#64d4ac,settled,4,454,286,652.456,8.23073,4099.5,0,0,0,0,0,29,0
373,#e076d4,settled,1,98,70,1410.52,8.06434,8862.58,0,0,0,578,578,0,0
374,#a8cb47,settled,1,40,30,1413.3,3.33031,8880,0,0,0,244,244,0,0
375,#716d6e,settled,1,24,23,1295.69,2.52581,8141.06,0,0,0,202,202,0,0
376,#edc295,settled,1,75,50,1255.95,11.002,7891.38,0,0,0,1207,1207,0,0
377,#b664bc,settled,1,69,50,1267.69,7.60152,7965.15,0,0,0,889,889,0,0
378,#7ebae2,settled,1,74,50,1266.12,5.88607,7955.28,0,0,0,747,747,0,0
379,#475c56,settled,1,147,88,1271.08,3.48295,7986.44,0,0,0,1247,1247,0,0
380,#c3b17d,settled,1,56,41,1277.52,3.12024,8026.9,0,0,0,679,679,0,0
381,#8c53a4,settled,1,7,8,1281.13,0.857596,8049.55,0,0,0,10,10,0,0
382,#54a8cb,settled,1,275,164,1293.33,6.5535,8126.22,0,0,0,3280,3280,0,0
383,#d04af2,settled,1,262,155,1114.06,3.33495,6999.87,0,0,0,0,0,0,0
384,#999f65,settled,1,339,191,1132.73,8.87524,7117.14,0,0,0,0,0,0,0
385,#62418c,settled,1,34,28,1017.77,3.0476,6394.81,0,0,0,0,0,0,0
386,#dd96b3,settled,1,121,78,1022.45,1.7236,6424.27,0,0,0,367,367,0,0
387,#a6ebd9,settled,1,26,22,944.885,1.98927,5936.89,0,0,0,0,0,0,0
388,#6f8e4d,settled,1,26,22,985.971,1.28842,6195.04,0,0,0,0,0,0,0
389,#ebe274,settled,1,25,21,979.275,2.55151,6152.97,0,0,0,0,0,0,0
390,#b3859b,settled,1,17,14,906.399,3.02349,5695.08,0,0,0,0,0,0,0
391,#7cdac1,settled,2,148,100,797.249,12.0085,5009.26,0,0,0,0,0,0,0
392,#457ce9,settled,1,9,10,807.93,3.72714,5076.37,0,0,0,0,0,0,0
393,#c1d15c,settled,1,19,19,804.886,2.35828,5057.25,0,0,0,0,0,0,0
394,#897383,settled,2,110,89,802.838,16.8827,5044.38,0,0,0,38,38,0,0
395,#52c8aa,settled,1,25,24,809.395,1.07919,5085.58,0,0,0,38,38,0,0
396,#ce6ad1,settled,1,19,18,810.815,2.34596,5094.5,0,0,0,0,0,0,0
397,#97bf44,settled,1,65,46,779.134,4.76397,4895.44,0,0,0,0,0,0,0
398,#5f626b,settled,1,25,25,841.88,2.8437,5289.69,0,0,0,0,0,0,0
399,#dbb692,settled,1,27,21,833.657,1.95283,5238.02,0,0,0,0,0,0,0
400,#a458b9,settled,1,59,49,574.334,17.5584,3608.65,0,0,0,458,458,0,0
401,#6daee0,settled,1,376,216,1244.35,7.07769,7818.49,0,0,0,318,318,0,0
402,#e94f54,settled,1,17,16,1261.24,1.78323,7924.58,0,0,0,0,0,0,0
403,#b1a57a,settled,1,77,50,1256.48,4.65746,7894.69,0,0,0,0,0,0,0
404,#7a47a1,settled,1,72,50,1165.49,13.6189,7323,0,0,0,162,162,0,0
405,#439cc8,settled,1,270,157,1040.74,4.86474,6539.19,0,0,0,0,0,0,0
406,#bff1ee,settled,1,48,33,1089.96,2.9211,6848.42,0,0,0,0,0,0,0
407,#879362,settled,1,34,26,1090.19,2.24872,6849.88,0,0,0,0,0,0,0
408,#50e989,settled,1,52,39,1087.68,3.8194,6834.07,0,0,0,9,9,0,0
409,#cc8ab0,settled,1,29,23,1086.78,3.86839,6828.44,0,0,0,15,15,0,0
410,#95e0d6,settled,1,18,16,1089.37,1.64309,6844.72,0,0,0,9,9,0,0
411,#5d824a,settled,1,16,15,1087.41,2.61005,6832.43,0,0,0,15,15,0,0
412,#d9d671,settled,1,24,21,1077.96,1.50222,6773.01,0,0,0,0,0,0,0
413,#a27998,settled,1,15,14,1106.14,2.36336,6950.07,0,0,0,0,0,0,0
414,#6bcebf,settled,1,20,20,1121.84,2.35852,7048.71,0,0,0,34,34,0,0
415,#e770e6,settled,1,15,16,1119.53,3.26587,7034.24,0,0,0,27,27,0,0
416,#afc559,settled,4,326,216,1131.33,19.1576,7108.35,0,0,0,443,443,103,0
417,#786780,settled,1,36,33,1127.05,3.69456,7081.48,0,0,0,0,0,0,0
418,#41bda7,settled,1,33,25,1077.51,2.49037,6770.2,0,0,0,0,0,0,0
419,#bd5ece,settled,1,160,101,1155.36,2.36872,7259.34,0,0,0,0,0,0,0
420,#85b341,settled,1,16,16,1151.05,1.90471,7232.27,0,0,0,0,0,0,0
421,#4e5669,settled,2,136,100,1084.87,34.9921,6816.42,0,0,0,0,0,1,0
422,#caaa8f,settled,1,36,26,945.857,3.21891,5943,0,0,0,37,37,0,0
423,#934db6,settled,1,34,25,942.575,1.64429,5922.38,0,0,0,0,0,0,0
424,#5ba2dd,settled,1,76,50,946.883,6.13449,5949.44,0,0,0,0,0,0,0
425,#d74351,settled,1,16,16,938.371,2.27769,5895.96,0,0,0,0,0,0,0
426,#a09977,settled,1,149,100,930.401,2.48405,5845.88,0,0,0,23,23,0,0
427,#69ee9e,settled,1,15,14,931.205,1.83441,5850.94,0,0,0,0,0,0,0
428,#e490c5,settled,1,19,20,931.959,1.79206,5855.67,0,0,0,23,23,0,0
429,#ade5eb,settled,1,243,141,1026.11,4.74388,6447.27,0,0,0,0,0,0,0
430,#76875f,settled,2,241,157,989.502,7.79154,6217.23,0,0,0,0,0,111,0
431,#f2dc86,settled,1,32,28,903.884,2.84427,5679.27,0,0,0,0,0,0,0
432,#ba7ead,settled,1,233,134,800.351,7.50015,5028.76,0,0,0,0,0,0,0
433,#83d4d4,settled,1,59,48,795.878,3.8309,5000.65,0,0,0,122,122,0,0
434,#4c7648,settled,1,78,50,613.23,6.78384,3853.04,0,0,0,343,343,0,0
435,#c8cb6e,settled,1,71,47,417.797,2.61444,2625.1,0,0,0,0,0,0,0
436,#906d95,settled,472,106951,62388,546.662,620.476,3434.78,0,0,0,205794,205794,456544,438377
437,#59c2bc,settled,335,79185,46022,450.459,547.177,2830.32,0,0,0,86116,86116,45032,38648
438,#d564e3,settled,1,67,47,629.2,37.7448,3953.38,0,0,0,184,184,0,0
439,#9eb956,settled,102,24523,14198,587.393,471.712,3690.7,0,0,0,6636,6636,4935,3712
440,#665b7e,settled,729,173831,100784,265.835,608.873,1670.29,0,0,0,297303,297303,161918,143961
441,#e2b0a4,settled,1,46,35,825.478,6.13579,5186.63,0,0,0,0,0,0,0
442,#ab52cb,settled,1,53,40,823.422,7.97768,5173.71,0,0,0,0,0,0,0
443,#74a8f2,settled,2,185,121,1328.53,47.2968,8347.42,0,0,0,33,33,9,0
444,#f04966,settled,1,12,12,1300.75,1.85688,8172.86,0,0,0,0,0,0,0
445,#b89e8c,settled,1,8,10,1299.14,2.49538,8162.76,0,0,0,0,0,0,0
446,#8141b3,settled,1,15,14,1262.91,2.94491,7935.12,0,0,0,0,0,0,0
447,#4a96da,settled,1,63,44,1246.8,7.99109,7833.9,0,0,0,0,0,0,0
448,#c6eb4d,settled,1,54,46,1182.17,45.3775,7427.78,0,0,0,0,0,0,0
449,#8e8d74,settled,1,43,34,1164.44,4.90761,7316.39,0,0,0,0,0,0,0
450,#57e29b,settled,1,11,12,1167.78,4.14675,7337.4,0,0,0,0,0,0,0
451,#d384c2,settled,1,40,29,1170.08,3.97461,7351.82,0,0,0,0,0,0,0
452,#9cd9e9,settled,1,15,16,1172.85,2.42464,7369.23,0,0,0,13,13,0,0
453,#647b5d,settled,1,9,11,1168.44,2.91136,7341.5,0,0,0,0,0,0,0
454,#e0d083,settled,1,98,66,1174.04,6.55072,7376.74,0,0,0,13,13,0,0
455,#a972aa,settled,1,55,43,1149.11,4.6235,7220.06,0,0,0,112,112,0,0
456,#72c8d1,settled,1,124,80,1142.15,5.70782,7176.33,0,0,0,111,111,0,0
457,#ee6945,settled,1,10,12,1143.39,7.69522,7184.16,0,0,0,9,9,0,0
458,#b6bf6b,settled,1,48,34,1131.42,2.28645,7108.91,0,0,0,0,0,0,0
459,#7f6193,settled,1,99,66,1171.33,3.0823,7359.67,0,0,0,0,0,0,0
460,#48b6b9,settled,1,68,48,1160.68,5.16892,7292.74,0,0,0,0,0,0,0
461,#c458e0,settled,1,26,22,1153.24,2.94863,7246.04,0,0,0,0,0,0,0
462,#8cad54,settled,1,13,13,1153.23,1.65212,7245.98,0,0,0,0,0,0,0
463,#554f7b,settled,1,24,20,1154.58,2.54946,7254.42,0,0,0,0,0,0,0
464,#d1a4a1,settled,1,18,18,1227.87,0.990056,7714.96,0,0,0,0,0,0,0
465,#9a46c8,settled,1,40,35,1098.42,2.9764,6901.58,0,0,0,0,0,0,0
466,#629cef,settled,1,24,19,1098.01,2.51433,6899.03,0,0,0,0,0,0,0
467,#def062,settled,1,40,31,1072.25,4.03191,6737.15,0,0,0,0,0,0,0
468,#a79389,settled,1,68,49,1064.27,7.54266,6687.02,0,0,0,0,0,0,0
469,#70e8b0,settled,1,7,8,1056.13,1.38551,6635.88,0,0,0,0,0,0,0
470,#eb89d7,settled,1,14,13,1059.11,1.60495,6654.6,0,0,0,0,0,0,0
471,#b4df4a,settled,1,82,55,1068.13,3.74647,6711.25,0,0,0,0,0,0,0
472,#7d8172,settled,2,125,99,751.122,13.1055,4719.44,0,0,0,176,176,0,0
473,#46d698,settled,1,65,50,754.064,4.40608,4737.92,0,0,0,101,101,0,0
474,#c178bf,settled,1,34,26,752.173,1.85767,4726.05,0,0,0,34,34,0,0
475,#8acde6,settled,1,56,46,762.455,6.74523,4790.65,0,0,0,149,149,0,0
476,#53705a,settled,1,7,9,756.335,2.43613,4752.19,0,0,0,79,79,0,0
477,#cfc480,settled,1,33,25,759.619,2.61068,4772.83,0,0,0,0,0,0,0
478,#9766a8,settled,1,33,24,761.233,2.83537,4782.97,0,0,0,0,0,0,0
479,#60bcce,settled,1,236,148,765.639,3.35727,4810.65,0,0,0,322,322,0,0
480,#dc5d42,settled,1,88,63,762.592,3.75369,4791.5,0,0,0,125,125,0,0
481,#a5b369,settled,1,80,53,764.335,3.96328,4802.46,0,0,0,95,95,0,0
482,#6d5590,settled,1,52,41,763.157,3.19062,4795.06,0,0,0,59,59,0,0
483,#e9aab6,settled,1,11,11,766.442,1.48855,4815.7,0,0,0,13,13,0,0
484,#b24cdd,settled,2,139,99,766.257,19.9685,4814.54,0,0,0,450,450,0,0
485,#7ba151,settled,1,154,108,780.426,7.10163,4903.56,0,0,0,186,186,0,0
486,#434378,settled,1,31,27,671.352,4.20335,4218.23,0,0,0,0,0,0,0
487,#bf989e,settled,1,27,25,715.17,1.61692,4493.54,0,0,0,0,0,0,0
488,#88eec5,settled,1,37,31,422.08,2.30738,2652,0,0,0,0,0,0,0
489,#5190ec,settled,1,141,90,418.449,3.71267,2629.19,0,0,0,0,0,0,0
490,#cde45f,settled,1,38,27,332.91,0.866099,2091.74,0,0,0,50,50,0,0
491,#958787,settled,2,130,97,1331.75,48.0058,8367.61,0,0,0,0,0,7,0
492,#5edcad,settled,1,127,83,1309.83,5.68105,8229.87,0,0,0,0,0,0,0
493,#da7ed4,settled,1,75,50,1253.75,4.28951,7877.52,0,0,0,21,21,0,0
494,#a3d348,settled,1,20,20,1251.85,1.45135,7865.63,0,0,0,21,21,0,0
495,#6b756f,settled,1,26,22,1285.64,2.19757,8077.88,0,0,0,0,0,0,0
496,#e7ca95,settled,2,115,89,1296.8,56.9374,8148.04,0,0,0,267,267,0,0
497,#b06cbd,settled,1,52,43,1239.2,3.23195,7786.13,0,0,0,0,0,0,0
498,#79c1e3,settled,1,40,30,1271.09,3.89825,7986.49,0,0,0,50,50,0,0
499,#416457,settled,1,22,22,1237.3,3.03025,7774.17,0,0,0,0,0,0,0
500,#bdb87e,settled,1,28,26,1235.54,4.28553,7763.1,0,0,0,33,33,0,0
501,#865ba5,settled,1,9,11,1079.67,1.22017,6783.79,0,0,0,0,0,0,0
502,#4fb0cb,settled,1,66,52,888.046,4.3191,5579.75,0,0,0,0,0,0,0
503,#cb513f,settled,1,217,127,894.574,7.73703,5620.78,0,0,0,0,0,0,0
504,#93a766,settled,1,76,50,804.984,4.44378,5057.86,0,0,0,484,484,0,0
505,#5c498d,settled,1,7,7,760.678,1.39263,4779.48,0,0,0,7,7,0,0
506,#d89eb3,settled,1,23,17,779.007,1.85984,4894.65,0,0,0,0,0,0,0
507,#a140db,settled,1,16,14,719.578,1.29366,4521.24,0,0,0,0,0,0,0
508,#69954e,settled,1,58,50,684.279,2.048,4299.45,0,0,0,0,0,0,0
509,#e5ea74,settled,1,22,19,688.746,2.6042,4327.52,0,0,0,0,0,0,0
510,#ae8c9c,settled,1,39,31,687.736,2.14986,4321.17,0,0,0,30,30,0,0
511,#77e2c2,settled,1,14,15,688.562,2.22346,4326.36,0,0,0,0,0,0,0
512,#3f84e9,settled,1,19,17,687.443,1.58328,4319.33,0,0,0,30,30,0,0
513,#bbd95d,settled,1,49,33,687.539,1.90758,4319.94,0,0,0,11,11,0,0
514,#847b84,settled,1,68,50,693.537,6.76258,4357.62,0,0,0,0,0,0,0
515,#4dd0aa,settled,1,46,35,686.817,2.11843,4315.4,0,0,0,11,11,0,0
516,#c872d2,settled,1,24,21,693.126,2.84816,4355.04,0,0,0,0,0,0,0
517,#91c745,settled,1,16,14,701.105,2.45611,4405.17,0,0,0,0,0,0,0
518,#5a696c,settled,1,18,16,686.42,2.62197,4312.9,0,0,0,0,0,0,0
519,#d6be93,settled,1,53,38,696.955,3.96743,4379.1,0,0,0,0,0,0,0
520,#9e60ba,settled,1,115,70,517.661,0.927169,3252.56,0,0,0,304,304,0,0
521,#67b6e0,settled,2,135,100,472.783,21.5398,2970.58,0,0,0,0,0,15,0
522,#e35754,settled,1,28,23,133.107,6.01574,836.334,0,0,0,0,0,0,0
523,#acac7b,settled,2,40,39,130.416,12.9444,819.428,0,0,0,0,0,10,0
524,#744fa2,settled,1,75,50,129.278,7.94801,812.281,0,0,0,0,0,0,0
525,#f0a3c8,settled,1,14,16,1288.88,24.6435,8098.26,0,0,0,36,36,0,0
526,#b946f0,settled,1,8,10,1285.29,2.81053,8075.73,0,0,0,0,0,0,0
527,#829b63,settled,1,28,24,1279.27,4.41675,8037.89,0,0,0,0,0,0,0
528,#4af089,settled,1,38,36,1276.91,6.13367,8023.09,0,0,0,0,0,0,0
529,#c692b1,settled,1,30,26,1257.41,12.1793,7900.54,0,0,0,1,1,0,0
530,#8fe7d7,settled,1,34,31,1259.48,5.60521,7913.55,0,0,0,1,1,0,0
531,#58894b,settled,1,70,50,1268.99,13.2729,7973.29,0,0,0,0,0,0,0
532,#d4de72,settled,2,88,68,1212.86,55.504,7620.65,0,0,0,0,0,0,0
533,#9c8099,settled,1,245,142,1334.8,6.22257,8386.79,0,0,0,217,217,0,0
534,#65d6bf,settled,1,52,36,1318.86,4.73312,8286.63,0,0,0,0,0,0,0
535,#e177e7,settled,1,44,31,1319.72,3.40631,8292.05,0,0,0,146,146,0,0
536,#aacd5a,settled,1,30,24,1319.93,3.16139,8293.36,0,0,0,0,0,0,0
537,#726f81,settled,1,20,19,1320.77,4.17679,8298.65,0,0,0,185,185,0,0
538,#eec4a8,settled,1,114,70,1322.45,4.34285,8309.22,0,0,0,139,139,0,0
539,#b766cf,settled,1,30,27,1321.28,2.64864,8301.88,0,0,0,40,40,0,0
540,#80bb42,settled,1,53,39,1321.56,3.47332,8303.6,0,0,0,0,0,0,0
541,#485d69,settled,1,147,88,1187.18,4.88754,7459.27,0,0,0,166,166,0,0
542,#c4b290,settled,1,25,23,1196.39,1.63047,7517.12,0,0,0,0,0,0,0
543,#8d54b7,settled,1,42,32,1111.04,18.8907,6980.88,0,0,0,0,0,0,0
544,#56aadd,settled,1,117,73,1151.07,6.1617,7232.38,0,0,0,0,0,0,0
545,#d24b51,settled,1,13,14,1119.76,4.75883,7035.64,0,0,0,0,0,0,0
546,#9aa178,settled,1,9,11,1116.02,1.96524,7012.13,0,0,0,0,0,0,0
547,#63439f,settled,1,7,8,935.31,1.42219,5876.73,0,0,0,0,0,0,0
548,#df97c6,settled,1,10,10,953.425,1.25757,5990.55,0,0,0,0,0,0,0
549,#a8edec,settled,1,7,9,854.066,8.3964,5366.26,0,0,0,0,0,0,0
550,#708f60,settled,1,43,33,844.36,14.509,5305.27,0,0,0,0,0,0,0
551,#ece487,settled,1,59,50,861.339,5.00651,5411.95,0,0,0,0,0,0,0
552,#b586ae,settled,1,57,39,843.868,2.58171,5302.18,0,0,0,0,0,0,0
553,#7edbd4,settled,1,8,9,839.592,1.88957,5275.31,0,0,0,0,0,0,0
554,#467e48,settled,1,30,25,860.713,3.13946,5408.02,0,0,0,0,0,0,0
555,#c2d26f,settled,1,70,49,766.081,12.0024,4813.43,0,0,0,0,0,0,0
556,#8b7496,settled,1,55,39,583.199,9.74364,3664.35,0,0,0,0,0,0,0
557,#54cabd,settled,1,47,37,575.228,3.31139,3614.26,0,0,0,0,0,0,0
558,#cf6be4,settled,1,23,19,575.577,2.13048,3616.46,0,0,0,0,0,0,0
559,#98c157,settled,1,8,9,574.411,0.674898,3609.13,0,0,0,0,0,0,0
560,#61637e,settled,1,12,12,605.627,1.30519,3805.27,0,0,0,0,0,0,0
561,#ddb8a5,settled,2,71,58,611.656,7.73402,3843.15,0,0,0,0,0,0,0
562,#a55acc,settled,1,49,33,624.871,1.98464,3926.18,0,0,0,0,0,0,0
563,#6eaf3f,settled,1,42,33,677.118,1.52845,4254.46,0,0,0,0,0,0,0
564,#ea5166,settled,1,96,64,547.897,3.80426,3442.54,0,0,0,206,206,0,0
565,#b3a68d,settled,1,47,41,568.63,8.03499,3572.81,0,0,0,0,0,0,0
566,#7b48b4,settled,1,66,50,548.157,21.5377,3444.17,0,0,0,449,449,0,0
567,#449edb,settled,1,372,214,191.224,3.02299,1201.5,0,0,0,0,0,0,0
568,#c03f4f,settled,1,30,24,29.8604,31.2262,187.619,0,0,0,0,0,0,0
569,#899575,settled,2,76,60,203.004,31.4579,1275.51,0,0,0,0,0,18,14
570,#51ea9c,settled,1,150,93,1160.86,5.82589,7293.88,0,0,0,0,0,0,0
571,#cd8cc3,settled,1,22,19,1153.66,1.65078,7248.64,0,0,0,0,0,0,0
572,#96e1e9,settled,2,140,100,1286.83,26.8177,8085.39,0,0,0,0,0,108,54
573,#5f835d,settled,1,52,39,1345.34,3.06407,8453.03,0,0,0,0,0,0,0
574,#dbd884,settled,1,41,36,1335.83,13.727,8393.26,0,0,0,0,0,0,0
575,#a37aab,settled,1,16,15,1243.12,1.88545,7810.76,0,0,0,18,18,0,0
576,#6ccfd2,settled,1,45,36,1303.37,5.5453,8189.34,0,0,0,0,0,0,0
577,#e87146,settled,1,24,20,1308.64,2.66893,8222.41,0,0,0,0,0,0,0
578,#b1c66c,settled,1,34,29,1248.91,4.75782,7847.14,0,0,0,35,35,0,0
579,#796993,settled,1,61,52,1256.26,8.77444,7893.3,0,0,0,0,0,0,0
580,#42beba,settled,1,73,50,1234.3,12.4575,7755.31,0,0,0,14,14,0,0
581,#be5fe1,settled,1,15,15,1234.47,0.553421,7756.4,0,0,0,0,0,0,0
582,#87b554,settled,1,17,15,1227.77,1.93265,7714.3,0,0,0,0,0,0,0
583,#4f577b,settled,1,17,16,1230.52,1.6607,7731.61,0,0,0,5,5,0,0
584,#cbaca2,settled,1,11,11,1237.41,23.0042,7774.87,0,0,0,0,0,0,0
585,#944ec9,settled,1,64,49,1013.58,46.9187,6368.51,0,0,0,0,0,0,0
586,#5da3f0,settled,1,20,18,1011.43,2.13765,6355,0,0,0,0,0,0,0
587,#d94564,settled,1,25,27,1046.85,52.67,6577.58,0,0,0,31,31,0,0
588,#a19a8a,settled,1,67,50,1038.59,22.9649,6525.64,0,0,0,31,31,0,0
589,#6af0b1,settled,1,21,19,992.386,19.644,6235.35,0,0,0,0,0,0,0
590,#e691d8,settled,1,72,53,962.007,3.69033,6044.47,0,0,0,0,0,0,0
591,#afe74b,settled,1,307,179,1043.76,7.17628,6558.14,0,0,0,0,0,0,0
592,#778972,settled,1,70,57,917.773,2.66882,5766.54,0,0,0,0,0,0,0
593,#40de99,settled,1,68,49,759.317,12.2913,4770.93,0,0,0,28,28,0,0
594,#bc80c0,settled,1,14,15,768.356,2.7843,4827.73,0,0,0,0,0,0,0
595,#85d5e7,settled,1,24,20,615.325,1.77775,3866.2,0,0,0,0,0,0,0
596,#4d775b,settled,1,62,44,462.252,13.779,2904.41,0,0,0,0,0,0,0
597,#c9cc81,settled,4,321,222,542.325,110.846,3407.53,0,0,0,1636,1636,20,2
598,#926ea8,settled,1,39,29,581.923,4.09455,3656.33,0,0,0,0,0,0,0
599,#5bc4cf,settled,1,40,36,1205.81,2.49583,7576.34,0,0,0,0,0,0,0
600,#d66543,settled,3,216,153,1231.97,88.6408,7740.69,0,0,0,0,0,23,0
601,#9fba69,settled,1,39,30,1282.77,4.47332,8059.9,0,0,0,158,158,0,0
602,#685d90,settled,1,40,36,1369.54,2.13241,8605.08,0,0,0,0,0,0,0
603,#e4b1b7,settled,1,73,49,1066.79,8.18673,6702.83,0,0,0,0,0,0,0
604,#ac54de,settled,1,29,24,1098.39,2.5606,6901.41,0,0,0,0,0,0,0
605,#75a951,settled,1,12,14,1110.54,3.39318,6977.72,0,0,0,0,0,0,0
606,#f14a79,settled,1,9,10,1075.3,4.7915,6756.3,0,0,0,0,0,0,0
607,#baa09f,settled,3,217,155,1133.97,63.1867,7124.96,0,0,0,0,0,23,0
608,#8242c6,settled,1,73,50,1110.83,14.0988,6979.55,0,0,0,0,0,0,0
609,#4b97ed,settled,1,78,50,729.255,10.8623,4582.05,0,0,0,0,0,0,0
610,#c7ec60,settled,6,920,556,549.159,31.5496,3450.47,0,0,0,0,0,68,0
611,#908e87,settled,4,290,199,446.497,27.4518,2805.42,0,0,0,0,0,105,0
612,#58e4ae,settled,1,227,134,494.283,4.53237,3105.67,0,0,0,0,0,0,0
613,#d485d5,settled,1,32,27,495.541,2.54199,3113.58,0,0,0,0,0,0,0
614,#9ddb48,settled,1,51,41,1050.88,4.35179,6602.88,0,0,0,61,61,0,0
615,#667d70,settled,1,10,11,1051.13,2.16944,6604.42,0,0,0,10,10,0,0
616,#e2d296,settled,1,55,37,1007.4,2.88757,6329.67,0,0,0,58,58,0,0
617,#aa74bd,settled,1,47,38,1055.58,3.14039,6632.42,0,0,0,0,0,0,0
618,#73c9e4,settled,1,121,77,1182.43,4.40524,7429.43,0,0,0,0,0,0,0
619,#ef6b58,settled,1,57,45,1029.59,5.92355,6469.14,0,0,0,0,0,0,0
620,#b8c07e,settled,1,304,181,1057.12,6.45892,6642.08,0,0,0,0,0,0,0
621,#8062a5,settled,1,7,8,1024.04,1.1867,6434.21,0,0,0,0,0,0,0
622,#49b8cc,settled,1,162,99,1032.2,7.67077,6485.49,0,0,0,0,0,0,0
623,#c55940,settled,1,167,104,810.238,2.0531,5090.88,0,0,0,0,0,0,0
624,#8eaf66,settled,1,52,39,806.651,3.6572,5068.34,0,0,0,0,0,0,0
625,#56518e,settled,1,16,16,772.698,4.34521,4855.01,0,0,0,0,0,0,0
626,#d2a5b4,settled,1,15,14,731.107,22.2101,4593.68,0,0,0,0,0,0,0
627,#9b48db,settled,3,350,227,516.195,82.5211,3243.35,0,0,0,0,0,7,1
628,#649d4f,settled,1,26,22,454.515,10.0108,2855.8,0,0,0,0,0,0,0
629,#e0f275,settled,1,8,9,457.782,10.1308,2876.33,0,0,0,0,0,0,0
630,#a8949c,settled,1,71,47,464.852,10.1989,2920.75,0,0,0,0,0,0,0
631,#71e9c3,settled,2,368,236,420.891,13.3173,2644.54,0,0,0,0,0,0,0
632,#ed8bea,settled,1,74,50,392.824,16.0269,2468.19,0,0,0,262,262,0,0
633,#b6e05d,settled,1,7,9,419.7,0.770034,2637.05,0,0,0,0,0,0,0
634,#7e8285,settled,1,31,29,385.671,2.97604,2423.24,0,0,0,31,31,0,0
635,#47d8ab,settled,2,137,100,416.007,11.4319,2613.85,0,0,0,70,70,0,0
636,#c379d2,settled,1,254,156,429.138,10.1212,2696.35,0,0,0,0,0,0,0
637,#8ccf46,settled,1,40,31,421.18,11.99,2646.35,0,0,0,0,0,0,0
638,#54716d,settled,1,8,9,420.885,1.81249,2644.5,0,0,0,0,0,0,0
639,#d0c693,settled,1,26,24,423.45,2.93575,2660.62,0,0,0,0,0,0,0
640,#9968ba,settled,1,18,17,424.13,2.03399,2664.89,0,0,0,0,0,0,0
641,#62bde1,settled,1,7,9,454.838,4.13839,2857.83,0,0,0,0,0,0,0
642,#dd5f55,settled,1,21,20,419.687,6.27021,2636.97,0,0,0,0,0,0,0
643,#a6b47b,settled,1,32,30,433.404,3.64249,2723.16,0,0,0,0,0,0,0
644,#6f56a3,settled,1,28,23,420.816,2.37626,2644.07,0,0,0,52,52,0,0
645,#ebabc9,settled,1,18,16,418.413,2.31704,2628.97,0,0,0,0,0,0,0
646,#b34df0,settled,1,42,38,441.856,7.65747,2776.27,0,0,0,78,78,0,0
647,#7ca364,settled,1,19,17,427.479,0.995409,2685.93,0,0,0,25,25,0,0
648,#45458b,settled,1,43,33,424.23,4.08843,2665.52,0,0,0,0,0,0,0
649,#c19ab1,settled,1,29,25,425.787,2.01408,2675.3,0,0,0,30,30,0,0
650,#89efd8,settled,1,111,72,420.504,5.19285,2642.1,0,0,0,152,152,0,0
651,#52914c,settled,1,15,16,422.015,2.71115,2651.6,0,0,0,18,18,0,0
652,#cee672,settled,1,14,14,422.73,1.79617,2656.09,0,0,0,14,14,0,0
653,#97889a,settled,1,75,50,420.463,7.24139,2641.85,0,0,0,0,0,0,0
654,#5fddc0,settled,1,386,235,546.203,3.42538,3431.9,0,0,0,0,0,0,0
655,#db7fe7,settled,1,41,30,531.35,3.48876,3338.57,0,0,0,0,0,0,0
656,#a4d45b,settled,1,52,49,507.083,19.1453,3186.1,0,0,0,0,0,0,0
657,#6d7782,settled,1,31,27,536.025,2.97588,3367.94,0,0,0,0,0,0,0
658,#e9cba8,settled,1,36,29,509.671,4.62403,3202.36,0,0,0,0,0,0,0
659,#b16dcf,settled,1,23,20,1177.96,2.16193,7401.35,0,0,0,0,0,0,0
660,#7ac343,settled,1,25,22,1176.96,1.79497,7395.06,0,0,0,0,0,0,0
661,#43656a,settled,1,93,69,1322.72,2.80932,8310.9,0,0,0,0,0,0,0
662,#bfba90,settled,1,8,10,757.398,31.9192,4758.87,0,0,0,43,43,0,0
663,#875cb8,settled,1,53,43,822.066,3.67306,5165.19,0,0,0,0,0,0,0
664,#50b1de,settled,1,29,24,820.695,1.90272,5156.58,0,0,0,0,0,0,0
665,#cc5352,settled,1,50,40,688.729,49.4943,4327.41,0,0,0,0,0,0,0
666,#95a879,settled,1,48,34,609.115,23.9106,3827.18,0,0,0,177,177,0,0
667,#5d4aa0,settled,1,7,9,637.931,17.5852,4008.24,0,0,0,0,0,0,0
668,#d99fc6,settled,1,65,47,620.052,22.6802,3895.9,0,0,0,177,177,0,0
669,#a241ee,settled,1,70,50,534.828,36.2106,3360.42,0,0,0,0,0,0,0
670,#6b9761,settled,1,133,81,541.493,7.09295,3402.3,0,0,0,0,0,0,0
671,#e7eb87,settled,1,76,50,542.681,21.4697,3409.76,0,0,0,0,0,0,0
672,#af8eaf,settled,1,52,38,580.171,5.62326,3645.32,0,0,0,0,0,0,0
673,#78e3d5,settled,1,23,18,624.504,3.0471,3923.88,0,0,0,54,54,0,0
674,#418549,settled,1,17,17,584.507,2.55919,3672.57,0,0,0,50,50,0,0
675,#bdda70,settled,1,19,17,579.744,1.67182,3642.64,0,0,0,0,0,0,0
676,#857c97,settled,1,33,27,600.17,4.85092,3770.98,0,0,0,82,82,0,0
677,#4ed2bd,settled,1,45,34,601.559,2.70215,3779.71,0,0,0,112,112,0,0
678,#ca73e4,settled,1,47,35,602.873,2.0035,3787.96,0,0,0,128,128,0,0
679,#93c858,settled,1,42,31,654.967,3.22513,4115.28,0,0,0,52,52,0,0
680,#5b6b7f,settled,1,27,25,677.94,6.32485,4259.62,0,0,0,34,34,0,0
681,#d7bfa5,settled,1,7,8,961.526,1.35296,6041.45,0,0,0,0,0,0,0
682,#a062cd,settled,1,8,9,966.406,1.35759,6072.11,0,0,0,0,0,0,0
683,#69b740,settled,1,41,30,968.171,2.69471,6083.19,0,0,0,0,0,0,0
684,#e45867,settled,1,13,14,970.264,2.1996,6096.35,0,0,0,0,0,0,0
685,#adae8e,settled,1,170,105,1048.65,6.69182,6588.86,0,0,0,0,0,0,0
686,#7650b5,settled,1,18,19,1037.07,3.46922,6516.11,0,0,0,0,0,0,0
687,#f2a5db,settled,1,29,25,1029.25,5.66851,6466.98,0,0,0,0,0,0,0
688,#ba474f,settled,1,18,16,987.308,3.81494,6203.44,0,0,0,0,0,0,0
689,#839c76,settled,1,8,10,914.893,36.4183,5748.44,0,0,0,0,0,0,0
690,#4cf29c,settled,1,22,18,802.955,3.12644,5045.12,0,0,0,0,0,0,0
691,#c893c4,settled,1,34,26,815.898,3.30971,5126.44,0,0,0,0,0,0,0
692,#90e9ea,settled,1,11,13,796.395,3.0245,5003.9,0,0,0,0,0,0,0
693,#598b5e,settled,1,53,40,784.786,3.05223,4930.96,0,0,0,0,0,0,0
694,#d5e085,settled,1,17,17,781.455,3.09817,4910.03,0,0,0,0,0,0,0
695,#9e82ac,settled,1,20,18,778.405,4.09552,4890.86,0,0,0,0,0,0,0
696,#66d7d2,settled,1,72,52,669.016,2.38893,4203.55,0,0,0,77,77,0,0
697,#e27946,settled,1,67,49,702.425,23.5021,4413.46,0,0,0,129,129,0,0
698,#abce6d,settled,1,57,38,722.251,5.93689,4538.03,0,0,0,0,0,0,0
699,#747094,settled,1,39,35,692.758,5.93217,4352.73,0,0,0,0,0,0,0
700,#f0c5ba,settled,1,7,9,694.833,6.56228,4365.76,0,0,0,0,0,0,0
701,#b867e2,settled,1,14,14,716.902,7.83528,4504.43,0,0,0,0,0,0,0
702,#81bd55,settled,1,70,48,723.457,3.41989,4545.62,0,0,0,0,0,0,0
703,#4a5f7c,settled,1,72,48,727.372,4.44369,4570.22,0,0,0,0,0,0,0
704,#c6b3a3,settled,1,10,12,629.307,1.90495,3954.05,0,0,0,0,0,0,0
705,#8e56ca,settled,1,31,25,644.741,2.79231,4051.02,0,0,0,31,31,0,0
706,#57abf0,settled,1,185,115,649.275,7.95497,4079.52,0,0,0,221,221,0,0
707,#d34d64,settled,1,18,17,644.05,2.99865,4046.69,0,0,0,18,18,0,0
708,#9ca28b,settled,1,45,34,701.198,3.64378,4405.76,0,0,0,25,25,0,0
709,#6444b2,settled,1,19,17,702.918,2.88443,4416.57,0,0,0,25,25,0,0
710,#e099d9,settled,1,22,20,714.605,3.47058,4489.99,0,0,0,0,0,0,0
711,#a9ee4c,settled,1,40,36,687.136,3.09768,4317.4,0,0,0,0,0,0,0
712,#729073,settled,1,36,28,684.822,2.44641,4302.86,0,0,0,0,0,0,0
713,#eee59a,settled,1,56,41,722.518,14.3831,4539.72,0,0,0,0,0,0,0
714,#b687c1,settled,1,15,15,735.509,2.18457,4621.34,0,0,0,0,0,0,0
715,#7fdde7,settled,1,17,17,738.443,2.52217,4639.78,0,0,0,0,0,0,0
716,#487f5b,settled,2,180,125,625.924,71.6538,3932.8,0,0,0,0,0,18,0
717,#c4d482,settled,1,13,12,601.239,2.64719,3777.69,0,0,0,12,12,0,0
718,#8c76a9,settled,1,7,8,621.83,1.98228,3907.07,0,0,0,0,0,0,0
719,#55cbcf,settled,1,9,10,624.819,1.60764,3925.85,0,0,0,0,0,0,0
720,#d16d43,settled,1,82,51,625.579,3.73262,3930.63,0,0,0,0,0,0,0
721,#9ac26a,settled,3,547,335,693.552,12.8156,4357.72,0,0,0,355,355,40,0
722,#626491,settled,1,18,17,600.875,0.788343,3775.41,0,0,0,0,0,0,0
723,#deb9b8,settled,1,51,41,593.961,4.46028,3731.96,0,0,0,0,0,0,0
724,#a75bdf,settled,1,35,28,587.253,3.116,3689.82,0,0,0,0,0,0,0
725,#70b152,settled,1,8,10,593.432,1.89126,3728.65,0,0,0,0,0,0,0
726,#eb5279,settled,1,35,26,604.121,2.3408,3795.8,0,0,0,0,0,0,0
727,#b4a8a0,settled,1,21,19,655.62,3.06342,4119.38,0,0,0,0,0,0,0
728,#7d4ac7,settled,1,16,15,685.097,1.95021,4304.59,0,0,0,80,80,0,0
729,#469fee,settled,1,79,53,601.868,2.02317,3781.65,0,0,0,0,0,0,0
730,#c14162,settled,1,22,20,606.829,0.616351,3812.82,0,0,0,0,0,0,0
731,#8a9688,settled,1,62,45,600.62,0.484554,3773.81,0,0,0,0,0,0,0
732,#53ebaf,settled,1,53,43,606.215,0.966424,3808.96,0,0,0,0,0,0,0
733,#cf8dd6,settled,1,7,10,571.397,1.64308,3590.19,0,0,0,7,7,0,0
734,#97e249,settled,2,137,98,702.554,27.0199,4414.28,0,0,0,70,70,0,0
735,#608570,settled,1,18,16,680.446,1.86285,4275.37,0,0,0,0,0,0,0
736,#dcd997,settled,1,29,23,707.445,2.31165,4445.01,0,0,0,0,0,0,0
737,#a57bbe,settled,1,78,50,668.773,7.93011,4202.02,0,0,0,0,0,0,0
738,#6dd1e4,settled,1,77,50,668.96,8.06738,4203.2,0,0,0,0,0,0,0
739,#e97258,settled,1,19,18,605.172,1.45739,3802.41,0,0,0,0,0,0,0
740,#b2c87f,settled,1,369,219,739.649,10.8581,4647.35,0,0,0,0,0,0,0
741,#7b6aa6,settled,1,82,60,725.146,2.03559,4556.23,0,0,0,0,0,0,0
742,#43bfcd,settled,1,7,9,762.377,2.15322,4790.16,0,0,0,0,0,0,0
743,#bf6141,settled,1,18,20,753.966,5.52012,4737.31,0,0,0,0,0,0,0
744,#88b667,settled,1,12,12,747.792,2.6032,4698.51,0,0,0,0,0,0,0
745,#51588e,settled,1,20,19,745.452,3.82717,4683.81,0,0,0,0,0,0,0
746,#cdadb5,settled,1,149,102,737.861,12.6592,4636.12,0,0,0,0,0,0,0
747,#954fdc,settled,1,50,50,938.579,50.599,5897.27,0,0,0,0,0,0,0
748,#5ea54f,settled,1,19,18,982.349,2.85019,6172.28,0,0,0,0,0,0,0
749,#da4677,settled,1,45,34,1019.11,2.64131,6403.24,0,0,0,0,0,0,0
750,#a39c9d,settled,1,23,17,1020.01,2.49068,6408.93,0,0,0,0,0,0,0
751,#6bf1c4,settled,1,23,20,1017.97,1.76522,6396.07,0,0,0,0,0,0,0
752,#e793eb,settled,1,17,15,1017.76,1.70273,6394.79,0,0,0,5,5,0,0
753,#b0e85e,settled,1,161,105,1013.44,8.99109,6367.6,0,0,0,5,5,0,0
754,#798a85,settled,1,23,22,1063.67,6.25609,6683.25,0,0,0,29,29,0,0
755,#41e0ac,settled,1,20,19,1452.55,1.57096,9126.62,0,0,0,14,14,0,0
756,#bd81d3,settled,1,19,18,1452.51,2.85081,9126.39,0,0,0,0,0,0,0
757,#86d646,settled,22,5788,3319,1442.25,262.364,9061.94,0,0,0,1287,1287,343,65
758,#4f796d,settled,1,16,17,1468.43,3.52941,9226.44,0,0,0,24,24,0,0
759,#cbcd94,settled,1,213,130,1470.92,4.8144,9242.04,0,0,0,82,82,0,0
760,#9370bb,settled,1,16,14,1472.34,1.64993,9250.98,0,0,0,16,16,0,0
761,#5cc5e2,settled,1,27,25,1472.82,1.9047,9254,0,0,0,10,10,0,0
762,#d86656,settled,1,16,14,1473.59,2.38287,9258.84,0,0,0,0,0,0,0
763,#a1bc7c,settled,1,23,18,1474.41,1.64319,9263.99,0,0,0,0,0,0,0
764,#695ea3,settled,1,25,23,1474.72,2.85183,9265.92,0,0,0,22,22,0,0
765,#e5b3ca,settled,1,142,88,1477.72,6.2,9284.8,0,0,0,38,38,0,0
766,#ae55f1,settled,1,15,14,1484.36,3.45661,9326.48,0,0,0,0,0,0,0
767,#77aa64,settled,1,71,50,1451.83,9.65191,9122.13,0,0,0,44,44,0,0
768,#3f4d8c,settled,1,70,50,1493.33,4.81931,9382.86,0,0,0,176,176,0,0
769,#bba1b2,settled,1,183,115,1490.78,4.62501,9366.83,0,0,0,472,472,0,0
770,#8443d9,settled,1,57,44,1200.06,10.4996,7540.18,0,0,0,0,0,0,0
771,#4d994d,settled,1,20,20,1168.35,4.69714,7340.96,0,0,0,0,0,0,0
772,#c8ee73,settled,1,10,12,1173.21,1.76239,7371.49,0,0,0,0,0,0,0
773,#91909a,settled,1,9,11,1227.59,5.41806,7713.19,0,0,0,0,0,0,0
774,#5ae5c1,settled,1,35,28,1225.85,2.48287,7702.27,0,0,0,0,0,0,0
775,#d687e8,settled,1,71,50,1074.39,13.8632,6750.59,0,0,0,0,0,0,0
776,#9edc5b,settled,1,76,54,1055.55,4.79625,6632.22,0,0,0,0,0,0,0
777,#677e82,settled,1,22,24,1084.72,2.76526,6815.5,0,0,0,0,0,0,0
778,#e3d3a9,settled,1,24,22,1079,4.84858,6779.54,0,0,0,0,0,0,0
779,#ac75d0,settled,1,13,14,1079.59,2.90255,6783.26,0,0,0,0,0,0,0
780,#74cb43,settled,1,24,23,1072.18,3.58394,6736.68,0,0,0,0,0,0,0
781,#f06c6b,settled,1,15,16,1071.7,3.54542,6733.7,0,0,0,0,0,0,0
782,#b9c191,settled,1,10,11,1038.45,3.80867,6524.77,0,0,0,0,0,0,0
783,#8264b8,settled,1,43,32,1065.05,2.74928,6691.91,0,0,0,0,0,0,0
784,#4ab9df,settled,1,33,30,889.52,6.19606,5589.02,0,0,0,0,0,0,0
785,#c65b53,settled,1,77,50,931.474,7.84934,5852.63,0,0,0,0,0,0,0
786,#8fb079,settled,1,16,16,956.308,2.48689,6008.66,0,0,0,0,0,0,0
787,#5852a1,settled,1,46,36,861.901,4.74779,5415.48,0,0,0,0,0,0,0
788,#d4a7c7,settled,1,28,23,870.867,1.57379,5471.82,0,0,0,0,0,0,0
789,#9c49ee,settled,1,10,11,823.272,2.69875,5172.77,0,0,0,2,2,0,0
790,#659e62,settled,1,15,17,825.7,2.22247,5188.03,0,0,0,0,0,0,0
791,#e14089,settled,1,17,15,823.432,3.2664,5173.78,0,0,0,2,2,0,0
792,#aa95af,settled,1,61,49,840.637,9.09647,5281.88,0,0,0,0,0,0,0
793,#72ebd6,settled,1,185,111,842.309,6.42394,5292.38,0,0,0,255,255,0,0
794,#ee8c4a,settled,1,17,17,841.584,2.35357,5287.83,0,0,0,0,0,0,0
795,#b7e270,settled,1,27,24,845.269,3.09676,5310.98,0,0,0,0,0,0,0
796,#808497,settled,1,262,152,847.433,9.13185,5324.58,0,0,0,255,255,0,0
797,#48d9be,settled,1,14,14,843.29,2.86508,5298.55,0,0,0,0,0,0,0
798,#c47be5,settled,1,20,18,850.632,4.37908,5344.68,0,0,0,0,0,0,0
799,#8dd058,settled,1,30,25,872.484,3.36765,5481.98,0,0,0,0,0,0,0
800,#567280,settled,1,18,18,854.763,3.02219,5370.63,0,0,0,0,0,0,0
801,#d2c7a6,settled,1,20,18,857.433,2.46354,5387.41,0,0,0,0,0,0,0
802,#9a69cd,settled,1,10,10,744.435,1.61974,4677.42,0,0,0,0,0,0,0
803,#63bf41,settled,1,144,88,738.204,0.806217,4638.27,0,0,0,193,193,0,0
804,#df6068,settled,1,38,31,747.204,2.50143,4694.82,0,0,0,0,0,0,0
805,#a8b68e,settled,1,28,26,722.251,1.14328,4538.04,0,0,0,0,0,0,0
806,#7058b6,settled,1,20,19,721.423,0.677182,4532.83,0,0,0,0,0,0,0
807,#ecacdc,settled,1,157,94,703.493,3.69493,4420.18,0,0,0,421,421,0,0
808,#b54f50,settled,1,18,16,748.781,3.0042,4704.73,0,0,0,0,0,0,0
809,#7ea477,settled,1,16,15,755.127,2.49961,4744.6,0,0,0,0,0,0,0
810,#46469e,settled,1,38,28,770.752,3.87106,4842.78,0,0,0,83,83,0,0
811,#c29bc4,settled,2,466,298,726.567,22.5787,4565.16,0,0,0,0,0,14,0
812,#8bf0eb,settled,1,62,49,710.387,10.4602,4463.49,0,0,0,0,0,0,0
813,#54935f,settled,1,70,50,707.904,10.4691,4447.89,0,0,0,7,7,0,0
814,#cfe785,settled,1,19,18,759.924,1.23193,4774.74,0,0,0,0,0,0,0
815,#9889ac,settled,1,39,33,759.209,2.55336,4770.25,0,0,0,0,0,0,0
816,#61dfd3,settled,1,26,23,755.585,1.96984,4747.48,0,0,0,0,0,0,0
817,#dd8047,settled,1,32,23,758.534,3.36495,4766.01,0,0,0,43,43,0,0
818,#a5d66d,settled,1,315,179,773.462,4.7844,4859.8,0,0,0,0,0,0,0
819,#6e7895,settled,1,15,14,1204.81,32.118,7570.03,0,0,0,46,46,0,0
820,#eacdbb,settled,22,5483,3169,1439.94,391.815,9047.39,0,0,0,268,268,294,76
821,#b36fe2,settled,23,5434,3121,1463.76,251.841,9197.07,0,0,0,3,3,387,39
822,#7bc456,settled,1,72,50,1303.28,9.74353,8188.73,0,0,0,0,0,0,0
823,#44667d,settled,1,66,48,1596.14,14.9922,10028.8,0,0,0,0,0,0,0
824,#c0bba3,settled,1,208,149,1599.94,3.59293,10052.7,0,0,0,0,0,0,0
825,#895dcb,settled,1,22,19,1597.68,2.28489,10038.5,0,0,0,0,0,0,0
826,#51b3f1,settled,1,12,12,1596.98,2.17561,10034.1,0,0,0,0,0,0,0
827,#cd5465,settled,1,76,50,1430,18.0123,8984.94,0,0,0,1550,1550,0,0
828,#96aa8c,settled,1,53,50,1429.38,10.0919,8981.05,0,0,0,440,440,0,0
829,#5f4cb3,settled,1,251,142,1424.6,3.59393,8951.02,0,0,0,1372,1372,0,0
830,#dba1d9,settled,1,160,96,1435.36,3.53298,9018.63,0,0,0,896,896,0,0
831,#a3434d,settled,1,73,49,1408.71,8.94694,8851.16,0,0,0,673,673,0,0
832,#6c9874,settled,1,29,24,1413.48,3.70933,8881.17,0,0,0,255,255,0,0
833,#e8ed9a,settled,1,49,38,1422.7,2.03226,8939.12,0,0,0,308,308,0,0
834,#b18fc1,settled,1,348,195,1409.7,4.12661,8857.4,0,0,0,2826,2826,0,0
835,#79e4e8,settled,1,8,10,1358.25,0.312856,8534.12,0,0,0,19,19,0,0
836,#42875c,settled,1,184,110,1362.09,6.04501,8558.25,0,0,0,1148,1148,0,0
837,#bedb82,settled,1,22,18,1356.08,1.55515,8520.5,0,0,0,97,97,0,0
838,#877eaa,settled,1,21,18,1357.29,2.63904,8528.1,0,0,0,105,105,0,0
839,#4fd3d0,settled,1,16,14,1356.9,1.85674,8525.67,0,0,0,102,102,0,0
840,#cb7444,settled,1,78,50,1278.75,18.0601,8034.64,0,0,0,0,0,0,0
841,#94ca6b,settled,1,28,29,1188.6,83.5231,7468.2,0,0,0,151,151,0,0
842,#5d6c92,settled,1,58,47,1170.89,7.13661,7356.92,0,0,0,72,72,0,0
843,#d9c1b8,settled,2,299,237,1143.77,40.5685,7186.51,0,0,0,591,591,0,0
844,#a163e0,settled,1,100,66,1118.95,5.30544,7030.56,0,0,0,135,135,0,0
845,#6ab853,settled,1,17,19,1140.7,45.3494,7167.24,0,0,0,306,306,0,0
846,#e65a7a,settled,1,46,41,1115.52,7.03295,7009.04,0,0,0,56,56,0,0
847,#afafa1,settled,1,46,34,1145.81,12.1414,7199.31,0,0,0,0,0,0,0
848,#7751c8,settled,1,40,34,1087.48,5.13551,6832.82,0,0,0,0,0,0,0
849,#40a7ee,settled,3,124,96,1020.06,5.74499,6409.24,0,0,0,0,0,11,0
850,#bc4862,settled,1,7,9,1016.09,2.3801,6384.26,0,0,0,0,0,0,0
851,#859e89,settled,1,152,100,915.809,9.79327,5754.2,0,0,0,0,0,0,0
852,#4d40b0,settled,1,12,11,1024.44,1.26256,6436.77,0,0,0,0,0,0,0
853,#c995d6,settled,1,18,17,963.571,2.69275,6054.29,0,0,0,0,0,0,0
854,#92ea4a,settled,1,25,21,965.132,2.78786,6064.1,0,0,0,0,0,0,0
855,#5b8c71,settled,1,44,34,986.856,4.0442,6200.6,0,0,0,0,0,0,0
856,#d6e197,settled,1,17,16,892.85,2.1504,5609.94,0,0,0,0,0,0,0
857,#9f83bf,settled,1,15,14,940.515,2.58299,5909.43,0,0,0,0,0,0,0
858,#68d9e5,settled,1,51,44,917.694,4.23611,5766.04,0,0,0,0,0,0,0
859,#e47a59,settled,1,45,35,859.479,1.828,5400.27,0,0,0,0,0,0,0
860,#accf80,settled,1,72,50,932.531,2.79191,5859.27,0,0,0,0,0,0,0
861,#7572a7,settled,28,6615,3876,1632.14,215.701,10255.1,0,0,0,20072,20072,3595,3132
862,#f1c6cd,settled,146,23788,14628,1672.27,276.04,10507.2,0,0,0,2219,2219,40902,35770
863,#ba6941,settled,1,31,25,1518.4,3.15818,9540.38,0,0,0,0,0,0,0
864,#82be68,settled,1,9,9,1514.64,3.66266,9516.77,0,0,0,16,16,0,0
865,#4b608f,settled,1,15,14,1520.31,5.56994,9552.39,0,0,0,0,0,0,0
866,#c7b5b6,settled,1,14,14,1514.55,3.25578,9516.21,0,0,0,16,16,0,0
867,#9057dd,settled,1,47,41,1438.1,19.509,9035.83,0,0,0,0,0,0,0
868,#58ac50,settled,1,112,84,1437.4,58.219,9031.46,0,0,0,1033,1033,0,0
869,#d44e77,settled,1,38,36,1464.38,3.02057,9200.95,0,0,0,108,108,0,0
870,#9da39e,settled,1,7,9,1456.6,3.85463,9152.07,0,0,0,0,0,0,0
871,#6646c5,settled,1,13,13,1462.7,4.44609,9190.39,0,0,0,27,27,0,0
872,#e29aeb,settled,1,8,10,1466.19,3.3713,9212.33,0,0,0,10,10,0,0
873,#aaf05f,settled,1,38,39,1463.77,24.3348,9197.15,0,0,0,273,273,0,0
874,#739286,settled,1,8,10,1449.49,6.63082,9107.39,0,0,0,46,46,0,0
875,#efe7ac,settled,1,75,50,1457.78,6.23913,9159.5,0,0,0,210,210,0,0
876,#b889d4,settled,1,67,46,1467.7,8.23834,9221.83,0,0,0,140,140,0,0
877,#80de47,settled,1,53,38,1471.34,5.55993,9244.7,0,0,0,0,0,0,0
878,#49806e,settled,1,54,38,1470.11,5.83898,9236.97,0,0,0,0,0,0,0
879,#c5d595,settled,1,15,15,1493.67,2.60819,9385.01,0,0,0,0,0,0,0
880,#8e77bc,settled,1,122,78,1495.26,3.76938,9394.99,0,0,0,0,0,0,0
881,#56cde2,settled,1,29,25,1397.16,2.90155,8778.62,0,0,0,66,66,0,0
882,#d26e56,settled,1,115,71,1354.93,3.41128,8513.3,0,0,0,0,0,0,0
883,#9bc47d,settled,1,64,50,1379.95,11.5329,8670.51,0,0,0,125,125,0,0
884,#6466a4,settled,1,38,34,1383.2,2.56928,8690.91,0,0,0,75,75,0,0
885,#e0bacb,settled,1,19,16,1402.17,3.10661,8810.12,0,0,0,0,0,0,0
886,#a85df2,settled,1,72,50,1276.22,18.361,8018.73,0,0,0,0,0,0,0
887,#71b265,settled,1,53,40,1284.03,7.82507,8067.81,0,0,0,125,125,0,0
888,#ed548c,settled,1,24,21,1192.42,2.27388,7492.22,0,0,0,0,0,0,0
889,#b6a9b3,settled,1,25,23,1192.01,2.29383,7489.63,0,0,0,0,0,0,0
890,#7e4bda,settled,1,19,18,1192.88,1.54458,7495.11,0,0,0,0,0,0,0
891,#47a14d,settled,1,71,50,1211.96,13.8273,7614.97,0,0,0,0,0,0,0
892,#c34274,settled,1,50,41,1225.23,8.40702,7698.35,0,0,0,0,0,0,0
893,#8c979b,settled,1,59,48,1232.65,7.70228,7745,0,0,0,0,0,0,0
894,#54edc1,settled,1,73,50,1220.44,13.8468,7668.24,0,0,0,0,0,0,0
895,#d08ee9,settled,1,308,173,1225.52,8.099,7700.15,0,0,0,0,0,0,0
896,#99e45c,settled,1,17,17,1064.66,2.83492,6689.44,0,0,0,0,0,0,0
897,#628683,settled,1,16,16,1089.72,1.96803,6846.89,0,0,0,0,0,0,0
898,#dddbaa,settled,1,12,12,1098.51,1.6015,6902.16,0,0,0,0,0,0,0
899,#a67dd1,settled,1,24,20,1080.18,1.07068,6786.96,0,0,0,0,0,0,0
900,#6fd244,settled,1,61,43,1098.87,10.0291,6904.4,0,0,0,0,0,0,0
901,#eb746b,settled,1,76,50,1079.79,16.6795,6784.54,0,0,0,0,0,0,0
902,#b3c992,settled,3,391,256,1084.12,54.2301,6811.75,0,0,0,0,0,0,0
903,#7c6bb9,settled,2,319,195,1139.4,11.8549,7159.06,0,0,0,0,0,0,0
904,#45c1e0,settled,2,125,90,1050.29,39.7838,6599.19,0,0,0,462,462,0,0
905,#c16254,settled,3,416,269,1070.77,39.8436,6727.84,0,0,0,587,587,0,0
906,#89b87a,settled,1,59,39,1069.93,3.95437,6722.54,0,0,0,8,8,0,0
907,#525aa1,settled,1,27,23,1062.83,3.07119,6677.96,0,0,0,39,39,0,0
908,#ceafc8,settled,1,77,50,1060.51,8.03239,6663.41,0,0,0,97,97,0,0
909,#9751ef,settled,1,11,13,1041.7,16.3803,6545.21,0,0,0,0,0,0,0
910,#5fa662,settled,1,124,75,1066.27,1.88019,6699.55,0,0,0,293,293,0,0
911,#db4889,settled,1,77,57,1071.48,4.03727,6732.31,0,0,0,178,178,0,0
912,#a49db0,settled,1,33,26,1058.46,2.63426,6650.53,0,0,0,0,0,0,0
913,#6d3fd7,settled,1,33,28,994.043,1.28975,6245.75,0,0,0,86,86,0,0
914,#e9944a,settled,9,719,506,1095.85,159.677,6885.4,0,0,0,2365,2365,75,22
915,#b1e971,settled,2,134,100,1080.1,21.6346,6786.5,0,0,0,366,366,7,0
916,#7a8c98,settled,1,46,34,1035.65,3.45562,6507.16,0,0,0,0,0,0,0
917,#43e1bf,settled,1,15,15,1014.4,3.26659,6373.68,0,0,0,0,0,0,0
918,#bf82e6,settled,1,9,10,1026.63,1.14209,6450.48,0,0,0,0,0,0,0
919,#87d859,settled,1,20,17,1026.8,1.79303,6451.56,0,0,0,0,0,0,0
920,#507a80,settled,1,18,16,1068.39,3.52823,6712.87,0,0,0,21,21,0,0
921,#cccfa7,settled,1,20,18,1081.62,1.75881,6796.02,0,0,0,27,27,0,0
922,#9571ce,settled,2,127,96,1068.7,18.9924,6714.82,0,0,0,539,539,9,0
923,#5dc641,settled,1,38,32,1073,2.16409,6741.83,0,0,0,100,100,0,0
924,#d96869,settled,1,43,37,1071.82,2.48148,6734.44,0,0,0,101,101,0,0
925,#a2bd8f,settled,1,11,12,1070.23,1.16572,6724.46,0,0,0,11,11,0,0
926,#6b5fb6,settled,1,12,13,1068.81,2.53614,6715.53,0,0,0,17,17,0,0
927,#e7b4dd,settled,1,75,50,1048.33,2.13396,6586.88,0,0,0,0,0,0,0
928,#af5651,settled,1,66,50,976.48,10.7282,6135.41,0,0,0,0,0,0,0
929,#78ac77,settled,1,63,44,1067.57,7.94817,6707.74,0,0,0,0,0,0,0
930,#414e9e,settled,1,64,43,1043.16,2.49152,6554.34,0,0,0,64,64,0,0
931,#bda3c5,settled,1,17,15,1043.22,0.896524,6554.73,0,0,0,38,38,0,0
932,#8545ec,settled,1,181,108,1061.56,2.81737,6669.98,0,0,0,216,216,0,0
933,#4e9a5f,settled,5,699,447,1074.27,54.299,6749.84,0,0,0,928,928,128,0
934,#caef86,settled,1,71,50,1040.89,22.2826,6540.12,0,0,0,0,0,0,0
935,#9391ad,settled,1,68,49,1002.44,1.6542,6298.52,0,0,0,0,0,0,0
936,#5be7d4,settled,1,66,50,1021.06,16.9895,6415.49,0,0,0,0,0,0,0
937,#d78848,settled,1,19,18,1007.05,1.50581,6327.46,0,0,0,0,0,0,0
938,#a0dd6e,settled,1,69,49,984.581,4.11867,6186.31,0,0,0,94,94,0,0
939,#698095,settled,1,10,12,1069.67,6.69533,6720.91,0,0,0,0,0,0,0
940,#e4d4bc,settled,1,34,26,1066.83,2.29724,6703.06,0,0,0,0,0,0,0
941,#ad77e3,settled,3,212,149,1097.5,87.8582,6895.8,0,0,0,0,0,3,0
942,#76cc56,settled,1,388,222,1065.4,2.92234,6694.09,0,0,0,0,0,0,0
943,#f26d7e,settled,1,178,110,1050.17,7.18641,6598.41,0,0,0,147,147,0,0
944,#bac3a4,settled,1,23,19,1055.1,3.7824,6629.38,0,0,0,147,147,0,0
945,#8365cb,settled,1,22,20,1047.31,3.19063,6580.43,0,0,0,0,0,0,0
946,#4cbaf2,settled,1,16,16,1048.36,1.72554,6587.06,0,0,0,0,0,0,0
947,#c85c66,settled,1,18,17,1047.64,3.51174,6582.54,0,0,0,0,0,0,0
948,#90b18c,settled,1,14,12,1050.7,1.74302,6601.72,0,0,0,0,0,0,0
949,#5954b3,settled,1,130,79,1008.83,2.09781,6338.64,0,0,0,0,0,0,0
950,#d5a8da,settled,1,172,103,1015.91,2.42683,6383.16,0,0,0,0,0,0,0
951,#9e4a4e,settled,1,81,52,1014.33,2.90955,6373.22,0,0,0,0,0,0,0
952,#66a074,settled,8,642,439,1156.01,173.742,7263.45,0,0,0,1047,1047,73,3
953,#e2419c,settled,2,147,100,1094.55,16.8176,6877.29,0,0,0,0,0,30,0
954,#ab97c2,settled,1,47,35,1054.52,2.77065,6625.72,0,0,0,141,141,0,0
955,#74ece9,settled,1,182,108,1056.92,5.6647,6640.83,0,0,0,351,351,0,0
956,#f08e5d,settled,1,75,54,1059.47,6.20767,6656.83,0,0,0,338,338,0,0
957,#b8e383,settled,1,8,9,1063.66,1.26685,6683.19,0,0,0,0,0,0,0
958,#8185aa,settled,1,71,47,1071.97,4.65294,6735.4,0,0,0,0,0,0,0
959,#4adbd1,settled,1,22,21,1091.34,3.32319,6857.09,0,0,0,0,0,0,0
960,#c67c45,settled,1,34,25,1034.38,2.87202,6499.17,0,0,0,0,0,0,0
961,#8ed26b,settled,1,15,15,1037.16,2.32291,6516.64,0,0,0,0,0,0,0
962,#577493,settled,1,9,10,1039.22,1.85882,6529.64,0,0,0,0,0,0,0
963,#d3c8b9,settled,1,96,61,1105.75,5.17023,6947.65,0,0,0,68,68,0,0
964,#9c6be0,settled,1,22,19,1105.5,2.21393,6946.04,0,0,0,68,68,0,0
965,#64c054,settled,1,9,9,1111.37,1.9439,6982.97,0,0,0,0,0,0,0
966,#e0627b,settled,1,39,32,1119.14,3.75949,7031.79,0,0,0,0,0,0,0
967,#a9b7a1,settled,1,14,16,1116.62,6.76811,7015.93,0,0,0,0,0,0,0
968,#7259c8,settled,1,9,10,1117.56,1.38836,7021.83,0,0,0,0,0,0,0
969,#eeaeef,settled,1,25,22,1199.61,0.597615,7537.37,0,0,0,0,0,0,0
970,#b65063,settled,1,23,19,1199.65,0.788546,7537.65,0,0,0,0,0,0,0
971,#7fa589,settled,1,228,152,1112.3,2.62183,6988.77,0,0,0,0,0,0,0
972,#4848b1,settled,1,75,50,1270.87,8.23049,7985.1,0,0,0,7,7,0,0
973,#c49cd7,settled,1,30,23,1269.04,1.08795,7973.62,0,0,0,7,7,0,0
974,#8cf24a,settled,1,49,43,1279.09,28.7288,8036.78,0,0,0,0,0,0,0
975,#559472,settled,1,33,35,1369.08,46.7984,8602.2,0,0,0,65,65,0,0
976,#d1e998,settled,1,8,10,1328.2,14.4124,8345.31,0,0,0,0,0,0,0
977,#9a8bbf,settled,1,290,169,1522.69,10.0451,9567.32,0,0,0,20,20,0,0
978,#62e0e6,settled,1,71,50,1396.99,17.6889,8777.55,0,0,0,0,0,0,0
979,#de825a,settled,1,16,17,1517.56,4.11352,9535.09,0,0,0,0,0,0,0
980,#a7d780,settled,1,34,29,1489.33,1.63942,9357.72,0,0,0,0,0,0,0
981,#7079a8,settled,5,369,288,1650.83,74.5562,10372.5,0,0,0,106,106,344,248
982,#ebcece,settled,1,10,12,1627.98,1.56486,10228.9,0,0,0,0,0,0,0
983,#b47042,settled,1,16,14,1641.93,1.58182,10316.5,0,0,0,16,16,0,0
984,#7dc669,settled,1,63,46,1626.8,12.9541,10221.5,0,0,0,62,62,0,0
985,#466890,settled,1,14,12,1635.8,2.69307,10278,0,0,0,28,28,0,0
986,#c1bdb6,settled,3,160,119,1642.73,51.3631,10321.6,0,0,0,79,79,12,0
987,#8a5fdd,settled,1,72,49,1686.78,29.2147,10598.4,0,0,0,0,0,0,0
988,#53b451,settled,1,66,49,1699.21,15.8673,10676.5,0,0,0,0,0,0,0
989,#cf5678,settled,1,47,36,1710.66,2.35503,10748.4,0,0,0,0,0,0,0
990,#97ab9e,settled,1,53,40,1739.76,6.15777,10931.3,0,0,0,0,0,0,0
991,#604dc6,settled,1,16,16,1692.65,1.39021,10635.3,0,0,0,52,52,0,0
992,#dca2ec,settled,1,21,21,1691.15,2.12273,10625.8,0,0,0,73,73,0,0
993,#a54460,settled,1,90,59,1738.07,37.9078,10920.6,0,0,0,1316,1316,0,0
994,#6d9a87,settled,2,140,91,1730.34,7.29834,10872.1,0,0,0,350,350,0,0
995,#e9eead,settled,1,72,50,1692.69,12.45,10635.5,0,0,0,262,262,0,0
996,#b290d4,settled,21,2423,1561,1737.07,92.9127,10914.3,0,0,0,1802,1802,7142,4956
997,#7be648,settled,1,75,50,1765.77,22.7904,11094.7,0,0,0,2,2,0,0
998,#43886f,settled,1,21,22,1765.16,3.22349,11090.8,0,0,0,2,2,0,0
999,#bfdd95,settled,1,45,41,1776.56,1.48101,11162.5,0,0,0,0,0,0,0
1000,#887fbd,settled,4,543,347,1769.65,62.2003,11119,0,0,0,111,111,13,0
1001,#51d4e3,settled,2,130,99,1778.6,36.9229,11175.2,0,0,0,0,0,9,0
1002,#cd7657,settled,1,65,46,1677.23,7.99946,10538.3,0,0,0,0,0,0,0
1003,#95cb7e,settled,2,95,69,1603.89,32.921,10077.5,0,0,0,0,0,5,0
1004,#5e6da5,settled,1,30,25,1539.28,2.40021,9671.58,0,0,0,0,0,0,0
1005,#dac2cb,settled,1,16,16,1535.13,1.47738,9645.52,0,0,0,16,16,0,0
1006,#a3643f,settled,1,27,22,1534.96,1.42311,9644.46,0,0,0,31,31,0,0
1007,#6bba66,settled,1,23,19,1501.87,2.06091,9436.52,0,0,0,0,0,0,0
1008,#e75b8d,settled,1,60,46,1492.14,10.7604,9375.38,0,0,0,0,0,0,0
1009,#b0b1b3,settled,1,25,21,1326.46,3.66593,8334.41,0,0,0,0,0,0,0
1010,#7953db,settled,1,72,50,1346.12,12.7501,8457.95,0,0,0,0,0,0,0
1011,#41a84e,settled,1,36,29,1342.96,5.67554,8438.05,0,0,0,0,0,0,0
1012,#bd4a75,settled,1,289,163,1358.67,5.52181,8536.75,0,0,0,0,0,0,0
1013,#869f9c,settled,1,28,22,1341.26,5.65324,8427.41,0,0,0,0,0,0,0
1014,#4f41c3,settled,1,21,21,1339.97,3.08389,8419.28,0,0,0,0,0,0,0
1015,#cb96e9,settled,1,47,34,1340.96,3.17598,8425.53,0,0,0,0,0,0,0
1016,#93eb5d,settled,1,82,64,1251.13,8.11969,7861.11,0,0,0,2,2,0,0
1017,#5c8e84,settled,1,23,22,1246.41,4.78658,7831.41,0,0,0,2,2,0,0
1018,#d8e2aa,settled,1,67,46,1277.87,16.0112,8029.12,0,0,0,0,0,0,0
1019,#a185d2,settled,1,132,78,1242.71,4.97933,7808.18,0,0,0,124,124,0,0
1020,#69da45,settled,1,49,39,1238.83,5.20933,7783.81,0,0,0,124,124,0,0
1021,#e57b6c,settled,1,13,11,1191.26,0.625635,7484.9,0,0,0,0,0,0,0
1022,#aed193,settled,1,12,11,1134.89,2.6032,7130.75,0,0,0,0,0,0,0
1023,#7773ba,settled,2,134,99,1230.16,26.7075,7729.35,0,0,0,0,0,0,0
1024,#3fc8e0,settled,1,58,50,1156.8,24.3031,7268.36,0,0,0,0,0,0,0
1025,#bb6a54,settled,2,338,199,1140.05,14.193,7163.17,0,0,0,0,0,0,0
1026,#84bf7b,settled,1,73,50,1082.87,6.84751,6803.87,0,0,0,0,0,0,0
1027,#4d62a2,settled,1,63,49,1172.64,36.9772,7367.9,0,0,0,0,0,0,0
1028,#c8b6c8,settled,1,74,50,1150.86,11.4927,7231.08,0,0,0,0,0,0,0
1029,#9158f0,settled,1,398,226,1166.01,10.2532,7326.27,0,0,0,538,538,0,0
1030,#5aae63,settled,1,14,15,1209.17,3.37671,7597.41,0,0,0,0,0,0,0
1031,#d64f8a,settled,1,73,49,1221.11,9.2788,7672.44,0,0,0,0,0,0,0
1032,#9ea5b1,settled,1,21,21,1223.33,1.39309,7686.39,0,0,0,0,0,0,0
1033,#6747d8,settled,1,74,50,1206.71,14.0346,7581.99,0,0,0,0,0,0,0
1034,#e39c4b,settled,1,8,9,1186.94,1.83903,7457.75,0,0,0,0,0,0,0
1035,#acf172,settled,1,66,46,1222.83,11.8986,7683.26,0,0,0,218,218,0,0
1036,#749399,settled,1,20,17,1237.65,4.49748,7776.37,0,0,0,0,0,0,0
1037,#f0e8bf,settled,1,44,36,1353.22,24.7966,8502.52,0,0,0,0,0,0,0
1038,#b98ae7,settled,1,76,50,1799.15,15.6293,11304.4,0,0,0,0,0,0,0
1039,#82e05a,settled,2,331,215,1776.83,13.6038,11164.2,0,0,0,0,0,0,0
1040,#4a8281,settled,1,74,50,1703.6,7.86195,10704,0,0,0,0,0,0,0
1041,#c6d6a8,settled,1,63,47,1679.11,12.186,10550.2,0,0,0,0,0,0,0
1042,#8f79cf,settled,1,110,70,1694.67,5.04048,10648,0,0,0,0,0,0,0
1043,#58ce42,settled,1,22,20,1681.82,2.51687,10567.2,0,0,0,0,0,0,0
1044,#d47069,settled,2,104,88,1677.01,38.2216,10537,0,0,0,172,172,0,0
1045,#9cc590,settled,1,7,9,1681.97,0.808896,10568.1,0,0,0,8,8,0,0
1046,#6567b7,settled,1,74,56,1716.36,4.75042,10784.2,0,0,0,0,0,0,0
1047,#e1bcdd,settled,1,31,23,1718.96,2.26268,10800.5,0,0,0,18,18,0,0
1048,#aa5e51,settled,1,28,25,1723.02,1.78325,10826,0,0,0,0,0,0,0
1049,#72b378,settled,1,74,49,1722.89,4.48193,10825.2,0,0,0,18,18,0,0
1050,#ee559f,settled,1,40,31,1721.41,1.29144,10815.9,0,0,0,0,0,0,0
1051,#b7aac6,settled,1,58,41,1717.78,2.2049,10793.1,0,0,0,0,0,0,0
1052,#804ded,settled,1,33,25,1704.91,2.43132,10712.3,0,0,0,0,0,0,0
1053,#48a260,settled,1,49,37,1704.82,2.37385,10711.7,0,0,0,0,0,0,0
1054,#c44387,settled,1,68,48,1709.06,7.83881,10738.3,0,0,0,105,105,0,0
1055,#8d99ae,settled,1,67,50,1737.09,8.18802,10914.4,0,0,0,357,357,0,0
1056,#56eed4,settled,1,37,28,1747.3,2.3454,10978.6,0,0,0,0,0,0,0
1057,#d29048,settled,1,126,79,1740.06,2.54127,10933.1,0,0,0,192,192,0,0
1058,#9ae56f,settled,1,74,55,1738.19,5.07697,10921.4,0,0,0,54,54,0,0
1059,#638796,settled,1,77,50,1744.45,7.31385,10960.7,0,0,0,0,0,0,0
1060,#dfdcbd,settled,1,75,50,1749.93,0.848019,10995.1,0,0,0,0,0,0,0
1061,#a87ee4,settled,1,283,161,1588.94,6.23352,9983.63,0,0,0,315,315,0,0
1062,#70d457,settled,1,32,25,1585.4,1.96902,9961.36,0,0,0,39,39,0,0
1063,#ec757e,settled,1,70,50,1645.7,13.3386,10340.2,0,0,0,0,0,0,0
1064,#b5cba5,settled,1,32,33,1642.09,26.4769,10317.5,0,0,0,0,0,0,0
1065,#7e6dcc,settled,3,163,144,1644.28,36.628,10331.3,0,0,0,0,0,141,141
1066,#46c23f,settled,1,169,107,1629.31,6.3437,10237.2,0,0,0,0,0,0,0
1067,#c26466,settled,1,40,37,1571.36,2.92558,9873.16,0,0,0,12,12,0,0
1068,#8bb98d,settled,1,68,45,1568.49,6.15874,9855.11,0,0,0,34,34,0,0
1069,#545bb4,settled,1,41,34,1565.07,1.72891,9833.61,0,0,0,22,22,0,0
1070,#cfb0db,settled,2,103,79,1569.9,22.7752,9864,0,0,0,1020,1020,0,0
1071,#98524f,settled,1,11,11,1557.93,2.06883,9788.75,0,0,0,0,0,0,0
1072,#61a875,settled,1,12,12,1529.01,3.14835,9607.03,0,0,0,129,129,0,0
1073,#dd499c,settled,1,22,20,1533.41,2.35609,9634.72,0,0,0,202,202,0,0
1074,#a59ec3,settled,4,244,166,1586.15,11.3767,9966.05,0,0,0,0,0,65,0
1075,#6e41ea,settled,1,26,21,1534.11,1.98469,9639.1,0,0,0,201,201,0,0
1076,#ea955d,settled,1,16,16,1560.59,2.50837,9805.45,0,0,0,102,102,0,0
1077,#b3eb84,settled,1,7,8,1525.69,1.0576,9586.17,0,0,0,47,47,0,0
1078,#7b8dab,settled,1,22,19,1585.33,1.62869,9960.95,0,0,0,90,90,0,0
1079,#44e2d2,settled,1,66,50,1585.03,10.4065,9959.02,0,0,0,393,393,0,0
1080,#c08446,settled,1,15,14,1582.89,3.10135,9945.6,0,0,0,106,106,0,0
1081,#89d96c,settled,1,74,50,1577.08,4.7369,9909.08,0,0,0,990,990,0,0
1082,#517b93,settled,1,13,12,1578.37,2.64507,9917.2,0,0,0,115,115,0,0
1083,#cdd0ba,settled,1,90,71,1575.87,2.76983,9901.51,0,0,0,714,714,0,0
1084,#9672e1,settled,1,19,17,1582.19,1.77341,9941.22,0,0,0,136,136,0,0
1085,#5fc854,settled,1,12,13,1615.81,1.8016,10152.4,0,0,0,0,0,0,0
1086,#db697b,settled,1,9,10,1589.45,1.56582,9986.83,0,0,0,0,0,0,0
1087,#a3bfa2,settled,1,26,24,1515.7,2.47632,9523.42,0,0,0,0,0,0,0
1088,#6c61c9,settled,3,204,146,1531.18,23.5783,9620.68,0,0,0,0,0,0,0
1089,#e8b6f0,settled,1,54,43,1514.07,3.79635,9513.19,0,0,0,0,0,0,0
1090,#b15864,settled,1,46,36,1504.9,1.85655,9455.59,0,0,0,25,25,0,0
1091,#79ad8a,settled,1,34,27,1506.46,2.66088,9465.36,0,0,0,49,49,0,0
1092,#424fb1,settled,1,44,42,1535.46,10.6512,9647.59,0,0,0,99,99,0,0
1093,#bea4d8,settled,1,19,17,1538.63,1.20185,9667.52,0,0,0,25,25,0,0
1094,#87464c,settled,1,73,50,1428.39,2.41814,8974.84,0,0,0,1371,1371,0,0
1095,#4f9c72,settled,1,12,12,1437.88,0.923263,9034.45,0,0,0,171,171,0,0
1096,#cbf099,settled,1,17,15,1515.44,3.52912,9521.77,0,0,0,0,0,0,0
1097,#9493c0,settled,1,71,49,1443.45,8.20838,9069.49,0,0,0,0,0,0,0
1098,#5de8e7,settled,1,85,60,1402.49,44.6851,8812.09,0,0,0,0,0,0,0
1099,#d9895b,settled,1,26,22,1350.79,1.42042,8487.25,0,0,0,0,0,0,0
1100,#a1df81,settled,1,74,50,1381.61,7.58292,8680.9,0,0,0,0,0,0,0
1101,#6a81a8,settled,1,7,8,1327.49,1.40345,8340.88,0,0,0,0,0,0,0
1102,#e6d6cf,settled,1,17,16,1372.57,1.47,8624.12,0,0,0,0,0,0,0
1103,#af7843,settled,1,30,28,1366.01,2.00304,8582.86,0,0,0,0,0,0,0
1104,#77cd69,settled,2,121,92,1437,36.834,9028.95,0,0,0,0,0,0,0
1105,#407090,settled,2,131,92,1430.26,11.1579,8986.6,0,0,0,220,220,0,0
1106,#bcc4b7,settled,1,57,41,1404.66,2.49972,8825.72,0,0,0,0,0,0,0
1107,#8566de,settled,1,69,45,1387.84,5.5257,8720.07,0,0,0,0,0,0,0
1108,#4dbc51,settled,1,73,48,1391.91,5.08498,8745.61,0,0,0,0,0,0,0
1109,#c95d79,settled,1,44,32,1395.77,3.69625,8769.85,0,0,0,0,0,0,0
1110,#92b39f,settled,1,24,19,1328.8,2.81106,8349.12,0,0,0,0,0,0,0
1111,#5b55c6,settled,6,1217,717,1807.11,88.5353,11354.4,0,0,0,0,0,17,0
1112,#d6aaed,settled,1,64,49,1893.8,31.5272,11899.1,0,0,0,0,0,0,0
1113,#9f4c61,settled,1,66,48,1765.53,44.0502,11093.2,0,0,0,0,0,0,0
1114,#68a187,settled,2,120,96,1600.86,20.3684,10058.5,0,0,0,0,0,0,0
1115,#e443af,settled,1,7,9,1482.62,9.37249,9315.58,0,0,0,0,0,0,0
1116,#ac98d5,settled,1,224,131,1551.06,3.45685,9745.59,0,0,0,0,0,0,0
1117,#75ee48,settled,1,12,12,1553.68,1.41586,9762.09,0,0,0,0,0,0,0
1118,#f18f70,settled,1,23,20,1548.96,1.7057,9732.42,0,0,0,32,32,0,0
1119,#bae496,settled,1,15,14,1540.54,1.87884,9679.5,0,0,0,0,0,0,0
1120,#8287bd,settled,1,8,10,1533.08,1.46266,9632.63,0,0,0,0,0,0,0
1121,#4bdce4,settled,1,75,50,1591.45,4.0007,9999.35,0,0,0,0,0,0,0
1122,#c77e58,settled,1,141,85,1506.73,3.71734,9467.07,0,0,0,749,749,0,0
1123,#90d37e,settled,1,10,11,1508.64,1.91039,9479.07,0,0,0,57,57,0,0
1124,#5875a5,settled,1,35,27,1510.43,4.39928,9490.32,0,0,0,187,187,0,0
1125,#d4cacc,settled,1,21,18,1372.67,2.03853,8624.73,0,0,0,0,0,0,0
1126,#9d6c40,settled,1,16,17,1382.11,2.54335,8684.03,0,0,0,0,0,0,0
1127,#66c166,settled,1,25,20,1366.22,2.65164,8584.23,0,0,0,0,0,0,0
1128,#e2638e,settled,2,301,186,1393.79,6.4629,8757.44,0,0,0,0,0,246,0
1129,#aab8b4,settled,1,26,24,1341.82,5.25633,8430.93,0,0,0,16,16,0,0
1130,#735bdb,settled,1,34,25,1339.65,3.94224,8417.27,0,0,0,20,20,0,0
1131,#efaf4f,settled,1,16,16,1339.06,2.77708,8413.58,0,0,0,4,4,0,0
1132,#b85176,settled,1,17,16,1343.58,1.58071,8441.98,0,0,0,0,0,0,0
1133,#80a79c,settled,1,75,50,1326.51,14.5432,8334.73,0,0,0,0,0,0,0
1134,#4949c4,settled,1,73,50,1384.11,6.19818,8696.6,0,0,0,0,0,0,0
1135,#c59eea,settled,1,8,11,1376.65,4.60937,8649.73,0,0,0,0,0,0,0
1136,#8e405e,settled,1,287,175,1366.6,6.49496,8586.62,0,0,0,3583,3583,0,0
1137,#569585,settled,1,171,109,1363.74,7.90527,8568.64,0,0,0,380,380,0,0
1138,#d2eaab,settled,1,19,17,1362.36,2.44633,8559.96,0,0,0,234,234,0,0
1139,#9b8cd2,settled,1,9,11,1357.07,3.45904,8526.7,0,0,0,46,46,0,0
1140,#64e246,settled,1,32,25,1363.35,2.52122,8566.15,0,0,0,143,143,0,0
1141,#e0836d,settled,1,47,34,1352.75,6.94419,8499.61,0,0,0,979,979,0,0
1142,#a8d993,settled,1,19,17,1338.17,2.36344,8407.95,0,0,0,236,236,0,0
1143,#717bba,settled,1,14,13,1333.05,1.95317,8375.8,0,0,0,0,0,0,0
1144,#edcfe1,settled,1,19,16,1349.73,3.60968,8480.63,0,0,0,345,345,0,0
1145,#b67255,settled,1,8,9,1304.91,3.56695,8199,0,0,0,45,45,0,0
1146,#7ec77b,settled,1,119,75,1322.65,5.20065,8310.46,0,0,0,157,157,0,0
1147,#4769a3,settled,1,17,16,1313.55,0.729343,8253.25,0,0,0,186,186,0,0
1148,#c3bec9,settled,1,40,32,1303.52,2.34222,8190.26,0,0,0,0,0,0,0
1149,#8c60f0,settled,1,14,14,1294.76,1.91302,8135.23,0,0,0,0,0,0,0
1150,#54b664,settled,1,35,30,1284.21,4.71714,8068.94,0,0,0,0,0,0,0
1151,#d0578b,settled,1,16,16,1283.83,4.215,8066.56,0,0,0,0,0,0,0
1152,#99acb1,settled,1,21,20,1286.12,2.49004,8080.92,0,0,0,0,0,0,0
1153,#624fd9,settled,1,73,50,1251.55,44.0216,7863.7,0,0,0,31,31,0,0
1154,#dda34c,settled,1,8,9,1279.82,2.32267,8041.32,0,0,0,0,0,0,0
1155,#a64673,settled,1,7,8,1274.04,1.68906,8005.03,0,0,0,7,7,0,0
1156,#6f9b9a,settled,1,21,18,1277.04,2.31918,8023.85,0,0,0,24,24,0,0
1157,#ebf0c0,settled,1,16,15,1242.16,1.77525,7804.75,0,0,0,0,0,0,0
1158,#b392e7,settled,1,69,51,1245.73,2.72995,7827.16,0,0,0,0,0,0,0
1159,#7ce75b,settled,1,33,27,1245.19,2.59301,7823.77,0,0,0,0,0,0,0
1160,#458982,settled,1,50,39,1243.78,2.79616,7814.89,0,0,0,0,0,0,0
1161,#c1dea8,settled,1,118,74,1262.77,4.68507,7934.23,0,0,0,0,0,0,0
1162,#8980cf,settled,1,29,24,1267.08,3.14937,7961.3,0,0,0,0,0,0,0
1163,#52d643,settled,1,11,11,1266.4,1.72635,7957.01,0,0,0,0,0,0,0
1164,#ce776a,settled,2,311,185,1568.51,8.24341,9855.23,0,0,0,1382,1382,0,0
1165,#97cd90,settled,3,174,142,1580.72,12.928,9931.97,0,0,0,0,0,24,0
1166,#5f6fb8,settled,4,199,151,1586.54,10.1283,9968.55,0,0,0,0,0,10,0
1167,#dbc4de,settled,1,70,50,1580.26,4.54306,9929.05,0,0,0,0,0,0,0
1168,#a46652,settled,2,389,231,1576.96,4.99319,9908.34,0,0,0,0,0,30,0
1169,#6dbb79,settled,1,75,53,1524.31,2.22721,9577.55,0,0,0,0,0,0,0
1170,#e95da0,settled,1,64,47,1530.13,1.78007,9614.08,0,0,0,70,70,0,0
1171,#b1b2c6,settled,1,79,57,1530.19,2.65709,9614.48,0,0,0,0,0,0,0
1172,#7a54ee,settled,1,74,50,1534.28,3.78974,9640.18,0,0,0,0,0,0,0
1173,#43aa61,settled,1,67,46,1534.67,2.97651,9642.62,0,0,0,0,0,0,0
1174,#bf4b88,settled,1,399,232,1534.99,2.34317,9644.6,0,0,0,0,0,0,0
1175,#87a1af,settled,1,103,74,1459.99,6.57273,9173.36,0,0,0,0,0,0,0
1176,#5043d6,settled,1,77,60,1458.63,6.91976,9164.84,0,0,0,0,0,0,0
1177,#cc9749,settled,1,24,21,1465.49,3.13926,9207.92,0,0,0,0,0,0,0
1178,#95ed70,settled,1,24,23,1470.28,2.09563,9238.04,0,0,0,0,0,0,0
1179,#5d8f97,settled,1,7,9,1456.87,1.02146,9153.76,0,0,0,0,0,0,0
1180,#d9e4bd,settled,1,30,22,1447.37,3.08754,9094.08,0,0,0,0,0,0,0
1181,#a286e4,settled,1,53,46,1423.57,4.78795,8944.54,0,0,0,37,37,0,0
1182,#6bdb58,settled,1,26,22,1424.52,2.84153,8950.53,0,0,0,37,37,0,0
1183,#e77d7f,settled,1,36,29,1422.21,5.67485,8936.03,0,0,0,0,0,0,0
1184,#afd2a5,settled,1,87,61,1424.44,0.682036,8950.04,0,0,0,0,0,0,0
1185,#7874cd,settled,1,9,9,1381.06,1.32984,8677.46,0,0,0,74,74,0,0
1186,#41ca40,settled,1,39,28,1378.48,2.20894,8661.24,0,0,0,0,0,0,0
1187,#bd6b67,settled,1,35,29,1364.61,1.49999,8574.1,0,0,0,0,0,0,0
1188,#85c18e,settled,1,32,29,1364.48,1.21004,8573.3,0,0,0,0,0,0,0
1189,#4e63b5,settled,1,89,64,1372.86,2.46209,8625.94,0,0,0,0,0,0,0
1190,#cab8db,settled,1,71,47,1376.46,3.83947,8648.53,0,0,0,0,0,0,0
1191,#935a4f,settled,1,7,9,1376.74,2.26447,8650.29,0,0,0,0,0,0,0
1192,#5baf76,settled,1,328,192,1424.7,6.51101,8951.63,0,0,0,0,0,0,0
1193,#d7519d,settled,1,27,24,1335.69,2.77398,8392.39,0,0,0,0,0,0,0
1194,#a0a6c4,settled,1,28,24,1334.61,1.84262,8385.63,0,0,0,0,0,0,0
1195,#6948eb,settled,1,30,24,1333.77,1.8651,8380.35,0,0,0,0,0,0,0
1196,#e49d5e,settled,1,28,24,1335.38,1.96187,8390.45,0,0,0,0,0,0,0
1197,#ad3f85,settled,1,66,46,1265.01,2.73041,7948.27,0,0,0,1102,1102,0,0
1198,#7695ac,settled,1,54,38,1256.13,4.18902,7892.51,0,0,0,875,875,0,0
1199,#f2e9d2,settled,1,21,20,1256.35,3.37215,7893.88,0,0,0,356,356,0,0
1200,#ba8c46,settled,1,111,76,1269.81,7.96297,7978.43,0,0,0,1928,1928,0,0
1201,#83e16d,settled,1,55,38,1288.7,2.59741,8097.13,0,0,0,842,842,0,0
1202,#4c8394,settled,1,73,48,1289.97,3.99873,8105.11,0,0,0,1127,1127,0,0
1203,#c8d8ba,settled,1,27,22,1282.86,1.37275,8060.43,0,0,0,540,540,0,0
1204,#907ae2,settled,1,30,24,1288.02,2.42678,8092.87,0,0,0,516,516,0,0
1205,#59cf55,settled,1,28,23,1278.78,2.13093,8034.83,0,0,0,340,340,0,0
1206,#d5717c,settled,1,14,15,1340.34,1.5781,8421.63,0,0,0,0,0,0,0
1207,#9ec6a3,settled,1,17,17,1341.3,2.3015,8427.64,0,0,0,0,0,0,0
1208,#6669ca,settled,1,64,44,1231.67,3.87009,7738.79,0,0,0,0,0,0,0
1209,#e2bdf0,settled,1,34,27,1245.17,2.1491,7823.61,0,0,0,0,0,0,0
1210,#ab5f64,settled,1,266,152,1259.84,2.87391,7915.84,0,0,0,39,39,0,0
1211,#74b58b,settled,1,225,134,1226.79,5.99427,7708.12,0,0,0,0,0,0,0
1212,#f056b2,settled,1,19,16,1242.95,3.16735,7809.66,0,0,0,0,0,0,0
1213,#b8acd9,settled,1,24,19,1241.55,2.11855,7800.88,0,0,0,0,0,0,0
1214,#814e4d,settled,1,32,25,1148.92,2.1233,7218.89,0,0,0,0,0,0,0
1215,#4aa373,settled,1,18,16,1161.69,1.78685,7299.11,0,0,0,0,0,0,0
1216,#c6459a,settled,1,12,11,1162.65,1.26681,7305.17,0,0,0,0,0,0,0
1217,#8e9ac1,settled,2,79,70,1105.09,12.486,6943.46,0,0,0,0,0,0,0
1218,#57f0e7,settled,1,8,10,1114.3,6.39091,7001.36,0,0,0,7,7,0,0
1219,#d3915b,settled,1,15,14,1110.13,2.23841,6975.14,0,0,0,4,4,0,0
1220,#9ce782,settled,1,33,26,1113.75,3.64043,6997.87,0,0,0,3,3,0,0
1221,#6489a9,settled,1,28,23,1111.61,3.92952,6984.45,0,0,0,0,0,0,0
1222,#e0ddcf,settled,1,121,75,1110.15,3.49127,6975.29,0,0,0,0,0,0,0
1223,#a98043,settled,1,35,28,1168.49,2.97003,7341.85,0,0,0,0,0,0,0
1224,#72d56a,settled,1,30,25,1187.65,2.11734,7462.26,0,0,0,0,0,0,0
1225,#ee7791,settled,1,23,20,1193.01,4.15105,7495.88,0,0,0,0,0,0,0
1226,#b6ccb8,settled,1,58,41,1199.03,4.91701,7533.72,0,0,0,0,0,0,0
1227,#7f6edf,settled,1,72,50,1209.98,14.0322,7602.54,0,0,0,0,0,0,0
1228,#48c452,settled,1,51,38,1526.22,1.7467,9589.54,0,0,0,118,118,0,0
1229,#c46579,settled,1,29,25,1524.22,1.68706,9576.97,0,0,0,98,98,0,0
1230,#8cbaa0,settled,1,13,12,1514.94,4.50932,9518.65,0,0,0,0,0,0,0
1231,#555dc7,settled,1,41,32,1516.67,4.34409,9529.54,0,0,0,0,0,0,0
1232,#d1b1ee,settled,1,114,73,1531.5,1.0383,9622.68,0,0,0,321,321,0,0
1233,#9a5462,settled,1,17,15,1533.87,2.65251,9637.58,0,0,0,58,58,0,0
1234,#62a988,settled,1,40,32,1533.49,2.28459,9635.23,0,0,0,79,79,0,0
1235,#de4aaf,settled,1,77,50,1538.66,2.36947,9667.66,0,0,0,252,252,0,0
1236,#a7a0d6,settled,1,104,65,1533.9,4.74132,9637.77,0,0,0,356,356,0,0
1237,#70424a,settled,1,37,25,1518.38,3.3938,9540.29,0,0,0,0,0,0,0
1238,#eb9770,settled,1,52,36,1521.34,1.98844,9558.83,0,0,0,0,0,0,0
1239,#b4ec97,settled,1,61,50,1576.06,4.75246,9902.69,0,0,0,0,0,0,0
1240,#7d8ebe,settled,1,36,37,1574.93,4.02686,9895.57,0,0,0,0,0,0,0
1241,#46e4e4,settled,1,58,49,1575.53,3.78447,9899.36,0,0,0,0,0,0,0
1242,#c18558,settled,1,46,35,1433.66,1.36167,9007.94,0,0,0,52,52,0,0
1243,#8adb7f,settled,1,72,49,1432.13,3.67484,8998.31,0,0,0,186,186,0,0
1244,#537da6,settled,1,66,48,1442.11,11.4458,9061.04,0,0,0,181,181,0,0
1245,#cfd2cd,settled,1,40,33,1414.24,2.85913,8885.91,0,0,0,0,0,0,0
1246,#977441,settled,1,17,18,1413.23,3.50396,8879.6,0,0,0,0,0,0,0
1247,#60c967,settled,1,70,47,1448.68,1.74321,9102.35,0,0,0,110,110,0,0
1248,#dc6b8e,settled,1,23,25,1452.19,6.9734,9124.4,0,0,0,52,52,0,0
1249,#a5c0b5,settled,1,66,50,1450.42,8.44578,9113.23,0,0,0,115,115,0,0
1250,#6d62dc,settled,1,18,16,1405.48,2.76728,8830.9,0,0,0,0,0,0,0
1251,#e9b74f,settled,1,9,11,1462.89,2.01056,9191.64,0,0,0,0,0,0,0
1252,#b25977,settled,1,18,18,1460.46,2.82958,9176.36,0,0,0,0,0,0,0
1253,#7baf9d,settled,2,288,183,1438.18,5.22956,9036.32,0,0,0,0,0,115,0
1254,#4351c4,settled,1,60,47,1449.23,8.18152,9105.75,0,0,0,0,0,0,0
1255,#bfa5eb,settled,2,117,96,1518.84,17.5913,9543.16,0,0,0,1829,1829,0,0
1256,#88485f,settled,1,19,18,1475.75,1.90939,9272.43,0,0,0,28,28,0,0
1257,#519d85,settled,1,19,16,1476.46,1.52555,9276.88,0,0,0,15,15,0,0
1258,#cdf2ac,settled,1,45,34,1545.64,1.57669,9711.52,0,0,0,0,0,0,0
1259,#9594d3,settled,1,81,56,1545.44,1.99238,9710.31,0,0,0,0,0,0,0
1260,#5ee946,settled,1,9,10,1552.5,1.28361,9754.63,0,0,0,0,0,0,0
1261,#da8b6d,settled,1,73,50,1437.14,2.06096,9029.81,0,0,0,0,0,0,0
1262,#a3e094,settled,1,53,44,1428.01,2.1614,8972.46,0,0,0,0,0,0,0
1263,#6b82bb,settled,1,206,120,1429.71,4.577,8983.12,0,0,0,254,254,0,0
1264,#e7d7e2,settled,1,119,72,1427.82,4.05001,8971.27,0,0,0,143,143,0,0
1265,#b07956,settled,1,9,10,1447.86,0.901844,9097.2,0,0,0,0,0,0,0
1266,#79cf7c,settled,1,259,155,1432.05,8.15368,8997.83,0,0,0,289,289,0,0
1267,#4171a3,settled,1,24,24,1226.55,1.84393,7706.62,0,0,0,0,0,0,0
1268,#bdc6ca,settled,1,29,24,1300.25,2.04405,8169.74,0,0,0,72,72,0,0
1269,#8668f1,settled,1,9,10,1202.75,0.878987,7557.09,0,0,0,118,118,0,0
1270,#4fbd64,settled,1,36,35,1183.74,2.37612,7437.66,0,0,0,3,3,0,0
1271,#cb5f8c,settled,1,27,24,1187.22,1.54906,7459.52,0,0,0,0,0,0,0
1272,#93b4b2,settled,1,69,50,1172.91,15.9122,7369.6,0,0,0,26,26,0,0
1273,#5c56d9,settled,2,55,45,1189.13,3.35824,7471.55,0,0,0,0,0,0,0
1274,#d8ab4d,settled,1,13,13,1172.32,3.3407,7365.88,0,0,0,23,23,0,0
1275,#a14d74,settled,1,80,59,1231.1,1.91444,7735.24,0,0,0,1323,1323,0,0
1276,#69a39a,settled,1,68,47,1085.52,7.8652,6820.5,0,0,0,0,0,0,0
1277,#e544c1,settled,1,61,40,1108.75,0.974623,6966.46,0,0,0,43,43,0,0
1278,#ae9ae8,settled,1,61,47,1110.63,4.57202,6978.29,0,0,0,43,43,0,0
1279,#77ef5b,settled,1,11,10,1132.29,1.28922,7114.38,0,0,0,0,0,0,0
1280,#3f9182,settled,1,73,53,1135.16,6.98526,7132.41,0,0,0,0,0,0,0
1281,#bbe6a9,settled,2,135,96,1075.81,12.8788,6759.51,0,0,0,0,0,0,0
1282,#8488d0,settled,1,27,24,1141.25,2.59084,7170.69,0,0,0,0,0,0,0
1283,#4ddd43,settled,1,70,49,1156.23,13.6982,7264.78,0,0,0,0,0,0,0
1284,#c87f6b,settled,1,13,13,1148.42,0.672263,7215.75,0,0,0,0,0,0,0
1285,#91d491,settled,1,9,10,1118.34,2.60583,7026.72,0,0,0,0,0,0,0
1286,#5a77b8,settled,1,149,89,1124.03,4.77009,7062.5,0,0,0,0,0,0,0
1287,#d6cbdf,settled,1,260,152,1088.85,5.60546,6841.44,0,0,0,34,34,0,0
1288,#9e6d53,settled,1,21,18,1088.78,1.27555,6841.03,0,0,0,34,34,0,0
1289,#67c379,settled,1,37,27,1019.94,2.42605,6408.49,0,0,0,0,0,0,0
1290,#e364a1,settled,1,112,71,1068.6,4.01729,6714.19,0,0,0,116,116,0,0
1291,#acbac7,settled,1,51,37,1068.14,3.48249,6711.35,0,0,0,64,64,0,0
1292,#745cee,settled,1,70,48,857.442,7.04694,5387.47,0,0,0,0,0,0,0
1293,#f0b162,settled,1,7,8,859.537,1.35702,5400.63,0,0,0,14,14,0,0
1294,#b95389,settled,1,65,46,858.858,2.6849,5396.36,0,0,0,169,169,0,0
1295,#82a8af,settled,1,10,11,1305.23,16.5239,8201.03,0,0,0,231,231,0,0
1296,#4a4ad6,settled,1,75,50,1540.61,10.3729,9679.97,0,0,0,0,0,0,0
1297,#c69f4a,settled,1,13,15,1520.91,6.20506,9556.15,0,0,0,153,153,0,0
1298,#8f4171,settled,1,40,32,1518.97,4.43344,9544,0,0,0,86,86,0,0
1299,#589797,settled,1,36,28,1523.06,5.6348,9569.69,0,0,0,0,0,0,0
1300,#d4ebbe,settled,1,131,93,1460.8,2.5312,9178.5,0,0,0,0,0,0,0
1301,#9c8ee5,settled,1,55,42,1461.24,1.98882,9181.24,0,0,0,0,0,0,0
1302,#65e358,settled,1,67,49,1454.94,2.48121,9141.67,0,0,0,0,0,0,0
1303,#e18580,settled,1,49,39,1444.86,5.86796,9078.33,0,0,0,0,0,0,0
1304,#aadaa6,settled,1,46,35,1443.26,3.01067,9068.29,0,0,0,0,0,0,0
1305,#727ccd,settled,1,56,41,1465.92,8.68997,9210.64,0,0,0,0,0,0,0
1306,#eed141,settled,1,14,13,1444.63,1.93268,9076.87,0,0,0,0,0,0,0
1307,#b77368,settled,1,10,12,1472.87,2.34856,9254.31,0,0,0,0,0,0,0
1308,#80c88e,settled,1,48,39,1483.63,4.88432,9321.95,0,0,0,6,6,0,0
1309,#486bb6,settled,1,66,50,1568.33,13.3686,9854.11,0,0,0,0,0,0,0
1310,#c4bfdc,settled,1,74,50,1519.32,3.16399,9546.19,0,0,0,0,0,0,0
1311,#8d6250,settled,1,14,14,1423.16,6.19455,8942.01,0,0,0,0,0,0,0
1312,#56b777,settled,1,23,19,1418.98,2.41017,8915.73,0,0,0,0,0,0,0
1313,#d2589e,settled,1,251,151,1420.8,6.08495,8927.14,0,0,0,0,0,0,0
1314,#9aaec4,settled,1,33,27,1421.42,4.03206,8931.02,0,0,0,0,0,0,0
1315,#6350eb,settled,1,21,18,1430.55,2.22988,8988.44,0,0,0,0,0,0,0
1316,#dfa55f,settled,1,17,17,1430.31,3.81169,8986.92,0,0,0,0,0,0,0
1317,#a84786,settled,1,19,17,1383.32,2.7425,8691.68,0,0,0,0,0,0,0
1318,#709cac,settled,1,317,185,1460.6,2.00957,9177.24,0,0,0,0,0,0,0
1319,#ecf1d3,settled,1,17,16,1454.74,1.07128,9140.37,0,0,0,0,0,0,0
1320,#b59347,settled,1,44,39,1378.14,4.63327,8659.08,0,0,0,527,527,0,0
1321,#7ee96d,settled,1,10,11,1379.53,1.36927,8667.84,0,0,0,128,128,0,0
1322,#468b95,settled,1,273,162,1258.75,3.66462,7908.93,0,0,0,3882,3882,0,0
1323,#c2e0bb,settled,1,29,24,1243.85,3.99547,7815.32,0,0,0,0,0,0,0
1324,#8b82e2,settled,1,74,50,1240.93,2.11203,7796.96,0,0,0,0,0,0,0
1325,#54d756,settled,1,12,12,1328.86,1.2429,8349.46,0,0,0,0,0,0,0
1326,#cf797d,settled,3,201,144,1210.87,10.9966,7608.13,0,0,0,0,0,13,0
1327,#98cea3,settled,1,71,50,1333.15,5.70309,8376.4,0,0,0,0,0,0,0
1328,#6170cb,settled,3,201,148,1217.31,12.4478,7648.56,0,0,0,4604,4604,26,0
1329,#ddc5f1,settled,1,7,10,1130.11,3.05344,7100.68,0,0,0,0,0,0,0
1330,#a56765,settled,1,77,50,1114.49,2.35895,7002.55,0,0,0,0,0,0,0
1331,#6ebd8c,settled,1,18,15,1115.16,2.35165,7006.78,0,0,0,0,0,0,0
1332,#ea5eb3,settled,1,16,16,1113.74,3.14624,6997.85,0,0,0,0,0,0,0
1333,#b3b3d9,settled,1,38,33,1030.46,5.73944,6474.54,0,0,0,0,0,0,0
1334,#7b564d,settled,1,47,36,1029.54,5.50996,6468.8,0,0,0,0,0,0,0
1335,#44ab74,settled,1,8,10,1026.26,0.901225,6448.16,0,0,0,0,0,0,0
1336,#c04d9b,settled,1,37,29,1028.77,3.45033,6463.97,0,0,0,0,0,0,0
1337,#89a2c1,settled,1,38,31,1029.73,5.20133,6470,0,0,0,0,0,0,0
1338,#5144e9,settled,1,14,14,1072.56,6.49891,6739.08,0,0,0,0,0,0,0
1339,#cd995c,settled,1,19,16,1079.19,3.52625,6780.73,0,0,0,10,10,0,0
1340,#96ee82,settled,1,20,18,1080.44,2.48322,6788.58,0,0,0,10,10,0,0
1341,#5f90aa,settled,1,59,48,1054.85,17.3937,6627.81,0,0,0,0,0,0,0
1342,#dbe5d0,settled,1,20,18,987.021,4.65235,6201.64,0,0,0,0,0,0,0
1343,#a38744,settled,1,45,37,992.513,1.73037,6236.14,0,0,0,0,0,0,0
1344,#6cdd6b,settled,1,53,37,991.524,5.17553,6229.93,0,0,0,128,128,0,0
1345,#e87e92,settled,2,131,94,1048.87,14.4613,6590.23,0,0,0,0,0,0,0
1346,#b1d4b8,settled,1,17,16,946.447,3.7621,5946.7,0,0,0,0,0,0,0
1347,#7976e0,settled,1,71,49,983.628,10.036,6180.31,0,0,0,0,0,0,0
1348,#42cb53,settled,1,32,28,862.859,1.16945,5421.5,0,0,0,0,0,0,0
1349,#be6d7a,settled,1,36,34,780.103,1.89763,4901.53,0,0,0,0,0,0,0
1350,#87c2a1,settled,1,60,42,1469.83,4.70022,9235.21,0,0,0,72,72,0,0
1351,#4f64c8,settled,1,43,34,1492.84,5.81167,9379.78,0,0,0,136,136,0,0
1352,#cbb9ee,settled,1,165,106,1472.01,5.59934,9248.94,0,0,0,224,224,0,0
1353,#945b62,settled,1,35,27,1450.32,2.14269,9112.63,0,0,0,0,0,0,0
1354,#5db189,settled,1,51,47,1495.36,11.7401,9395.64,0,0,0,160,160,0,0
1355,#d952b0,settled,1,35,27,1479.84,3.058,9298.11,0,0,0,37,37,0,0
1356,#a1a8d6,settled,1,141,95,1491.53,4.81456,9371.57,0,0,0,141,141,0,0
1357,#6a4a4a,settled,1,57,50,1487.98,13.9988,9349.26,0,0,0,178,178,0,0
1358,#e69e71,settled,1,9,11,1483.13,1.75027,9318.81,0,0,0,9,9,0,0
1359,#af4198,settled,1,36,30,1446.75,8.42272,9090.22,0,0,0,0,0,0,0
1360,#7796bf,settled,1,7,8,1367.39,2.07181,8591.55,0,0,0,0,0,0,0
1361,#40ebe5,settled,1,24,19,1395.16,2.08535,8766.03,0,0,0,0,0,0,0
1362,#bc8d59,settled,1,37,31,1384.91,3.23662,8701.66,0,0,0,0,0,0,0
1363,#85e280,settled,1,9,10,1382.25,7.50651,8684.93,0,0,0,173,173,0,0
1364,#4d85a7,settled,1,202,119,1371.06,0.739437,8614.62,0,0,0,1427,1427,0,0
1365,#c9d9cd,settled,1,30,24,1374.94,4.27245,8639.03,0,0,0,265,265,0,0
1366,#927b41,settled,1,25,23,1375.32,4.55394,8641.41,0,0,0,206,206,0,0
1367,#5bd168,settled,1,10,11,1372.57,2.56419,8624.09,0,0,0,66,66,0,0
1368,#d6728f,settled,1,112,81,1257.84,2.4436,7903.24,0,0,0,1258,1258,0,0
1369,#9fc8b6,settled,1,13,14,1081.74,2.10933,6796.76,0,0,0,0,0,0,0
1370,#686add,settled,1,89,65,1097.1,5.81631,6893.3,0,0,0,0,0,0,0
1371,#e4bf50,settled,1,75,50,1141.04,10.8911,7169.37,0,0,0,0,0,0,0
1372,#ac6177,settled,1,11,12,1055.89,1.1448,6634.37,0,0,0,0,0,0,0
1373,#75b69e,settled,1,9,10,1056.64,1.30585,6639.09,0,0,0,0,0,0,0
1374,#f158c5,settled,2,80,66,1025.19,11.2888,6441.46,0,0,0,0,0,0,0
1375,#baadeb,settled,1,53,39,986.021,3.52337,6195.35,0,0,0,0,0,0,0
1376,#824f5f,settled,1,15,15,1028.42,2.16106,6461.75,0,0,0,0,0,0,0
1377,#4ba586,settled,1,22,20,1031.6,2.75771,6481.73,0,0,0,0,0,0,0
1378,#c746ad,settled,1,17,16,1033.69,3.05672,6494.9,0,0,0,0,0,0,0
1379,#909cd4,settled,1,38,31,1041.1,2.19051,6541.41,0,0,0,0,0,0,0
1380,#58f147,settled,1,23,19,1052.49,1.47402,6612.97,0,0,0,0,0,0,0
1381,#d4936e,settled,1,60,50,1060.48,1.23049,6663.22,0,0,0,0,0,0,0
1382,#9de895,settled,1,19,16,1060.42,1.11497,6662.79,0,0,0,0,0,0,0
1383,#668abc,settled,1,34,27,1058.86,2.8328,6653.02,0,0,0,0,0,0,0
1384,#e2dfe2,settled,1,57,44,914.578,2.48183,5746.46,0,0,0,0,0,0,0
1385,#aa8156,settled,1,182,114,817.666,3.24852,5137.55,0,0,0,0,0,0,0
1386,#73d67d,settled,1,154,93,838.898,1.11447,5270.95,0,0,0,0,0,0,0
1387,#ef78a4,settled,1,20,17,840.384,0.528607,5280.29,0,0,0,0,0,0,0
1388,#b8cdcb,settled,1,70,53,834.959,3.35491,5246.2,0,0,0,0,0,0,0
1389,#8070f2,settled,1,317,181,833.918,4.09925,5239.66,0,0,0,0,0,0,0
1390,#49c565,settled,1,27,24,843.885,5.01409,5302.28,0,0,0,0,0,0,0
1391,#c5668c,settled,1,39,31,832.622,4.32771,5231.52,0,0,0,54,54,0,0
1392,#8ebcb3,settled,1,112,80,714.34,3.77908,4488.33,0,0,0,0,0,0,0
1393,#565eda,settled,1,16,16,674.518,1.51544,4238.12,0,0,0,0,0,0,0
1394,#d2b34d,settled,1,46,43,1437.79,4.91331,9033.93,0,0,0,0,0,0,0
1395,#9b5574,settled,1,25,21,1441.34,3.65136,9056.2,0,0,0,0,0,0,0
1396,#64aa9b,settled,1,22,23,1443.31,4.90043,9068.61,0,0,0,0,0,0,0
1397,#e04cc2,settled,1,9,10,1443.62,1.36521,9070.55,0,0,0,0,0,0,0
1398,#a8a1e9,settled,1,29,23,1443.45,3.44864,9069.48,0,0,0,0,0,0,0
1399,#71435d,settled,1,68,49,1404.88,4.89898,8827.14,0,0,0,182,182,0,0
1400,#ed9883,settled,1,48,36,1394.89,2.43869,8764.36,0,0,0,116,116,0,0
1401,#b6eeaa,settled,1,30,26,1418.52,3.18904,8912.8,0,0,0,122,122,0,0
1402,#7e90d1,settled,1,18,19,1379.99,2.77652,8670.7,0,0,0,0,0,0,0
1403,#47e544,settled,1,68,49,1412.81,3.70416,8876.96,0,0,0,366,366,0,0
1404,#c3876b,settled,1,16,15,1333.31,7.42682,8377.41,0,0,0,0,0,0,0
1405,#8cdc92,settled,1,16,15,1294.7,1.28479,8134.83,0,0,0,184,184,0,0
1406,#547eb9,settled,1,369,226,1295.03,12.2607,8136.94,0,0,0,5659,5659,0,0
1407,#d0d3e0,settled,1,51,43,1301.76,4.609,8179.22,0,0,0,689,689,0,0
1408,#997554,settled,1,21,21,1308.91,3.10868,8224.1,0,0,0,309,309,0,0
1409,#62cb7a,settled,1,7,10,1310.05,2.38689,8231.3,0,0,0,48,48,0,0
1410,#dd6ca1,settled,1,35,27,1309.4,3.49578,8227.23,0,0,0,246,246,0,0
1411,#a6c1c8,settled,1,14,14,1302.59,4.0512,8184.4,0,0,0,0,0,0,0
1412,#6f64ef,settled,1,24,19,1277.52,3.21023,8026.92,0,0,0,321,321,0,0
1413,#ebb862,settled,1,25,21,1317.2,3.06886,8276.2,0,0,0,359,359,0,0
1414,#b35b89,settled,1,73,50,1153.22,9.75001,7245.89,0,0,0,0,0,0,0
1415,#7cb0b0,settled,1,44,35,1154.07,3.18358,7251.26,0,0,0,7,7,0,0
1416,#4552d7,settled,1,73,51,1153.67,4.82364,7248.73,0,0,0,0,0,0,0
1417,#c1a74a,settled,1,14,16,1151.43,2.78313,7234.68,0,0,0,7,7,0,0
1418,#894972,settled,1,25,24,1144.73,1.16896,7192.54,0,0,0,0,0,0,0
1419,#529e98,settled,1,28,26,1144.2,5.64402,7189.23,0,0,0,0,0,0,0
1420,#ce40bf,settled,1,9,10,1061.83,1.44659,6671.69,0,0,0,0,0,0,0
1421,#9795e6,settled,1,132,81,1034.36,4.29634,6499.05,0,0,0,0,0,0,0
1422,#5feb59,settled,1,8,11,1114.22,3.11507,7000.87,0,0,0,0,0,0,0
1423,#db8c80,settled,1,74,50,922.776,10.4239,5797.97,0,0,0,0,0,0,0
1424,#a4e2a7,settled,1,272,179,931.387,4.07081,5852.08,0,0,0,146,146,0,0
1425,#6d84ce,settled,1,68,49,926.464,5.19034,5821.14,0,0,0,146,146,0,0
1426,#e9d941,settled,1,21,18,941.507,0.773558,5915.66,0,0,0,0,0,0,0
1427,#b17b69,settled,1,17,16,924.711,2.22688,5810.13,0,0,0,0,0,0,0
1428,#7ad08f,settled,1,7,9,927.086,2.26753,5825.05,0,0,0,0,0,0,0
1429,#4372b6,settled,1,20,17,830.413,2.14758,5217.64,0,0,0,0,0,0,0
1430,#bfc7dd,settled,1,73,50,842.186,4.32202,5291.61,0,0,0,5,5,0,0
1431,#876951,settled,1,35,26,838.622,2.07644,5269.22,0,0,0,5,5,0,0
1432,#50bf77,settled,1,16,16,815.142,1.8912,5121.69,0,0,0,0,0,0,0
1433,#cc609e,settled,1,124,76,821.579,4.66274,5162.13,0,0,0,0,0,0,0
1434,#95b6c5,settled,1,30,22,819.092,3.09879,5146.51,0,0,0,62,62,0,0
1435,#5d58ec,settled,1,71,47,802.284,20.5772,5040.9,0,0,0,30,30,0,0
1436,#d9ac5f,settled,1,33,25,820.647,3.66917,5156.28,0,0,0,0,0,0,0
1437,#a24f87,settled,1,61,41,819.919,3.29359,5151.7,0,0,0,62,62,0,0
1438,#6ba4ad,settled,1,26,22,820.906,3.73011,5157.9,0,0,0,0,0,0,0
1439,#e746d4,settled,1,23,21,792.232,1.263,4977.74,0,0,0,30,30,0,0
1440,#af9b48,settled,1,39,29,1235.87,3.37632,7765.18,0,0,0,0,0,0,0
1441,#78f06e,settled,1,216,140,1094.02,8.66408,6873.93,0,0,0,0,0,0,0
1442,#419395,settled,1,24,21,1099.73,2.15032,6909.83,0,0,0,0,0,0,0
1443,#bde7bc,settled,1,17,17,1094.79,9.10337,6878.75,0,0,0,0,0,0,0
1444,#8589e3,settled,1,8,9,1101.91,3.4771,6923.52,0,0,0,0,0,0,0
1445,#4edf56,settled,1,16,15,1084.96,1.4606,6816.98,0,0,0,0,0,0,0
1446,#ca807e,settled,1,21,18,1092.63,2.35899,6865.19,0,0,0,0,0,0,0
1447,#93d6a4,settled,1,19,19,1105.14,4.20237,6943.82,0,0,0,0,0,0,0
1448,#5b78cb,settled,1,44,35,1103.38,3.39631,6932.76,0,0,0,0,0,0,0
1449,#d7cdf2,settled,1,18,17,1078.41,3.77338,6775.82,0,0,0,0,0,0,0
1450,#a06f66,settled,1,82,59,1077.08,2.72791,6767.5,0,0,0,0,0,0,0
1451,#69c48c,settled,1,24,22,1101.57,1.87018,6921.37,0,0,0,0,0,0,0
1452,#e466b3,settled,1,11,12,1057.06,1.72443,6641.72,0,0,0,0,0,0,0
1453,#adbbda,settled,1,30,23,1064.73,2.07249,6689.92,0,0,0,0,0,0,0
1454,#765d4e,settled,1,9,10,1066.57,1.11061,6701.46,0,0,0,0,0,0,0
1455,#f2b274,settled,1,56,38,1065.14,3.3769,6692.47,0,0,0,0,0,0,0
1456,#ba549c,settled,1,15,14,1075.44,2.01429,6757.19,0,0,0,0,0,0,0
1457,#83aac2,settled,1,8,9,1073.9,0.774335,6747.5,0,0,0,0,0,0,0
1458,#4c4ce9,settled,1,10,11,1063.08,1.52092,6679.51,0,0,0,0,0,0,0
1459,#c8a15d,settled,1,21,20,1062.09,1.84393,6673.28,0,0,0,0,0,0,0
1460,#904384,settled,1,15,15,1075.55,2.00086,6757.87,0,0,0,0,0,0,0
1461,#5998aa,settled,1,8,9,1073.77,0.931526,6746.69,0,0,0,0,0,0,0
1462,#d5edd1,settled,1,22,20,1072.66,2.80954,6739.7,0,0,0,0,0,0,0
1463,#9e8f45,settled,1,10,11,1078.82,4.36931,6778.45,0,0,0,0,0,0,0
1464,#66e46b,settled,1,78,50,860.965,3.46068,5409.61,0,0,0,0,0,0,0
1465,#e28693,settled,1,46,33,916.987,3.4224,5761.6,0,0,0,0,0,0,0
1466,#abdbb9,settled,1,86,58,799.93,3.03947,5026.11,0,0,0,0,0,0,0
1467,#747ee0,settled,1,109,75,780.696,2.76518,4905.26,0,0,0,0,0,0,0
1468,#f0d254,settled,1,33,24,781.269,2.0633,4908.86,0,0,0,0,0,0,0
1469,#b8747b,settled,1,333,193,795.846,1.62356,5000.45,0,0,0,0,0,0,0
1470,#81caa1,settled,1,108,72,1271.49,4.95805,7989,0,0,0,16,16,0,0
1471,#4a6cc8,settled,1,42,31,1268.65,2.12091,7971.16,0,0,0,16,16,0,0
1472,#c6c1ef,settled,1,45,36,1271.75,13.4371,7990.66,0,0,0,0,0,0,0
1473,#8e6363,settled,1,7,9,1149.66,2.11316,7223.5,0,0,0,0,0,0,0
1474,#57b889,settled,1,37,28,1154.52,3.68549,7254.06,0,0,0,0,0,0,0
1475,#d35ab1,settled,1,66,53,1191.89,8.17284,7488.86,0,0,0,0,0,0,0
1476,#9cafd7,settled,1,115,73,1217.69,4.28952,7650.95,0,0,0,6,6,0,0
1477,#64514b,settled,1,21,19,1217.63,2.70801,7650.62,0,0,0,6,6,0,0
1478,#e0a672,settled,1,34,26,1228.41,2.36293,7718.3,0,0,0,0,0,0,0
1479,#a94899,settled,1,15,14,1202.39,1.75337,7554.85,0,0,0,0,0,0,0
1480,#729ebf,settled,1,16,16,1232.25,1.812,7742.45,0,0,0,0,0,0,0
1481,#ee3fe7,settled,1,10,11,1152.29,1.14072,7240.02,0,0,0,0,0,0,0
1482,#b6955a,settled,1,20,19,1154.79,3.76798,7255.75,0,0,0,0,0,0,0
1483,#7fea80,settled,2,199,132,1138.76,7.15683,7155.04,0,0,0,0,0,0,0
1484,#488ca8,settled,1,17,14,1071.23,1.57448,6730.73,0,0,0,0,0,0,0
1485,#c4e1ce,settled,1,291,164,1075.54,5.42748,6757.84,0,0,0,0,0,0,0
1486,#8c8342,settled,1,15,17,1028.76,0.701385,6463.88,0,0,0,0,0,0,0
1487,#55d969,settled,1,34,25,1025.92,1.99017,6446.07,0,0,0,0,0,0,0
1488,#d17a90,settled,1,25,23,1016.06,2.3291,6384.1,0,0,0,0,0,0,0
1489,#9acfb6,settled,1,26,23,1030.41,1.6939,6474.26,0,0,0,0,0,0,0
1490,#6272dd,settled,1,19,18,1021.84,1.98008,6420.41,0,0,0,0,0,0,0
1491,#dec651,settled,1,13,13,1043.89,3.04818,6558.92,0,0,0,0,0,0,0
1492,#a76978,settled,1,13,13,1044.21,1.74066,6560.94,0,0,0,0,0,0,0
1493,#70be9e,settled,1,53,39,1077.35,4.27548,6769.21,0,0,0,13,13,0,0
1494,#eb5fc6,settled,1,38,30,1074.7,4.07124,6752.51,0,0,0,13,13,0,0
1495,#b4b5ec,settled,1,12,13,1076.15,1.61575,6761.68,0,0,0,0,0,0,0
1496,#7d5760,settled,1,14,15,1077.62,3.19041,6770.9,0,0,0,0,0,0,0
1497,#46ac87,settled,1,330,193,1117.19,7.63026,7019.53,0,0,0,0,0,0,0
1498,#c14eae,settled,1,28,23,1108.09,4.4444,6962.34,0,0,0,0,0,0,0
1499,#8aa3d4,settled,1,10,11,1114.12,4.71724,7000.23,0,0,0,0,0,0,0
1500,#534648,settled,1,50,39,1015.34,3.71595,6379.59,0,0,0,1,1,0,0
1501,#cf9a6f,settled,1,12,15,1016.06,3.54315,6384.08,0,0,0,0,0,0,0
1502,#97f095,settled,1,24,21,1017.44,2.32235,6392.74,0,0,0,1,1,0,0
1503,#6092bd,settled,1,29,21,1015.82,3.21513,6382.61,0,0,0,0,0,0,0
1504,#dce7e3,settled,1,13,14,1098.59,6.46185,6902.66,0,0,0,0,0,0,0
1505,#a58957,settled,1,11,12,887.268,1.023,5574.87,0,0,0,0,0,0,0
1506,#6dde7e,settled,1,72,50,761.958,5.23613,4787.53,0,0,0,183,183,0,0
1507,#e980a5,settled,1,32,25,762.576,8.5098,4791.41,0,0,0,49,49,0,0
1508,#b2d5cb,settled,1,75,50,770.96,19.3316,4844.09,0,0,0,473,473,0,0
1509,#7b773f,settled,1,12,12,775.346,1.8236,4871.64,0,0,0,12,12,0,0
1510,#43cd66,settled,1,9,11,777.164,11.2412,4883.07,0,0,0,54,54,0,0
1511,#bf6e8d,settled,1,10,12,754.39,2.23208,4739.97,0,0,0,19,19,0,0
1512,#88c4b3,settled,1,9,9,667.317,1.34745,4192.87,0,0,0,0,0,0,0
1513,#5166db,settled,1,40,35,680.697,8.25878,4276.95,0,0,0,0,0,0,0
1514,#cdba4e,settled,1,70,49,674.713,5.93397,4239.34,0,0,0,0,0,0,0
1515,#955d75,settled,1,50,43,636.42,3.36485,3998.75,0,0,0,0,0,0,0
1516,#5eb29c,settled,1,31,23,373.868,2.1223,2349.08,0,0,0,0,0,0,0
1517,#da54c3,settled,1,116,77,1309.28,4.99247,8226.48,0,0,0,0,0,0,0
1518,#a3a9e9,settled,1,7,9,1306.54,2.4755,8209.23,0,0,0,0,0,0,0
1519,#6b4b5d,settled,1,46,34,1304.27,3.13439,8194.98,0,0,0,0,0,0,0
1520,#e7a084,settled,1,26,24,1311.33,4.21917,8239.32,0,0,0,0,0,0,0
1521,#b042ab,settled,1,39,31,1263.59,4.21093,7939.37,0,0,0,0,0,0,0
1522,#7997d2,settled,1,30,24,1300.46,1.7552,8171.03,0,0,0,0,0,0,0
1523,#41ed45,settled,1,88,68,1235.56,3.7678,7763.28,0,0,0,23,23,0,0
1524,#bd8e6c,settled,1,68,47,1242.25,16.225,7805.27,0,0,0,23,23,0,0
1525,#86e493,settled,1,12,12,1312.39,2.03659,8245.99,0,0,0,0,0,0,0
1526,#4f86ba,settled,1,26,22,1307.69,1.93691,8216.45,0,0,0,0,0,0,0
1527,#cbdbe0,settled,1,17,15,1311.92,2.45673,8243.06,0,0,0,0,0,0,0
1528,#937d54,settled,1,90,59,1306.69,3.22275,8210.15,0,0,0,0,0,0,0
1529,#5cd27b,settled,1,42,32,1278.26,3.64617,8031.56,0,0,0,0,0,0,0
1530,#d874a2,settled,1,26,21,1281.04,2.61074,8049.01,0,0,0,0,0,0,0
1531,#a1c9c8,settled,1,58,40,1007.7,4.92974,6331.54,0,0,0,0,0,0,0
1532,#696bf0,settled,1,25,21,1009.01,4.6869,6339.79,0,0,0,0,0,0,0
1533,#e5c063,settled,1,12,14,1005.95,2.99712,6320.59,0,0,0,0,0,0,0
1534,#ae628a,settled,1,209,124,1036.54,2.57576,6512.77,0,0,0,0,0,0,0
1535,#77b8b1,settled,1,27,24,1039.99,2.30898,6534.46,0,0,0,0,0,0,0
1536,#3f5ad8,settled,1,138,83,1079.73,3.80444,6784.17,0,0,0,0,0,0,0
1537,#bbaf4b,settled,1,227,139,1054.95,4.83858,6628.47,0,0,0,0,0,0,0
1538,#845172,settled,1,21,19,898.708,3.27641,5646.75,0,0,0,0,0,0,0
1539,#4da699,settled,1,50,37,896.226,4.16247,5631.16,0,0,0,0,0,0,0
1540,#c848c0,settled,1,45,47,921.674,33.8054,5791.05,0,0,0,170,170,0,0
1541,#919de7,settled,1,51,38,913,3.48427,5736.55,0,0,0,84,84,0,0
1542,#5a3f5b,settled,1,26,21,907.085,3.08623,5699.38,0,0,0,37,37,0,0
1543,#d69481,settled,1,45,37,913.028,3.95273,5736.72,0,0,0,45,45,0,0
1544,#9ee9a8,settled,1,60,47,777.774,2.65844,4886.9,0,0,0,0,0,0,0
1545,#678ccf,settled,1,67,51,818.48,3.70726,5142.66,0,0,0,0,0,0,0
1546,#e3e042,settled,1,49,42,821.179,15.4836,5159.62,0,0,0,0,0,0,0
1547,#ac8269,settled,1,121,73,823.69,4.62173,5175.4,0,0,0,706,706,0,0
1548,#74d890,settled,1,78,50,693.856,7.62412,4359.62,0,0,0,0,0,0,0
1549,#f079b7,settled,1,18,17,668.637,3.41777,4201.17,0,0,0,0,0,0,0
1550,#b9cfdd,settled,1,21,19,668.868,2.12699,4202.62,0,0,0,0,0,0,0
1551,#827151,settled,1,40,30,670.555,3.76148,4213.22,0,0,0,0,0,0,0
1552,#4ac678,settled,1,23,21,658.189,1.52688,4135.53,0,0,0,0,0,0,0
1553,#c6689f,settled,1,198,123,666.632,3.44003,4188.57,0,0,0,0,0,0,0
1554,#8fbdc6,settled,1,270,154,662.668,5.39342,4163.67,0,0,0,0,0,0,0
1555,#585fed,settled,1,300,174,653.231,7.2079,4104.37,0,0,0,0,0,0,0
1556,#d4b460,settled,2,100,80,707.061,7.0593,4442.6,0,0,0,0,0,0,0
1557,#9c5687,settled,1,11,13,717.529,1.45371,4508.37,0,0,0,0,0,0,0
1558,#65acae,settled,1,25,20,133.016,2.04665,835.767,0,0,0,0,0,0,0
1559,#e14dd5,settled,1,151,96,126.814,3.09792,796.799,0,0,0,0,0,0,0
1560,#aaa348,settled,1,70,49,128.205,4.83626,805.539,0,0,0,0,0,0,0
1561,#724570,settled,1,119,82,1237.21,4.29317,7773.6,0,0,0,0,0,0,0
1562,#ee9a96,settled,1,54,37,1241.05,5.18574,7797.73,0,0,0,0,0,0,0
1563,#b7efbd,settled,1,76,50,1299.33,13.884,8163.96,0,0,0,0,0,0,0
1564,#8091e4,settled,1,27,24,1163.81,1.67754,7312.43,0,0,0,0,0,0,0
1565,#48e757,settled,1,380,218,1109.92,3.10622,6973.8,0,0,0,0,0,0,0
1566,#c4887e,settled,1,20,20,1069.09,1.1682,6717.27,0,0,0,0,0,0,0
1567,#8ddda5,settled,1,20,19,1083.64,1.87804,6808.74,0,0,0,0,0,0,0
1568,#5680cc,settled,1,73,50,832.625,5.16424,5231.53,0,0,0,0,0,0,0
1569,#d2d43f,settled,1,77,60,838.739,2.80043,5269.95,0,0,0,97,97,0,0
1570,#9a7766,settled,1,48,35,843.27,12.3694,5298.42,0,0,0,0,0,0,0
1571,#63cc8d,settled,1,10,11,832.144,3.81492,5228.52,0,0,0,0,0,0,0
1572,#df6db4,settled,1,41,32,842.06,5.10868,5290.82,0,0,0,0,0,0,0
1573,#a8c3db,settled,1,49,33,836.97,3.11634,5258.84,0,0,0,61,61,0,0
1574,#70654f,settled,1,13,12,837.679,1.29438,5263.29,0,0,0,18,18,0,0
1575,#ecba75,settled,1,72,50,898.504,13.7339,5645.47,0,0,0,0,0,0,0
1576,#b55c9c,settled,1,40,31,844.001,3.0862,5303.02,0,0,0,0,0,0,0
1577,#7eb1c3,settled,1,28,23,843.987,1.57363,5302.92,0,0,0,33,33,0,0
1578,#4654ea,settled,1,10,10,900.606,1.54347,5658.68,0,0,0,0,0,0,0
1579,#c2a85d,settled,1,18,18,938.898,1.46043,5899.27,0,0,0,0,0,0,0
1580,#8b4a85,settled,1,195,113,670.56,4.62726,4213.25,0,0,0,0,0,0,0
1581,#54a0ab,settled,1,30,25,682.498,3.59552,4288.26,0,0,0,0,0,0,0
1582,#cf41d2,settled,1,70,50,1279.23,8.1451,8037.61,0,0,0,0,0,0,0
1583,#989746,settled,1,19,17,1276.53,1.52064,8020.67,0,0,0,0,0,0,0
1584,#61ec6c,settled,1,26,21,1244.98,3.29172,7822.44,0,0,0,0,0,0,0
1585,#dd8e93,settled,1,198,127,1318.35,4.40038,8283.42,0,0,0,0,0,0,0
1586,#a5e3ba,settled,1,58,46,1173.98,2.81429,7376.3,0,0,0,0,0,0,0
1587,#6e85e1,settled,1,21,19,971.847,4.09859,6106.29,0,0,0,0,0,0,0
1588,#eada54,settled,1,319,182,953.48,7.38223,5990.89,0,0,0,186,186,0,0
1589,#b37c7b,settled,1,19,17,951.099,2.10024,5975.93,0,0,0,0,0,0,0
1590,#7bd2a2,settled,1,49,34,956.139,2.31453,6007.6,0,0,0,0,0,0,0
1591,#4474c9,settled,1,9,10,952.843,2.48936,5986.89,0,0,0,0,0,0,0
1592,#c0c8f0,settled,1,16,14,944.09,2.29643,5931.89,0,0,0,0,0,0,0
1593,#896b64,settled,1,18,16,943.733,2.14964,5929.65,0,0,0,0,0,0,0
1594,#51c08a,settled,1,74,50,656.546,11.005,4125.2,0,0,0,0,0,0,0
1595,#cd62b1,settled,1,77,50,162.061,4.45312,1018.26,0,0,0,0,0,0,0
1596,#96b7d8,settled,1,17,15,705.755,2.32427,4434.39,0,0,0,0,0,0,0
1597,#5f594c,settled,1,68,50,610.003,52.0728,3832.76,0,0,0,0,0,0,0
1598,#dbae72,settled,1,37,29,1243.91,0.858641,7815.71,0,0,0,0,0,0,0
1599,#a3509a,settled,1,24,23,1251.95,2.36403,7866.21,0,0,0,0,0,0,0
1600,#6ca5c0,settled,1,10,11,1256.38,2.05594,7894.06,0,0,0,0,0,0,0
1601,#e847e7,settled,1,11,10,1255.09,1.70872,7885.98,0,0,0,0,0,0,0
1602,#b19c5b,settled,2,133,92,1311.84,17.4452,8242.51,0,0,0,100,100,0,0
1603,#79f281,settled,1,196,117,1297.1,9.58911,8149.94,0,0,0,100,100,0,0
1604,#4294a8,settled,1,17,15,1272.71,1.94512,7996.69,0,0,0,0,0,0,0
1605,#bee9cf,settled,1,9,11,1269.66,2.16019,7977.48,0,0,0,0,0,0,0
1606,#878b43,settled,1,27,21,1273.97,2.10589,8004.57,0,0,0,0,0,0,0
1607,#4fe069,settled,1,70,54,1304.57,4.79061,8196.85,0,0,0,0,0,0,0
1608,#cb8290,settled,1,18,17,1257.82,23.5343,7903.15,0,0,0,0,0,0,0
1609,#94d7b7,settled,1,51,41,1177.19,2.86014,7396.49,0,0,0,0,0,0,0
1610,#5d79de,settled,1,81,53,1179.08,3.99669,7408.36,0,0,0,0,0,0,0
1611,#d9ce51,settled,1,79,50,1003.59,6.53207,6305.71,0,0,0,0,0,0,0
1612,#a17079,settled,1,31,29,918.534,1.34549,5771.32,0,0,0,0,0,0,0
1613,#6ac69f,settled,1,58,42,728.063,4.29796,4574.55,0,0,0,0,0,0,0
1614,#e667c6,settled,1,302,179,1368.54,10.3252,8598.77,0,0,0,0,0,0,0
1615,#afbded,settled,1,25,23,1378.34,4.09375,8660.35,0,0,0,0,0,0,0
1616,#775f61,settled,1,10,11,1385.83,1.75443,8707.41,0,0,0,0,0,0,0
1617,#40b487,settled,1,66,47,1349.57,15.2859,8479.59,0,0,0,0,0,0,0
1618,#bc56af,settled,1,77,50,1104.88,8.00834,6942.2,0,0,0,0,0,0,0
1619,#85abd5,settled,1,40,33,1068.44,1.82302,6713.22,0,0,0,0,0,0,0
1620,#4d4d49,settled,1,52,36,1034.37,3.70569,6499.11,0,0,0,67,67,0,0
1621,#c9a270,settled,1,59,40,1032.14,1.57291,6485.15,0,0,0,0,0,0,0
1622,#924497,settled,1,77,62,1028.2,3.95382,6460.37,0,0,0,0,0,0,0
1623,#5b9abd,settled,1,21,20,1029.8,1.20383,6470.45,0,0,0,0,0,0,0
1624,#d6eee4,settled,1,35,32,1032.72,2.22159,6488.76,0,0,0,57,57,0,0
1625,#9f9058,settled,1,7,8,1026.47,1.34658,6449.49,0,0,0,6,6,0,0
1626,#68e67e,settled,1,97,68,1033.2,3.96819,6491.81,0,0,0,51,51,0,0
1627,#e487a5,settled,1,99,61,1070.12,2.80692,6723.74,0,0,0,120,120,0,0
1628,#acddcc,settled,2,237,148,1083.33,11.5656,6806.78,0,0,0,0,0,0,0
1629,#757f40,settled,1,13,12,452.718,23.0097,2844.51,0,0,0,0,0,0,0
1630,#f1d466,settled,1,311,177,552.391,6.75587,3470.78,0,0,0,0,0,0,0
1631,#ba768e,settled,1,21,18,536.155,0.928301,3368.76,0,0,0,0,0,0,0
1632,#82cbb4,settled,1,162,96,610.504,4.25101,3835.91,0,0,0,0,0,0,0
1633,#4b6ddb,settled,1,75,50,645.708,1.54464,4057.1,0,0,0,0,0,0,0
1634,#c7c24f,settled,1,71,50,1110.54,18.3489,6977.72,0,0,0,0,0,0,0
1635,#906476,settled,1,231,139,1121.29,5.99757,7045.29,0,0,0,0,0,0,0
1636,#58ba9c,settled,1,14,15,781.495,4.16548,4910.28,0,0,0,0,0,0,0
1637,#d45bc4,settled,1,70,50,810.345,17.2347,5091.55,0,0,0,0,0,0,0
1638,#9db1ea,settled,2,93,66,741.415,21.7776,4658.45,0,0,0,0,0,25,0
1639,#66535e,settled,1,47,37,695.946,3.89573,4372.76,0,0,0,0,0,0,0
1640,#e2a885,settled,1,18,17,700.905,4.29141,4403.92,0,0,0,0,0,0,0
1641,#aa4aac,settled,1,33,28,718.283,7.22175,4513.11,0,0,0,0,0,0,0
1642,#739fd2,settled,1,40,29,723.277,5.08208,4544.49,0,0,0,0,0,0,0
1643,#ef4146,settled,1,19,17,606.676,0.769542,3811.86,0,0,0,0,0,0,0
1644,#b8966d,settled,1,76,50,592.697,11.0173,3724.02,0,0,0,0,0,0,0
1645,#80eb93,settled,1,13,12,598.983,2.21811,3763.52,0,0,0,0,0,0,0
1646,#498eba,settled,1,49,35,601.797,3.29468,3781.2,0,0,0,0,0,0,0
1647,#c5e2e1,settled,1,52,39,582.492,5.19561,3659.91,0,0,0,0,0,0,0
1648,#8e8555,settled,1,9,10,544.779,1.32179,3422.95,0,0,0,0,0,0,0
1649,#56da7b,settled,1,37,27,557.542,4.04746,3503.14,0,0,0,11,11,0,0
1650,#d27ba3,settled,1,13,13,560.182,2.33254,3519.73,0,0,0,0,0,0,0
1651,#9bd1c9,settled,1,11,11,558.435,2.47798,3508.75,0,0,0,11,11,0,0
1652,#6473f0,settled,1,31,28,559.111,1.63376,3513,0,0,0,0,0,0,0
1653,#e0c864,settled,1,49,38,561.288,5.7563,3526.68,0,0,0,0,0,0,0
1654,#a86a8b,settled,1,28,22,562.85,2.69428,3536.49,0,0,0,0,0,0,0
1655,#71bfb1,settled,1,68,50,478.704,13.8752,3007.78,0,0,0,0,0,0,0
1656,#ed61d9,settled,2,268,169,501.435,1.8127,3150.61,0,0,0,0,0,0,0
1657,#b6b64c,settled,1,73,50,1128.26,7.98953,7089.07,0,0,0,0,0,0,0
1658,#7e5873,settled,1,21,17,1014.39,2.64956,6373.58,0,0,0,0,0,0,0
1659,#47ae9a,settled,1,313,180,952.925,4.03351,5987.41,0,0,0,0,0,0,0
1660,#c34fc1,settled,1,13,14,908.752,2.5383,5709.85,0,0,0,30,30,0,0
1661,#8ca5e7,settled,1,32,25,907.998,2.07333,5705.12,0,0,0,82,82,0,0
1662,#54475b,settled,1,74,50,822.449,17.686,5167.6,0,0,0,0,0,0,0
1663,#d09c82,settled,1,105,72,683.603,8.24266,4295.21,0,0,0,262,262,0,0
1664,#99f1a8,settled,1,17,15,631.953,2.14323,3970.68,0,0,0,17,17,0,0
1665,#6293cf,settled,1,26,21,693.153,1.52103,4355.21,0,0,0,0,0,0,0
1666,#dde843,settled,1,12,12,734.215,2.68224,4613.21,0,0,0,0,0,0,0
1667,#a68a6a,settled,1,50,38,623.463,1.60628,3917.33,0,0,0,0,0,0,0
1668,#6fe090,settled,1,16,14,621.081,1.66784,3902.37,0,0,0,1,1,0,0
1669,#eb81b8,settled,1,26,23,620.763,2.55415,3900.37,0,0,0,38,38,0,0
1670,#b3d6de,settled,1,18,19,769.138,3.58974,4832.64,0,0,0,0,0,0,0
1671,#7c7952,settled,1,11,12,767.678,2.64279,4823.46,0,0,0,0,0,0,0
1672,#45ce79,settled,1,30,27,735.738,2.35674,4622.78,0,0,0,0,0,0,0
1673,#c170a0,settled,1,34,28,1011.26,2.0893,6353.96,0,0,0,0,0,0,0
1674,#89c5c6,settled,1,17,16,1485.73,0.883413,9335.14,0,0,0,13,13,0,0
1675,#5267ee,settled,1,72,49,1493.48,6.62262,9383.83,0,0,0,143,143,0,0
1676,#cebc61,settled,1,46,34,1492.17,2.65842,9375.59,0,0,0,63,63,0,0
1677,#975e88,settled,1,52,37,1465.26,3.12681,9206.47,0,0,0,0,0,0,0
1678,#5fb3af,settled,1,16,17,1508.44,1.94767,9477.79,0,0,0,20,20,0,0
1679,#db55d6,settled,1,9,10,1456.72,1.21807,9152.82,0,0,0,0,0,0,0
1680,#a4aa49,settled,1,27,22,1399.5,3.57561,8793.32,0,0,0,136,136,0,0
1681,#6d4d70,settled,1,43,36,1410.39,3.07916,8861.75,0,0,0,216,216,0,0
1682,#e9a197,settled,1,23,19,1439.22,3.16507,9042.92,0,0,0,56,56,0,0
1683,#b143be,settled,1,9,11,1438.33,1.39474,9037.3,0,0,0,9,9,0,0
1684,#7a99e4,settled,1,238,145,748.506,6.46609,4703,0,0,0,0,0,0,0
1685,#43ee58,settled,1,17,15,718.534,3.3517,4514.68,0,0,0,0,0,0,0
1686,#bf907f,settled,1,60,45,732.434,3.43368,4602.02,0,0,0,0,0,0,0
1687,#87e5a5,settled,1,21,20,706.371,2.55185,4438.26,0,0,0,63,63,0,0
1688,#5087cd,settled,1,16,15,723.873,3.24063,4548.23,0,0,0,0,0,0,0
1689,#ccdc40,settled,1,348,205,712.85,6.61957,4478.97,0,0,0,0,0,0,0
1690,#957e67,settled,1,9,10,877.317,3.54743,5512.35,0,0,0,0,0,0,0
1691,#5dd48e,settled,1,71,50,931.029,32.9451,5849.83,0,0,0,0,0,0,0
1692,#d975b5,settled,1,50,37,1083.78,1.01056,6809.59,0,0,0,0,0,0,0
1693,#a2cbdb,settled,1,72,57,1309.58,2.13415,8228.35,0,0,0,0,0,0,0
1694,#6b6d4f,settled,1,35,28,1197.66,1.94477,7525.11,0,0,0,0,0,0,0
1695,#e7c176,settled,1,23,23,1198.31,1.1899,7529.21,0,0,0,0,0,0,0
1696,#af649d,settled,1,65,45,1221.74,14.9704,7676.42,0,0,0,0,0,0,0
1697,#78b9c4,settled,1,15,14,1209.78,2.8776,7601.27,0,0,0,2,2,0,0
1698,#415beb,settled,1,57,38,1211.64,3.06232,7612.97,0,0,0,2,2,0,0
1699,#bdb05e,settled,1,284,167,896.678,10.8466,5633.99,0,0,0,0,0,0,0
1700,#855285,settled,1,23,20,916.97,2.1,5761.49,0,0,0,0,0,0,0
1701,#4ea8ac,settled,1,35,28,1023.89,3.20791,6433.26,0,0,0,0,0,0,0
1702,#ca49d3,settled,1,26,21,958.21,2.2821,6020.61,0,0,0,0,0,0,0
1703,#939e46,settled,1,17,15,920.505,1.98623,5783.7,0,0,0,0,0,0,0
1704,#5b416d,settled,1,29,21,921.77,1.91271,5791.65,0,0,0,0,0,0,0
1705,#d79594,settled,1,17,17,944.796,4.11132,5936.33,0,0,0,24,24,0,0
1706,#a0ebba,settled,1,16,16,946.945,1.2146,5949.83,0,0,0,24,24,0,0
1707,#698de2,settled,2,110,87,955.87,36.0725,6005.91,0,0,0,0,0,0,0
1708,#e4e255,settled,1,33,28,950.964,2.77505,5975.08,0,0,0,0,0,0,0
1709,#ad847c,settled,1,18,17,949.041,2.789,5963,0,0,0,0,0,0,0
1710,#76d9a3,settled,1,19,18,942.463,3.52967,5921.67,0,0,0,0,0,0,0
1711,#f27bca,settled,1,200,126,887.251,3.57153,5574.76,0,0,0,582,582,0,0
1712,#bad0f0,settled,1,20,17,886.431,0.88098,5569.61,0,0,0,0,0,0,0
1713,#837264,settled,1,20,18,1189.91,38.437,7476.41,0,0,0,0,0,0,0
1714,#4cc88b,settled,1,205,124,1627.46,2.27644,10225.6,0,0,0,0,0,0,0
1715,#c869b2,settled,1,37,28,1673.81,3.23966,10516.8,0,0,0,0,0,0,0
1716,#90bfd9,settled,1,14,13,1582.31,2.72111,9941.96,0,0,0,0,0,0,0
1717,#59614d,settled,1,32,27,1531.65,2.0339,9623.62,0,0,0,0,0,0,0
1718,#d5b673,settled,2,136,100,1497.22,22.9832,9407.33,0,0,0,0,0,10,0
1719,#9e589a,settled,3,573,347,1521,18.877,9556.74,0,0,0,0,0,154,0
1720,#66adc1,settled,2,231,149,1477.21,22.644,9281.57,0,0,0,0,0,0,0
1721,#e24fe8,settled,1,92,64,1265.28,2.80868,7950.01,0,0,0,0,0,0,0
1722,#aba45b,settled,1,16,16,1070.53,2.29937,6726.34,0,0,0,0,0,0,0
1723,#744682,settled,1,27,25,1141.29,3.91182,7170.93,0,0,0,0,0,0,0
1724,#f09ba9,settled,1,75,50,1067.85,36.1624,6709.49,0,0,0,202,202,0,0
1725,#b8f0cf,settled,1,12,14,1066.95,2.78024,6703.86,0,0,0,12,12,0,0
1726,#819343,settled,1,21,18,1081.44,2.81379,6794.9,0,0,0,0,0,0,0
1727,#4ae86a,settled,1,52,39,1063.62,5.08158,6682.9,0,0,0,41,41,0,0
1728,#c68991,settled,1,76,50,1083.48,10.8986,6807.71,0,0,0,0,0,0,0
1729,#8edfb8,settled,1,341,200,1075.6,12.2873,6758.18,0,0,0,180,180,0,0
1730,#5781df,settled,1,22,19,1082.25,3.36956,6800,0,0,0,31,31,0,0
1731,#d3d652,settled,1,39,32,1100.46,4.66934,6914.36,0,0,0,0,0,0,0
1732,#9c7879,settled,1,60,50,1101.26,9.55799,6919.43,0,0,0,0,0,0,0
1733,#64cda0,settled,1,8,10,1050.95,16.6798,6603.3,0,0,0,0,0,0,0
1734,#e06fc7,settled,1,57,38,1042.91,4.23174,6552.78,0,0,0,0,0,0,0
1735,#a9c4ee,settled,1,32,25,1082.79,3.44713,6803.36,0,0,0,0,0,0,0
1736,#726662,settled,1,12,13,1088.89,1.55923,6841.67,0,0,0,0,0,0,0
1737,#eebb88,settled,1,19,19,1078.44,2.82237,6776.04,0,0,0,0,0,0,0
1738,#b65daf,settled,1,107,69,1064.29,5.61686,6687.12,0,0,0,0,0,0,0
1739,#7fb3d6,settled,1,10,12,1039.4,24.538,6530.72,0,0,0,0,0,0,0
1740,#48554a,settled,1,226,133,1045.19,7.14087,6567.13,0,0,0,356,356,0,0
1741,#c4aa70,settled,1,25,24,1047.05,4.36705,6578.81,0,0,0,165,165,0,0
1742,#8c4c97,settled,1,51,43,1046.71,5.14937,6576.66,0,0,0,191,191,0,0
1743,#55a1be,settled,1,13,12,1075.29,2.02061,6756.26,0,0,0,0,0,0,0
1744,#d143e5,settled,1,92,61,1078.8,6.11005,6778.28,0,0,0,0,0,0,0
1745,#9a9858,settled,1,22,20,993.301,1.88595,6241.1,0,0,0,0,0,0,0
1746,#62ee7f,settled,2,168,111,1037.5,22.4359,6518.78,0,0,0,0,0,0,0
1747,#de8fa6,settled,1,38,30,991.7,2.5086,6231.04,0,0,0,0,0,0,0
1748,#a7e4cd,settled,1,22,19,982.832,2.77349,6175.32,0,0,0,0,0,0,0
1749,#708741,settled,1,86,64,1004.38,4.24188,6310.72,0,0,0,0,0,0,0
1750,#ebdb67,settled,1,36,27,1050.9,1.83462,6602.98,0,0,0,0,0,0,0
1751,#b47e8e,settled,2,99,75,1086.45,12.076,6826.37,0,0,0,0,0,38,0
1752,#7dd3b5,settled,1,76,50,1060.38,8.70866,6662.55,0,0,0,0,0,0,0
1753,#4675dc,settled,1,28,24,1005.47,3.10308,6317.55,0,0,0,44,44,0,0
1754,#c1ca4f,settled,1,44,32,1006.52,2.20164,6324.12,0,0,0,0,0,0,0
1755,#8a6c77,settled,1,29,24,996.481,3.24946,6261.08,0,0,0,0,0,0,0
1756,#53c19d,settled,1,155,96,995.485,5.22696,6254.82,0,0,0,0,0,0,0
1757,#cf63c4,settled,1,18,18,995.658,1.68578,6255.9,0,0,0,0,0,0,0
1758,#97b8eb,settled,1,136,96,986.633,4.78329,6199.2,0,0,0,2,2,0,0
1759,#605b5f,settled,1,231,147,985.936,2.62027,6194.82,0,0,0,0,0,0,0
1760,#dcaf85,settled,1,70,52,992.544,3.40785,6236.34,0,0,0,0,0,0,0
1761,#a551ac,settled,1,68,50,989.235,6.00397,6215.54,0,0,0,2,2,0,0
1762,#6da7d3,settled,1,19,17,991.692,4.76767,6230.98,0,0,0,0,0,0,0
1763,#e94847,settled,1,41,40,992.692,3.20709,6237.26,0,0,0,0,0,0,0
1764,#b29e6d,settled,1,54,39,982.866,10.6035,6175.53,0,0,0,0,0,0,0
1765,#7b4095,settled,1,24,23,994.171,2.46196,6246.56,0,0,0,0,0,0,0
1766,#4395bb,settled,1,7,8,994.293,1.39668,6247.32,0,0,0,0,0,0,0
1767,#bfeae2,settled,1,26,22,965.385,0.95171,6065.7,0,0,0,0,0,0,0
1768,#888c56,settled,1,17,15,1008.13,1.33823,6334.24,0,0,0,0,0,0,0
1769,#51e27c,settled,1,204,113,979.026,6.17209,6151.4,0,0,0,0,0,0,0
1770,#cd83a3,settled,1,55,42,1013.44,3.02846,6367.61,0,0,0,0,0,0,0
1771,#95d9ca,settled,1,12,12,1024.99,1.89673,6440.23,0,0,0,0,0,0,0
1772,#5e7bf1,settled,1,54,50,1034.1,62.9561,6497.44,0,0,0,137,137,0,0
1773,#dacf64,settled,1,16,15,991.038,2.96461,6226.87,0,0,0,0,0,0,0
1774,#a3728c,settled,1,7,10,985.649,3.32341,6193.02,0,0,0,0,0,0,0
1775,#6bc7b2,settled,2,104,80,1036.1,14.7635,6510.04,0,0,0,18,18,46,0
1776,#e769d9,settled,1,18,19,992.202,2.44334,6234.19,0,0,0,0,0,0,0
1777,#b0be4d,settled,1,18,16,990.684,1.86572,6224.65,0,0,0,1,1,0,0
1778,#796074,settled,1,13,12,989.527,1.46901,6217.38,0,0,0,1,1,0,0
1779,#41b69a,settled,1,128,87,966.826,4.58189,6074.75,0,0,0,0,0,0,0
1780,#bd57c1,settled,1,51,36,1006.55,4.37777,6324.36,0,0,0,0,0,0,0
1781,#86ace8,settled,1,70,50,971.779,10.4895,6105.87,0,0,0,0,0,0,0
1782,#4f4f5c,settled,1,20,21,971.368,2.91274,6103.29,0,0,0,0,0,0,0
1783,#cba382,settled,1,12,13,974.185,3.15937,6120.98,0,0,0,0,0,0,0
1784,#9346aa,settled,1,62,50,992.488,13.108,6235.99,0,0,0,8,8,0,0
1785,#5c9bd0,settled,1,263,155,999.495,5.14278,6280.01,0,0,0,129,129,0,0
1786,#d8f043,settled,1,66,46,1003.51,3.0609,6305.24,0,0,0,18,18,0,0
1787,#a1926b,settled,1,31,25,1023.04,2.26351,6427.92,0,0,0,0,0,0,0
1788,#69e791,settled,1,10,11,1062.76,6.76186,6677.49,0,0,0,0,0,0,0
1789,#e589b8,settled,1,22,20,1042.71,11.2471,6551.54,0,0,0,39,39,0,0
1790,#aededf,settled,1,146,89,1036.9,2.06483,6515.04,0,0,0,39,39,0,0
1791,#778053,settled,1,78,50,1016.86,4.75607,6389.09,0,0,0,192,192,0,0
1792,#3fd679,settled,1,22,18,1025.94,1.40269,6446.14,0,0,0,0,0,0,0
1793,#bb77a1,settled,1,25,21,1010.29,3.3247,6347.82,0,0,0,0,0,0,0
1794,#84cdc7,settled,1,24,22,1016.19,3.08156,6384.88,0,0,0,0,0,0,0
1795,#4d6fee,settled,1,17,16,1026.27,3.2119,6448.27,0,0,0,8,8,0,0
1796,#c8c462,settled,1,134,86,1034.14,7.04304,6497.7,0,0,0,26,26,0,0
1797,#916689,settled,1,18,18,1033.43,2.63557,6493.24,0,0,0,10,10,0,0
1798,#5abbaf,settled,1,29,26,1037.43,2.39213,6518.38,0,0,0,20,20,0,0
1799,#d65dd6,settled,1,52,37,1054.16,3.95874,6623.46,0,0,0,0,0,0,0
1800,#9eb24a,settled,1,75,50,1035.5,12.7494,6506.26,0,0,0,8,8,0,0
1801,#675471,settled,1,173,103,1030.61,4.71424,6475.54,0,0,0,192,192,0,0
1802,#e3a997,settled,1,99,67,1028.98,3.9152,6465.3,0,0,0,0,0,0,0
1803,#ac4bbf,settled,1,40,29,1033.04,3.65833,6490.77,0,0,0,0,0,0,0
1804,#74a1e5,settled,1,34,30,1065.71,3.44143,6696.07,0,0,0,0,0,0,0
1805,#f04259,settled,1,22,18,1058.27,1.68143,6649.32,0,0,0,49,49,0,0
1806,#b99780,settled,1,59,42,1079.34,1.46161,6781.71,0,0,0,0,0,0,0
1807,#82eda6,settled,1,120,77,1083.04,2.82198,6804.94,0,0,0,0,0,0,0
1808,#4a8fcd,settled,1,148,96,1080.48,6.44436,6788.83,0,0,0,0,0,0,0
1809,#c6e441,settled,1,17,18,1087.37,4.41557,6832.14,0,0,0,30,30,0,0
1810,#8f8668,settled,1,13,14,1088.11,1.33263,6836.82,0,0,0,0,0,0,0
1811,#58db8e,settled,1,50,35,1078.97,3.93595,6779.38,0,0,0,0,0,0,0
1812,#d47db6,settled,1,23,20,1089.73,2.69045,6846.99,0,0,0,19,19,0,0
1813,#9cd2dc,settled,1,132,78,1093.07,7.61033,6867.98,0,0,0,11,11,0,0
1814,#657450,settled,1,76,50,1093.9,13.1668,6873.21,0,0,0,49,49,0,0
1815,#e1c977,settled,1,39,31,1091.28,3.71334,6856.72,0,0,0,0,0,0,0
1816,#aa6b9e,settled,1,72,50,1109.28,9.24172,6969.8,0,0,0,0,0,0,0
1817,#72c1c4,settled,1,116,71,1069.44,3.14303,6719.47,0,0,0,103,103,0,0
1818,#ee62eb,settled,1,27,23,1070.79,3.42755,6727.98,0,0,0,68,68,0,0
1819,#b7b85f,settled,1,24,20,1071.28,3.09326,6731.04,0,0,0,9,9,0,0
1820,#805a86,settled,1,27,21,1071.21,2.86323,6730.59,0,0,0,26,26,0,0
1821,#48afac,settled,1,11,12,1153.06,9.28942,7244.89,0,0,0,0,0,0,0
1822,#c451d4,settled,2,147,99,1235.21,21.7134,7761.05,0,0,0,0,0,0,0
1823,#8da647,settled,1,77,50,1348.64,13.3087,8473.73,0,0,0,0,0,0,0
1824,#56486e,settled,1,9,10,1357.59,3.60521,8529.98,0,0,0,0,0,0,0
1825,#d29d95,settled,6,424,299,1637.54,23.6516,10288.9,0,0,0,0,0,72,0
1826,#9a3fbc,settled,2,97,73,1678.46,3.07315,10546.1,0,0,0,0,0,0,0
1827,#6395e2,settled,1,52,37,1764.26,2.29228,11085.1,0,0,0,0,0,0,0
1828,#dfe956,settled,1,88,63,1766.96,3.64401,11102.2,0,0,0,11,11,0,0
1829,#a88c7d,settled,1,58,46,1763.64,20.9354,11081.3,0,0,0,267,267,0,0
1830,#70e1a3,settled,1,64,50,1759.26,8.12291,11053.7,0,0,0,91,91,0,0
1831,#ec82cb,settled,1,283,162,1769.33,2.51816,11117,0,0,0,101,101,0,0
1832,#b5d8f1,settled,1,69,61,1770.59,3.90226,11124.9,0,0,0,64,64,0,0
1833,#7e7a65,settled,1,21,20,1772.87,1.4023,11139.3,0,0,0,0,0,0,0
1834,#46cf8c,settled,1,47,46,1772.65,1.39941,11137.9,0,0,0,0,0,0,0
1835,#c271b3,settled,1,61,51,1717.04,5.03046,10788.5,0,0,0,152,152,0,0
1836,#8bc6d9,settled,1,75,50,1719.5,5.44153,10803.9,0,0,0,0,0,0,0
1837,#54694d,settled,1,16,16,1438.5,3.49452,9038.39,0,0,0,38,38,0,0
1838,#cfbd74,settled,1,19,19,1416.32,1.21261,8898.98,0,0,0,22,22,0,0
1839,#985f9b,settled,1,52,46,1335.33,4.9073,8390.11,0,0,0,0,0,0,0
1840,#61b5c1,settled,1,11,11,1340.76,1.04725,8424.22,0,0,0,0,0,0,0
1841,#dd56e9,settled,1,17,17,1335.52,1.89164,8391.35,0,0,0,0,0,0,0
1842,#a5ac5c,settled,2,147,100,1318.9,21.2401,8286.92,0,0,0,2613,2613,8,0
1843,#6e4e83,settled,1,70,50,1347.81,13.6084,8468.52,0,0,0,0,0,0,0
1844,#eaa3aa,settled,1,14,14,1296.15,2.52356,8143.98,0,0,0,0,0,0,0
1845,#b345d1,settled,1,9,10,1302.8,1.37424,8185.75,0,0,0,0,0,0,0
1846,#7b9a44,settled,1,30,24,1283.14,3.45692,8062.18,0,0,0,68,68,0,0
1847,#44f06b,settled,1,13,14,1283.29,2.71927,8063.18,0,0,0,45,45,0,0
1848,#c09192,settled,1,17,16,1282.39,2.45423,8057.48,0,0,0,23,23,0,0
1849,#89e7b8,settled,1,26,22,1317.39,3.77015,8277.41,0,0,0,0,0,0,0
1850,#5189e0,settled,1,12,13,1182.22,1.34328,7428.1,0,0,0,0,0,0,0
1851,#cddd53,settled,1,27,22,1184.74,1.73104,7443.96,0,0,0,0,0,0,0
1852,#96807a,settled,1,104,67,1181.58,3.08148,7424.09,0,0,0,136,136,0,0
1853,#5fd5a1,settled,1,26,22,1194.33,1.82267,7504.23,0,0,0,73,73,0,0
1854,#db77c8,settled,1,23,18,1228.66,2.66218,7719.91,0,0,0,0,0,0,0
1855,#a3ccee,settled,1,75,50,1228.69,5.95572,7720.1,0,0,0,0,0,0,0
1856,#6c6e62,settled,1,43,32,1194.34,2.53548,7504.24,0,0,0,51,51,0,0
1857,#e8c389,settled,1,35,31,1199.48,1.79149,7536.57,0,0,0,42,42,0,0
1858,#b165b0,settled,3,261,174,1178.4,30.8671,7404.09,0,0,0,0,0,10,0
1859,#79bad6,settled,1,77,50,1117.06,11.5574,7018.72,0,0,0,0,0,0,0
1860,#425d4a,settled,1,73,50,1161.18,26.528,7295.89,0,0,0,0,0,0,0
1861,#beb171,settled,1,24,21,1152.05,2.77385,7238.55,0,0,0,0,0,0,0
1862,#875498,settled,1,19,17,1134.34,2.81635,7127.24,0,0,0,0,0,0,0
1863,#4fa9bf,settled,1,360,205,1152.42,4.7233,7240.87,0,0,0,0,0,0,0
1864,#cb4ae6,settled,1,69,50,1108.61,26.3077,6965.58,0,0,0,0,0,0,0
1865,#94a059,settled,2,129,90,1105.45,7.52464,6945.72,0,0,0,0,0,3,0
1866,#5d4280,settled,1,47,39,1145.47,7.42829,7197.22,0,0,0,74,74,0,0
1867,#d997a7,settled,1,30,30,1152.19,31.6584,7239.41,0,0,0,179,179,0,0
1868,#a1eccd,settled,1,57,40,1150.84,7.62989,7230.97,0,0,0,195,195,0,0
1869,#6a8e41,settled,1,75,50,1139.12,7.91689,7157.31,0,0,0,266,266,0,0
1870,#e6e368,settled,1,61,44,1133.01,3.16862,7118.92,0,0,0,0,0,0,0
1871,#af858f,settled,1,54,37,1143.31,5.75559,7183.62,0,0,0,0,0,0,0
1872,#77dbb6,settled,3,230,150,1196.8,11.7742,7519.74,0,0,0,0,0,25,0
1873,#407ddd,settled,1,76,50,1128.96,2.88003,7093.49,0,0,0,0,0,0,0
1874,#bcd250,settled,1,68,50,1165.1,4.67934,7320.57,0,0,0,0,0,0,0
1875,#857477,settled,1,21,18,1134.95,3.45417,7131.11,0,0,0,0,0,0,0
1876,#4dc99e,settled,1,163,102,1094.63,6.45106,6877.75,0,0,0,0,0,0,0
1877,#c96bc5,settled,1,23,19,1201.34,3.94523,7548.22,0,0,0,0,0,0,0
1878,#92c0eb,settled,2,114,82,1207.74,13.6557,7588.45,0,0,0,0,0,0,0
1879,#5b625f,settled,2,422,248,1178.86,9.94105,7406.99,0,0,0,0,0,0,0
1880,#d6b786,settled,1,76,50,1193.7,12.2732,7500.22,0,0,0,0,0,0,0
1881,#9f59ad,settled,3,109,88,1628.74,24.2764,10233.7,0,0,0,126,126,5,0
1882,#68afd4,settled,1,68,49,1756.67,3.33579,11037.5,0,0,0,11,11,0,0
1883,#e45048,settled,1,96,60,1749.14,4.68534,10990.2,0,0,0,3,3,0,0
1884,#aca56e,settled,1,66,49,1754.47,7.15594,11023.6,0,0,0,8,8,0,0
1885,#754895,settled,1,63,44,1738.99,10.8532,10926.4,0,0,0,0,0,0,0
1886,#f19cbc,settled,1,15,14,1746.77,2.77997,10975.3,0,0,0,0,0,0,0
1887,#baf2e2,settled,1,65,49,1725.39,10.2898,10841,0,0,0,11,11,0,0
1888,#829456,settled,1,95,62,1697.46,4.455,10665.5,0,0,0,0,0,0,0
1889,#4be97d,settled,1,18,14,1700.81,2.40838,10686.5,0,0,0,0,0,0,0
1890,#c78ba4,settled,1,32,26,1692.35,3.53419,10633.4,0,0,0,11,11,0,0
1891,#90e0cb,settled,1,38,32,1703.27,2.99539,10702,0,0,0,0,0,0,0
1892,#5882f2,settled,1,300,174,1700.07,7.68862,10681.9,0,0,0,34,34,0,0
1893,#d4d765,settled,1,20,17,1680.38,1.93574,10558.2,0,0,0,15,15,0,0
1894,#9d798c,settled,1,9,11,1707.3,1.94253,10727.3,0,0,0,34,34,0,0
1895,#66cfb3,settled,1,74,50,1665.51,11.4379,10464.7,0,0,0,33,33,0,0
1896,#e270da,settled,2,132,100,1702.36,34.0726,10696.2,0,0,0,0,0,0,0
1897,#aac64d,settled,1,46,35,1665.82,4.75405,10466.6,0,0,0,0,0,0,0
1898,#736874,settled,1,357,194,1525.02,5.60067,9581.97,0,0,0,0,0,0,0
1899,#efbd9b,settled,2,218,155,1392.11,24.1782,8746.88,0,0,0,0,0,0,0
1900,#b85fc2,settled,1,16,14,1571.75,0.746883,9875.62,0,0,0,71,71,0,0
1901,#80b4e9,settled,1,13,13,1581.07,1.526,9934.17,0,0,0,16,16,0,0
1902,#49565d,settled,1,69,50,1651.74,7.52248,10378.2,0,0,0,0,0,0,0
1903,#c5ab83,settled,1,45,41,1658.96,10.6549,10423.6,0,0,0,0,0,0,0
1904,#8e4daa,settled,1,8,10,1665.57,3.17847,10465.1,0,0,0,0,0,0,0
1905,#56a3d1,settled,1,54,44,1672.57,10.7982,10509.1,0,0,0,0,0,0,0
1906,#d24445,settled,1,30,23,1576.02,4.25478,9902.44,0,0,0,0,0,0,0
1907,#9b9a6b,settled,1,33,26,1578.52,4.54338,9918.13,0,0,0,0,0,0,0
1908,#64ef92,settled,1,60,41,1577.52,4.44123,9911.83,0,0,0,0,0,0,0
1909,#e090b9,settled,1,11,11,1542.17,2.19817,9689.74,0,0,0,0,0,0,0
1910,#a8e6e0,settled,1,23,20,1539.24,2.69282,9671.3,0,0,0,0,0,0,0
1911,#718854,settled,1,35,30,1529.9,1.99709,9612.62,0,0,0,237,237,0,0
1912,#eddd7a,settled,1,25,22,1513.83,2.52606,9511.68,0,0,0,111,111,0,0
1913,#b67fa1,settled,1,37,29,1513.72,3.36832,9510.98,0,0,0,0,0,0,0
1914,#7ed4c8,settled,1,76,52,1516.36,2.30356,9527.55,0,0,0,0,0,0,0
1915,#4777ef,settled,1,124,82,1514.56,4.15967,9516.28,0,0,0,0,0,0,0
1916,#c3cb62,settled,1,30,26,1513.94,3.23306,9512.36,0,0,0,0,0,0,0
1917,#8c6d89,settled,1,75,50,1514.59,3.3845,9516.46,0,0,0,0,0,0,0
1918,#54c3b0,settled,1,34,32,1591.39,5.00856,9999.03,0,0,0,385,385,0,0
1919,#d064d7,settled,1,39,28,1579.33,4.12046,9923.22,0,0,0,0,0,0,0
1920,#99ba4a,settled,1,115,89,1596.65,4.63603,10032,0,0,0,141,141,0,0
1921,#625c72,settled,1,39,30,1594.6,2.47842,10019.1,0,0,0,83,83,0,0
1922,#ddb198,settled,1,40,35,1602.8,5.17094,10070.7,0,0,0,0,0,0,0
1923,#a653bf,settled,1,34,30,1554.96,2.2739,9770.09,0,0,0,223,223,0,0
1924,#6fa8e6,settled,1,31,25,1553.83,3.14871,9763.02,0,0,0,153,153,0,0
1925,#eb4a5a,settled,1,24,20,1553.17,2.83284,9758.84,0,0,0,199,199,0,0
1926,#b39f80,settled,1,8,10,1598.05,2.2657,10040.9,0,0,0,0,0,0,0
1927,#7c41a8,settled,1,10,10,1598.97,1.28442,10046.6,0,0,0,0,0,0,0
1928,#4597ce,settled,1,75,54,1603.27,5.37674,10073.7,0,0,0,0,0,0,0
1929,#c1eb41,settled,1,22,20,1605.55,3.24682,10087.9,0,0,0,0,0,0,0
1930,#898e69,settled,1,20,18,1589.45,3.62354,9986.82,0,0,0,0,0,0,0
1931,#52e38f,settled,1,69,49,1588.69,10.0328,9982.04,0,0,0,782,782,0,0
1932,#ce85b6,settled,1,12,11,1573.04,1.71209,9883.68,0,0,0,0,0,0,0
1933,#97dadd,settled,1,38,32,1595.06,9.42117,10022.1,0,0,0,713,713,0,0
1934,#5f7c51,settled,1,16,16,1595.97,1.56374,10027.8,0,0,0,102,102,0,0
1935,#dbd177,settled,1,53,46,1577.07,12.9855,9909.03,0,0,0,422,422,0,0
1936,#a4739e,settled,1,35,30,1573.59,3.75984,9887.16,0,0,0,238,238,0,0
1937,#6dc8c5,settled,1,9,10,1570.88,1.4544,9870.14,0,0,0,0,0,0,0
1938,#e96aec,settled,1,32,25,1588.42,1.97467,9980.31,0,0,0,289,289,0,0
1939,#b1bf5f,settled,1,34,26,1570.12,2.06026,9865.38,0,0,0,0,0,0,0
1940,#7a6287,settled,1,14,14,1588.83,7.54588,9982.93,0,0,0,146,146,0,0
1941,#43b7ad,settled,1,15,15,1590.63,7.64572,9994.23,0,0,0,143,143,0,0
1942,#bf58d4,settled,1,19,17,1594.06,1.29528,10015.8,0,0,0,130,130,0,0
1943,#87ae48,settled,1,58,47,1603.92,3.03411,10077.7,0,0,0,190,190,0,0
1944,#50506f,settled,1,274,174,1617.75,2.82169,10164.6,0,0,0,0,0,0,0
1945,#cca595,settled,1,27,29,1605.84,2.21314,10089.8,0,0,0,63,63,0,0
1946,#9547bd,settled,1,21,19,1602.71,3.26924,10070.1,0,0,0,0,0,0,0
1947,#5d9ce3,settled,1,11,12,1616.39,1.03635,10156.1,0,0,0,0,0,0,0
1948,#d9f156,settled,1,8,10,1614.96,0.955565,10147.1,0,0,0,30,30,0,0
1949,#a2937e,settled,1,54,47,1615.64,1.98989,10151.4,0,0,0,233,233,0,0
1950,#6be9a4,settled,1,27,23,1600.54,3.24911,10056.5,0,0,0,0,0,0,0
1951,#e78acb,settled,1,38,27,1618.17,3.84126,10167.2,0,0,0,0,0,0,0
1952,#afe0f2,settled,1,204,121,1620.29,4.34573,10180.6,0,0,0,0,0,0,0
1953,#788266,settled,1,12,12,1574.77,1.32144,9894.6,0,0,0,68,68,0,0
1954,#41d78c,settled,2,132,98,1546.42,44.5414,9716.42,0,0,0,1141,1141,8,0
1955,#bd79b3,settled,1,42,44,1486.23,23.2821,9338.28,0,0,0,453,453,0,0
1956,#85ceda,settled,1,200,120,1479.62,6.89163,9296.75,0,0,0,288,288,0,0
1957,#4e704e,settled,1,35,27,1482.85,4.50009,9316.99,0,0,0,47,47,0,0
1958,#cac574,settled,1,95,63,1485.38,5.52413,9332.93,0,0,0,118,118,0,0
1959,#93679c,settled,1,63,42,1487.81,4.39465,9348.19,0,0,0,0,0,0,0
1960,#5bbdc2,settled,1,89,65,1490.47,7.26266,9364.9,0,0,0,0,0,0,0
1961,#d75ee9,settled,1,47,33,1505.65,4.83732,9460.3,0,0,0,0,0,0,0
1962,#a0b35d,settled,1,305,191,1477.17,13.5762,9281.35,0,0,0,0,0,0,0
1963,#695684,settled,1,20,21,1582.28,11.0171,9941.74,0,0,0,80,80,0,0
1964,#e4aaaa,settled,1,121,77,1567.96,0.985804,9851.78,0,0,0,330,330,0,0
1965,#ad4dd2,settled,1,122,75,1570.4,1.23681,9867.1,0,0,0,267,267,0,0
1966,#76a245,settled,1,193,114,1571.39,1.97676,9873.33,0,0,0,0,0,0,0
1967,#f2436c,settled,1,38,28,1581.03,2.76026,9933.9,0,0,0,0,0,0,0
1968,#ba9993,settled,1,81,63,1528.03,4.82118,9600.87,0,0,0,0,0,0,0
1969,#83eeb9,settled,1,29,25,1524.44,3.02573,9578.36,0,0,0,0,0,0,0
1970,#4c90e0,settled,1,108,72,1526.87,4.32818,9593.62,0,0,0,0,0,0,0
1971,#c8e554,settled,1,73,50,1528.55,5.32409,9604.15,0,0,0,0,0,0,0
1972,#90877b,settled,1,65,47,1528.33,3.71716,9602.76,0,0,0,0,0,0,0
1973,#59dda1,settled,1,33,25,1498.03,4.85608,9412.37,0,0,0,0,0,0,0
1974,#d57ec8,settled,1,78,50,1465.25,6.77988,9206.46,0,0,0,0,0,0,0
1975,#9ed4ef,settled,1,76,56,1466.68,5.46906,9215.41,0,0,0,231,231,0,0
1976,#667663,settled,1,120,74,1460.99,4.52473,9179.65,0,0,0,231,231,0,0
1977,#e2cb89,settled,1,25,20,1488.29,1.24207,9351.18,0,0,0,0,0,0,0
1978,#ab6db1,settled,1,76,50,1491.17,5.1079,9369.3,0,0,0,2,2,0,0
1979,#74c2d7,settled,1,19,18,1488.89,1.12138,9354.98,0,0,0,2,2,0,0
1980,#f0644b,settled,1,11,11,1486.41,1.93789,9339.38,0,0,0,0,0,0,0
1981,#b8b972,settled,1,96,61,1463.11,3.98117,9193,0,0,0,0,0,0,0
1982,#815b99,settled,1,55,44,1431.22,8.03988,8992.64,0,0,0,274,274,0,0
1983,#4ab1bf,settled,1,109,72,1389.4,2.9541,8729.89,0,0,0,0,0,0,0
1984,#c652e7,settled,1,8,10,1398.64,2.09481,8787.9,0,0,0,0,0,0,0
1985,#8ea85a,settled,1,12,13,1361.56,1.29087,8554.94,0,0,0,0,0,0,0
1986,#574a81,settled,1,31,25,1409.78,5.36131,8857.89,0,0,0,0,0,0,0
1987,#d39ea8,settled,3,214,151,1328.82,37.4414,8349.22,0,0,0,0,0,24,0
1988,#9c41cf,settled,1,20,17,1323.38,1.60422,8315.04,0,0,0,0,0,0,0
1989,#649642,settled,3,315,209,1343.25,18.2313,8439.86,0,0,0,0,0,15,0
1990,#e0eb69,settled,2,334,215,1357.54,9.15781,8529.68,0,0,0,354,354,0,0
1991,#a98d90,settled,1,74,50,1373.98,21.3725,8632.98,0,0,0,0,0,0,0
1992,#72e2b6,settled,1,18,17,1393.39,3.16132,8754.96,0,0,0,54,54,0,0
1993,#ee84dd,settled,9,970,676,1514.24,187.245,9514.26,0,0,0,0,0,939,934
1994,#b6d951,settled,2,234,148,1885.97,33.0183,11849.9,0,0,0,0,0,0,0
1995,#7f7b78,settled,1,57,45,1637.17,11.0774,10286.6,0,0,0,0,0,0,0
1996,#48d19e,settled,1,54,43,1566.74,8.85875,9844.1,0,0,0,182,182,0,0
1997,#c472c6,settled,1,7,9,1560.02,2.7594,9801.89,0,0,0,34,34,0,0
1998,#8cc8ec,settled,1,15,14,1556.4,1.72772,9779.18,0,0,0,0,0,0,0
1999,#556a60,settled,1,65,49,1545.26,8.35423,9709.17,0,0,0,179,179,0,0
2000,#d1bf87,settled,1,34,29,1547.64,1.90379,9724.1,0,0,0,47,47,0,0
2001,#9a61ae,settled,1,59,44,1546.09,1.96363,9714.36,0,0,0,74,74,0,0
2002,#62b6d4,settled,1,229,132,1545.3,3.18482,9709.4,0,0,0,58,58,0,0
2003,#de5848,settled,1,24,20,1553.13,2.30715,9758.61,0,0,0,0,0,0,0
2004,#a7ad6f,settled,1,44,33,1554.43,3.17254,9766.78,0,0,0,0,0,0,0
2005,#704f96,settled,1,68,52,1533.17,5.3038,9633.2,0,0,0,119,119,0,0
2006,#eba4bd,settled,1,36,31,1511.42,2.90989,9496.54,0,0,0,0,0,0,0
2007,#b446e4,settled,1,238,138,1513.81,5.55672,9511.53,0,0,0,0,0,0,0
2008,#7d9c57,settled,1,71,49,1543.65,11.2767,9699.01,0,0,0,417,417,0,0
2009,#46f17e,settled,1,115,76,1524.87,9.28642,9581.04,0,0,0,376,376,0,0
2010,#c193a5,settled,1,52,40,1521.15,1.50685,9557.68,0,0,0,192,192,0,0
2011,#8ae8cb,settled,1,53,39,1494.6,2.47344,9390.84,0,0,0,0,0,0,0
2012,#538a3f,settled,1,12,12,1456.45,3.9297,9151.17,0,0,0,0,0,0,0
2013,#cfdf66,settled,1,65,50,1480.58,13.107,9302.73,0,0,0,1,1,0,0
2014,#97818d,settled,1,183,108,1490.69,6.0965,9366.3,0,0,0,0,0,0,0
2015,#60d6b3,settled,1,11,11,1486.43,1.8212,9339.49,0,0,0,1,1,0,0
2016,#dc78db,settled,1,358,208,1497.23,10.3585,9407.39,0,0,0,0,0,0,0
2017,#a5cd4e,settled,1,44,37,1465.23,8.00482,9206.33,0,0,0,0,0,0,0
2018,#6d7075,settled,1,62,48,1450.88,7.89341,9116.13,0,0,0,0,0,0,0
2019,#e9c49c,settled,1,75,50,1438.77,7.33433,9040.04,0,0,0,76,76,0,0
2020,#b266c3,settled,1,33,27,1355.86,2.46432,8519.12,0,0,0,149,149,0,0
2021,#7bbce9,settled,1,8,10,1362.73,2.04437,8562.27,0,0,0,19,19,0,0
2022,#435e5d,settled,1,36,28,1340.67,11.9727,8423.68,0,0,0,500,500,0,0
2023,#bfb384,settled,1,21,19,1341.86,4.52664,8431.12,0,0,0,22,22,0,0
2024,#8855ab,settled,1,219,134,1338.38,5.90094,8409.28,0,0,0,2282,2282,0,0
2025,#51aad2,settled,1,9,9,1339.18,1.08472,8414.33,0,0,0,21,21,0,0
2026,#cd4c46,settled,1,28,23,1329.38,2.27634,8352.77,0,0,0,339,339,0,0
2027,#95a16c,settled,1,34,27,1330.11,2.31231,8357.35,0,0,0,386,386,0,0
2028,#5e4393,settled,1,49,36,1329.84,0.874897,8355.64,0,0,0,525,525,0,0
2029,#da98ba,settled,1,125,74,1351.45,3.56074,8491.42,0,0,0,1346,1346,0,0
2030,#a3eee0,settled,1,9,10,1429.08,4.21692,8979.18,0,0,0,9,9,0,0
2031,#6b9054,settled,1,262,154,1417.7,4.13535,8907.69,0,0,0,0,0,0,0
2032,#e7e47b,settled,1,56,41,1418.37,4.60651,8911.87,0,0,0,0,0,0,0
2033,#b087a2,settled,1,65,50,1290.8,27.6248,8110.32,0,0,0,19,19,0,0
2034,#79dcc8,settled,1,14,14,1274.6,3.29019,8008.55,0,0,0,0,0,0,0
2035,#417ef0,settled,1,15,14,1273.41,2.42126,8001.07,0,0,0,19,19,0,0
2036,#bdd363,settled,1,42,34,1352.08,2.33582,8495.37,0,0,0,347,347,0,0
2037,#86758a,settled,1,19,18,1391.01,1.4444,8740,0,0,0,187,187,0,0
2038,#4fcbb1,settled,1,18,16,1403.28,2.00209,8817.1,0,0,0,0,0,0,0
2039,#cb6cd8,settled,1,84,61,1291.04,2.52721,8111.83,0,0,0,0,0,0,0
2040,#93c14b,settled,1,66,50,1241.25,11.0761,7799.01,0,0,0,0,0,0,0
2041,#5c6472,settled,1,81,58,1233.27,3.33077,7748.88,0,0,0,0,0,0,0
2042,#d8b899,settled,1,83,58,1233.71,2.22608,7751.65,0,0,0,0,0,0,0
2043,#a15bc0,settled,1,39,32,1572.43,7.43054,9879.89,0,0,0,273,273,0,0
2044,#69b0e7,settled,1,51,42,1578.8,8.13474,9919.87,0,0,0,0,0,0,0
2045,#e5515b,settled,1,19,18,1486.6,3.77461,9340.6,0,0,0,0,0,0,0
2046,#aea781,settled,1,69,49,1570.35,7.84872,9866.83,0,0,0,0,0,0,0
2047,#7749a8,settled,1,17,15,1562.04,2.27004,9814.56,0,0,0,0,0,0,0
2048,#3f9ecf,settled,1,19,17,1523.14,2.23767,9570.2,0,0,0,0,0,0,0
2049,#bb4043,settled,1,62,46,1521.09,4.76887,9557.31,0,0,0,0,0,0,0
2050,#849569,settled,1,274,155,1528.44,6.17884,9603.45,0,0,0,0,0,0,0
2051,#4deb90,settled,1,14,14,1518.5,2.08475,9541.03,0,0,0,0,0,0,0
2052,#c88cb7,settled,1,49,38,1521.17,3.71809,9557.8,0,0,0,0,0,0,0
2053,#91e2dd,settled,1,30,26,1523.43,1.59407,9571.98,0,0,0,0,0,0,0
2054,#5a8451,settled,1,21,20,1504.39,4.21229,9452.39,0,0,0,28,28,0,0
2055,#d6d978,settled,1,83,58,1475.27,5.2252,9269.38,0,0,0,0,0,0,0
2056,#9e7b9f,settled,1,7,8,1473.67,0.794416,9259.31,0,0,0,0,0,0,0
2057,#67d0c6,settled,1,57,45,1483.86,5.85341,9323.38,0,0,0,18,18,0,0
2058,#e372ed,settled,1,107,69,1485.4,4.85559,9333.01,0,0,0,18,18,0,0
2059,#acc760,settled,1,147,90,1466.45,4.89833,9214.01,0,0,0,0,0,0,0
2060,#746987,settled,1,87,59,1484.88,2.4408,9329.76,0,0,0,0,0,0,0
2061,#f0beae,settled,1,166,97,1475.94,5.91395,9273.61,0,0,0,0,0,0,0
2062,#b960d5,settled,1,40,35,1494.14,2.53036,9387.99,0,0,0,0,0,0,0
2063,#82b648,settled,1,7,8,1486.21,1.31142,9338.14,0,0,0,0,0,0,0
2064,#4a5870,settled,1,48,38,1424.55,7.68165,8950.74,0,0,0,0,0,0,0
2065,#c6ac96,settled,1,50,40,1431.74,2.85344,8995.88,0,0,0,0,0,0,0
2066,#8f4fbd,settled,1,35,27,1436.49,4.34314,9025.73,0,0,0,0,0,0,0
2067,#58a4e4,settled,1,10,11,1438,2.86297,9035.24,0,0,0,0,0,0,0
2068,#d44658,settled,1,72,49,1358.16,3.00127,8533.56,0,0,0,52,52,0,0
2069,#9c9b7e,settled,1,20,19,1325.91,4.73222,8330.95,0,0,0,0,0,0,0
2070,#65f0a5,settled,1,17,17,1326.03,2.17679,8331.66,0,0,0,0,0,0,0
2071,#e192cc,settled,1,37,31,1325.24,2.46849,8326.76,0,0,0,0,0,0,0
2072,#aae73f,settled,1,22,20,1328.57,3.65667,8347.63,0,0,0,12,12,0,0
2073,#728966,settled,1,49,35,1329.25,1.58171,8351.9,0,0,0,40,40,0,0
2074,#eede8d,settled,1,11,12,1336.88,2.20738,8399.88,0,0,0,0,0,0,0
2075,#b780b4,settled,1,17,16,1334.48,1.90939,8384.78,0,0,0,0,0,0,0
2076,#80d6db,settled,1,8,9,1336.5,1.45111,8397.48,0,0,0,0,0,0,0
2077,#48784f,settled,1,26,25,1323.8,6.33184,8317.69,0,0,0,0,0,0,0
2078,#c4cd75,settled,1,50,39,1389.58,3.01799,8731.01,0,0,0,50,50,0,0
2079,#8d6f9c,settled,1,20,17,1387.84,2.61702,8720.06,0,0,0,22,22,0,0
2080,#56c4c3,settled,1,27,25,1279.55,3.54866,8039.65,0,0,0,293,293,0,0
2081,#d266ea,settled,1,196,113,1262.67,6.01059,7933.59,0,0,0,28,28,0,0
2082,#9abb5d,settled,1,56,38,1261.13,5.39075,7923.94,0,0,0,28,28,0,0
2083,#635d85,settled,1,77,50,1315.06,4.33016,8262.79,0,0,0,943,943,0,0
2084,#dfb2ab,settled,1,52,37,1231.5,0.941748,7737.75,0,0,0,0,0,0,0
2085,#a854d2,settled,1,64,50,1321.31,5.38866,8302.03,0,0,0,164,164,0,0
2086,#70aa46,settled,1,174,112,1321.21,5.96342,8301.43,0,0,0,1845,1845,0,0
2087,#ec4b6d,settled,1,40,30,1321.77,2.01361,8304.93,0,0,0,91,91,0,0
2088,#b5a193,settled,1,221,131,1294.12,4.97704,8131.23,0,0,0,808,808,0,0
2089,#7e43ba,settled,1,14,13,1292.93,1.57058,8123.69,0,0,0,48,48,0,0
2090,#4698e1,settled,1,30,24,1300.94,1.28357,8174.07,0,0,0,285,285,0,0
2091,#c2ed54,settled,1,35,30,1297.7,4.46158,8153.68,0,0,0,330,330,0,0
2092,#8b8f7b,settled,1,75,50,1288.67,9.97513,8096.98,0,0,0,1356,1356,0,0
2093,#54e4a2,settled,1,40,31,1302.46,3.65377,8183.62,0,0,0,526,526,0,0
2094,#cf86c9,settled,1,44,36,1319.04,3.4946,8287.74,0,0,0,407,407,0,0
2095,#98dbf0,settled,1,159,103,1308.86,8.14236,8223.82,0,0,0,647,647,0,0
2096,#617e64,settled,1,13,12,1315.6,2.02077,8266.15,0,0,0,56,56,0,0
2097,#ddd28a,settled,1,116,76,1324.6,5.80284,8322.69,0,0,0,43,43,0,0
2098,#a574b1,settled,1,34,26,1327.27,3.36947,8339.49,0,0,0,43,43,0,0
2099,#6ecad8,settled,1,18,18,1343.21,1.78379,8439.63,0,0,0,0,0,0,0
2100,#ea6b4c,settled,1,31,25,1201.41,5.04452,7548.71,0,0,0,0,0,0,0
2101,#b3c172,settled,1,72,50,1215.96,6.71704,7640.12,0,0,0,0,0,0,0
2102,#7b639a,settled,1,7,8,1227.1,1.84374,7710.12,0,0,0,0,0,0,0
2103,#44b8c0,settled,1,44,32,1230.26,3.64143,7729.97,0,0,0,0,0,0,0
2104,#c05ae7,settled,1,76,50,1203.91,14.3874,7564.36,0,0,0,263,263,0,0
2105,#89af5b,settled,1,53,38,1235.1,0.552491,7760.34,0,0,0,0,0,0,0
2106,#515182,settled,1,135,85,1232.51,2.76217,7744.11,0,0,0,263,263,0,0
2107,#cda6a8,settled,1,35,26,1200.58,1.87253,7543.47,0,0,0,0,0,0,0
2108,#9648cf,settled,1,75,50,1258.03,9.09575,7904.41,0,0,0,0,0,0,0
2109,#5f9e43,settled,1,85,58,1260.46,5.23707,7919.69,0,0,0,31,31,0,0
2110,#db3f6a,settled,1,111,67,1260.23,4.25442,7918.23,0,0,0,100,100,0,0
2111,#a39590,settled,1,38,31,1262.3,4.57963,7931.27,0,0,0,69,69,0,0
2112,#6ceab7,settled,1,21,18,1250.2,3.40584,7855.27,0,0,0,0,0,0,0
2113,#e88cde,settled,1,8,9,1252.59,1.38167,7870.23,0,0,0,0,0,0,0
2114,#b1e151,settled,1,23,19,1267.25,3.16141,7962.39,0,0,0,40,40,0,0
2115,#798379,settled,1,21,17,1537.56,3.52897,9660.77,0,0,0,0,0,0,0
2116,#42d99f,settled,1,74,50,1546.62,5.55207,9717.68,0,0,0,344,344,0,0
2117,#be7ac6,settled,1,24,23,1537.45,2.46444,9660.1,0,0,0,0,0,0,0
2118,#87cfed,settled,1,41,38,1532.61,6.75836,9629.66,0,0,0,232,232,0,0
2119,#4f7261,settled,1,16,16,1535.63,1.91697,9648.67,0,0,0,0,0,0,0
2120,#cbc687,settled,1,45,32,1534.66,1.94713,9642.55,0,0,0,0,0,0,0
2121,#9469af,settled,1,47,33,1551.28,3.72178,9746.97,0,0,0,0,0,0,0
2122,#5dbed5,settled,1,44,44,1590.02,41.7205,9990.37,0,0,0,596,596,0,0
2123,#d95f49,settled,1,38,34,1609.37,23.1952,10112,0,0,0,211,211,0,0
2124,#a1b570,settled,2,25,28,1601.26,20.8251,10061,0,0,0,22,22,0,0
2125,#6a5797,settled,1,104,67,1597.1,4.83381,10034.8,0,0,0,128,128,0,0
2126,#e6acbd,settled,1,17,18,1604.88,3.91935,10083.8,0,0,0,0,0,0,0
2127,#af4ee4,settled,2,149,100,1596.14,9.04121,10028.8,0,0,0,128,128,0,0
2128,#77a358,settled,1,61,46,1566.94,12.3318,9845.35,0,0,0,0,0,0,0
2129,#40467f,settled,2,345,216,1556.48,3.71331,9779.67,0,0,0,0,0,23,0
2130,#bc9aa5,settled,1,74,49,1534.68,1.77228,9642.7,0,0,0,0,0,0,0
2131,#85f0cc,settled,1,65,46,1409.33,2.3724,8855.06,0,0,0,0,0,0,0
2132,#4d9240,settled,1,200,123,1451.95,8.57839,9122.85,0,0,0,0,0,0,0
2133,#c9e766,settled,1,94,71,1447,2.94213,9091.79,0,0,0,0,0,0,0
2134,#92898e,settled,1,14,15,1444.86,3.23221,9078.33,0,0,0,0,0,0,0
2135,#5bdeb4,settled,1,65,45,1469.27,3.17079,9231.72,0,0,0,0,0,0,0
2136,#d680db,settled,1,60,42,1471.47,3.72936,9245.53,0,0,0,0,0,0,0
2137,#9fd54f,settled,1,44,39,1473.76,4.65851,9259.91,0,0,0,49,49,0,0
2138,#687776,settled,1,74,50,1432.08,3.12524,8998.04,0,0,0,0,0,0,0
2139,#e4cc9c,settled,1,233,147,1531.64,4.59541,9623.55,0,0,0,856,856,0,0
2140,#ac6ec4,settled,1,67,48,1466.88,1.99989,9216.71,0,0,0,0,0,0,0
2141,#75c4ea,settled,1,18,17,1369.08,2.51002,8602.19,0,0,0,176,176,0,0
2142,#f1655e,settled,1,31,27,1426.01,3.38238,8959.87,0,0,0,0,0,0,0
2143,#baba85,settled,1,87,66,1197.83,3.2478,7526.17,0,0,0,0,0,0,0
2144,#825dac,settled,1,18,16,1222.24,2.5592,7679.56,0,0,0,274,274,0,0
2145,#4bb2d2,settled,1,70,48,1270.94,8.39318,7985.56,0,0,0,1731,1731,0,0
2146,#c75446,settled,1,34,29,1271.09,3.1577,7986.5,0,0,0,556,556,0,0
2147,#90a96d,settled,1,7,8,1272.27,1.13095,7993.89,0,0,0,112,112,0,0
2148,#584b94,settled,2,93,64,1193.33,5.51265,7497.94,0,0,0,0,0,0,0
2149,#d4a0ba,settled,1,17,15,1155.22,1.93387,7258.44,0,0,0,0,0,0,0
2150,#9d42e2,settled,1,49,42,1161.25,6.34371,7296.36,0,0,0,0,0,0,0
2151,#669755,settled,1,22,17,1166.52,2.84232,7329.44,0,0,0,25,25,0,0
2152,#e2ec7b,settled,2,120,97,1173.32,16.0829,7372.17,0,0,0,0,0,0,0
2153,#aa8ea3,settled,1,76,50,1171.36,6.26146,7359.88,0,0,0,0,0,0,0
2154,#73e4c9,settled,1,13,12,1182.04,2.40772,7426.96,0,0,0,0,0,0,0
2155,#ef85f0,settled,1,97,64,1186.49,4.56392,7454.94,0,0,0,0,0,0,0
2156,#b8db64,settled,1,99,64,1190.66,2.69636,7481.14,0,0,0,0,0,0,0
2157,#807d8b,settled,1,73,50,1206.13,10.8286,7578.32,0,0,0,24,24,0,0
2158,#49d2b1,settled,1,18,18,1195.73,1.71582,7513.01,0,0,0,24,24,0,0
2159,#c574d9,settled,1,29,23,1221.41,1.5484,7674.33,0,0,0,0,0,0,0
2160,#8ec94c,settled,1,11,12,1236.83,1.38298,7771.25,0,0,0,15,15,0,0
2161,#566b73,settled,1,27,24,1238.15,2.5613,7779.51,0,0,0,27,27,0,0
2162,#d2c09a,settled,1,22,20,1126.59,4.34423,7078.57,0,0,0,0,0,0,0
2163,#9b62c1,settled,1,82,53,1116.7,3.69938,7016.42,0,0,0,0,0,0,0
2164,#64b8e7,settled,1,41,30,1105.96,4.84663,6948.97,0,0,0,0,0,0,0
2165,#e0595b,settled,1,72,50,1129.75,5.82299,7098.42,0,0,0,0,0,0,0
2166,#a8af82,settled,1,160,93,1116.95,4.70054,7018.03,0,0,0,0,0,0,0
2167,#7151a9,settled,1,17,18,1116.99,1.94527,7018.25,0,0,0,0,0,0,0
2168,#eda5cf,settled,1,37,30,1115.88,1.3473,7011.26,0,0,0,0,0,0,0
2169,#b64843,settled,1,11,12,1129.08,5.19364,7094.22,0,0,0,0,0,0,0
2170,#7e9d6a,settled,1,9,11,1137.51,4.02189,7147.2,0,0,0,0,0,0,0
2171,#473f91,settled,1,18,16,1137.01,2.47205,7144.06,0,0,0,0,0,0,0
2172,#c394b8,settled,1,68,47,1171.34,2.90375,7359.76,0,0,0,0,0,0,0
2173,#8ce9de,settled,1,10,11,1051.93,1.26297,6609.47,0,0,0,0,0,0,0
2174,#548c52,settled,1,54,45,1053.66,3.021,6620.35,0,0,0,0,0,0,0
2175,#d0e079,settled,1,71,50,1098.91,29.6522,6904.64,0,0,0,0,0,0,0
2176,#9982a0,settled,1,19,18,1063.72,2.60166,6683.52,0,0,0,0,0,0,0
2177,#62d8c6,settled,1,22,19,1064.95,1.44739,6691.27,0,0,0,0,0,0,0
2178,#dd79ee,settled,1,37,27,1063.86,2.2437,6684.44,0,0,0,0,0,0,0
2179,#a6cf61,settled,1,13,14,1479.3,0.361384,9294.72,0,0,0,0,0,0,0
2180,#6f7188,settled,1,77,54,1450.09,2.7338,9111.18,0,0,0,0,0,0,0
2181,#ebc6af,settled,1,20,19,1465.78,4.60969,9209.74,0,0,0,0,0,0,0
2182,#b368d6,settled,1,38,30,1468.17,7.74886,9224.77,0,0,0,0,0,0,0
2183,#7cbd49,settled,1,10,11,1492.13,1.1467,9375.32,0,0,0,0,0,0,0
2184,#455f70,settled,1,53,50,1558.25,6.98684,9790.75,0,0,0,0,0,0,0
2185,#c1b497,settled,1,43,45,1552.31,14.1464,9753.43,0,0,0,0,0,0,0
2186,#8956be,settled,1,31,28,1552.59,4.74334,9755.24,0,0,0,0,0,0,0
2187,#52ace4,settled,1,25,22,1555.9,2.94015,9776.02,0,0,0,0,0,0,0
2188,#ce4d58,settled,1,353,206,1394.96,1.26327,8764.8,0,0,0,0,0,0,0
2189,#97a37f,settled,1,19,18,1441.26,3.65632,9055.71,0,0,0,15,15,0,0
2190,#5f45a6,settled,1,58,40,1441.77,4.59231,9058.94,0,0,0,15,15,0,0
2191,#db9acd,settled,1,13,15,1441.18,12.377,9055.22,0,0,0,0,0,0,0
2192,#a4ef40,settled,1,37,30,1431.1,13.2695,8991.86,0,0,0,49,49,0,0
2193,#6d9167,settled,1,68,50,1430.25,9.82566,8986.53,0,0,0,113,113,0,0
2194,#e9e68e,settled,1,79,50,1420.62,10.9102,8926.01,0,0,0,113,113,0,0
2195,#b188b5,settled,1,29,23,1427.97,2.62339,8972.21,0,0,0,0,0,0,0
2196,#7adddb,settled,1,98,67,1427.77,3.56757,8970.92,0,0,0,53,53,0,0
2197,#43804f,settled,1,32,27,1426.12,1.93249,8960.56,0,0,0,53,53,0,0
2198,#bfd476,settled,1,39,30,1375.88,3.75079,8644.93,0,0,0,0,0,0,0
2199,#87779d,settled,1,18,17,1266.37,2.07604,7956.85,0,0,0,231,231,0,0
2200,#50ccc4,settled,1,22,18,1276.2,1.3399,8018.63,0,0,0,0,0,0,0
2201,#cc6deb,settled,1,75,50,1279.24,4.12129,8037.69,0,0,0,1267,1267,0,0
2202,#95c35e,settled,1,77,49,1274.46,3.0523,8007.69,0,0,0,929,929,0,0
2203,#5d6585,settled,1,27,23,1264.32,1.20296,7943.96,0,0,0,354,354,0,0
2204,#d9baac,settled,1,16,17,1259.24,1.47752,7912.05,0,0,0,0,0,0,0
2205,#a25cd3,settled,1,209,123,1292.25,5.37115,8119.48,0,0,0,2794,2794,0,0
2206,#6bb146,settled,1,74,50,1294.52,5.34296,8133.74,0,0,0,1240,1240,0,0
2207,#e7536d,settled,1,38,29,1299.55,2.78259,8165.29,0,0,0,335,335,0,0
2208,#afa894,settled,1,17,15,1308.3,2.69093,8220.28,0,0,0,132,132,0,0
2209,#784abb,settled,1,74,50,1317.26,3.51513,8276.57,0,0,0,718,718,0,0
2210,#41a0e2,settled,1,8,9,1317.41,1.43129,8277.54,0,0,0,0,0,0,0
2211,#bd4156,settled,1,23,21,1304.93,2.06218,8199.12,0,0,0,116,116,0,0
2212,#85977c,settled,1,36,26,1306.13,2.67769,8206.67,0,0,0,185,185,0,0
2213,#4eeca3,settled,1,76,50,1243.52,13.8263,7813.25,0,0,0,2356,2356,0,0
2214,#ca8eca,settled,1,72,46,1237.24,3.52652,7773.82,0,0,0,1068,1068,0,0
2215,#93e3f0,settled,1,13,12,1241.48,1.97121,7800.44,0,0,0,0,0,0,0
2216,#5b8564,settled,1,30,24,1357.03,5.90095,8526.46,0,0,0,0,0,0,0
2217,#d7da8b,settled,1,14,12,1125.23,2.33495,7070.03,0,0,0,0,0,0,0
2218,#a07cb2,settled,1,39,34,1150.26,1.64673,7227.32,0,0,0,0,0,0,0
2219,#69d2d9,settled,1,72,50,1154.24,5.81441,7252.33,0,0,0,0,0,0,0
2220,#e4734d,settled,1,95,64,1174.32,7.18356,7378.45,0,0,0,0,0,0,0
2221,#adc873,settled,1,96,62,1173.13,5.77052,7370.99,0,0,0,0,0,0,0
2222,#766b9a,settled,1,177,114,1175.67,4.32464,7386.96,0,0,0,0,0,0,0
2223,#f2bfc1,settled,1,22,20,1178.26,1.9839,7403.24,0,0,0,0,0,0,0
2224,#ba62e8,settled,1,15,14,1178.38,1.67293,7404.01,0,0,0,0,0,0,0
2225,#83b75b,settled,1,23,19,1177.17,2.49787,7396.38,0,0,0,0,0,0,0
2226,#4c5982,settled,1,71,49,1184.67,8.27258,7443.47,0,0,0,0,0,0,0
2227,#c8aea9,settled,1,70,50,1175.17,12.325,7383.81,0,0,0,0,0,0,0
2228,#9050d0,settled,1,25,22,1242.23,0.451932,7805.19,0,0,0,211,211,0,0
2229,#59a543,settled,1,218,125,1260.67,1.57162,7921.05,0,0,0,2092,2092,0,0
2230,#d5476b,settled,1,35,27,1136.15,1.29839,7138.63,0,0,0,0,0,0,0
2231,#9e9c91,settled,1,15,15,1150.06,2.90762,7226.05,0,0,0,0,0,0,0
2232,#66f2b8,settled,1,11,11,1140.54,1.03294,7166.23,0,0,0,0,0,0,0
2233,#e293df,settled,1,26,23,1109.13,1.74557,6968.88,0,0,0,0,0,0,0
2234,#abe952,settled,1,108,75,1091.23,6.68384,6856.38,0,0,0,0,0,0,0
2235,#748b79,settled,1,25,23,1071.91,2.61966,6734.98,0,0,0,0,0,0,0
2236,#f0e0a0,settled,1,19,18,1071.74,1.45491,6733.96,0,0,0,0,0,0,0
2237,#b882c7,settled,1,44,30,1073.18,3.66595,6743.01,0,0,0,61,61,0,0
2238,#81d7ee,settled,1,19,18,1073.26,2.05111,6743.5,0,0,0,61,61,0,0
2239,#4a7962,settled,1,7,11,1067,1.80429,6704.15,0,0,0,0,0,0,0
2240,#c6ce88,settled,1,15,15,1067.62,2.05817,6708.08,0,0,0,0,0,0,0
2241,#8e70af,settled,1,24,21,1099.71,4.46875,6909.67,0,0,0,0,0,0,0
2242,#57c6d6,settled,1,34,29,1047.63,2.60285,6582.42,0,0,0,52,52,0,0
2243,#d3674a,settled,1,336,189,1060.11,8.34592,6660.89,0,0,0,18,18,0,0
2244,#9cbd70,settled,1,32,29,1052.78,3.50866,6614.8,0,0,0,9,9,0,0
2245,#645f97,settled,1,7,9,1058.62,2.47384,6651.49,0,0,0,0,0,0,0
2246,#e0b3be,settled,1,66,46,1056.99,5.24525,6641.27,0,0,0,18,18,0,0
2247,#a956e5,settled,1,23,18,1049.94,3.18915,6596.96,0,0,0,52,52,0,0
2248,#72ab58,settled,1,27,23,1051.91,2.29119,6609.36,0,0,0,0,0,0,0
2249,#ee4d80,settled,1,16,14,1056.45,1.51347,6637.87,0,0,0,0,0,0,0
2250,#b6a2a6,settled,1,20,20,1049.76,2.57735,6595.83,0,0,0,9,9,0,0
2251,#7f44cd,settled,1,194,114,1040.66,8.89421,6538.65,0,0,0,0,0,0,0
2252,#489a41,settled,1,18,18,1048.67,2.63915,6589.02,0,0,0,0,0,0,0
2253,#c4ee67,settled,1,70,50,1057.57,3.39873,6644.93,0,0,0,0,0,0,0
2254,#8c908e,settled,1,11,12,1047.26,2.34006,6580.13,0,0,0,0,0,0,0
2255,#55e6b5,settled,1,28,24,982.933,3.59249,6175.95,0,0,0,0,0,0,0
2256,#d187dc,settled,1,23,24,982.894,6.91307,6175.7,0,0,0,0,0,0,0
2257,#9add4f,settled,1,18,15,995.125,2.21242,6252.55,0,0,0,0,0,0,0
2258,#627f77,settled,1,25,21,1007.03,2.97765,6327.39,0,0,0,0,0,0,0
2259,#ded49d,settled,1,72,50,1026.74,4.88851,6451.22,0,0,0,0,0,0,0
2260,#a776c4,settled,1,55,40,996.065,9.06796,6258.46,0,0,0,0,0,0,0
2261,#70cbeb,settled,1,70,48,955.72,16.7204,6004.97,0,0,0,0,0,0,0
2262,#eb6d5f,settled,1,75,50,933.534,16.3269,5865.57,0,0,0,0,0,0,0
2263,#b4c285,settled,1,76,50,956.341,11.9104,6008.87,0,0,0,0,0,0,0
2264,#7d64ac,settled,1,36,28,958.106,3.86829,6019.96,0,0,0,0,0,0,0
2265,#46bad3,settled,1,76,50,1122.26,11.2453,7051.36,0,0,0,140,140,0,0
2266,#c15b47,settled,1,25,22,1404.36,3.26194,8823.88,0,0,0,0,0,0,0
2267,#8ab16d,settled,1,17,16,1477.64,1.4162,9284.31,0,0,0,0,0,0,0
2268,#535395,settled,1,15,14,1477,1.72411,9280.28,0,0,0,0,0,0,0
2269,#cfa8bb,settled,1,175,112,1502.26,5.46147,9438.96,0,0,0,0,0,0,0
2270,#974ae2,settled,1,122,80,1287.94,6.06016,8092.36,0,0,0,1171,1171,0,0
2271,#609f56,settled,1,13,16,1288.28,6.08494,8094.53,0,0,0,144,144,0,0
2272,#dc417d,settled,1,51,38,1286.6,1.63755,8083.98,0,0,0,719,719,0,0
2273,#a596a3,settled,1,28,25,1291.97,2.06776,8117.67,0,0,0,383,383,0,0
2274,#6debca,settled,1,18,18,1312.92,2.05909,8249.33,0,0,0,292,292,0,0
2275,#e98df1,settled,1,30,24,1170.36,2.75302,7353.58,0,0,0,0,0,0,0
2276,#b2e264,settled,1,10,11,1175.31,1.53981,7384.67,0,0,0,0,0,0,0
2277,#7b858c,settled,1,26,23,1201.69,0.959671,7550.43,0,0,0,0,0,0,0
2278,#43dab2,settled,1,21,19,1199.24,3.29928,7535.02,0,0,0,0,0,0,0
2279,#bf7bd9,settled,1,7,9,1215.3,1.11382,7635.96,0,0,0,0,0,0,0
2280,#88d14d,settled,1,20,18,1217.09,1.53475,7647.21,0,0,0,0,0,0,0
2281,#517374,settled,1,23,23,1218.33,1.57547,7654.99,0,0,0,0,0,0,0
2282,#cdc89a,settled,1,39,30,1219.95,2.16376,7665.16,0,0,0,0,0,0,0
2283,#956ac1,settled,1,8,10,1141.16,1.18365,7170.11,0,0,0,0,0,0,0
2284,#5ebfe8,settled,1,152,89,1167.83,4.3113,7337.68,0,0,0,0,0,0,0
2285,#da615c,settled,1,80,57,1178.1,5.83818,7402.19,0,0,0,32,32,0,0
2286,#a3b682,settled,1,32,26,1140.75,2.72334,7167.54,0,0,0,0,0,0,0
2287,#6b58aa,settled,1,21,18,1116.98,1.1959,7018.19,0,0,0,0,0,0,0
2288,#e7add0,settled,1,48,34,1132.01,2.74085,7112.61,0,0,0,0,0,0,0
2289,#b04f44,settled,1,21,21,1110.95,2.4805,6980.33,0,0,0,0,0,0,0
2290,#79a56b,settled,1,36,28,1063.45,1.79826,6681.87,0,0,0,3,3,0,0
2291,#414792,settled,1,152,91,1060.51,6.02293,6663.36,0,0,0,86,86,0,0
2292,#bd9cb8,settled,1,11,12,1059.48,2.14817,6656.92,0,0,0,11,11,0,0
2293,#86f1df,settled,1,61,43,1057.88,3.39018,6646.87,0,0,0,72,72,0,0
2294,#4f9353,settled,1,72,50,1076,17.7814,6760.7,0,0,0,99,99,0,0
2295,#cbe879,settled,1,65,48,1085.4,9.14857,6819.75,0,0,0,67,67,0,0
2296,#938aa1,settled,1,22,20,1049.29,4.18009,6592.89,0,0,0,0,0,0,0
2297,#5ce0c7,settled,1,31,24,1023.42,3.97727,6430.33,0,0,0,0,0,0,0
2298,#d881ee,settled,1,7,9,1033.01,3.92797,6490.61,0,0,0,0,0,0,0
2299,#a1d662,settled,1,10,11,1032.1,1.81975,6484.88,0,0,0,0,0,0,0
2300,#697989,settled,1,20,19,1051.8,1.25299,6608.64,0,0,0,0,0,0,0
2301,#e5cdaf,settled,1,251,144,1029.4,5.23399,6467.92,0,0,0,0,0,0,0
2302,#ae70d6,settled,1,34,29,925.88,2.49612,5817.47,0,0,0,0,0,0,0
2303,#77c54a,settled,1,18,17,939.632,2.60756,5903.88,0,0,0,0,0,0,0
2304,#3f6771,settled,1,16,16,939.009,1.42525,5899.97,0,0,0,0,0,0,0
2305,#bbbc97,settled,1,373,209,943.244,5.8578,5926.58,0,0,0,0,0,0,0
2306,#845ebf,settled,1,18,16,944.462,1.2685,5934.23,0,0,0,0,0,0,0
2307,#4db3e5,settled,1,18,15,920.777,1.45879,5785.41,0,0,0,0,0,0,0
2308,#c85559,settled,1,17,15,940.095,1.44691,5906.79,0,0,0,0,0,0,0
2309,#91aa80,settled,1,32,26,947.32,2.55376,5952.19,0,0,0,0,0,0,0
2310,#5a4da7,settled,2,91,65,850.995,4.82371,5346.96,0,0,0,0,0,30,0
2311,#d6a1cd,settled,1,22,26,981.751,7.12353,6168.52,0,0,0,0,0,0,0
2312,#9e4341,settled,1,14,13,983.324,3.28673,6178.41,0,0,0,0,0,0,0
2313,#679968,settled,2,148,100,805.68,6.12238,5062.24,0,0,0,0,0,0,0
2314,#e3ee8e,settled,1,13,13,1338.85,1.8123,8412.23,0,0,0,0,0,0,0
2315,#ac90b6,settled,1,20,17,1320.73,1.55446,8298.37,0,0,0,271,271,0,0
2316,#74e5dc,settled,1,12,11,1343.52,1.63944,8441.59,0,0,0,0,0,0,0
2317,#f08750,settled,1,7,8,1444.36,1.46414,9075.16,0,0,0,0,0,0,0
2318,#b9dc77,settled,1,73,63,1423.05,2.26591,8941.31,0,0,0,290,290,0,0
2319,#827e9e,settled,1,70,49,1417.17,17.6885,8904.36,0,0,0,594,594,0,0
2320,#4ad4c4,settled,1,65,49,1386.24,4.97485,8709.99,0,0,0,0,0,0,0
2321,#c675eb,settled,1,28,22,1299.57,2.31522,8165.46,0,0,0,494,494,0,0
2322,#8fcb5f,settled,1,25,20,1291.03,2.45106,8111.8,0,0,0,447,447,0,0
2323,#586d86,settled,1,14,13,1294.2,0.988646,8131.69,0,0,0,332,332,0,0
2324,#d4c1ac,settled,1,12,14,1293.48,0.57577,8127.17,0,0,0,235,235,0,0
2325,#9c64d4,settled,1,37,31,1221.06,2.1733,7672.15,0,0,0,0,0,0,0
2326,#65b947,settled,1,59,46,1225.42,3.46403,7699.54,0,0,0,0,0,0,0
2327,#e15b6e,settled,1,10,10,1231.92,1.5531,7740.38,0,0,0,0,0,0,0
2328,#aab095,settled,1,35,31,1234.38,2.95048,7755.85,0,0,0,0,0,0,0
2329,#7252bc,settled,1,72,49,1140.24,8.21794,7164.36,0,0,0,0,0,0,0
2330,#eea7e2,settled,1,74,50,1116.61,5.05554,7015.86,0,0,0,10,10,0,0
2331,#b74956,settled,1,48,35,1115.99,4.07508,7011.95,0,0,0,10,10,0,0
2332,#809e7d,settled,1,12,13,1115.44,2.60789,7008.5,0,0,0,0,0,0,0
2333,#4841a4,settled,1,21,19,1109.87,4.64242,6973.5,0,0,0,21,21,0,0
2334,#c495cb,settled,1,74,52,1105.56,4.98213,6946.45,0,0,0,0,0,0,0
2335,#8debf1,settled,1,31,25,1108.93,3.9123,6967.61,0,0,0,21,21,0,0
2336,#568d65,settled,1,23,19,1102.39,3.94762,6926.52,0,0,0,0,0,0,0
2337,#d2e28c,settled,1,10,13,1086.91,2.75482,6829.24,0,0,0,0,0,0,0
2338,#9a84b3,settled,2,133,94,1079.54,8.94593,6782.98,0,0,0,117,117,0,0
2339,#63d9d9,settled,1,230,133,1164.5,6.65159,7316.79,0,0,0,0,0,0,0
2340,#df7b4d,settled,1,124,76,1068.56,2.86297,6713.93,0,0,0,0,0,0,0
2341,#a8d074,settled,1,72,50,1070.53,6.29304,6726.37,0,0,0,117,117,0,0
2342,#70729b,settled,1,224,133,1070.7,6.72369,6727.41,0,0,0,0,0,0,0
2343,#ecc7c1,settled,1,113,75,1073.36,4.25217,6744.11,0,0,0,0,0,0,0
2344,#b569e9,settled,1,25,21,1082.13,1.86653,6799.23,0,0,0,0,0,0,0
2345,#7ebf5c,settled,1,141,89,1084.21,4.28991,6812.29,0,0,0,0,0,0,0
2346,#466183,settled,1,35,27,1088.36,3.59567,6838.37,0,0,0,0,0,0,0
2347,#c2b6aa,settled,1,132,85,1022.38,7.51765,6423.8,0,0,0,0,0,0,0
2348,#8b58d1,settled,1,23,19,1028.74,2.11083,6463.78,0,0,0,0,0,0,0
2349,#54ad44,settled,1,238,144,952.39,2.85608,5984.04,0,0,0,0,0,0,0
2350,#cf4f6b,settled,1,17,17,933.857,1.46451,5867.59,0,0,0,0,0,0,0
2351,#98a492,settled,1,65,49,848.917,14.8992,5333.9,0,0,0,2,2,0,0
2352,#6146b9,settled,1,8,9,852.004,5.08045,5353.3,0,0,0,2,2,0,0
2353,#dd9be0,settled,1,16,16,834.752,1.40916,5244.9,0,0,0,0,0,0,0
2354,#a5f053,settled,1,33,25,832.143,3.47562,5228.51,0,0,0,0,0,0,0
2355,#6e937a,settled,1,17,17,858.299,3.16963,5392.85,0,0,0,0,0,0,0
2356,#eae7a1,settled,1,23,21,827.386,1.3934,5198.62,0,0,0,0,0,0,0
2357,#b389c8,settled,1,30,27,831.714,2.55933,5225.82,0,0,0,0,0,0,0
2358,#7bdfee,settled,1,42,29,817.966,2.27372,5139.43,0,0,0,0,0,0,0
2359,#448162,settled,1,52,36,818.236,2.14184,5141.13,0,0,0,0,0,0,0
2360,#c0d689,settled,1,12,13,732.276,0.984066,4601.03,0,0,0,0,0,0,0
2361,#8978b0,settled,1,71,49,735.66,0.89811,4622.29,0,0,0,0,0,0,0
2362,#51cdd6,settled,1,357,214,745.639,6.50425,4684.99,0,0,0,0,0,0,0
2363,#cd6f4a,settled,1,18,17,714.877,1.65567,4491.7,0,0,0,0,0,0,0
2364,#96c471,settled,1,52,50,720.05,7.52147,4524.21,0,0,0,0,0,0,0
2365,#5f6698,settled,1,72,50,749.567,6.72064,4709.67,0,0,0,0,0,0,0
2366,#dbbbbf,settled,1,31,24,1279.38,1.30644,8038.56,0,0,0,0,0,0,0
2367,#a35de6,settled,1,73,50,1204.26,13.1723,7566.58,0,0,0,0,0,0,0
2368,#6cb359,settled,1,72,50,1198.72,2.22233,7531.78,0,0,0,5,5,0,0
2369,#e85480,settled,1,14,15,1220.68,1.79221,7669.78,0,0,0,0,0,0,0
2370,#b1aaa7,settled,1,12,14,1219.49,1.49134,7662.25,0,0,0,0,0,0,0
2371,#794cce,settled,1,74,52,1257.44,3.49396,7900.76,0,0,0,5,5,0,0
2372,#42a141,settled,1,98,60,1250.67,3.71828,7858.19,0,0,0,0,0,0,0
2373,#be4369,settled,1,18,17,1068.47,1.52884,6713.4,0,0,0,0,0,0,0
2374,#87988f,settled,1,71,50,1089.19,6.93653,6843.59,0,0,0,0,0,0,0
2375,#4feeb6,settled,1,70,50,1110.16,18.6097,6975.35,0,0,0,0,0,0,0
2376,#cb8fdd,settled,1,7,8,1130.56,1.42925,7103.54,0,0,0,0,0,0,0
2377,#94e450,settled,1,61,46,1134.62,3.94193,7129.02,0,0,0,0,0,0,0
2378,#5d8777,settled,1,31,28,1112.75,3.64063,6991.63,0,0,0,0,0,0,0
2379,#d9db9e,settled,1,76,50,1088.42,14.2764,6838.77,0,0,0,0,0,0,0
2380,#a17ec5,settled,1,26,22,1023.59,4.62865,6431.38,0,0,0,0,0,0,0
2381,#6ad3eb,settled,1,52,43,1059.74,5.59524,6658.53,0,0,0,0,0,0,0
2382,#e6745f,settled,1,32,27,1151.01,3.04784,7232.02,0,0,0,0,0,0,0
2383,#afca86,settled,1,75,50,1161.12,10.1657,7295.53,0,0,0,0,0,0,0
2384,#776cad,settled,1,20,17,957.496,1.72873,6016.12,0,0,0,0,0,0,0
2385,#40c1d4,settled,1,10,11,958.672,4.51363,6023.51,0,0,0,0,0,0,0
2386,#bc6348,settled,1,27,24,949.201,2.56348,5964,0,0,0,0,0,0,0
2387,#85b86e,settled,1,11,10,948.962,2.07958,5962.5,0,0,0,0,0,0,0
2388,#4d5b95,settled,1,17,16,862.185,1.50851,5417.27,0,0,0,0,0,0,0
2389,#c9afbc,settled,1,123,89,864.601,3.24053,5432.45,0,0,0,0,0,0,0
2390,#9251e3,settled,1,29,25,862.734,2.21727,5420.72,0,0,0,0,0,0,0
2391,#5ba756,settled,1,146,94,878.554,5.76789,5520.12,0,0,0,0,0,0,0
2392,#d6487e,settled,1,39,29,856.438,2.83775,5381.16,0,0,0,0,0,0,0
2393,#9f9ea4,settled,1,41,35,849.105,2.60417,5335.09,0,0,0,0,0,0,0
2394,#6840cb,settled,1,29,28,852.583,4.44298,5356.94,0,0,0,0,0,0,0
2395,#e495f2,settled,1,13,13,857.976,4.4898,5390.82,0,0,0,0,0,0,0
2396,#acea65,settled,1,21,18,900.2,1.58621,5656.12,0,0,0,0,0,0,0
2397,#758c8c,settled,1,17,15,869.945,1.10589,5466.02,0,0,0,0,0,0,0
2398,#f1e1b3,settled,1,175,105,902.317,4.80502,5669.43,0,0,0,0,0,0,0
2399,#ba83da,settled,1,18,17,863.644,5.39633,5426.44,0,0,0,0,0,0,0
2400,#82d94d,settled,1,74,50,743.994,5.05422,4674.65,0,0,0,7,7,0,0
2401,#4b7b74,settled,1,19,18,739.418,2.54096,4645.9,0,0,0,7,7,0,0
2402,#c7cf9b,settled,1,48,45,741.185,2.40496,4657,0,0,0,0,0,0,0
2403,#9072c2,settled,1,18,18,741.395,2.07641,4658.32,0,0,0,0,0,0,0
2404,#58c7e9,settled,1,7,8,690.857,0.975909,4340.78,0,0,0,0,0,0,0
2405,#d4695d,settled,1,16,17,691.681,1.83792,4345.96,0,0,0,0,0,0,0
2406,#9dbe83,settled,1,72,50,828.63,5.44789,5206.44,0,0,0,0,0,0,0
2407,#6660aa,settled,1,14,14,350.087,1.15992,2199.66,0,0,0,22,22,0,0
2408,#e2b5d1,settled,1,9,10,689.532,25.4907,4332.45,0,0,0,55,55,0,0
2409,#aa5745,settled,2,56,49,940.418,38.2187,5908.82,0,0,0,0,0,6,3
2410,#73ac6b,settled,1,8,9,949.765,15.7722,5967.55,0,0,0,0,0,0,0
2411,#ef4e93,settled,1,19,17,1024.86,3.7328,6439.39,0,0,0,0,0,0,0
2412,#b8a3b9,settled,1,9,10,1032.29,1.37468,6486.06,0,0,0,0,0,0,0
2413,#8046e0,settled,1,8,9,1008,1.43898,6333.43,0,0,0,0,0,0,0
2414,#499b54,settled,1,20,18,1013.32,3.05174,6366.86,0,0,0,0,0,0,0
2415,#c5f07a,settled,1,27,20,1020.85,2.36504,6414.2,0,0,0,0,0,0,0
2416,#8e92a1,settled,1,20,18,1025.87,3.19713,6445.74,0,0,0,0,0,0,0
2417,#56e7c8,settled,1,77,55,1019.46,2.41855,6405.43,0,0,0,0,0,0,0
2418,#d289ef,settled,1,55,37,991.473,2.92172,6229.61,0,0,0,0,0,0,0
2419,#9bde62,settled,1,32,27,907.117,2.76968,5699.58,0,0,0,10,10,0,0
2420,#648089,settled,1,30,26,906.149,1.99592,5693.5,0,0,0,10,10,0,0
2421,#e0d5b0,settled,1,22,19,900.835,1.94333,5660.12,0,0,0,0,0,0,0
2422,#a877d7,settled,1,17,17,1004.22,2.46842,6309.68,0,0,0,0,0,0,0
2423,#71cd4a,settled,1,166,105,854.616,8.5166,5369.71,0,0,0,0,0,0,0
2424,#ed6e72,settled,1,44,37,760.194,1.965,4776.44,0,0,0,156,156,0,0
2425,#b6c498,settled,1,106,67,756.426,2.99043,4752.77,0,0,0,156,156,0,0
2426,#7e66bf,settled,1,28,24,689.159,1.81151,4330.12,0,0,0,0,0,0,0
2427,#47bbe6,settled,1,86,60,688.822,4.0558,4328,0,0,0,0,0,0,0
2428,#c35d5a,settled,1,74,50,690.823,13.7261,4340.57,0,0,0,0,0,0,0
2429,#8cb280,settled,1,34,26,614.006,1.32097,3857.91,0,0,0,42,42,0,0
2430,#5454a8,settled,1,10,10,612.799,0.968822,3850.33,0,0,0,19,19,0,0
2431,#d0a9ce,settled,2,141,96,609.965,53.4706,3832.52,0,0,0,542,542,0,0
2432,#994b42,settled,1,69,48,1375.18,23.433,8640.54,0,0,0,835,835,0,0
2433,#62a169,settled,1,28,26,1373.9,1.78105,8632.47,0,0,0,144,144,0,0
2434,#dd4290,settled,1,18,15,1351.78,2.42718,8493.49,0,0,0,79,79,0,0
2435,#a697b6,settled,1,68,50,1255.54,11.0718,7888.77,0,0,0,0,0,0,0
2436,#6feddd,settled,1,24,19,1244.53,2.7944,7819.58,0,0,0,0,0,0,0
2437,#eb8e51,settled,1,76,50,1278.98,10.3895,8036.08,0,0,0,0,0,0,0
2438,#b3e477,settled,1,76,50,1269.13,6.91092,7974.2,0,0,0,0,0,0,0
2439,#7c869e,settled,1,85,57,1145.54,6.16568,7197.64,0,0,0,0,0,0,0
2440,#45dbc5,settled,1,44,35,1111.79,4.17048,6985.56,0,0,0,0,0,0,0
2441,#c17dec,settled,1,12,11,1157.04,2.62641,7269.87,0,0,0,0,0,0,0
2442,#89d25f,settled,1,22,19,1156.87,2.73109,7268.8,0,0,0,0,0,0,0
2443,#527487,settled,1,36,32,1117.74,5.1183,7022.97,0,0,0,0,0,0,0
2444,#cec9ad,settled,1,34,25,1168.63,2.71589,7342.72,0,0,0,0,0,0,0
2445,#976bd4,settled,1,39,29,1208.24,4.52077,7591.57,0,0,0,0,0,0,0
2446,#5fc148,settled,1,50,37,1216.14,2.44493,7641.21,0,0,0,0,0,0,0
2447,#db626f,settled,1,11,12,1057.55,3.30135,6644.8,0,0,0,0,0,0,0
2448,#a4b895,settled,1,16,16,1083.79,3.319,6809.68,0,0,0,0,0,0,0
2449,#6d5abd,settled,1,21,18,1027.42,3.39568,6455.46,0,0,0,0,0,0,0
2450,#e9afe3,settled,1,32,27,890.07,0.99596,5592.47,0,0,0,0,0,0,0
2451,#b15157,settled,1,24,21,906.056,2.31777,5692.92,0,0,0,0,0,0,0
2452,#7aa67e,settled,1,36,31,740.296,4.46656,4651.42,0,0,0,0,0,0,0
2453,#4348a5,settled,1,33,27,735.215,2.95625,4619.49,0,0,0,0,0,0,0
2454,#bf9dcb,settled,1,151,96,493.39,6.63732,3100.06,0,0,0,541,541,0,0
2455,#873f3f,settled,1,15,14,481.479,1.50053,3025.22,0,0,0,52,52,0,0
2456,#509566,settled,1,52,37,455.45,8.86487,2861.68,0,0,0,0,0,0,0
2457,#cce98c,settled,1,8,9,458.945,4.07971,2883.64,0,0,0,27,27,0,0
2458,#958cb3,settled,1,16,14,804.66,1.47973,5055.83,0,0,0,22,22,0,0
2459,#5de1da,settled,1,11,11,1289.58,1.69351,8102.66,0,0,0,0,0,0,0
2460,#d9824e,settled,1,169,105,1309.44,5.60872,8227.46,0,0,0,0,0,0,0
2461,#a2d874,settled,1,72,50,1139.05,10.3561,7156.89,0,0,0,0,0,0,0
2462,#6b7a9c,settled,1,68,50,1130.47,11.5043,7102.94,0,0,0,0,0,0,0
2463,#e7cfc2,settled,1,10,12,1149.87,2.34788,7224.82,0,0,0,0,0,0,0
2464,#af71e9,settled,1,74,50,1138.2,3.40867,7151.54,0,0,0,0,0,0,0
2465,#78c65d,settled,1,24,20,1140.6,2.48933,7166.6,0,0,0,0,0,0,0
2466,#416984,settled,1,20,21,750.748,4.55417,4717.09,0,0,0,0,0,0,0
2467,#bdbdaa,settled,1,30,25,743.933,1.61997,4674.27,0,0,0,0,0,0,0
2468,#855fd2,settled,1,55,40,828.117,7.45747,5203.22,0,0,0,0,0,0,0
2469,#4eb545,settled,1,52,39,686.909,3.69954,4315.98,0,0,0,0,0,0,0
2470,#ca566c,settled,1,10,10,684.862,2.26385,4303.11,0,0,0,12,12,0,0
2471,#93ac93,settled,1,42,31,684.058,4.68384,4298.06,0,0,0,12,12,0,0
2472,#5b4eba,settled,1,32,25,528.767,3.20995,3322.34,0,0,0,14,14,0,0
2473,#d7a3e0,settled,1,277,168,529.035,12.0932,3324.03,0,0,0,14,14,0,0
2474,#a04554,settled,1,165,98,64.6948,5.08791,406.489,0,0,0,0,0,0,0
2475,#699a7b,settled,1,13,13,1265.61,1.33124,7952.09,0,0,0,0,0,0,0
2476,#e4efa1,settled,1,14,13,1312.51,1.26063,8246.77,0,0,0,42,42,0,0
2477,#ad91c8,settled,1,26,28,1186.65,29.5645,7455.96,0,0,0,0,0,0,0
2478,#76e7ef,settled,1,17,16,1196.37,3.01593,7516.99,0,0,0,0,0,0,0
2479,#f28863,settled,1,37,28,976.668,3.3294,6136.59,0,0,0,0,0,0,0
2480,#badd89,settled,1,145,93,938.589,7.45886,5897.33,0,0,0,0,0,0,0
2481,#8380b1,settled,1,68,52,933.865,4.44073,5867.64,0,0,0,0,0,0,0
2482,#4cd5d7,settled,1,136,88,871.31,8.23578,5474.6,0,0,0,144,144,0,0
2483,#c8774b,settled,1,15,13,608.335,15.5578,3822.28,0,0,0,0,0,0,0
2484,#90cc72,settled,1,35,26,571.752,11.3817,3592.42,0,0,0,0,0,0,0
2485,#596e99,settled,1,24,19,1260.21,3.26775,7918.12,0,0,0,0,0,0,0
2486,#d5c3bf,settled,1,54,41,1257.57,2.44468,7901.52,0,0,0,0,0,0,0
2487,#9e65e7,settled,1,9,10,1259.95,1.33992,7916.53,0,0,0,0,0,0,0
2488,#66ba5a,settled,1,70,49,1269.2,13.7586,7974.62,0,0,0,0,0,0,0
2489,#e25c81,settled,1,64,50,1335.19,28.3086,8389.24,0,0,0,0,0,0,0
2490,#abb1a8,settled,1,19,18,1320.41,3.98923,8296.37,0,0,0,0,0,0,0
2491,#7454cf,settled,1,22,21,1332.4,6.83906,8371.7,0,0,0,0,0,0,0
2492,#f0a842,settled,1,32,29,1325.88,7.17174,8330.74,0,0,0,0,0,0,0
2493,#b84a69,settled,1,26,21,1146.65,3.1139,7204.58,0,0,0,0,0,0,0
2494,#81a090,settled,1,63,46,1148.69,3.96973,7217.45,0,0,0,0,0,0,0
2495,#4a42b7,settled,1,220,132,1152.64,5.21851,7242.23,0,0,0,0,0,0,0
2496,#c697dd,settled,1,31,27,1162.02,2.85327,7301.19,0,0,0,0,0,0,0
2497,#8eec51,settled,1,22,17,1011.73,1.94027,6356.88,0,0,0,0,0,0,0
2498,#578e78,settled,1,13,14,986.845,1.21346,6200.53,0,0,0,0,0,0,0
2499,#d3e39e,settled,1,20,18,987.1,1.6298,6202.13,0,0,0,0,0,0,0
2500,#9c85c6,settled,1,78,50,1003.33,1.82429,6304.1,0,0,0,0,0,0,0
2501,#64dbec,settled,1,17,15,1002.51,2.11434,6298.95,0,0,0,0,0,0,0
2502,#e07c60,settled,1,11,11,983.486,2.1069,6179.42,0,0,0,0,0,0,0
2503,#a9d287,settled,2,58,49,1061,24.2056,6666.45,0,0,0,0,0,0,0
2504,#7274ae,settled,1,68,50,906.488,3.96366,5695.63,0,0,0,0,0,0,0
2505,#eec8d4,settled,1,16,15,916.458,2.60236,5758.28,0,0,0,0,0,0,0
2506,#b66b48,settled,1,36,28,909.987,3.97203,5717.62,0,0,0,0,0,0,0
2507,#7fc06f,settled,1,163,105,939.771,8.48139,5904.76,0,0,0,0,0,0,0
2508,#486296,settled,10,1523,956,479.509,179.696,3012.84,0,0,0,0,0,206,14
2509,#c4b7bd,settled,1,8,9,1370.06,1.41735,8608.34,0,0,0,0,0,0,0
2510,#8c59e4,settled,1,78,57,1368.41,2.10111,8597.95,0,0,0,0,0,0,0
2511,#55af57,settled,1,37,32,1379.07,2.71952,8664.98,0,0,0,0,0,0,0
2512,#d1507e,settled,11,793,576,1166.68,116.798,7330.46,0,0,0,0,0,85,5
2513,#9aa5a5,settled,1,19,19,1046.54,3.3775,6575.59,0,0,0,0,0,0,0
2514,#6248cc,settled,1,12,12,1103.96,2.68978,6936.4,0,0,0,0,0,0,0
2515,#de9c3f,settled,1,90,60,1079.16,5.54225,6780.56,0,0,0,0,0,0,0
2516,#a7f266,settled,1,29,24,1040.99,2.8755,6540.71,0,0,0,4,4,0,0
2517,#70948d,settled,1,26,23,1039.19,2.5682,6529.42,0,0,0,4,4,0,0
2518,#ebe9b3,settled,1,93,74,1068.1,3.93588,6711.1,0,0,0,126,126,0,0
2519,#b48bdb,settled,1,74,50,369.317,11.1065,2320.49,0,0,0,0,0,0,0
2520,#7de04e,settled,1,109,70,776.796,5.23173,4880.75,0,0,0,0,0,0,0
2521,#468275,settled,1,65,50,500.113,1.77695,3142.3,0,0,0,0,0,0,0
2522,#c1d79c,settled,1,16,15,1174.52,1.95547,7379.75,0,0,0,0,0,0,0
2523,#8a79c3,settled,1,19,18,939.535,3.4318,5903.27,0,0,0,0,0,0,0
2524,#53cfe9,settled,1,53,39,898.388,3.0061,5644.74,0,0,0,233,233,0,0
2525,#cf705d,settled,1,18,16,872.708,3.38613,5483.38,0,0,0,0,0,0,0
2526,#97c684,settled,1,22,19,822.764,10.8084,5169.58,0,0,0,28,28,0,0
2527,#6068ab,settled,1,16,15,818.885,2.1155,5145.21,0,0,0,28,28,0,0
2528,#dcbdd2,settled,1,185,110,719.807,5.75486,4522.68,0,0,0,46,46,0,0
2529,#a55f46,settled,1,39,34,719.311,4.16259,4519.57,0,0,0,46,46,0,0
2530,#6db46c,settled,1,8,9,717.779,1.62406,4509.94,0,0,0,0,0,0,0
2531,#e95693,settled,1,9,9,707.77,1.54062,4447.05,0,0,0,0,0,0,0
2532,#b2abba,settled,1,32,28,711.648,2.88832,4471.42,0,0,0,39,39,0,0
2533,#7b4de1,settled,1,49,36,703.045,2.9934,4417.36,0,0,0,73,73,0,0
2534,#43a354,settled,1,72,50,697.866,10.811,4384.82,0,0,0,201,201,0,0
2535,#bf447b,settled,1,30,24,644.656,3.54821,4050.49,0,0,0,0,0,0,0
2536,#889aa2,settled,1,16,15,648.638,2.39635,4075.51,0,0,0,0,0,0,0
2537,#51efc8,settled,1,60,44,605.527,3.66989,3804.64,0,0,0,0,0,0,0
2538,#cd90f0,settled,2,146,100,1371.54,13.2647,8617.62,0,0,0,0,0,0,0
2539,#95e663,settled,1,9,10,1400.62,3.65826,8800.37,0,0,0,75,75,0,0
2540,#5e888a,settled,1,8,10,1398.85,3.68618,8789.22,0,0,0,77,77,0,0
2541,#daddb1,settled,1,21,19,1398.91,3.19332,8789.61,0,0,0,138,138,0,0
2542,#a37fd8,settled,1,20,20,1437.73,3.05069,9033.51,0,0,0,159,159,0,0
2543,#6bd44b,settled,1,20,19,833.856,2.36125,5239.27,0,0,0,0,0,0,0
2544,#e77672,settled,1,15,15,857.469,1.95983,5387.64,0,0,0,0,0,0,0
2545,#b0cb99,settled,1,30,24,836.419,2.21885,5255.37,0,0,0,0,0,0,0
2546,#796dc0,settled,1,36,27,833.73,1.57838,5238.48,0,0,0,0,0,0,0
2547,#41c3e7,settled,1,100,67,834.17,4.58913,5241.25,0,0,0,743,743,0,0
2548,#bd645b,settled,1,16,14,835.687,1.77971,5250.77,0,0,0,103,103,0,0
2549,#86ba81,settled,1,209,125,863.231,4.24255,5423.84,0,0,0,0,0,0,0
2550,#4f5ca8,settled,1,18,17,806.097,1.49864,5064.86,0,0,0,0,0,0,0
2551,#cbb1cf,settled,1,27,21,752.37,1.9641,4727.28,0,0,0,0,0,0,0
2552,#935343,settled,2,137,103,744.189,56.8395,4675.88,0,0,0,36,36,10,0
2553,#5ca869,settled,1,24,20,722.514,4.0953,4539.69,0,0,0,36,36,0,0
2554,#d84a90,settled,1,151,87,761.443,4.18362,4784.29,0,0,0,0,0,0,0
2555,#a19fb7,settled,1,17,14,751.264,2.72245,4720.33,0,0,0,0,0,0,0
2556,#6941de,settled,1,22,22,729.467,3.44794,4583.38,0,0,0,0,0,0,0
2557,#e59651,settled,1,11,11,751.457,1.78434,4721.55,0,0,0,0,0,0,0
2558,#aeeb78,settled,1,48,33,751.293,3.50395,4720.51,0,0,0,35,35,0,0
2559,#778e9f,settled,1,27,22,749.226,3.6345,4707.52,0,0,0,22,22,0,0
2560,#3fe3c6,settled,1,19,19,750.088,2.13273,4712.94,0,0,0,13,13,0,0
2561,#bb85ed,settled,1,29,28,748.936,2.70226,4705.7,0,0,0,0,0,0,0
2562,#84da60,settled,1,22,19,747.609,2.77984,4697.37,0,0,0,34,34,0,0
2563,#4d7c87,settled,1,160,95,745.537,4.16399,4684.35,0,0,0,34,34,0,0
2564,#c8d1ae,settled,1,78,49,1418.69,2.89858,8913.91,0,0,0,588,588,0,0
2565,#9173d5,settled,1,8,9,1416.13,0.781427,8897.78,0,0,0,61,61,0,0
2566,#5ac848,settled,2,131,102,1371.77,66.1518,8619.06,0,0,0,1492,1492,0,0
2567,#d66a70,settled,1,28,25,1368.28,2.47232,8597.16,0,0,0,78,78,0,0
2568,#9ebf96,settled,1,38,31,1367.49,3.3364,8592.18,0,0,0,127,127,0,0
2569,#6762bd,settled,1,10,11,1350.25,1.57658,8483.85,0,0,0,25,25,0,0
2570,#e3b6e4,settled,1,52,39,1352.25,2.34765,8496.47,0,0,0,175,175,0,0
2571,#ac5858,settled,1,25,23,1338.46,1.7229,8409.77,0,0,0,59,59,0,0
2572,#74ae7e,settled,1,76,53,1388.03,3.90513,8721.25,0,0,0,15,15,0,0
2573,#f04fa5,settled,1,27,22,1388.72,2.8257,8725.58,0,0,0,15,15,0,0
2574,#b9a5cc,settled,1,97,61,1394.29,3.82126,8760.57,0,0,0,120,120,0,0
2575,#824740,settled,1,12,13,1102.17,1.62047,6925.16,0,0,0,0,0,0,0
2576,#4a9c66,settled,1,25,23,1109.49,3.04418,6971.16,0,0,0,0,0,0,0
2577,#c6f18d,settled,1,41,33,1526.91,2.00583,9593.89,0,0,0,0,0,0,0
2578,#8f93b4,settled,1,26,23,1584.53,1.48641,9955.88,0,0,0,0,0,0,0
2579,#58e9db,settled,1,130,79,1219.94,3.35386,7665.09,0,0,0,0,0,0,0
2580,#d48a4f,settled,1,33,27,1267.75,1.28325,7965.49,0,0,0,0,0,0,0
2581,#9ce075,settled,1,89,60,1263.31,4.21699,7937.6,0,0,0,97,97,0,0
2582,#65829c,settled,1,8,9,1156.7,14.5333,7267.76,0,0,0,71,71,0,0
2583,#e1d6c3,settled,1,67,50,1150.01,12.97,7225.71,0,0,0,16,16,0,0
2584,#aa79ea,settled,1,69,50,1162.99,14.2093,7307.3,0,0,0,10,10,0,0
2585,#72ce5d,settled,1,49,42,1155.83,3.36463,7262.3,0,0,0,53,53,0,0
2586,#ee7085,settled,1,70,50,1198.8,16.7421,7532.28,0,0,0,0,0,0,0
2587,#b7c5ab,settled,1,8,9,1158.61,1.19347,7279.77,0,0,0,0,0,0,0
2588,#8067d2,settled,1,169,104,1108.82,6.23431,6966.92,0,0,0,0,0,0,0
2589,#48bd46,settled,1,82,56,1074.13,4.40726,6748.95,0,0,0,0,0,0,0
2590,#c45e6d,settled,1,44,31,1078.27,3.91323,6774.94,0,0,0,0,0,0,0
2591,#8db393,settled,1,52,40,1090.35,6.07102,6850.86,0,0,0,0,0,0,0
2592,#5656ba,settled,1,26,23,1094.49,0.718467,6876.88,0,0,0,0,0,0,0
2593,#d2aae1,settled,1,16,18,1125.47,3.09836,7071.53,0,0,0,0,0,0,0
2594,#9a4d55,settled,1,22,19,1142.01,2.63937,7175.46,0,0,0,0,0,0,0
2595,#63a27b,settled,1,34,25,1145.1,1.42667,7194.85,0,0,0,0,0,0,0
2596,#df43a3,settled,1,41,30,1144.91,2.08154,7193.67,0,0,0,0,0,0,0
2597,#a899c9,settled,1,29,25,1123.81,4.55887,7061.14,0,0,0,0,0,0,0
2598,#70eef0,settled,1,75,52,1125.84,4.97793,7073.88,0,0,0,0,0,0,0
2599,#ec9064,settled,1,34,30,1127.77,5.73508,7085.97,0,0,0,0,0,0,0
2600,#b5e58a,settled,1,54,44,1132.94,19.6927,7118.47,0,0,0,0,0,0,0
2601,#7e87b1,settled,1,10,11,1126.1,1.8971,7075.5,0,0,0,0,0,0,0
2602,#46ddd8,settled,1,28,22,1126.72,3.60184,7079.37,0,0,0,0,0,0,0
2603,#c27e4c,settled,1,11,16,1112.89,2.53451,6992.51,0,0,0,0,0,0,0
2604,#8bd472,settled,1,31,24,1099.91,2.98942,6910.91,0,0,0,6,6,0,0
2605,#54769a,settled,1,39,29,1100.12,4.38332,6912.28,0,0,0,6,6,0,0
2606,#cfcbc0,settled,1,15,13,1100.79,3.44994,6916.49,0,0,0,0,0,0,0
2607,#986de7,settled,1,16,16,1102.31,2.40101,6926,0,0,0,0,0,0,0
2608,#61c25b,settled,1,56,40,1089.14,2.26115,6843.29,0,0,0,0,0,0,0
2609,#dd6482,settled,1,10,11,1111.09,4.31356,6981.21,0,0,0,0,0,0,0
2610,#a5b9a8,settled,1,22,20,1028.53,2.07563,6462.45,0,0,0,0,0,0,0
2611,#6e5bcf,settled,1,11,12,1028.12,1.57659,6459.87,0,0,0,0,0,0,0
2612,#eab043,settled,1,22,20,1036.61,2.86316,6513.21,0,0,0,0,0,0,0
2613,#b3526a,settled,1,20,19,1056.96,1.87796,6641.08,0,0,0,0,0,0,0
2614,#7ba890,settled,1,27,22,1020.12,3.07659,6409.6,0,0,0,0,0,0,0
2615,#444ab8,settled,1,24,21,1016.78,3.94296,6388.59,0,0,0,0,0,0,0
2616,#c09ede,settled,1,22,21,1067.94,3.44833,6710.06,0,0,0,0,0,0,0
2617,#894152,settled,1,77,50,1028.38,8.45935,6461.51,0,0,0,0,0,0,0
2618,#519679,settled,1,28,28,1071.45,1.52335,6732.15,0,0,0,0,0,0,0
2619,#cdeb9f,settled,1,84,57,1068.34,2.54239,6712.57,0,0,0,0,0,0,0
2620,#968dc6,settled,1,38,31,1063.42,1.68494,6681.68,0,0,0,0,0,0,0
2621,#5fe2ed,settled,1,28,23,1067.24,2.83395,6705.65,0,0,0,6,6,0,0
2622,#db8461,settled,1,100,66,1039.02,8.16175,6528.34,0,0,0,190,190,0,0
2623,#a3d987,settled,1,62,45,1036.87,5.82252,6514.82,0,0,0,74,74,0,0
2624,#6c7baf,settled,1,60,50,1050.59,16.093,6601.07,0,0,0,43,43,0,0
2625,#e8d0d5,settled,1,313,192,1056.91,12.1587,6640.76,0,0,0,2,2,0,0
2626,#b17249,settled,1,60,47,1049.85,22.3961,6596.37,0,0,0,266,266,0,0
2627,#79c870,settled,1,17,19,1057.62,5.48692,6645.25,0,0,0,2,2,0,0
2628,#426a97,settled,1,9,11,1059.2,6.31465,6655.14,0,0,0,6,6,0,0
2629,#bebfbd,settled,1,46,33,1049.01,7.28715,6591.15,0,0,0,0,0,0,0
2630,#8761e4,settled,1,9,12,1063.83,1.31068,6684.24,0,0,0,0,0,0,0
2631,#4fb658,settled,1,33,27,1072.64,1.69907,6739.57,0,0,0,0,0,0,0
2632,#cb587f,settled,1,28,29,1068.37,4.80364,6712.75,0,0,0,0,0,0,0
2633,#94ada5,settled,1,28,23,1073.68,0.776547,6746.15,0,0,0,0,0,0,0
2634,#5d4fcd,settled,1,24,21,1063.36,2.78742,6681.27,0,0,0,0,0,0,0
2635,#d9a440,settled,1,88,63,1061.6,5.92631,6670.26,0,0,0,0,0,0,0
2636,#a14667,settled,1,22,19,1062.22,4.71593,6674.12,0,0,0,0,0,0,0
2637,#6a9c8e,settled,1,399,227,1057.85,7.53026,6646.68,0,0,0,45,45,0,0
2638,#e6f0b4,settled,1,35,31,1063.11,3.54103,6679.71,0,0,0,0,0,0,0
2639,#af93db,settled,1,19,17,1075.56,1.31753,6757.94,0,0,0,0,0,0,0
2640,#77e84f,settled,1,56,40,1071.65,1.84067,6733.38,0,0,0,0,0,0,0
2641,#408a76,settled,1,130,78,1059.26,4.65688,6655.52,0,0,0,0,0,0,0
2642,#bcdf9c,settled,1,67,49,1073.21,3.26628,6743.18,0,0,0,0,0,0,0
2643,#8581c4,settled,1,24,20,1087.21,2.6077,6831.13,0,0,0,0,0,0,0
2644,#4dd6ea,settled,1,58,46,1064.23,13.0735,6686.72,0,0,0,70,70,0,0
2645,#c9785e,settled,1,13,16,1053.47,4.06494,6619.17,0,0,0,0,0,0,0
2646,#92cd85,settled,1,78,57,1070.78,4.24966,6727.94,0,0,0,70,70,0,0
2647,#5b70ac,settled,1,127,88,1117.49,9.24211,7021.4,0,0,0,0,0,0,0
2648,#d6c4d2,settled,1,21,17,1106.44,4.01106,6951.97,0,0,0,0,0,0,0
2649,#9f6646,settled,1,33,25,1108.1,3.55884,6962.4,0,0,0,0,0,0,0
2650,#68bc6d,settled,7,652,431,1231.92,162.14,7740.38,0,0,0,0,0,40,19
2651,#e45d94,settled,1,24,20,1139.2,24.5864,7157.79,0,0,0,0,0,0,0
2652,#acb3ba,settled,1,21,18,1216.95,3.42846,7646.34,0,0,0,0,0,0,0
2653,#7555e2,settled,1,12,14,1315.82,24.5223,8267.52,0,0,0,0,0,0,0
2654,#f1aa55,settled,1,11,12,1405.24,30.5625,8829.37,0,0,0,0,0,0,0
2655,#ba4c7c,settled,1,11,11,1516.71,20.3421,9529.77,0,0,0,0,0,0,0
2656,#82a1a3,settled,2,125,100,1697.69,20.8209,10666.9,0,0,0,0,0,0,0
2657,#4b43ca,settled,1,60,50,1675.36,7.66567,10526.6,0,0,0,0,0,0,0
2658,#c798f0,settled,1,19,17,1677.63,2.69244,10540.9,0,0,0,0,0,0,0
2659,#90ee64,settled,1,24,22,1497.78,4.41942,9410.83,0,0,0,0,0,0,0
2660,#58908b,settled,1,65,54,1478.76,6.43906,9291.33,0,0,0,0,0,0,0
2661,#d4e4b1,settled,1,30,24,1482.29,2.28893,9313.48,0,0,0,0,0,0,0
2662,#9d87d9,settled,1,27,22,1351.88,2.23954,8494.13,0,0,0,29,29,0,0
2663,#66dc4c,settled,1,115,71,1343,4.9038,8438.3,0,0,0,0,0,0,0
2664,#e27e73,settled,1,18,16,1142.8,0.904541,7180.41,0,0,0,0,0,0,0
2665,#aad39a,settled,1,21,22,1130.11,1.39037,7100.69,0,0,0,0,0,0,0
2666,#7375c1,settled,1,190,118,1113.25,4.76507,6994.73,0,0,0,0,0,0,0
2667,#efcae7,settled,1,32,25,1214.1,4.45547,7628.4,0,0,0,0,0,0,0
2668,#b86c5b,settled,1,47,36,1095.32,3.95383,6882.13,0,0,0,0,0,0,0
2669,#80c182,settled,1,23,20,1093.62,1.40705,6871.41,0,0,0,0,0,0,0
2670,#4964a9,settled,1,223,128,1168.13,1.76148,7339.59,0,0,0,0,0,0,0
2671,#c5b8cf,settled,1,11,12,1191.98,1.56321,7489.41,0,0,0,0,0,0,0
2672,#8e5b43,settled,1,16,14,1182.59,1.54324,7430.44,0,0,0,23,23,0,0
2673,#56b06a,settled,1,26,23,1183.42,4.13832,7435.66,0,0,0,23,23,0,0
2674,#d25191,settled,1,49,34,1192.55,2.61512,7492.98,0,0,0,8,8,0,0
2675,#9ba7b8,settled,1,151,93,1193.1,2.82468,7496.5,0,0,0,26,26,0,0
2676,#6449df,settled,1,24,19,1192.83,2.03352,7494.74,0,0,0,18,18,0,0
2677,#e09e52,settled,1,112,71,1176.23,2.60611,7390.45,0,0,0,0,0,0,0
2678,#a84079,settled,1,85,55,1209.78,3.19308,7601.29,0,0,0,0,0,0,0
2679,#7195a0,settled,1,14,15,1146.63,2.3447,7204.47,0,0,0,0,0,0,0
2680,#edeac6,settled,1,27,22,1146.39,2.32339,7203,0,0,0,0,0,0,0
2681,#b68cee,settled,1,60,44,1147.83,2.40077,7212.01,0,0,0,0,0,0,0
2682,#7ee261,settled,1,19,17,1193.1,2.25771,7496.5,0,0,0,0,0,0,0
2683,#478488,settled,1,63,46,1198.92,10.6816,7533.02,0,0,0,0,0,0,0
2684,#c3d9af,settled,1,69,50,1288.28,21.0238,8094.47,0,0,0,89,89,0,0
2685,#8c7bd6,settled,1,101,62,1724.85,3.99699,10837.6,0,0,0,0,0,0,0
2686,#54d049,settled,1,144,91,1689.08,6.58676,10612.8,0,0,0,378,378,0,0
2687,#d07270,settled,1,22,18,1683.06,2.90991,10575,0,0,0,24,24,0,0
2688,#99c797,settled,1,28,23,1688.08,1.86896,10606.5,0,0,0,101,101,0,0
2689,#6269be,settled,1,146,89,1671.43,0.716595,10501.9,0,0,0,343,343,0,0
2690,#ddbee4,settled,1,43,35,1681.23,3.30308,10563.5,0,0,0,52,52,0,0
2691,#a66058,settled,1,12,14,1679.32,2.54851,10551.5,0,0,0,12,12,0,0
2692,#6fb67f,settled,1,72,50,1610.16,14.9318,10116.9,0,0,0,0,0,0,0
2693,#eb57a6,settled,1,7,9,1616.3,7.44669,10155.5,0,0,0,29,29,0,0
2694,#b3accd,settled,2,159,114,1544.24,27.7137,9702.77,0,0,0,0,0,0,0
2695,#7c4f41,settled,1,7,9,1472.24,13.9639,9250.35,0,0,0,0,0,0,0
2696,#45a467,settled,1,41,31,1385.8,2.02366,8707.22,0,0,0,0,0,0,0
2697,#c1468e,settled,1,60,42,1424.57,7.02037,8950.82,0,0,0,0,0,0,0
2698,#899bb5,settled,1,118,87,1288.66,8.71314,8096.87,0,0,0,0,0,0,0
2699,#52f0db,settled,1,304,176,1320.89,5.70569,8299.39,0,0,0,393,393,0,0
2700,#ce924f,settled,1,50,50,1315.8,19.7623,8267.39,0,0,0,4,4,0,0
2701,#97e776,settled,1,55,44,1308.19,8.23714,8219.6,0,0,0,0,0,0,0
2702,#5f899d,settled,1,9,11,1243.89,8.50087,7815.6,0,0,0,0,0,0,0
2703,#dbdec4,settled,1,68,50,1676.77,5.31108,10535.5,0,0,0,0,0,0,0
2704,#a480eb,settled,1,45,36,1608.1,10.7751,10104,0,0,0,0,0,0,0
2705,#6dd65e,settled,1,165,105,1589.94,7.18739,9989.9,0,0,0,249,249,0,0
2706,#e97785,settled,1,37,27,1594.32,2.24735,10017.4,0,0,0,0,0,0,0
2707,#b1cdac,settled,1,24,21,1594.9,2.23877,10021,0,0,0,0,0,0,0
2708,#7a6fd3,settled,1,16,14,1647.34,2.39434,10350.6,0,0,0,0,0,0,0
2709,#43c446,settled,1,26,21,1626.75,2.12898,10221.2,0,0,0,0,0,0,0
2710,#bf666d,settled,1,147,95,1585.52,1.19236,9962.1,0,0,0,187,187,0,0
2711,#87bb94,settled,1,124,88,1621.81,61.6113,10190.1,0,0,0,2253,2253,0,0
2712,#505dbb,settled,1,14,15,1594.61,1.99132,10019.2,0,0,0,48,48,0,0
2713,#ccb2e2,settled,1,9,10,1590.45,1.58574,9993.06,0,0,0,0,0,0,0
2714,#955456,settled,1,16,15,1594.73,2.35093,10020,0,0,0,81,81,0,0
2715,#5daa7c,settled,1,44,33,1591.91,3.44006,10002.2,0,0,0,32,32,0,0
2716,#d94ba3,settled,1,20,20,1590.69,2.81453,9994.61,0,0,0,32,32,0,0
2717,#a2a1ca,settled,1,74,50,1616.07,14.1012,10154.1,0,0,0,729,729,0,0
2718,#6b43f1,settled,1,266,168,1621.45,4.64611,10187.9,0,0,0,782,782,0,0
2719,#e79764,settled,1,9,11,1615.75,2.44395,10152,0,0,0,0,0,0,0
2720,#afed8b,settled,1,11,11,1622.42,1.57603,10194,0,0,0,0,0,0,0
2721,#788fb2,settled,1,29,29,1609.85,26.3257,10115,0,0,0,843,843,0,0
2722,#41e4d9,settled,1,40,29,1618.02,3.24589,10166.3,0,0,0,45,45,0,0
2723,#bd864d,settled,1,19,18,1592.99,2.24832,10009.1,0,0,0,67,67,0,0
2724,#85db73,settled,1,18,20,1619.11,0.801096,10173.1,0,0,0,7,7,0,0
2725,#4e7e9a,settled,1,73,50,1580.15,10.4898,9928.39,0,0,0,766,766,0,0
2726,#cad2c1,settled,1,19,17,1644.86,3.00093,10334.9,0,0,0,0,0,0,0
2727,#9374e8,settled,1,19,17,1619.23,2.66437,10173.9,0,0,0,58,58,0,0
2728,#5bca5b,settled,1,129,84,1601.87,4.07538,10064.8,0,0,0,0,0,0,0
2729,#d76b82,settled,1,316,177,1644.26,5.13247,10331.2,0,0,0,842,842,0,0
2730,#a0c1a9,settled,1,30,25,1615.04,4.41128,10147.6,0,0,0,115,115,0,0
2731,#6963d0,settled,1,21,19,1598.25,1.7525,10042.1,0,0,0,135,135,0,0
2732,#e4b843,settled,1,82,66,1602.42,6.25153,10068.3,0,0,0,380,380,0,0
2733,#ad5a6b,settled,1,63,43,1604.88,3.71448,10083.8,0,0,0,0,0,0,0
2734,#76af91,settled,1,16,15,1603.3,2.49609,10073.8,0,0,0,0,0,0,0
2735,#f251b8,settled,1,17,16,1627.46,1.01056,10225.6,0,0,0,0,0,0,0
2736,#baa6df,settled,1,48,39,1631.21,6.0214,10249.2,0,0,0,0,0,0,0
2737,#834853,settled,1,46,36,1633.66,4.12762,10264.6,0,0,0,0,0,0,0
2738,#4c9e79,settled,1,329,187,1622.63,8.99675,10195.3,0,0,0,0,0,0,0
2739,#c83fa1,settled,1,25,24,1632.44,3.77864,10257,0,0,0,186,186,0,0
2740,#9095c7,settled,1,25,21,1628.9,3.16334,10234.7,0,0,0,137,137,0,0
2741,#59eaee,settled,1,26,22,1621.6,5.23947,10188.8,0,0,0,114,114,0,0
2742,#d58c62,settled,1,15,13,1657.03,1.90121,10411.4,0,0,0,0,0,0,0
2743,#9ee188,settled,1,8,10,1542.85,3.24328,9693.99,0,0,0,0,0,0,0
2744,#6683af,settled,2,68,53,1584.18,27.0291,9953.71,0,0,0,0,0,0,0
2745,#e2d8d6,settled,1,184,108,1552.04,7.15969,9751.74,0,0,0,0,0,0,0
2746,#ab7a4a,settled,1,65,50,1530.86,10.1815,9618.68,0,0,0,0,0,0,0
2747,#74cf70,settled,1,70,49,1646.83,4.4063,10347.4,0,0,0,0,0,0,0
2748,#f07197,settled,1,8,9,1443.83,3.46634,9071.84,0,0,0,61,61,0,0
2749,#b8c6be,settled,1,20,17,1446.16,4.75264,9086.46,0,0,0,24,24,0,0
2750,#8169e5,settled,1,74,55,1512.67,0.389004,9504.37,0,0,0,0,0,0,0
2751,#4abe58,settled,1,34,28,1512.54,2.80419,9503.58,0,0,0,0,0,0,0
2752,#c65f80,settled,1,24,21,1513.82,0.189479,9511.58,0,0,0,0,0,0,0
2753,#8eb5a6,settled,1,72,50,1503.36,2.70475,9445.92,0,0,0,0,0,0,0
2754,#5757cd,settled,1,113,86,1498.56,6.91266,9415.76,0,0,0,0,0,0,0
2755,#d3ac41,settled,1,25,20,1479.67,1.9428,9297.04,0,0,0,0,0,0,0
2756,#9c4e68,settled,1,147,95,1533.96,5.92012,9638.16,0,0,0,0,0,0,0
2757,#64a38e,settled,1,29,25,1531.93,48.2875,9625.4,0,0,0,0,0,0,0
2758,#e045b6,settled,1,295,196,1483.47,7.39582,9320.9,0,0,0,0,0,0,0
2759,#a99adc,settled,1,49,41,1461.44,1.25106,9182.49,0,0,0,0,0,0,0
2760,#72f04f,settled,1,16,15,1456.53,1.08295,9151.64,0,0,0,0,0,0,0
2761,#ee9177,settled,1,63,46,1452.09,8.82184,9123.77,0,0,0,0,0,0,0
2762,#b6e79d,settled,1,55,40,1480.25,3.85239,9300.65,0,0,0,0,0,0,0
2763,#7f89c4,settled,1,34,28,1492.14,9.09921,9375.41,0,0,0,0,0,0,0
2764,#48deeb,settled,1,23,21,1555.81,1.41649,9775.44,0,0,0,0,0,0,0
2765,#c4805f,settled,1,71,46,1476.2,4.5464,9275.22,0,0,0,0,0,0,0
2766,#8cd585,settled,1,101,62,1477.93,3.97919,9286.13,0,0,0,0,0,0,0
2767,#5577ac,settled,1,34,28,1422.88,3.23303,8940.22,0,0,0,0,0,0,0
2768,#d1ccd3,settled,1,18,16,1452.44,4.66848,9125.95,0,0,0,68,68,0,0
2769,#9a6e47,settled,1,63,48,1488.23,43.2785,9350.81,0,0,0,16,16,0,0
2770,#62c46d,settled,1,65,50,1483.86,36.0038,9323.34,0,0,0,16,16,0,0
2771,#de6595,settled,1,74,50,1367.26,6.97055,8590.77,0,0,0,28,28,0,0
2772,#a7babb,settled,1,85,59,1365.78,2.2915,8581.46,0,0,0,28,28,0,0
2773,#705de2,settled,3,208,149,1381.87,132.651,8682.52,0,0,0,791,791,46,34
2774,#ebb156,settled,1,38,30,1388.04,2.66025,8721.29,0,0,0,0,0,0,0
2775,#b4547d,settled,1,22,20,1368.44,1.47967,8598.17,0,0,0,26,26,0,0
2776,#7da9a3,settled,1,56,42,1339.05,0.846878,8413.49,0,0,0,0,0,0,0
2777,#464bcb,settled,1,7,9,1420.94,1.22877,8928.04,0,0,0,7,7,0,0
2778,#c1a0f1,settled,1,7,9,1420.08,0.992464,8922.6,0,0,0,0,0,0,0
2779,#8a4265,settled,1,18,17,1418.62,1.78193,8913.42,0,0,0,22,22,0,0
2780,#53978c,settled,1,9,11,1387.82,4.95441,8719.92,0,0,0,0,0,0,0
2781,#cfecb2,settled,1,8,10,1396.8,2.76745,8776.35,0,0,0,47,47,0,0
2782,#978ed9,settled,1,51,36,1395.22,3.21001,8766.42,0,0,0,0,0,0,0
2783,#60e44d,settled,1,137,84,1385.84,5.4627,8707.5,0,0,0,0,0,0,0
2784,#dc8574,settled,1,9,11,1325.67,14.4195,8329.43,0,0,0,0,0,0,0
2785,#a5db9a,settled,2,141,100,1365.78,6.26678,8581.46,0,0,0,0,0,37,0
2786,#6d7dc1,settled,1,65,50,1337.61,25.4387,8404.45,0,0,0,0,0,0,0
2787,#e9d2e8,settled,1,8,11,1340,4.53273,8419.45,0,0,0,0,0,0,0
2788,#b2745c,settled,1,17,16,1342.99,4.06365,8438.23,0,0,0,0,0,0,0
2789,#7bc982,settled,1,65,43,1356.23,5.3122,8521.42,0,0,0,106,106,0,0
2790,#436baa,settled,1,21,23,1359.22,0.933508,8540.25,0,0,0,21,21,0,0
2791,#bfc0d0,settled,1,77,50,1351.34,5.97844,8490.74,0,0,0,82,82,0,0
2792,#886244,settled,1,254,155,1352.87,8.21173,8500.34,0,0,0,96,96,0,0
2793,#51b86b,settled,1,150,92,1347.26,4.03387,8465.06,0,0,0,0,0,0,0
2794,#cd5992,settled,1,104,66,1444.65,3.56796,9077.01,0,0,0,0,0,0,0
2795,#95afb8,settled,1,64,46,1456.02,12.8026,9148.42,0,0,0,0,0,0,0
2796,#5e51e0,settled,1,64,50,1392.63,7.34104,8750.13,0,0,0,133,133,0,0
2797,#daa553,settled,2,161,110,1662.32,36.3334,10444.7,0,0,0,0,0,0,0
2798,#a3487a,settled,1,77,50,1902.3,1.5451,11952.5,0,0,0,0,0,0,0
2799,#6b9da1,settled,1,19,18,1546.88,2.12637,9719.3,0,0,0,109,109,0,0
2800,#e7f2c7,settled,1,32,26,1541.55,2.67393,9685.84,0,0,0,0,0,0,0
2801,#b094ee,settled,1,32,29,1539.95,2.63161,9675.81,0,0,0,0,0,0,0
2802,#79e962,settled,1,18,20,1540.01,2.05593,9676.2,0,0,0,0,0,0,0
2803,#418c89,settled,1,37,31,1538.85,3.09922,9668.85,0,0,0,0,0,0,0
2804,#bde0af,settled,1,62,50,1563.44,11.1812,9823.4,0,0,0,0,0,0,0
2805,#8682d6,settled,1,76,50,1573.63,12.2902,9887.42,0,0,0,0,0,0,0
2806,#4fd84a,settled,1,252,143,1585.7,3.8721,9963.23,0,0,0,0,0,0,0
2807,#cb7971,settled,1,159,100,1505.25,5.33662,9457.76,0,0,0,0,0,0,0
2808,#93cf97,settled,1,18,15,1510.72,2.33471,9492.12,0,0,0,0,0,0,0
2809,#5c71bf,settled,1,12,14,1534.78,0.815637,9643.33,0,0,0,0,0,0,0
2810,#d8c6e5,settled,2,150,103,1520.72,7.15084,9554.95,0,0,0,757,757,0,0
2811,#a16859,settled,1,141,95,1528.48,6.59014,9603.73,0,0,0,0,0,0,0
2812,#69bd80,settled,1,46,36,1532.91,5.33434,9631.55,0,0,0,0,0,0,0
2813,#e55fa7,settled,1,104,65,1565.15,5.57492,9834.15,0,0,0,0,0,0,0
2814,#aeb4cd,settled,1,19,17,1505.27,1.88859,9457.92,0,0,0,0,0,0,0
2815,#775641,settled,1,37,29,1495.52,5.14539,9396.62,0,0,0,0,0,0,0
2816,#3fac68,settled,1,49,39,1467.47,2.2878,9220.37,0,0,0,0,0,0,0
2817,#bb4d8f,settled,1,22,21,1460.01,2.37726,9173.54,0,0,0,0,0,0,0
2818,#84a3b6,settled,1,41,34,1475.81,2.45297,9272.76,0,0,0,0,0,0,0
2819,#4d45dd,settled,1,37,31,1428.02,2.46005,8972.5,0,0,0,0,0,0,0
2820,#c89a50,settled,1,38,31,1399.52,1.45412,8793.46,0,0,0,0,0,0,0
2821,#91ef77,settled,1,19,17,1417.81,2.62207,8908.38,0,0,0,0,0,0,0
2822,#5a919e,settled,1,14,13,1416.14,1.53786,8897.84,0,0,0,0,0,0,0
2823,#d6e6c4,settled,1,50,44,1409.62,8.0192,8856.92,0,0,0,119,119,0,0
2824,#9e88eb,settled,1,70,50,1409.9,26.15,8858.68,0,0,0,902,902,0,0
2825,#67dd5f,settled,1,182,110,1377.74,6.88772,8656.58,0,0,0,1104,1104,0,0
2826,#e37f86,settled,1,29,24,1376.12,2.93553,8646.4,0,0,0,144,144,0,0
2827,#acd4ac,settled,1,67,48,1378.26,4.15563,8659.86,0,0,0,596,596,0,0
2828,#7477d4,settled,1,24,20,1438.25,1.37809,9036.79,0,0,0,0,0,0,0
2829,#f0cb47,settled,1,23,19,1429.48,1.60747,8981.71,0,0,0,23,23,0,0
2830,#b96d6e,settled,1,80,60,1430.04,3.29143,8985.22,0,0,0,114,114,0,0
2831,#82c395,settled,1,12,12,1442.96,2.61194,9066.36,0,0,0,0,0,0,0
2832,#4a65bc,settled,1,26,22,1449.25,3.03603,9105.89,0,0,0,0,0,0,0
2833,#c6bae2,settled,1,59,42,1416.54,6.29949,8900.37,0,0,0,273,273,0,0
2834,#8f5c56,settled,1,7,9,1419.7,3.43476,8920.24,0,0,0,0,0,0,0
2835,#58b17d,settled,1,252,146,1421.47,7.35662,8931.33,0,0,0,273,273,0,0
2836,#d453a4,settled,2,427,247,1287.56,55.5077,8089.98,0,0,0,581,581,41,0
2837,#9ca8cb,settled,1,67,50,1300.76,9.66861,8172.93,0,0,0,67,67,0,0
2838,#654af2,settled,1,115,73,1276.52,4.85212,8020.6,0,0,0,0,0,0,0
2839,#e19f65,settled,1,16,18,1306.23,8.51007,8207.31,0,0,0,41,41,0,0
2840,#aa418c,settled,1,25,22,1257.46,4.35812,7900.83,0,0,0,60,60,0,0
2841,#7297b3,settled,2,100,79,1259.78,24.614,7915.45,0,0,0,93,93,0,0
2842,#eeebd9,settled,1,63,49,1226.11,22.6444,7703.89,0,0,0,0,0,0,0
2843,#b78e4d,settled,1,113,71,1223.58,2.07944,7687.99,0,0,0,0,0,0,0
2844,#80e374,settled,1,27,24,1213.55,2.05049,7624.96,0,0,0,0,0,0,0
2845,#48859b,settled,1,27,24,1324.3,1.50151,8320.82,0,0,0,0,0,0,0
2846,#c4dac1,settled,1,288,169,1315.93,10.8022,8268.25,0,0,0,341,341,0,0
2847,#8d7ce9,settled,2,142,96,1243.19,23.6868,7811.21,0,0,0,0,0,4,0
2848,#56d25c,settled,2,97,88,1585.67,23.5367,9963.03,0,0,0,0,0,0,0
2849,#d27383,settled,3,163,135,1618.4,29.197,10168.7,0,0,0,382,382,44,31
2850,#9ac8aa,settled,1,56,41,1602.86,0.992802,10071.1,0,0,0,64,64,0,0
2851,#636bd1,settled,1,94,59,1604.63,3.4399,10082.2,0,0,0,0,0,0,0
2852,#dfbf44,settled,1,75,50,1612.77,9.08163,10133.4,0,0,0,60,60,0,0
2853,#a8626b,settled,1,53,48,1573.9,9.50054,9889.09,0,0,0,22,22,0,0
2854,#70b792,settled,1,166,106,1579.11,5.21272,9921.83,0,0,0,22,22,0,0
2855,#ec58b9,settled,1,18,18,1558.52,0.927879,9792.46,0,0,0,0,0,0,0
2856,#b5aee0,settled,1,115,68,1493.73,4.46021,9385.41,0,0,0,0,0,0,0
2857,#7e5054,settled,1,69,50,1505.93,8.3364,9462.06,0,0,0,0,0,0,0
2858,#46a57a,settled,1,71,50,1512.54,10.0784,9503.59,0,0,0,18,18,0,0
2859,#c247a1,settled,1,67,47,1516.81,4.37376,9530.4,0,0,0,18,18,0,0
2860,#8b9cc8,settled,1,35,25,1437.4,2.60522,9031.46,0,0,0,0,0,0,0
2861,#54f2ee,settled,1,69,50,1458.84,13.1193,9166.19,0,0,0,4,4,0,0
2862,#cf9362,settled,1,125,76,1447.94,2.10729,9097.65,0,0,0,4,4,0,0
2863,#98e989,settled,1,22,20,1459.38,1.47162,9169.57,0,0,0,0,0,0,0
2864,#618bb0,settled,1,205,118,1455.97,3.7952,9148.12,0,0,0,808,808,0,0
2865,#dde0d6,settled,1,345,195,1464.11,5.40071,9199.28,0,0,0,808,808,0,0
2866,#a5824a,settled,1,20,19,1465.94,1.81827,9210.76,0,0,0,0,0,0,0
2867,#6ed771,settled,1,25,22,1466.37,1.66249,9213.47,0,0,0,0,0,0,0
2868,#ea7998,settled,1,27,23,1445.35,1.74597,9081.4,0,0,0,0,0,0,0
2869,#b3cebf,settled,1,9,11,1335.62,2.0208,8391.95,0,0,0,70,70,0,0
2870,#7b70e6,settled,1,26,21,1336.93,2.31889,8400.18,0,0,0,0,0,0,0
2871,#44c659,settled,1,19,17,1334.34,1.97181,8383.92,0,0,0,85,85,0,0
2872,#c06780,settled,1,56,40,1334.31,3.19709,8383.73,0,0,0,288,288,0,0
2873,#89bda7,settled,1,247,142,1374.23,3.50897,8634.56,0,0,0,0,0,0,0
2874,#515fce,settled,1,21,21,1331.66,3.02909,8367.06,0,0,0,0,0,0,0
2875,#cdb341,settled,1,38,32,1342.6,3.45009,8435.81,0,0,0,431,431,0,0
2876,#965669,settled,1,20,18,1347.1,1.43714,8464.09,0,0,0,0,0,0,0
2877,#5fab8f,settled,1,16,15,1391.68,1.14415,8744.18,0,0,0,0,0,0,0
2878,#db4db6,settled,1,18,17,1398.01,1.80617,8783.96,0,0,0,0,0,0,0
2879,#a3a2dd,settled,3,315,204,1316.36,43.4571,8270.93,0,0,0,9817,9817,22,0
2880,#6c4451,settled,2,131,96,1244.21,32.6307,7817.63,0,0,0,44,44,0,0
2881,#e89977,settled,1,41,31,1249.83,3.38258,7852.94,0,0,0,0,0,0,0
2882,#b1ee9e,settled,1,73,51,1257.85,2.25876,7903.29,0,0,0,0,0,0,0
2883,#7990c5,settled,1,113,72,1272.91,5.71282,7997.95,0,0,0,229,229,0,0
2884,#42e6eb,settled,1,9,9,1273.27,0.631448,8000.18,0,0,0,0,0,0,0
2885,#be875f,settled,1,53,40,1265.39,4.71167,7950.67,0,0,0,0,0,0,0
2886,#87dd86,settled,1,19,20,1269.06,1.15404,7973.74,0,0,0,65,65,0,0
2887,#4f7fad,settled,1,83,53,1261.04,3.80884,7923.37,0,0,0,0,0,0,0
2888,#cbd4d4,settled,1,13,13,1245.32,4.9239,7824.59,0,0,0,0,0,0,0
2889,#947648,settled,1,11,12,1247.47,5.46774,7838.11,0,0,0,33,33,0,0
2890,#5dcb6e,settled,1,17,15,1253.8,5.96926,7877.85,0,0,0,0,0,0,0
2891,#d96d95,settled,1,15,15,1199.02,1.82992,7533.67,0,0,0,0,0,0,0
2892,#a1c2bc,settled,1,19,17,1196.88,2.09887,7520.24,0,0,0,0,0,0,0
2893,#6a64e3,settled,1,70,47,1256.01,7.58986,7891.71,0,0,0,0,0,0,0
2894,#e6b956,settled,1,238,139,1186.79,0.361612,7456.82,0,0,0,0,0,0,0
2895,#af5b7e,settled,1,78,50,1188.81,0.740622,7469.49,0,0,0,0,0,0,0
2896,#77b1a4,settled,1,77,50,1158.46,6.48042,7278.84,0,0,0,124,124,0,0
2897,#4053cb,settled,1,60,42,1165.39,5.55635,7322.37,0,0,0,124,124,0,0
2898,#bca8f2,settled,1,62,47,1167.24,2.58848,7333.97,0,0,0,0,0,0,0
2899,#854a66,settled,2,144,99,1177.13,11.1842,7396.15,0,0,0,0,0,22,0
2900,#4d9f8c,settled,1,72,50,1146.97,8.11615,7206.65,0,0,0,0,0,0,0
2901,#c941b3,settled,1,9,11,1176.7,0.932606,7393.41,0,0,0,0,0,0,0
2902,#9296da,settled,1,20,17,1172.68,1.13654,7368.19,0,0,0,20,20,0,0
2903,#5beb4d,settled,1,25,21,1172.79,1.2951,7368.86,0,0,0,36,36,0,0
2904,#d68d74,settled,1,64,50,1146.98,16.3378,7206.71,0,0,0,116,116,0,0
2905,#9fe29b,settled,1,117,76,1157.24,7.51399,7271.18,0,0,0,0,0,0,0
2906,#6885c2,settled,1,379,219,1598.16,4.75203,10041.6,0,0,0,0,0,0,0
2907,#e4d9e9,settled,1,73,49,1606.74,7.40477,10095.5,0,0,0,0,0,0,0
2908,#ac7b5d,settled,1,17,15,1559.36,2.73272,9797.77,0,0,0,0,0,0,0
2909,#75d183,settled,1,20,18,1556.59,2.58342,9780.32,0,0,0,59,59,0,0
2910,#f172aa,settled,1,28,25,1575.19,23.442,9897.19,0,0,0,170,170,0,0
2911,#bac8d1,settled,1,28,24,1567.84,3.21918,9851.04,0,0,0,12,12,0,0
2912,#826a45,settled,1,10,11,1572.01,3.30327,9877.21,0,0,0,16,16,0,0
2913,#4bbf6b,settled,1,96,82,1591.72,41.9513,10001.1,0,0,0,692,692,0,0
2914,#c76193,settled,1,25,21,1578.24,2.85579,9916.34,0,0,0,54,54,0,0
2915,#90b6b9,settled,1,30,26,1609.72,17.1619,10114.2,0,0,0,105,105,0,0
2916,#5858e0,settled,1,103,66,1588.89,3.85936,9983.28,0,0,0,0,0,0,0
2917,#d4ad54,settled,1,64,48,1577.17,3.79534,9909.66,0,0,0,141,141,0,0
2918,#9d4f7b,settled,1,47,36,1582.7,2.42004,9944.4,0,0,0,75,75,0,0
2919,#66a5a1,settled,1,23,21,1584,3.63658,9952.57,0,0,0,37,37,0,0
2920,#e246c8,settled,1,13,13,1587.84,1.23554,9976.72,0,0,0,0,0,0,0
2921,#aa9cef,settled,1,25,22,1591.01,3.29456,9996.64,0,0,0,0,0,0,0
2922,#73f162,settled,2,223,155,1579.98,39.1769,9927.28,0,0,0,947,947,26,0
2923,#ef9389,settled,1,9,11,1606.68,1.16576,10095.1,0,0,0,0,0,0,0
2924,#b8e8b0,settled,1,10,11,1609.29,2.55954,10111.5,0,0,0,30,30,0,0
2925,#808ad7,settled,1,49,35,1596.37,8.03962,10030.3,0,0,0,0,0,0,0
2926,#49e04a,settled,1,78,50,1600.8,5.86747,10058.1,0,0,0,162,162,0,0
2927,#c58172,settled,1,62,50,1606.93,16.4974,10096.6,0,0,0,0,0,0,0
2928,#8ed698,settled,1,12,13,1615.51,7.4684,10150.6,0,0,0,0,0,0,0
2929,#5679bf,settled,1,39,38,1627.78,19.9514,10227.6,0,0,0,0,0,0,0
2930,#d2cde6,settled,1,10,12,1635.92,2.30609,10278.8,0,0,0,0,0,0,0
2931,#9b705a,settled,1,37,32,1616.02,7.12748,10153.8,0,0,0,0,0,0,0
2932,#64c580,settled,1,70,50,1582.69,5.01854,9944.33,0,0,0,0,0,0,0
2933,#e066a8,settled,1,31,22,1502.41,3.76302,9439.93,0,0,0,0,0,0,0
2934,#a8bcce,settled,1,71,50,1456.02,2.36068,9148.44,0,0,0,4,4,0,0
2935,#715e42,settled,1,66,50,1458.33,5.01445,9162.96,0,0,0,4,4,0,0
2936,#edb369,settled,1,72,50,1440.54,5.53155,9051.17,0,0,0,0,0,0,0
2937,#b65590,settled,1,10,10,1332.97,2.19095,8375.28,0,0,0,65,65,0,0
2938,#7eaab6,settled,1,19,17,1335.07,4.00966,8388.49,0,0,0,121,121,0,0
2939,#474ddd,settled,1,17,16,1374.51,2.3063,8636.3,0,0,0,102,102,0,0
2940,#c3a151,settled,1,38,29,1380.71,0.901642,8675.28,0,0,0,282,282,0,0
2941,#8c4378,settled,1,49,41,1374.11,2.58435,8633.79,0,0,0,375,375,0,0
2942,#54999e,settled,3,125,105,1287.35,10.375,8088.68,0,0,0,1997,1997,6,0
2943,#d0eec5,settled,1,73,50,1273.64,7.64202,8002.51,0,0,0,2291,2291,0,0
2944,#9990ec,settled,1,7,9,1286.74,2.27056,8084.83,0,0,0,65,65,0,0
2945,#62e55f,settled,1,32,26,1291.07,1.62185,8112.01,0,0,0,289,289,0,0
2946,#dd8787,settled,1,17,16,1305.51,1.95085,8202.79,0,0,0,132,132,0,0
2947,#a6dcad,settled,1,103,63,1301.51,1.86259,8177.66,0,0,0,1204,1204,0,0
2948,#6f7ed4,settled,1,23,22,1243.4,1.28168,7812.51,0,0,0,0,0,0,0
2949,#ebd348,settled,1,20,20,1240.03,1.69231,7791.31,0,0,0,0,0,0,0
2950,#b3756f,settled,1,16,15,1240.87,1.92003,7796.64,0,0,0,0,0,0,0
2951,#7ccb95,settled,1,22,20,1237.75,1.57449,7777.03,0,0,0,0,0,0,0
2952,#456dbd,settled,1,17,16,1239.11,1.9446,7785.58,0,0,0,0,0,0,0
2953,#c1c1e3,settled,1,59,46,1235.89,2.48663,7765.36,0,0,0,0,0,0,0
2954,#896457,settled,1,36,31,1234.93,2.59642,7759.29,0,0,0,0,0,0,0
2955,#52b97e,settled,1,7,8,1236.19,2.02041,7767.2,0,0,0,0,0,0,0
2956,#ce5ba5,settled,1,75,50,1220.36,10.8613,7667.73,0,0,0,50,50,0,0
2957,#97b0cb,settled,1,21,18,1214.54,2.68706,7631.16,0,0,0,50,50,0,0
2958,#5f523f,settled,1,10,12,1204.63,1.91008,7568.9,0,0,0,0,0,0,0
2959,#dba766,settled,2,178,127,1277.59,16.2756,8027.33,0,0,0,0,0,0,0
2960,#a4498d,settled,1,13,13,1216.21,2.96053,7641.64,0,0,0,0,0,0,0
2961,#6d9eb3,settled,1,73,50,1143.11,3.95828,7182.4,0,0,0,0,0,0,0
2962,#e940db,settled,1,19,19,1130.03,3.32272,7100.17,0,0,0,0,0,0,0
2963,#b1954e,settled,1,17,16,1138.43,2.1886,7152.99,0,0,0,0,0,0,0
2964,#7aeb74,settled,1,33,29,1182.67,1.36505,7430.93,0,0,0,0,0,0,0
2965,#438d9c,settled,1,13,12,1156.43,1.74053,7266.03,0,0,0,0,0,0,0
2966,#bfe2c2,settled,1,25,23,1142.88,2.73864,7180.92,0,0,0,0,0,0,0
2967,#8784e9,settled,1,18,18,1141.92,1.99098,7174.9,0,0,0,0,0,0,0
2968,#50d95d,settled,1,8,10,1140.85,6.53207,7168.15,0,0,0,0,0,0,0
2969,#cc7b84,settled,1,44,38,1217.69,8.26555,7650.99,0,0,0,49,49,0,0
2970,#95d0aa,settled,1,70,50,1211.03,11.6566,7609.14,0,0,0,126,126,0,0
2971,#5d72d2,settled,1,52,37,1215.9,4.46384,7639.73,0,0,0,0,0,0,0
2972,#d9c745,settled,1,56,48,1218.1,11.6426,7653.58,0,0,0,69,69,0,0
2973,#a2696c,settled,1,293,170,1158.09,3.35554,7276.51,0,0,0,0,0,0,0
2974,#6bbf93,settled,1,33,26,1147.51,2.97235,7209.99,0,0,0,0,0,0,0
2975,#e760ba,settled,1,29,26,1143.02,2.28447,7181.82,0,0,0,0,0,0,0
2976,#afb6e0,settled,1,29,23,1188.67,2.89857,7468.63,0,0,0,0,0,0,0
2977,#785854,settled,1,9,11,1194.24,1.12129,7503.64,0,0,0,0,0,0,0
2978,#41ad7b,settled,1,54,46,960.132,46.7695,6032.69,0,0,0,0,0,0,0
2979,#bd4fa2,settled,1,68,48,1477.31,14.63,9282.2,0,0,0,0,0,0,0
2980,#85a4c8,settled,1,71,50,1495.05,7.18798,9393.67,0,0,0,0,0,0,0
2981,#4e46f0,settled,1,68,48,1494.03,4.32813,9387.26,0,0,0,0,0,0,0
2982,#ca9b63,settled,1,60,45,1497.84,9.91677,9411.21,0,0,0,0,0,0,0
2983,#93f089,settled,1,23,19,1500.8,2.85921,9429.78,0,0,0,0,0,0,0
2984,#5b93b1,settled,1,12,12,1469.29,2.06437,9231.8,0,0,0,0,0,0,0
2985,#d7e7d7,settled,1,21,20,1517.51,2.43565,9534.77,0,0,0,0,0,0,0
2986,#a0894b,settled,1,19,16,1519,2.30207,9544.17,0,0,0,14,14,0,0
2987,#69df72,settled,1,18,16,1518.87,2.69083,9543.31,0,0,0,14,14,0,0
2988,#e48099,settled,1,49,36,1493.81,7.67432,9385.86,0,0,0,0,0,0,0
2989,#add6bf,settled,1,302,176,1463.85,2.91849,9197.65,0,0,0,0,0,0,0
2990,#7678e7,settled,1,74,50,1555.01,22.2325,9770.39,0,0,0,0,0,0,0
2991,#f2cd5a,settled,1,69,46,1381.09,2.5621,8677.67,0,0,0,559,559,0,0
2992,#ba6f81,settled,1,132,94,1379.99,5.06625,8670.73,0,0,0,1041,1041,0,0
2993,#83c4a8,settled,1,16,14,1378.4,1.9826,8660.73,0,0,0,0,0,0,0
2994,#4c66cf,settled,1,17,18,1378.73,1.15318,8662.81,0,0,0,118,118,0,0
2995,#c8bb42,settled,1,15,13,1380.59,2.05964,8674.53,0,0,0,0,0,0,0
2996,#905d69,settled,1,21,19,1379.95,2.04853,8670.46,0,0,0,0,0,0,0
2997,#59b390,settled,1,62,42,1387.32,2.16636,8716.79,0,0,0,431,431,0,0
2998,#d554b7,settled,1,15,15,1367.35,1.47445,8591.29,0,0,0,0,0,0,0
2999,#9eaadd,settled,2,140,99,1360.94,20.3853,8551.06,0,0,0,0,0,0,0
3000,#664c51,settled,1,65,49,1289.78,3.28386,8103.94,0,0,0,905,905,0,0
3001,#e2a178,settled,1,7,9,1285.87,3.2763,8079.34,0,0,0,112,112,0,0
3002,#ab439f,settled,1,56,47,1286.96,4.23635,8086.2,0,0,0,684,684,0,0
3003,#7498c6,settled,2,83,60,1287.84,8.32791,8091.77,0,0,0,1189,1189,7,0
3004,#f0edec,settled,1,18,17,1289.01,2.92289,8099.12,0,0,0,184,184,0,0
3005,#b88f60,settled,1,16,16,1359.57,2.1004,8542.41,0,0,0,107,107,0,0
3006,#81e487,settled,1,11,13,1158.67,5.65781,7280.15,0,0,0,9,9,0,0
3007,#4a87ae,settled,1,64,50,1182.57,18.2973,7430.3,0,0,0,12,12,0,0
3008,#c6dbd4,settled,1,20,19,1143.28,4.82885,7183.45,0,0,0,0,0,0,0
3009,#8e7e48,settled,1,22,20,1174.72,1.38655,7380.96,0,0,0,12,12,0,0
3010,#57d36f,settled,1,69,50,1162.93,7.7916,7306.91,0,0,0,0,0,0,0
3011,#d37496,settled,1,40,38,1170.05,1.81733,7351.67,0,0,0,9,9,0,0
3012,#9ccabd,settled,1,26,22,1130.97,2.31956,7106.11,0,0,0,0,0,0,0
3013,#646ce4,settled,1,18,15,1118.76,2.01171,7029.4,0,0,0,0,0,0,0
3014,#e0c157,settled,1,26,21,1116.03,2.74413,7012.25,0,0,0,29,29,0,0
3015,#a9637e,settled,1,77,51,1116.86,3.80579,7017.46,0,0,0,0,0,0,0
3016,#72b8a5,settled,1,22,19,1117.99,3.1636,7024.53,0,0,0,0,0,0,0
3017,#ee5acc,settled,1,21,17,1114.45,1.41266,7002.3,0,0,0,35,35,0,0
3018,#b6af3f,settled,1,11,12,1188.98,3.47915,7470.58,0,0,0,0,0,0,0
3019,#7f5166,settled,1,30,27,1185.11,7.4843,7446.26,0,0,0,4,4,0,0
3020,#48a78d,settled,1,15,17,1184.12,2.5719,7440.06,0,0,0,0,0,0,0
3021,#c448b4,settled,1,36,27,1182.61,2.13807,7430.54,0,0,0,0,0,0,0
3022,#8c9edb,settled,1,8,11,1179.04,1.66545,7408.11,0,0,0,4,4,0,0
3023,#55404f,settled,1,116,75,1107.89,4.71242,6961.06,0,0,0,278,278,0,0
3024,#d19575,settled,1,18,19,1211.2,0.894059,7610.16,0,0,0,0,0,0,0
3025,#9aea9c,settled,1,69,50,1126.28,5.62035,7076.63,0,0,0,0,0,0,0
3026,#628cc3,settled,1,97,69,1127.56,3.34575,7084.66,0,0,0,0,0,0,0
3027,#dee1e9,settled,1,8,10,1148.75,1.06865,7217.8,0,0,0,0,0,0,0
3028,#a7835d,settled,1,24,20,1125.5,2.85877,7071.73,0,0,0,0,0,0,0
3029,#70d984,settled,1,34,25,1123.74,2.96665,7060.64,0,0,0,0,0,0,0
3030,#eb7aab,settled,1,20,18,1149.36,2.63579,7221.67,0,0,0,0,0,0,0
3031,#b4cfd2,settled,1,51,38,1141.14,3.99076,7170.01,0,0,0,58,58,0,0
3032,#7d7246,settled,1,15,15,1145.69,2.78527,7198.55,0,0,0,7,7,0,0
3033,#46c76c,settled,1,21,17,1124.93,1.98007,7068.14,0,0,0,0,0,0,0
3034,#c16993,settled,1,17,16,1139.5,1.56215,7159.71,0,0,0,58,58,0,0
3035,#8abeba,settled,1,26,23,1140.14,3.31749,7163.7,0,0,0,0,0,0,0
3036,#5360e1,settled,1,52,39,1149.37,4.3988,7221.71,0,0,0,7,7,0,0
3037,#cfb554,settled,1,14,14,1119.55,2.66906,7034.34,0,0,0,0,0,0,0
3038,#97577b,settled,1,11,13,843.782,1.39647,5301.64,0,0,0,0,0,0,0
3039,#60aca2,settled,1,12,11,844.831,1.31285,5308.23,0,0,0,0,0,0,0
3040,#dc4ec9,settled,1,28,26,846.484,2.73709,5318.62,0,0,0,0,0,0,0
3041,#a5a3f0,settled,1,63,50,1467.3,17.4745,9219.32,0,0,0,392,392,0,0
3042,#6d4664,settled,1,16,15,1470.48,3.9857,9239.27,0,0,0,24,24,0,0
3043,#e99a8a,settled,1,36,27,1471.59,6.77819,9246.28,0,0,0,0,0,0,0
3044,#b2f0b1,settled,1,47,35,1477.21,2.85602,9281.61,0,0,0,44,44,0,0
3045,#7b92d8,settled,1,34,31,1474.66,3.0872,9265.56,0,0,0,44,44,0,0
3046,#43e74b,settled,1,119,73,1500.68,6.43826,9429.05,0,0,0,0,0,0,0
3047,#bf8972,settled,1,45,37,1491.86,3.05068,9373.61,0,0,0,167,167,0,0
3048,#88de99,settled,1,70,50,1499.1,10.1015,9419.12,0,0,0,280,280,0,0
3049,#5180c0,settled,1,56,42,1484.59,11.0863,9327.97,0,0,0,461,461,0,0
3050,#cdd5e7,settled,1,20,20,1515.43,1.6194,9521.71,0,0,0,0,0,0,0
3051,#95775b,settled,1,24,19,1431.62,0.869014,8995.13,0,0,0,0,0,0,0
3052,#5ecd81,settled,1,47,40,1333.59,3.34003,8379.2,0,0,0,380,380,0,0
3053,#da6ea8,settled,1,23,18,1355.66,1.9312,8517.85,0,0,0,0,0,0,0
3054,#a3c4cf,settled,1,16,16,1332.61,1.60227,8373.04,0,0,0,138,138,0,0
3055,#6b6643,settled,1,22,19,1305.28,2.29467,8201.31,0,0,0,308,308,0,0
3056,#e7ba69,settled,1,7,8,1371.19,2.40645,8615.44,0,0,0,0,0,0,0
3057,#b05d90,settled,1,49,41,1139.54,6.48033,7159.97,0,0,0,0,0,0,0
3058,#79b2b7,settled,1,64,50,1225.6,17.2779,7700.65,0,0,0,146,146,0,0
3059,#4154de,settled,1,10,10,1177.33,1.69838,7397.38,0,0,0,0,0,0,0
3060,#bda951,settled,1,21,17,1180.19,2.99804,7415.34,0,0,0,0,0,0,0
3061,#864b79,settled,1,68,50,1118.7,10.5123,7028.98,0,0,0,26,26,0,0
3062,#4fa19f,settled,1,28,24,1118.87,3.29956,7030.05,0,0,0,0,0,0,0
3063,#cb42c6,settled,1,24,25,1115.42,5.70127,7008.38,0,0,0,26,26,0,0
3064,#9397ed,settled,1,19,18,1115.37,3.29003,7008.08,0,0,0,0,0,0,0
3065,#5ced60,settled,1,9,11,1132.18,2.01602,7113.72,0,0,0,0,0,0,0
3066,#d88e87,settled,1,25,21,1117.28,2.94903,7020.1,0,0,0,0,0,0,0
3067,#a1e4ae,settled,1,21,19,1105.55,3.75185,6946.36,0,0,0,0,0,0,0
3068,#6986d5,settled,1,76,50,1144.6,7.86076,7191.73,0,0,0,0,0,0,0
3069,#e5db48,settled,1,19,16,1151.6,2.44887,7235.7,0,0,0,0,0,0,0
3070,#ae7d70,settled,1,147,86,1112.54,3.81636,6990.31,0,0,0,0,0,0,0
3071,#77d296,settled,1,67,50,999.974,11.1138,6283.02,0,0,0,13,13,0,0
3072,#3f74bd,settled,1,100,71,1013.09,8.25898,6365.42,0,0,0,0,0,0,0
3073,#bbc9e4,settled,1,46,34,1004.58,3.24895,6311.97,0,0,0,56,56,0,0
3074,#846b58,settled,1,67,49,1022.03,5.79799,6421.6,0,0,0,245,245,0,0
3075,#4dc17e,settled,1,36,28,1021.72,3.91638,6419.67,0,0,0,7,7,0,0
3076,#c862a5,settled,1,33,30,1022.96,8.34912,6427.44,0,0,0,0,0,0,0
3077,#91b8cc,settled,1,13,14,1023.21,1.51016,6429,0,0,0,0,0,0,0
3078,#5a5a40,settled,1,20,18,817.87,1.33116,5138.83,0,0,0,0,0,0,0
3079,#d6af66,settled,1,46,41,812.773,2.17144,5106.8,0,0,0,0,0,0,0
3080,#9e518e,settled,1,16,15,816.489,1.0687,5130.15,0,0,0,0,0,0,0
3081,#67a6b4,settled,1,31,29,811.491,1.77428,5098.75,0,0,0,0,0,0,0
3082,#e348db,settled,1,24,20,642.293,2.23163,4035.64,0,0,0,0,0,0,0
3083,#ac9d4f,settled,1,35,26,638.449,3.95937,4011.49,0,0,0,0,0,0,0
3084,#743f76,settled,1,73,50,643.941,1.23285,4046,0,0,0,0,0,0,0
3085,#f0949c,settled,1,24,20,639.696,2.14985,4019.33,0,0,0,0,0,0,0
3086,#b9e9c3,settled,1,64,50,637.098,12.2008,4003.01,0,0,0,117,117,0,0
3087,#828cea,settled,1,27,23,664.921,1.77078,4177.82,0,0,0,0,0,0,0
3088,#4ae15d,settled,1,57,44,644.552,7.51178,4049.84,0,0,0,0,0,0,0
3089,#c68285,settled,1,41,32,628.524,24.0351,3949.13,0,0,0,117,117,0,0
3090,#8fd8ab,settled,1,71,50,629.41,5.51,3954.7,0,0,0,0,0,0,0
3091,#587ad2,settled,1,21,22,1469.71,2.12841,9234.45,0,0,0,30,30,0,0
3092,#d4cf46,settled,1,116,77,1438.5,7.32582,9038.37,0,0,0,10,10,0,0
3093,#9c716d,settled,1,45,34,1450.62,6.169,9114.51,0,0,0,174,174,0,0
3094,#65c693,settled,1,75,50,1443.41,9.48822,9069.24,0,0,0,164,164,0,0
3095,#e168ba,settled,1,76,50,1399.76,7.5802,8794.97,0,0,0,0,0,0,0
3096,#aabde1,settled,1,52,37,1241.67,4.29057,7801.65,0,0,0,0,0,0,0
3097,#725f55,settled,1,355,204,1306.65,7.32217,8209.93,0,0,0,4017,4017,0,0
3098,#eeb47b,settled,1,7,8,1211.02,1.12699,7609.08,0,0,0,0,0,0,0
3099,#b756a3,settled,1,24,21,1130.45,3.59589,7102.84,0,0,0,0,0,0,0
3100,#80acc9,settled,1,40,29,1134.15,2.76617,7126.08,0,0,0,0,0,0,0
3101,#484ef0,settled,1,10,12,1146.33,11.602,7202.63,0,0,0,60,60,0,0
3102,#c4a364,settled,1,20,19,1080.57,3.20536,6789.42,0,0,0,0,0,0,0
3103,#8d458b,settled,1,8,10,1115.6,4.94663,7009.55,0,0,0,0,0,0,0
3104,#569ab1,settled,1,32,26,1113.82,3.01768,6998.35,0,0,0,0,0,0,0
3105,#d2efd8,settled,1,55,45,1162.17,11.9696,7302.15,0,0,0,213,213,0,0
3106,#9a914c,settled,1,76,55,1122.84,3.26279,7055.03,0,0,0,0,0,0,0
3107,#63e772,settled,1,42,32,1118.71,2.85283,7029.04,0,0,0,2,2,0,0
3108,#df889a,settled,1,53,39,1116.74,3.41647,7016.69,0,0,0,2,2,0,0
3109,#a8ddc0,settled,1,69,50,1140.59,10.6579,7166.52,0,0,0,57,57,0,0
3110,#7080e7,settled,1,8,10,1150.45,8.37199,7228.5,0,0,0,119,119,0,0
3111,#ecd45b,settled,1,46,38,1149.57,18.7596,7222.95,0,0,0,197,197,0,0
3112,#b57782,settled,1,25,20,1114.85,2.24998,7004.83,0,0,0,0,0,0,0
3113,#7ecca8,settled,1,13,13,1115.88,2.13503,7011.3,0,0,0,0,0,0,0
3114,#466ecf,settled,1,124,81,1127.78,5.00545,7086.08,0,0,0,0,0,0,0
3115,#c2c343,settled,1,74,50,1135.68,4.99543,7135.7,0,0,0,177,177,0,0
3116,#8b656a,settled,1,64,47,1132.48,7.92591,7115.58,0,0,0,93,93,0,0
3117,#54ba90,settled,1,74,50,1168.6,10.0947,7342.5,0,0,0,150,150,0,0
3118,#cf5cb8,settled,1,51,42,1159.54,5.03192,7285.63,0,0,0,0,0,0,0
3119,#98b1de,settled,1,29,24,1157.54,1.69107,7273.01,0,0,0,0,0,0,0
3120,#615452,settled,1,35,26,1161.98,2.19681,7300.96,0,0,0,0,0,0,0
3121,#dda879,settled,1,48,37,1092.21,2.46463,6862.55,0,0,0,0,0,0,0
3122,#a54aa0,settled,1,73,50,1102.96,6.15751,6930.1,0,0,0,108,108,0,0
3123,#6ea0c6,settled,1,56,42,1014.05,2.52479,6371.49,0,0,0,0,0,0,0
3124,#ea41ee,settled,1,17,16,1031.64,0.8948,6481.97,0,0,0,0,0,0,0
3125,#b39761,settled,1,16,14,1070.19,0.814088,6724.19,0,0,0,0,0,0,0
3126,#7bec87,settled,1,18,17,1083.03,3.87493,6804.89,0,0,0,0,0,0,0
3127,#448eaf,settled,1,16,16,1013.74,2.4759,6369.53,0,0,0,0,0,0,0
3128,#c0e3d5,settled,1,65,45,1017.23,5.3329,6391.44,0,0,0,0,0,0,0
3129,#898549,settled,1,47,41,1021.93,8.86044,6420.98,0,0,0,0,0,0,0
3130,#51db70,settled,1,93,58,854.037,3.27245,5366.08,0,0,0,581,581,0,0
3131,#cd7c97,settled,2,151,100,854.951,11.4792,5371.82,0,0,0,1915,1915,13,0
3132,#96d2bd,settled,1,56,50,729.451,1.89767,4583.28,0,0,0,0,0,0,0
3133,#5f74e4,settled,1,30,25,595.06,1.34803,3738.87,0,0,0,30,30,0,0
3134,#dbc858,settled,1,142,84,566.067,3.44823,3556.7,0,0,0,0,0,0,0
3135,#a36b7f,settled,1,59,39,560.525,3.16527,3521.88,0,0,0,59,59,0,0
3136,#6cc0a5,settled,1,25,20,788.347,36.1787,4953.33,0,0,0,0,0,0,0
3137,#e862cd,settled,2,26,25,882.216,45.8753,5543.13,0,0,0,56,56,3,3
3138,#b1b740,settled,1,197,115,827.623,9.09659,5200.11,0,0,0,0,0,0,0
3139,#795967,settled,1,17,17,923.334,50.0339,5801.48,0,0,0,0,0,0,0
3140,#42af8e,settled,1,17,19,1277.87,1.0688,8029.12,0,0,0,0,0,0,0
3141,#be50b5,settled,1,71,50,1373.27,29.5042,8628.54,0,0,0,211,211,0,0
3142,#87a5db,settled,1,56,43,1203.36,3.73934,7560.95,0,0,0,0,0,0,0
3143,#4f484f,settled,1,72,50,1226.69,14.4766,7707.54,0,0,0,40,40,0,0
3144,#cb9c76,settled,1,81,51,1219.44,3.46332,7661.97,0,0,0,30,30,0,0
3145,#94f29c,settled,1,51,39,1218.48,3.38075,7655.91,0,0,0,30,30,0,0
3146,#5d94c4,settled,1,74,50,1240.47,8.72938,7794.09,0,0,0,0,0,0,0
3147,#d9e9ea,settled,1,32,30,1236.5,0.923445,7769.17,0,0,0,40,40,0,0
3148,#a18b5e,settled,1,71,48,1244.4,10.5021,7818.82,0,0,0,71,71,0,0
3149,#6ae085,settled,1,13,13,1264.87,1.83537,7947.43,0,0,0,0,0,0,0
3150,#e682ac,settled,1,84,56,1270.14,2.9876,7980.51,0,0,0,0,0,0,0
3151,#afd7d2,settled,1,34,27,1261.73,3.34011,7927.71,0,0,0,0,0,0,0
3152,#777946,settled,1,18,18,1271.2,6.09724,7987.17,0,0,0,0,0,0,0
3153,#40cf6d,settled,1,92,61,1201.38,6.24997,7548.48,0,0,0,0,0,0,0
3154,#bc7094,settled,1,18,19,1183.2,0.842563,7434.29,0,0,0,25,25,0,0
3155,#85c6ba,settled,1,24,23,1183.62,1.17319,7436.9,0,0,0,46,46,0,0
3156,#4d68e2,settled,1,21,21,1178,1.99376,7401.59,0,0,0,0,0,0,0
3157,#c9bd55,settled,1,7,9,1197.81,1.06661,7526.07,0,0,0,0,0,0,0
3158,#925f7c,settled,1,30,29,1195.79,3.41937,7513.37,0,0,0,0,0,0,0
3159,#5bb4a3,settled,1,70,49,1198.98,4.73613,7533.41,0,0,0,0,0,0,0
3160,#d656ca,settled,1,15,16,1199.89,3.93088,7539.12,0,0,0,0,0,0,0
3161,#9fabf0,settled,1,20,17,1199.26,2.13003,7535.2,0,0,0,0,0,0,0
3162,#684d64,settled,1,57,41,1195.68,7.75848,7512.69,0,0,0,0,0,0,0
3163,#e4a28b,settled,1,23,20,1054.12,1.52089,6623.21,0,0,0,0,0,0,0
3164,#ac44b2,settled,1,91,58,1053.19,3.46261,6617.39,0,0,0,0,0,0,0
3165,#759ad9,settled,1,8,9,1051.56,1.97618,6607.16,0,0,0,0,0,0,0
3166,#f1ee4c,settled,1,109,74,1055.78,3.41518,6633.63,0,0,0,0,0,0,0
3167,#ba9073,settled,1,53,38,1060.75,4.69444,6664.89,0,0,0,0,0,0,0
3168,#82e69a,settled,1,16,16,1058.52,3.26668,6650.87,0,0,0,0,0,0,0
3169,#4b88c1,settled,1,15,14,1078.84,2.12752,6778.53,0,0,0,0,0,0,0
3170,#c7dde7,settled,1,9,10,1078.25,1.90233,6774.84,0,0,0,0,0,0,0
3171,#907f5b,settled,1,36,29,1120.8,2.34942,7042.17,0,0,0,0,0,0,0
3172,#58d482,settled,1,67,46,1119.16,3.15874,7031.87,0,0,0,0,0,0,0
3173,#d476a9,settled,1,60,43,1133.17,4.8011,7119.94,0,0,0,0,0,0,0
3174,#9dcbcf,settled,1,75,50,863.676,5.43523,5426.64,0,0,0,0,0,0,0
3175,#666d43,settled,1,20,20,862.797,1.60333,5421.12,0,0,0,0,0,0,0
3176,#e2c26a,settled,1,17,16,867.958,1.8683,5453.54,0,0,0,0,0,0,0
3177,#aa6491,settled,1,46,36,863.732,2.38491,5426.99,0,0,0,0,0,0,0
3178,#73bab8,settled,1,17,16,862.756,1.11901,5420.86,0,0,0,0,0,0,0
3179,#ef5bdf,settled,1,27,22,860.875,1.59731,5409.03,0,0,0,0,0,0,0
3180,#b8b152,settled,1,117,76,376.567,1.3756,2366.04,0,0,0,295,295,0,0
3181,#805379,settled,1,16,15,398.217,1.07469,2502.07,0,0,0,16,16,0,0
3182,#49a8a0,settled,1,42,39,395.526,5.44603,2485.16,0,0,0,51,51,0,0
3183,#c54ac7,settled,1,69,49,446.062,43.1387,2802.69,0,0,0,18,18,0,0
3184,#8e9fee,settled,1,12,14,473.786,42.112,2976.88,0,0,0,107,107,0,0
3185,#564162,settled,2,154,106,578.181,125.325,3632.82,0,0,0,334,334,0,0
3186,#d29688,settled,2,89,65,634.491,42.4258,3986.63,0,0,0,0,0,14,10
3187,#9bebaf,settled,1,10,11,883.437,35.6074,5550.8,0,0,0,0,0,0,0
3188,#648ed6,settled,1,14,14,910.781,7.48386,5722.61,0,0,0,0,0,0,0
3189,#e0e249,settled,1,10,11,922.585,27.4124,5796.77,0,0,0,0,0,0,0
3190,#a88570,settled,1,68,46,849.249,25.9512,5335.99,0,0,0,0,0,0,0
3191,#71da97,settled,1,233,145,1386.13,2.44663,8709.31,0,0,0,0,0,0,0
3192,#ed7bbe,settled,1,7,9,1304.83,1.73267,8198.49,0,0,0,42,42,0,0
3193,#b6d1e4,settled,1,70,46,1287.21,3.54856,8087.8,0,0,0,0,0,0,0
3194,#7e7358,settled,1,73,50,1271.78,9.70548,7990.81,0,0,0,0,0,0,0
3195,#47c87f,settled,1,41,33,1259.87,4.01707,7916.01,0,0,0,0,0,0,0
3196,#c36aa6,settled,1,27,22,1255.41,2.99989,7887.96,0,0,0,0,0,0,0
3197,#8cbfcd,settled,1,39,35,1259.44,1.87126,7913.28,0,0,0,0,0,0,0
3198,#546241,settled,1,70,50,1173.99,9.51075,7376.38,0,0,0,0,0,0,0
3199,#d0b667,settled,1,24,20,1172.37,2.06404,7366.22,0,0,0,0,0,0,0
3200,#99588e,settled,1,75,53,1175.72,6.81156,7387.24,0,0,0,0,0,0,0
3201,#62aeb5,settled,1,104,64,1185.39,4.27874,7448.01,0,0,0,0,0,0,0
3202,#dd4fdc,settled,1,77,50,1192.28,5.84979,7491.31,0,0,0,0,0,0,0
3203,#a6a54f,settled,1,189,115,1193.81,6.95844,7500.9,0,0,0,0,0,0,0
3204,#6f4777,settled,1,12,12,1197.71,2.19381,7525.42,0,0,0,0,0,0,0
3205,#eb9c9d,settled,1,59,45,1074.98,15.7571,6754.28,0,0,0,11,11,0,0
3206,#b3f1c4,settled,1,10,12,1069.01,3.12477,6716.78,0,0,0,11,11,0,0
3207,#7c93eb,settled,1,8,9,1074.01,4.05571,6748.2,0,0,0,0,0,0,0
3208,#45e95e,settled,1,8,9,1068.73,2.60605,6715.02,0,0,0,0,0,0,0
3209,#c18a85,settled,1,18,15,1066.53,2.10433,6701.22,0,0,0,0,0,0,0
3210,#89e0ac,settled,1,9,9,1077.37,2.55696,6769.31,0,0,0,6,6,0,0
3211,#5282d3,settled,1,37,30,1075.33,3.4278,6756.53,0,0,0,6,6,0,0
3212,#ced646,settled,1,15,13,1077.96,2.15919,6773,0,0,0,8,8,0,0
3213,#97796d,settled,1,20,20,1080.2,3.20177,6787.12,0,0,0,8,8,0,0
3214,#5fce94,settled,1,25,21,1086.48,2.90068,6826.58,0,0,0,32,32,0,0
3215,#db70bb,settled,1,41,30,1086.2,2.17309,6824.77,0,0,0,32,32,0,0
3216,#a4c5e2,settled,1,23,17,1093.15,2.95711,6868.45,0,0,0,0,0,0,0
3217,#6d6756,settled,1,10,11,926.745,1.0291,5822.91,0,0,0,0,0,0,0
3218,#e9bc7c,settled,1,20,19,973.332,1.51237,6115.63,0,0,0,0,0,0,0
3219,#b15ea3,settled,1,48,42,896.668,4.47137,5633.93,0,0,0,0,0,0,0
3220,#7ab3ca,settled,1,22,17,960.871,1.89312,6037.33,0,0,0,0,0,0,0
3221,#4356f1,settled,1,29,23,962.979,2.225,6050.58,0,0,0,0,0,0,0
3222,#bfaa64,settled,1,70,49,898.553,11.7693,5645.78,0,0,0,0,0,0,0
3223,#874d8c,settled,1,55,41,914.623,10.5003,5746.74,0,0,0,0,0,0,0
3224,#50a2b2,settled,1,61,44,666.369,15.2767,4186.92,0,0,0,0,0,0,0
3225,#cc43d9,settled,1,25,22,326.663,1.90756,2052.48,0,0,0,79,79,0,0
3226,#95994d,settled,1,25,21,317.433,2.06597,1994.49,0,0,0,59,59,0,0
3227,#5dee73,settled,1,30,25,316.279,1.78419,1987.24,0,0,0,100,100,0,0
3228,#d9909a,settled,1,22,21,314.26,1.45111,1974.56,0,0,0,80,80,0,0
3229,#a2e5c1,settled,1,9,11,336.735,3.07785,2115.77,0,0,0,0,0,0,0
3230,#6b87e8,settled,1,38,32,339.826,3.83031,2135.19,0,0,0,245,245,0,0
3231,#e7dc5b,settled,1,43,33,370.036,7.62783,2325.01,0,0,0,155,155,0,0
3232,#af7e82,settled,1,75,50,353.83,24.3414,2223.18,0,0,0,0,0,0,0
3233,#78d4a9,settled,1,74,50,605.141,45.0688,3802.21,0,0,0,0,0,0,0
3234,#4176d0,settled,1,24,21,1001.56,7.82469,6293.01,0,0,0,0,0,0,0
3235,#bdcb43,settled,1,65,49,1358.43,4.31085,8535.29,0,0,0,261,261,0,0
3236,#856d6b,settled,1,8,10,1356.9,1.38069,8525.65,0,0,0,26,26,0,0
3237,#4ec291,settled,1,29,22,1359.89,3.51596,8544.43,0,0,0,0,0,0,0
3238,#ca64b8,settled,1,65,50,1353.23,9.24903,8502.62,0,0,0,455,455,0,0
3239,#93b9df,settled,1,18,20,1359.83,2.10495,8544.07,0,0,0,36,36,0,0
3240,#5b5b53,settled,1,41,33,1360.77,3.12376,8550,0,0,0,36,36,0,0
3241,#d7b079,settled,1,16,15,1276.4,1.31136,8019.88,0,0,0,0,0,0,0
3242,#a052a1,settled,1,16,15,1269.03,1.7206,7973.58,0,0,0,0,0,0,0
3243,#69a8c7,settled,1,17,14,1302.32,2.0407,8182.73,0,0,0,0,0,0,0
3244,#e449ee,settled,1,7,9,1306.01,4.35748,8205.88,0,0,0,0,0,0,0
3245,#ad9e62,settled,1,8,9,1314.47,1.20609,8259.08,0,0,0,0,0,0,0
3246,#764189,settled,1,16,18,1249.47,3.80184,7850.67,0,0,0,15,15,0,0
3247,#f295af,settled,1,97,61,1246.29,3.12003,7830.67,0,0,0,15,15,0,0
3248,#baebd6,settled,1,78,50,1338.94,5.94874,8412.82,0,0,0,0,0,0,0
3249,#838d4a,settled,1,74,50,1323.1,12.1829,8313.31,0,0,0,0,0,0,0
3250,#4ce270,settled,1,169,98,1156.18,0.842122,7264.47,0,0,0,0,0,0,0
3251,#c88497,settled,1,12,11,1150.5,4.17068,7228.83,0,0,0,0,0,0,0
3252,#90d9be,settled,1,68,49,1181.48,26.3409,7423.46,0,0,0,43,43,0,0
3253,#597be5,settled,1,21,19,1190.28,2.33278,7478.77,0,0,0,0,0,0,0
3254,#d5d058,settled,1,63,48,1168.12,15.5287,7339.5,0,0,0,3,3,0,0
3255,#9e7280,settled,1,51,37,1189.43,2.67976,7473.38,0,0,0,0,0,0,0
3256,#66c8a6,settled,1,20,17,1189.2,2.75394,7471.94,0,0,0,0,0,0,0
3257,#e269cd,settled,1,42,33,1189.68,4.13095,7474.95,0,0,0,51,51,0,0
3258,#abbf41,settled,1,20,19,1187,2.23463,7458.14,0,0,0,11,11,0,0
3259,#746168,settled,1,9,10,1158.52,1.92079,7279.21,0,0,0,0,0,0,0
3260,#f0b68e,settled,1,8,9,1157.31,1.93568,7271.61,0,0,0,0,0,0,0
3261,#b858b6,settled,1,61,42,1130.91,4.59325,7105.71,0,0,0,0,0,0,0
3262,#81addc,settled,1,12,13,1222.92,1.82132,7683.81,0,0,0,0,0,0,0
3263,#4a4f50,settled,1,9,11,1057.77,15.3902,6646.19,0,0,0,27,27,0,0
3264,#c6a477,settled,1,107,69,1079.25,5.054,6781.13,0,0,0,60,60,0,0
3265,#8e469e,settled,1,22,21,1088.39,1.80153,6838.58,0,0,0,0,0,0,0
3266,#579cc4,settled,1,63,45,962.523,2.14079,6047.71,0,0,0,0,0,0,0
3267,#d3f0eb,settled,1,21,18,929.005,1.156,5837.11,0,0,0,0,0,0,0
3268,#9c935f,settled,1,36,31,949.912,2.79175,5968.47,0,0,0,0,0,0,0
3269,#64e885,settled,1,17,18,721.825,2.27861,4535.36,0,0,0,0,0,0,0
3270,#e089ac,settled,1,55,45,735.259,1.35079,4619.77,0,0,0,0,0,0,0
3271,#a9dfd3,settled,1,16,15,723.053,1.83006,4543.08,0,0,0,0,0,0,0
3272,#728147,settled,1,30,26,723.13,2.36096,4543.56,0,0,0,0,0,0,0
3273,#eed66d,settled,1,24,21,722.477,4.03758,4539.46,0,0,0,0,0,0,0
3274,#b67895,settled,1,26,21,721.394,2.46486,4532.65,0,0,0,0,0,0,0
3275,#7fcdbb,settled,1,62,41,726.163,3.52416,4562.62,0,0,0,0,0,0,0
3276,#4870e2,settled,1,13,12,725.711,1.29906,4559.77,0,0,0,0,0,0,0
3277,#c4c456,settled,1,120,76,477.195,6.06223,2998.3,0,0,0,0,0,0,0
3278,#8c667d,settled,1,66,50,408.334,19.5146,2565.64,0,0,0,122,122,0,0
3279,#55bca3,settled,1,19,16,161.72,3.67355,1016.12,0,0,0,0,0,0,0
3280,#d15dcb,settled,1,58,39,145.89,4.29403,916.651,0,0,0,0,0,0,0
3281,#9ab3f1,settled,1,44,36,134.912,6.76945,847.674,0,0,0,0,0,0,0
3282,#625565,settled,1,39,30,1304.77,1.58826,8198.11,0,0,0,0,0,0,0
3283,#deaa8c,settled,1,315,176,1316.91,5.04376,8274.4,0,0,0,0,0,0,0
3284,#a74cb3,settled,1,23,19,1318.94,2.51586,8287.15,0,0,0,0,0,0,0
3285,#70a1d9,settled,1,58,51,1223.22,4.13218,7685.71,0,0,0,0,0,0,0
3286,#eb434d,settled,1,48,44,1219.84,3.44809,7664.51,0,0,0,0,0,0,0
3287,#b49874,settled,1,75,50,1255.35,3.43265,7887.61,0,0,0,0,0,0,0
3288,#7dee9a,settled,1,81,61,1167.12,3.23438,7333.21,0,0,0,25,25,0,0
3289,#4690c1,settled,1,76,50,1169.48,4.84186,7348.08,0,0,0,25,25,0,0
3290,#c1e4e8,settled,1,58,44,1193.37,23.9738,7498.14,0,0,0,0,0,0,0
3291,#8a875c,settled,1,14,15,1199.79,3.09766,7538.52,0,0,0,0,0,0,0
3292,#53dc82,settled,1,19,17,797.012,1.15622,5007.77,0,0,0,0,0,0,0
3293,#cf7eaa,settled,1,17,16,785.869,2.95234,4937.76,0,0,0,0,0,0,0
3294,#97d3d0,settled,1,16,15,788.052,3.18145,4951.48,0,0,0,0,0,0,0
3295,#607544,settled,1,68,50,788.58,25.4074,4954.8,0,0,0,0,0,0,0
3296,#dcca6b,settled,1,18,17,681.954,1.92297,4284.84,0,0,0,0,0,0,0
3297,#a56c92,settled,1,30,32,680.72,17.0916,4277.09,0,0,0,0,0,0,0
3298,#6dc1b8,settled,1,68,50,1163.6,12.7396,7311.14,0,0,0,0,0,0,0
3299,#e963e0,settled,1,76,50,1209.44,7.80073,7599.16,0,0,0,0,0,0,0
3300,#b2b853,settled,1,208,121,1252.12,3.33189,7867.29,0,0,0,0,0,0,0
3301,#7b5b7a,settled,1,19,19,1184.42,1.95863,7441.91,0,0,0,19,19,0,0
3302,#43b0a1,settled,1,28,23,1060.03,2.71872,6660.38,0,0,0,0,0,0,0
3303,#bf51c8,settled,1,38,29,1062.76,3.44763,6677.52,0,0,0,0,0,0,0
3304,#88a7ee,settled,1,214,129,1024.22,2.01198,6435.35,0,0,0,0,0,0,0
3305,#514962,settled,1,131,81,1065.47,4.36598,6694.53,0,0,0,0,0,0,0
3306,#cd9e89,settled,1,55,40,1050.7,2.33029,6601.73,0,0,0,0,0,0,0
3307,#9540b0,settled,1,70,50,997.958,19.8172,6270.35,0,0,0,0,0,0,0
3308,#5e95d6,settled,1,276,159,863.06,9.24943,5422.77,0,0,0,0,0,0,0
3309,#daea4a,settled,1,38,28,850.673,3.12892,5344.93,0,0,0,0,0,0,0
3310,#a38c71,settled,1,28,23,853.229,3.59795,5360.99,0,0,0,0,0,0,0
3311,#6be297,settled,1,14,13,848.137,2.22793,5329,0,0,0,0,0,0,0
3312,#e783bf,settled,1,17,16,837.238,2.07957,5260.52,0,0,0,0,0,0,0
3313,#b0d9e5,settled,1,41,33,799.896,3.71489,5025.89,0,0,0,0,0,0,0
3314,#797b59,settled,1,97,62,802.479,4.89465,5042.12,0,0,0,0,0,0,0
3315,#41d080,settled,1,71,50,793.905,4.49722,4988.25,0,0,0,0,0,0,0
3316,#bd72a7,settled,1,60,50,651.283,19.335,4092.13,0,0,0,0,0,0,0
3317,#86c7cd,settled,2,254,160,211.081,34.5289,1326.26,0,0,0,0,0,0,0
3318,#4f6941,settled,2,151,100,676.628,42.9567,4251.38,0,0,0,0,0,9,0
3319,#cbbe68,settled,1,17,15,1142.43,2.26677,7178.09,0,0,0,0,0,0,0
3320,#93608f,settled,1,30,26,1140.55,1.92957,7166.31,0,0,0,0,0,0,0
3321,#5cb6b6,settled,2,234,155,1133.07,4.34671,7119.27,0,0,0,0,0,127,0
3322,#d857dd,settled,1,14,14,1256.11,1.79916,7892.38,0,0,0,0,0,0,0
3323,#a1ac50,settled,1,192,110,1252.49,4.67355,7869.63,0,0,0,0,0,0,0
3324,#694f77,settled,1,22,21,1254.85,2.93419,7884.43,0,0,0,22,22,0,0
3325,#e5a39e,settled,1,13,12,1253.79,1.65506,7877.81,0,0,0,0,0,0,0
3326,#ae46c5,settled,1,14,18,1252.15,0.906635,7867.5,0,0,0,0,0,0,0
3327,#779beb,settled,1,10,11,1256.82,2.29154,7896.86,0,0,0,12,12,0,0
3328,#3ff05f,settled,1,26,22,1254.9,3.39265,7884.79,0,0,0,28,28,0,0
3329,#bb9286,settled,1,47,37,1229.06,1.9267,7722.43,0,0,0,0,0,0,0
3330,#84e7ac,settled,1,42,38,1230.44,1.78467,7731.07,0,0,0,0,0,0,0
3331,#4d89d4,settled,1,30,27,1327.4,1.13606,8340.3,0,0,0,0,0,0,0
3332,#c8de47,settled,1,90,69,1327.49,2.54279,8340.86,0,0,0,0,0,0,0
3333,#91806e,settled,1,126,78,1195.55,5.51314,7511.88,0,0,0,0,0,0,0
3334,#5ad695,settled,1,35,33,1086.87,11.8981,6828.99,0,0,0,0,0,0,0
3335,#d677bc,settled,1,11,13,1076.48,20.0681,6763.72,0,0,0,0,0,0,0
3336,#9ecde2,settled,1,73,49,881.453,3.1992,5538.33,0,0,0,0,0,0,0
3337,#676f56,settled,1,44,32,884.46,2.84799,5557.23,0,0,0,0,0,0,0
3338,#e3c47d,settled,1,224,132,874.98,8.55084,5497.66,0,0,0,0,0,0,0
3339,#ac66a4,settled,1,79,56,887.088,5.89191,5573.74,0,0,0,0,0,0,0
3340,#74bbcb,settled,1,34,25,885.799,3.20614,5565.64,0,0,0,0,0,0,0
3341,#f05df2,settled,1,17,16,910.356,2.38242,5719.93,0,0,0,0,0,0,0
3342,#b9b265,settled,1,235,158,863.592,5.13646,5426.11,0,0,0,0,0,0,0
3343,#82548c,settled,1,46,35,864.831,2.05497,5433.9,0,0,0,0,0,0,0
3344,#4aaab3,settled,1,7,9,865.965,3.45041,5441.02,0,0,0,0,0,0,0
3345,#c64bda,settled,1,42,33,190.923,15.5681,1199.61,0,0,0,0,0,0,0
3346,#8fa14d,settled,1,55,42,704.722,40.9323,4427.9,0,0,0,0,0,0,0
3347,#584374,settled,1,24,25,779.952,0.44499,4900.58,0,0,0,0,0,0,0
3348,#d4979b,settled,1,20,19,780.17,0.853834,4901.95,0,0,0,0,0,0,0
3349,#9cedc1,settled,1,46,38,1126.7,2.36408,7079.25,0,0,0,58,58,0,0
3350,#658fe9,settled,1,22,21,1250.48,5.06895,7856.98,0,0,0,0,0,0,0
3351,#e1e45c,settled,1,25,24,1251.27,4.70196,7861.98,0,0,0,0,0,0,0
3352,#aa8683,settled,1,32,25,1208.05,0.677608,7590.4,0,0,0,0,0,0,0
3353,#72dbaa,settled,1,112,72,1042.76,1.83393,6551.88,0,0,0,0,0,0,0
3354,#ee7dd1,settled,1,37,30,1064.59,2.57055,6689.04,0,0,0,0,0,0,0
3355,#b7d244,settled,1,16,17,1064.16,2.42027,6686.32,0,0,0,0,0,0,0
3356,#80746b,settled,1,33,32,1059.63,4.86517,6657.83,0,0,0,64,64,0,0
3357,#48ca92,settled,1,56,48,1066.53,19.9378,6701.22,0,0,0,136,136,0,0
3358,#c46bb9,settled,1,108,68,1070.28,7.26617,6724.75,0,0,0,65,65,0,0
3359,#8dc1e0,settled,1,41,31,1061.36,2.48577,6668.7,0,0,0,72,72,0,0
3360,#566354,settled,2,122,86,1018.53,58.656,6399.62,0,0,0,0,0,12,2
3361,#d2b87a,settled,1,16,14,1077.35,2.70275,6769.22,0,0,0,0,0,0,0
3362,#9a5aa1,settled,1,78,50,1077.72,12.9489,6771.54,0,0,0,78,78,0,0
3363,#63afc8,settled,1,83,60,1078.62,6.40458,6777.15,0,0,0,78,78,0,0
3364,#df51ef,settled,1,31,26,1001.89,1.42292,6295.06,0,0,0,0,0,0,0
3365,#a8a662,settled,1,30,27,1001.01,3.60183,6289.5,0,0,0,0,0,0,0
3366,#704889,settled,1,140,84,785.015,3.84212,4932.39,0,0,0,0,0,0,0
3367,#ec9db0,settled,1,73,50,532.089,23.103,3343.22,0,0,0,0,0,0,0
3368,#b53fd7,settled,1,76,50,519.888,16.8248,3266.55,0,0,0,140,140,0,0
3369,#7e954a,settled,3,226,150,633.026,36.3588,3977.42,0,0,0,0,0,47,0
3370,#46ea71,settled,1,63,45,760.766,3.17315,4780.03,0,0,0,73,73,0,0
3371,#c28c98,settled,1,15,15,1210.9,2.9618,7608.33,0,0,0,39,39,0,0
3372,#8be1bf,settled,1,18,15,1211.87,2.17613,7614.42,0,0,0,43,43,0,0
3373,#5483e6,settled,1,70,50,1105.49,8.7321,6946.02,0,0,0,0,0,0,0
3374,#cfd859,settled,1,8,10,1020.23,9.05965,6410.32,0,0,0,0,0,0,0
3375,#987a80,settled,1,36,30,1039.02,18.0705,6528.37,0,0,0,0,0,0,0
3376,#61cfa7,settled,1,11,12,1028.38,1.2294,6461.49,0,0,0,0,0,0,0
3377,#dd71ce,settled,1,8,10,769.937,10.6375,4837.66,0,0,0,0,0,0,0
3378,#a5c641,settled,1,113,71,863.564,1.58167,5425.93,0,0,0,0,0,0,0
3379,#6e6969,settled,1,18,18,716.692,1.03877,4503.11,0,0,0,0,0,0,0
3380,#eabd8f,settled,1,23,22,715.472,1.66592,4495.44,0,0,0,0,0,0,0
3381,#b35fb6,settled,3,167,127,666.002,58.87,4184.62,0,0,0,0,0,0,0
3382,#7bb5dd,settled,1,39,31,679.269,2.76436,4267.97,0,0,0,0,0,0,0
3383,#445751,settled,3,273,184,566.699,110.492,3560.68,0,0,0,0,0,9,0
3384,#c0ac77,settled,1,15,16,538.097,1.63885,3380.96,0,0,0,0,0,0,0
3385,#894e9e,settled,1,17,15,547.858,1.80067,3442.29,0,0,0,0,0,0,0
3386,#51a3c5,settled,1,32,29,544.443,1.67054,3420.84,0,0,0,0,0,0,0
3387,#cd45ec,settled,1,72,50,1154.25,11.891,7252.37,0,0,0,0,0,0,0
3388,#969a5f,settled,2,115,94,621.357,49.3668,3904.1,0,0,0,0,0,14,0
3389,#5ff086,settled,1,129,79,630.725,5.77571,3962.96,0,0,0,0,0,0,0
3390,#db91ad,settled,1,148,88,702.005,5.71044,4410.82,0,0,0,0,0,0,0
3391,#a3e7d4,settled,1,51,42,586.305,1.07532,3683.87,0,0,0,0,0,0,0
3392,#6c8948,settled,1,62,46,642.17,9.15749,4034.87,0,0,0,0,0,0,0
3393,#e8dd6e,settled,1,75,50,665.843,5.24276,4183.61,0,0,0,0,0,0,0
3394,#b18095,settled,1,195,113,1341.42,4.74755,8428.37,0,0,0,0,0,0,0
3395,#79d5bc,settled,1,14,14,1022.76,2.23762,6426.18,0,0,0,0,0,0,0
3396,#4277e3,settled,1,19,19,1019.1,5.26695,6403.19,0,0,0,0,0,0,0
3397,#becc56,settled,1,17,16,919.778,2.09865,5779.14,0,0,0,0,0,0,0
3398,#876e7e,settled,1,52,39,871.934,7.73169,5478.52,0,0,0,0,0,0,0
3399,#4fc4a4,settled,1,11,12,803.128,1.72146,5046.2,0,0,0,0,0,0,0
3400,#cb65cb,settled,1,53,43,772.343,5.78582,4852.77,0,0,0,75,75,0,0
3401,#94baf2,settled,1,71,50,805.082,7.53793,5058.48,0,0,0,0,0,0,0
3402,#5d5d66,settled,1,17,16,799.185,3.33161,5021.43,0,0,0,19,19,0,0
3403,#d9b18c,settled,1,68,45,748.046,1.46529,4700.11,0,0,0,0,0,0,0
3404,#a154b3,settled,1,23,20,797.262,1.28131,5009.34,0,0,0,0,0,0,0
3405,#6aa9da,settled,1,88,62,886.463,5.02365,5569.81,0,0,0,0,0,0,0
3406,#e64a4e,settled,1,127,81,878.802,6.89603,5521.68,0,0,0,0,0,0,0
3407,#afa074,settled,1,123,81,872.886,9.82973,5484.51,0,0,0,0,0,0,0
3408,#77429c,settled,1,71,50,881.49,13.5031,5538.56,0,0,0,188,188,0,0
3409,#4097c2,settled,1,49,35,855.57,3.08839,5375.7,0,0,0,322,322,0,0
3410,#bcece9,settled,1,67,48,905.674,11.3318,5690.52,0,0,0,90,90,0,0
3411,#858e5d,settled,1,69,50,1599.22,18.9483,10048.2,0,0,0,0,0,0,0
3412,#4de483,settled,1,34,25,1400.5,3.26157,8799.59,0,0,0,203,203,0,0
3413,#c985aa,settled,1,72,50,1379.7,9.80651,8668.89,0,0,0,0,0,0,0
3414,#92dbd1,settled,2,150,100,1336.13,33.1468,8395.17,0,0,0,831,831,18,3
3415,#5b7d45,settled,1,79,50,1342.55,12.0091,8435.51,0,0,0,487,487,0,0
3416,#d6d26b,settled,1,17,17,1217.68,1.62082,7650.94,0,0,0,0,0,0,0
3417,#9f7493,settled,1,23,20,1216.06,1.51345,7640.71,0,0,0,0,0,0,0
3418,#68c9b9,settled,1,10,11,1210.29,2.68719,7604.48,0,0,0,0,0,0,0
3419,#e46be0,settled,1,22,22,1206.73,2.01842,7582.11,0,0,0,0,0,0,0
3420,#acc054,settled,1,30,29,1204.31,2.70753,7566.89,0,0,0,0,0,0,0
3421,#75627b,settled,1,17,15,1301.89,2.50091,8180,0,0,0,0,0,0,0
3422,#f1b7a1,settled,1,15,14,1306.39,1.87835,8208.27,0,0,0,18,18,0,0
3423,#ba59c8,settled,1,12,12,1192.98,1.44022,7495.69,0,0,0,0,0,0,0
3424,#82afef,settled,1,76,50,1183.56,6.10009,7436.54,0,0,0,0,0,0,0
3425,#4b5163,settled,1,69,50,1150.91,33.598,7231.39,0,0,0,0,0,0,0
3426,#c7a589,settled,1,11,11,1130.72,2.67095,7104.53,0,0,0,0,0,0,0
3427,#9048b1,settled,1,38,31,1159.62,12.3678,7286.1,0,0,0,0,0,0,0
3428,#589dd7,settled,1,8,9,1113.48,0.685782,6996.2,0,0,0,0,0,0,0
3429,#d4f24a,settled,1,49,42,1128.64,12.881,7091.44,0,0,0,0,0,0,0
3430,#9d9472,settled,1,7,9,824.073,0.442197,5177.8,0,0,0,0,0,0,0
3431,#66e998,settled,1,25,21,826.92,3.41879,5195.69,0,0,0,2,2,0,0
3432,#e28bbf,settled,1,23,21,826.84,3.91066,5195.19,0,0,0,45,45,0,0
3433,#aae0e6,settled,1,16,14,825.808,1.88878,5188.71,0,0,0,43,43,0,0
3434,#73825a,settled,1,35,28,825.18,1.5364,5184.76,0,0,0,45,45,0,0
3435,#efd780,settled,1,37,33,1681.44,3.74757,10564.8,0,0,0,0,0,0,0
3436,#b879a8,settled,1,9,9,1670.87,1.21279,10498.4,0,0,0,0,0,0,0
3437,#80cfce,settled,1,9,9,1668.83,0.984455,10485.6,0,0,0,0,0,0,0
3438,#497142,settled,1,8,9,1666.8,1.52513,10472.8,0,0,0,0,0,0,0
3439,#c5c669,settled,1,20,19,1663.3,3.85641,10450.8,0,0,0,57,57,0,0
3440,#8e6890,settled,1,328,187,1650.67,5.41847,10371.5,0,0,0,352,352,0,0
3441,#56bdb6,settled,1,77,49,1618.82,3.67376,10171.3,0,0,0,0,0,0,0
3442,#d25fdd,settled,3,353,231,1696.96,79.1896,10662.3,0,0,0,208,208,14,0
3443,#9bb451,settled,1,75,50,1644.38,17.8045,10332,0,0,0,0,0,0,0
3444,#645678,settled,1,15,14,1528.71,1.58302,9605.14,0,0,0,0,0,0,0
3445,#e0ab9e,settled,3,149,119,1505.63,80.8977,9460.16,0,0,0,3787,3787,15,0
3446,#a84dc6,settled,1,7,8,1516.58,1.44895,9528.95,0,0,0,41,41,0,0
3447,#71a3ec,settled,1,16,16,1522.93,1.51652,9568.82,0,0,0,129,129,0,0
3448,#ed4460,settled,1,19,18,1202.8,2.31019,7557.39,0,0,0,0,0,0,0
3449,#b69a87,settled,1,50,37,1098.37,4.39167,6901.25,0,0,0,0,0,0,0
3450,#7eefad,settled,1,11,11,1100.8,1.3338,6916.53,0,0,0,0,0,0,0
3451,#4791d4,settled,1,7,9,1100.43,0.954063,6914.21,0,0,0,0,0,0,0
3452,#c3e648,settled,1,18,18,1078.05,1.49564,6773.58,0,0,0,0,0,0,0
3453,#8c886f,settled,1,10,12,1097.24,12.0985,6894.19,0,0,0,0,0,0,0
3454,#54dd95,settled,1,11,12,1139.86,3.3463,7161.94,0,0,0,0,0,0,0
3455,#d07fbd,settled,1,52,42,1107.37,1.66549,6957.79,0,0,0,0,0,0,0
3456,#99d4e3,settled,1,36,29,1106.49,1.99292,6952.29,0,0,0,0,0,0,0
3457,#627757,settled,1,21,22,1106.53,2.114,6952.55,0,0,0,0,0,0,0
3458,#ddcb7e,settled,1,14,15,1056.07,2.32489,6635.46,0,0,0,0,0,0,0
3459,#a66da5,settled,1,44,32,1055.62,1.90247,6632.66,0,0,0,0,0,0,0
3460,#6fc3cb,settled,1,7,8,1052.47,0.986186,6612.88,0,0,0,0,0,0,0
3461,#eb643f,settled,2,149,100,1064.11,17.0015,6686.01,0,0,0,0,0,5,0
3462,#b3ba66,settled,1,151,95,1000.72,4.98508,6287.74,0,0,0,400,400,0,0
3463,#7c5c8d,settled,1,38,29,1003.26,3.13357,6303.67,0,0,0,80,80,0,0
3464,#45b1b3,settled,1,71,50,1004.68,6.10983,6312.57,0,0,0,317,317,0,0
3465,#c153db,settled,1,130,82,995.196,4.90899,6253,0,0,0,159,159,0,0
3466,#89a84e,settled,1,16,17,995.344,2.64203,6253.93,0,0,0,37,37,0,0
3467,#524a75,settled,1,199,119,996.31,2.64324,6260,0,0,0,501,501,0,0
3468,#ce9f9c,settled,1,56,50,994.567,2.63388,6249.05,0,0,0,99,99,0,0
3469,#9741c3,settled,1,368,217,997.002,3.2376,6264.35,0,0,0,0,0,0,0
3470,#5f97e9,settled,1,76,50,1008.1,2.60196,6334.07,0,0,0,0,0,0,0
3471,#dbeb5d,settled,1,23,19,1002.99,3.38854,6301.99,0,0,0,58,58,0,0
3472,#a48e84,settled,1,22,19,1007.85,2.13486,6332.51,0,0,0,48,48,0,0
3473,#6de3aa,settled,1,67,61,1003.89,2.85844,6307.62,0,0,0,160,160,0,0
3474,#e985d2,settled,1,73,50,996.965,6.32114,6264.12,0,0,0,227,227,0,0
3475,#b1da45,settled,1,49,38,1071.85,2.16503,6734.65,0,0,0,0,0,0,0
3476,#7a7c6c,settled,1,76,50,1056.44,4.38015,6637.78,0,0,0,0,0,0,0
3477,#43d293,settled,1,26,24,1021.05,1.74543,6415.46,0,0,0,61,61,0,0
3478,#bf73ba,settled,1,22,21,1020.5,2.3391,6411.96,0,0,0,44,44,0,0
3479,#87c8e0,settled,1,68,50,1099.83,36.1587,6910.41,0,0,0,107,107,0,0
3480,#506b54,settled,1,8,14,1098.26,1.95205,6900.55,0,0,0,0,0,0,0
3481,#ccbf7b,settled,1,23,22,1099.72,2.01412,6909.73,0,0,0,32,32,0,0
3482,#9562a2,settled,1,24,20,1088.08,1.80407,6836.61,0,0,0,29,29,0,0
3483,#5db7c8,settled,1,22,22,1101.12,2.8064,6918.54,0,0,0,28,28,0,0
3484,#d958f0,settled,1,16,17,1105.2,2.85777,6944.2,0,0,0,18,18,0,0
3485,#a2ae63,settled,1,98,63,1081.73,3.66192,6796.69,0,0,0,0,0,0,0
3486,#6b508a,settled,1,53,39,1136.24,4.94563,7139.19,0,0,0,0,0,0,0
3487,#e7a5b1,settled,1,67,50,1164.91,11.5318,7319.37,0,0,0,0,0,0,0
3488,#af47d8,settled,2,51,45,1227.21,13.4353,7710.8,0,0,0,0,0,0,0
3489,#789c4b,settled,4,279,198,1349.5,82.6953,8479.13,0,0,0,0,0,0,0
3490,#41f272,settled,1,14,15,1319.62,5.39172,8291.43,0,0,0,0,0,0,0
3491,#bd9399,settled,1,35,28,1372.72,2.33411,8625.04,0,0,0,3,3,0,0
3492,#85e9bf,settled,1,65,45,1381.89,9.15917,8682.67,0,0,0,41,41,0,0
3493,#4e8be7,settled,1,49,36,1359.87,4.89626,8544.32,0,0,0,0,0,0,0
3494,#cae05a,settled,1,55,43,1355.67,4.38316,8517.92,0,0,0,0,0,0,0
3495,#938281,settled,1,67,49,1506.19,17.2561,9463.67,0,0,0,0,0,0,0
3496,#5bd7a8,settled,3,221,150,1639.77,25.8993,10303,0,0,0,0,0,33,0
3497,#d779cf,settled,1,69,58,1681.99,3.69465,10568.2,0,0,0,83,83,0,0
3498,#a0ce42,settled,1,16,13,1749.79,1.96354,10994.2,0,0,0,0,0,0,0
3499,#697069,settled,1,131,80,1745.18,3.96529,10965.3,0,0,0,0,0,0,0
3500,#e4c590,settled,1,64,45,1746.91,7.3736,10976.1,0,0,0,0,0,0,0
3501,#ad67b7,settled,1,64,44,1732.59,3.04086,10886.2,0,0,0,125,125,0,0
3502,#76bddd,settled,2,145,100,1683.72,16.4523,10579.1,0,0,0,0,0,19,0
3503,#f25e51,settled,1,76,50,1751.41,12.8586,11004.4,0,0,0,0,0,0,0
3504,#bab378,settled,1,67,49,1608.05,27.4709,10103.7,0,0,0,497,497,0,0
3505,#83569f,settled,1,44,37,1604.62,2.08197,10082.1,0,0,0,67,67,0,0
3506,#4cabc6,settled,1,53,46,1602.13,3.08032,10066.5,0,0,0,126,126,0,0
3507,#c84ded,settled,1,17,16,1604.01,1.27749,10078.3,0,0,0,40,40,0,0
3508,#90a260,settled,1,224,129,1608,4.00976,10103.4,0,0,0,352,352,0,0
3509,#594487,settled,1,40,29,1599.42,3.20976,10049.4,0,0,0,0,0,0,0
3510,#d599ae,settled,1,62,44,1687.11,10.3087,10600.4,0,0,0,0,0,0,0
3511,#9eeed4,settled,1,23,19,1491.58,2.6946,9371.89,0,0,0,0,0,0,0
3512,#669048,settled,1,70,50,1502.17,13.9372,9438.42,0,0,0,0,0,0,0
3513,#e2e56f,settled,1,64,45,1561.74,6.43783,9812.7,0,0,0,81,81,0,0
3514,#ab8796,settled,1,76,50,1481.65,5.58739,9309.51,0,0,0,0,0,0,0
3515,#74ddbd,settled,1,80,50,1478.72,5.82846,9291.08,0,0,0,0,0,0,0
3516,#f07ee4,settled,1,17,17,1416.83,1.2234,8902.22,0,0,0,30,30,0,0
3517,#b8d457,settled,1,78,50,1275.56,4.60672,8014.61,0,0,0,0,0,0,0
3518,#81767e,settled,1,304,177,1206.07,4.57293,7577.94,0,0,0,0,0,0,0
3519,#4acba5,settled,1,20,17,1188.63,3.06557,7468.41,0,0,0,0,0,0,0
3520,#c66dcc,settled,1,70,50,1120.2,11.1577,7038.4,0,0,0,51,51,0,0
3521,#8ec23f,settled,1,47,34,1122.24,3.91505,7051.24,0,0,0,51,51,0,0
3522,#576466,settled,1,17,15,1184.74,1.30113,7443.96,0,0,0,0,0,0,0
3523,#d3b98d,settled,1,30,25,1187.73,2.56673,7462.71,0,0,0,0,0,0,0
3524,#9c5bb4,settled,1,48,37,1185.04,1.34569,7445.81,0,0,0,0,0,0,0
3525,#64b1db,settled,1,31,27,1185.29,1.78704,7447.38,0,0,0,0,0,0,0
3526,#e0524f,settled,1,73,50,1157.5,8.77337,7272.76,0,0,0,0,0,0,0
3527,#a9a875,settled,1,62,50,1204.41,13.8599,7567.54,0,0,0,0,0,0,0
3528,#724a9c,settled,2,143,99,1584.27,94.4036,9954.26,0,0,0,0,0,0,0
3529,#ee9ec3,settled,1,60,50,1524.93,40.4759,9581.4,0,0,0,105,105,0,0
3530,#b641ea,settled,1,75,55,1695.05,3.48837,10650.3,0,0,0,243,243,0,0
3531,#7f965d,settled,1,104,69,1599.07,3.46383,10047.2,0,0,0,129,129,0,0
3532,#48eb84,settled,1,28,22,1607.04,3.66624,10097.3,0,0,0,40,40,0,0
3533,#c48dab,settled,1,18,17,1605.95,3.41728,10090.5,0,0,0,18,18,0,0
3534,#8ce2d2,settled,1,25,21,1597.73,2.48718,10038.9,0,0,0,29,29,0,0
3535,#558546,settled,1,12,13,1598.43,1.77396,10043.2,0,0,0,0,0,0,0
3536,#d1d96c,settled,1,34,27,1646.14,3.06507,10343,0,0,0,0,0,0,0
3537,#9a7b93,settled,1,155,95,1597.82,4.37095,10039.4,0,0,0,203,203,0,0
3538,#62d1ba,settled,1,143,94,1622.43,3.11456,10194.1,0,0,0,219,219,0,0
3539,#de72e1,settled,1,42,33,1552.99,2.10208,9757.7,0,0,0,48,48,0,0
3540,#a7c854,settled,1,158,106,1560.09,4.55233,9802.32,0,0,0,88,88,0,0
3541,#706a7b,settled,1,182,110,1559.63,9.04912,9799.46,0,0,0,0,0,0,0
3542,#ebbfa2,settled,1,34,26,1562.55,4.38093,9817.77,0,0,0,47,47,0,0
3543,#b461c9,settled,1,11,13,1579,0.9835,9921.16,0,0,0,0,0,0,0
3544,#7db6f0,settled,1,293,169,1586.08,6.49733,9965.64,0,0,0,710,710,0,0
3545,#465864,settled,1,17,16,1581.46,2.7829,9936.62,0,0,0,17,17,0,0
3546,#c1ad8a,settled,1,23,21,1580.76,2.02734,9932.24,0,0,0,29,29,0,0
3547,#8a4fb1,settled,1,66,47,1484.67,2.10313,9328.48,0,0,0,0,0,0,0
3548,#53a5d8,settled,1,10,12,1441.09,2.08836,9054.62,0,0,0,0,0,0,0
3549,#cf464c,settled,1,24,23,1392.82,3.42222,8751.34,0,0,0,0,0,0,0
3550,#979c72,settled,1,24,21,1364.25,3.55225,8571.84,0,0,0,0,0,0,0
3551,#60f199,settled,1,31,24,1367.72,2.04099,8593.61,0,0,0,0,0,0,0
3552,#dc93c0,settled,1,18,16,1383.03,0.974946,8689.82,0,0,0,0,0,0,0
3553,#a5e8e7,settled,1,69,50,1405.19,11.913,8829.08,0,0,0,0,0,0,0
3554,#6d8a5b,settled,1,30,24,1313.59,3.62489,8253.53,0,0,0,83,83,0,0
3555,#e9df81,settled,1,17,15,1320.58,1.40913,8297.44,0,0,0,0,0,0,0
3556,#b281a8,settled,1,15,15,1320.53,2.42969,8297.15,0,0,0,0,0,0,0
3557,#7bd6cf,settled,1,17,17,1334.26,2.15536,8383.41,0,0,0,0,0,0,0
3558,#437943,settled,2,41,37,1313.2,4.01027,8251.11,0,0,0,0,0,0,0
3559,#bfcd69,settled,1,8,9,1326.95,0.787361,8337.46,0,0,0,18,18,0,0
3560,#887090,settled,1,46,36,1295.47,3.96719,8139.67,0,0,0,0,0,0,0
3561,#51c5b7,settled,1,250,144,1289.65,1.86661,8103.11,0,0,0,0,0,0,0
3562,#cd66de,settled,1,18,17,1289.08,2.35517,8099.55,0,0,0,0,0,0,0
3563,#95bc51,settled,1,27,23,1293.26,1.10958,8125.81,0,0,0,0,0,0,0
3564,#5e5e79,settled,1,73,50,1241.35,3.18871,7799.62,0,0,0,0,0,0,0
