[obj_bake_raw] in=output\pherc0139_4x21x21_run\tiled_atlas_signed_v2\atlas\atlas_bake.obj raw=D:\work\vesuvius-c\PHerc0139-4x21x21-cubes\cubes_RAW out=output\pherc0139_4x21x21_run\tiled_atlas_signed_v2\texture_du4 id=tiled4x21
  parsed: 2476186 verts, 2476186 vt, 3861123 faces (1.6s)
  cube table: 6x22x23 cubes (chunk 128) over bbox
TIFFOpen: D:\work\vesuvius-c\PHerc0139-4x21x21-cubes\cubes_RAW/z04352_y01920_x01792.tif: Cannot open.
TIFFOpen: D:\work\vesuvius-c\PHerc0139-4x21x21-cubes\cubes_RAW/z04224_y02048_x01920.tif: Cannot open.
TIFFOpen: D:\work\vesuvius-c\PHerc0139-4x21x21-cubes\cubes_RAW/z04224_y02048_x02048.tif: Cannot open.
TIFFOpen: D:\work\vesuvius-c\PHerc0139-4x21x21-cubes\cubes_RAW/z04352_y01920_x01920.tif: Cannot open.
TIFFOpen: D:\work\vesuvius-c\PHerc0139-4x21x21-cubes\cubes_RAW/z04352_y01920_x02048.tif: Cannot open.
TIFFOpen: D:\work\vesuvius-c\PHerc0139-4x21x21-cubes\cubes_RAW/z04224_y02048_x02176.tif: Cannot open.
TIFFOpen: D:\work\vesuvius-c\PHerc0139-4x21x21-cubes\cubes_RAW/z04352_y01920_x02176.tif: Cannot open.
TIFFOpen: D:\work\vesuvius-c\PHerc0139-4x21x21-cubes\cubes_RAW/z04352_y01920_x02304.tif: Cannot open.
TIFFOpen: D:\work\vesuvius-c\PHerc0139-4x21x21-cubes\cubes_RAW/z04224_y02048_x02304.tif: Cannot open.
TIFFOpen: D:\work\vesuvius-c\PHerc0139-4x21x21-cubes\cubes_RAW/z04352_y01920_x02432.tif: Cannot open.
TIFFOpen: D:\work\vesuvius-c\PHerc0139-4x21x21-cubes\cubes_RAW/z04224_y02048_x02432.tif: Cannot open.
TIFFOpen: D:\work\vesuvius-c\PHerc0139-4x21x21-cubes\cubes_RAW/z04224_y02048_x02560.tif: Cannot open.
TIFFOpen: D:\work\vesuvius-c\PHerc0139-4x21x21-cubes\cubes_RAW/z04224_y02048_x02688.tif: Cannot open.
TIFFOpen: D:\work\vesuvius-c\PHerc0139-4x21x21-cubes\cubes_RAW/z04352_y01920_x02560.tif: Cannot open.
TIFFOpen: D:\work\vesuvius-c\PHerc0139-4x21x21-cubes\cubes_RAW/z04352_y01920_x02688.tif: Cannot open.
TIFFOpen: D:\work\vesuvius-c\PHerc0139-4x21x21-cubes\cubes_RAW/z04352_y01920_x02816.tif: Cannot open.
TIFFOpen: D:\work\vesuvius-c\PHerc0139-4x21x21-cubes\cubes_RAW/z04224_y02048_x02816.tif: Cannot open.
TIFFOpen: D:\work\vesuvius-c\PHerc0139-4x21x21-cubes\cubes_RAW/z04352_y01920_x02944.tif: Cannot open.
TIFFOpen: D:\work\vesuvius-c\PHerc0139-4x21x21-cubes\cubes_RAW/z04224_y02048_x03072.tif: Cannot open.
TIFFOpen: D:\work\vesuvius-c\PHerc0139-4x21x21-cubes\cubes_RAW/z04224_y02176_x03072.tif: Cannot open.
TIFFOpen: D:\work\vesuvius-c\PHerc0139-4x21x21-cubes\cubes_RAW/z04352_y01920_x03072.tif: Cannot open.
TIFFOpen: D:\work\vesuvius-c\PHerc0139-4x21x21-cubes\cubes_RAW/z04224_y02048_x03200.tif: Cannot open.
TIFFOpen: D:\work\vesuvius-c\PHerc0139-4x21x21-cubes\cubes_RAW/z04352_y01920_x03200.tif: Cannot open.
TIFFOpen: D:\work\vesuvius-c\PHerc0139-4x21x21-cubes\cubes_RAW/z04352_y01920_x03328.tif: Cannot open.
TIFFOpen: D:\work\vesuvius-c\PHerc0139-4x21x21-cubes\cubes_RAW/z04224_y02048_x03328.tif: Cannot open.
TIFFOpen: D:\work\vesuvius-c\PHerc0139-4x21x21-cubes\cubes_RAW/z04352_y01920_x03456.tif: Cannot open.
TIFFOpen: D:\work\vesuvius-c\PHerc0139-4x21x21-cubes\cubes_RAW/z04480_y01920_x03328.tif: Cannot open.
TIFFOpen: D:\work\vesuvius-c\PHerc0139-4x21x21-cubes\cubes_RAW/z04224_y02048_x03456.tif: Cannot open.
TIFFOpen: D:\work\vesuvius-c\PHerc0139-4x21x21-cubes\cubes_RAW/z04224_y02048_x03584.tif: Cannot open.
TIFFOpen: D:\work\vesuvius-c\PHerc0139-4x21x21-cubes\cubes_RAW/z04352_y01920_x03584.tif: Cannot open.
TIFFOpen: D:\work\vesuvius-c\PHerc0139-4x21x21-cubes\cubes_RAW/z04352_y01920_x03712.tif: Cannot open.
TIFFOpen: D:\work\vesuvius-c\PHerc0139-4x21x21-cubes\cubes_RAW/z04480_y01920_x03584.tif: Cannot open.
TIFFOpen: D:\work\vesuvius-c\PHerc0139-4x21x21-cubes\cubes_RAW/z04224_y02048_x03712.tif: Cannot open.
TIFFOpen: D:\work\vesuvius-c\PHerc0139-4x21x21-cubes\cubes_RAW/z04224_y02176_x03712.tif: Cannot open.
TIFFOpen: D:\work\vesuvius-c\PHerc0139-4x21x21-cubes\cubes_RAW/z04480_y01920_x03712.tif: Cannot open.
TIFFOpen: D:\work\vesuvius-c\PHerc0139-4x21x21-cubes\cubes_RAW/z04224_y02048_x03840.tif: Cannot open.
TIFFOpen: D:\work\vesuvius-c\PHerc0139-4x21x21-cubes\cubes_RAW/z04352_y01920_x03968.tif: Cannot open.
TIFFOpen: D:\work\vesuvius-c\PHerc0139-4x21x21-cubes\cubes_RAW/z04352_y01920_x03840.tif: Cannot open.
TIFFOpen: D:\work\vesuvius-c\PHerc0139-4x21x21-cubes\cubes_RAW/z04480_y01920_x03840.tif: Cannot open.
TIFFOpen: D:\work\vesuvius-c\PHerc0139-4x21x21-cubes\cubes_RAW/z04224_y02048_x03968.tif: Cannot open.
TIFFOpen: D:\work\vesuvius-c\PHerc0139-4x21x21-cubes\cubes_RAW/z04224_y01920_x03968.tif: Cannot open.
TIFFOpen: D:\work\vesuvius-c\PHerc0139-4x21x21-cubes\cubes_RAW/z04352_y01920_x04096.tif: Cannot open.
TIFFOpen: D:\work\vesuvius-c\PHerc0139-4x21x21-cubes\cubes_RAW/z04224_y02048_x04096.tif: Cannot open.
TIFFOpen: D:\work\vesuvius-c\PHerc0139-4x21x21-cubes\cubes_RAW/z04352_y02048_x04224.tif: Cannot open.
TIFFOpen: D:\work\vesuvius-c\PHerc0139-4x21x21-cubes\cubes_RAW/z04352_y02176_x04224.tif: Cannot open.
TIFFOpen: D:\work\vesuvius-c\PHerc0139-4x21x21-cubes\cubes_RAW/z04224_y01920_x04096.tif: Cannot open.
TIFFOpen: D:\work\vesuvius-c\PHerc0139-4x21x21-cubes\cubes_RAW/z04352_y01920_x04224.tif: Cannot open.
TIFFOpen: D:\work\vesuvius-c\PHerc0139-4x21x21-cubes\cubes_RAW/z04224_y02176_x01792.tif: Cannot open.
TIFFOpen: D:\work\vesuvius-c\PHerc0139-4x21x21-cubes\cubes_RAW/z04224_y02176_x01920.tif: Cannot open.
TIFFOpen: D:\work\vesuvius-c\PHerc0139-4x21x21-cubes\cubes_RAW/z04224_y02176_x02176.tif: Cannot open.
TIFFOpen: D:\work\vesuvius-c\PHerc0139-4x21x21-cubes\cubes_RAW/z04224_y02176_x02304.tif: Cannot open.
TIFFOpen: D:\work\vesuvius-c\PHerc0139-4x21x21-cubes\cubes_RAW/z04224_y02176_x02432.tif: Cannot open.
TIFFOpen: D:\work\vesuvius-c\PHerc0139-4x21x21-cubes\cubes_RAW/z04224_y02176_x02560.tif: Cannot open.
TIFFOpen: D:\work\vesuvius-c\PHerc0139-4x21x21-cubes\cubes_RAW/z04224_y02176_x02688.tif: Cannot open.
TIFFOpen: D:\work\vesuvius-c\PHerc0139-4x21x21-cubes\cubes_RAW/z04224_y02176_x02816.tif: Cannot open.
TIFFOpen: D:\work\vesuvius-c\PHerc0139-4x21x21-cubes\cubes_RAW/z04224_y02176_x02944.tif: Cannot open.
TIFFOpen: D:\work\vesuvius-c\PHerc0139-4x21x21-cubes\cubes_RAW/z04224_y02304_x03072.tif: Cannot open.
TIFFOpen: D:\work\vesuvius-c\PHerc0139-4x21x21-cubes\cubes_RAW/z04224_y02176_x03200.tif: Cannot open.
TIFFOpen: D:\work\vesuvius-c\PHerc0139-4x21x21-cubes\cubes_RAW/z04224_y02176_x03328.tif: Cannot open.
TIFFOpen: D:\work\vesuvius-c\PHerc0139-4x21x21-cubes\cubes_RAW/z04224_y02176_x03456.tif: Cannot open.
TIFFOpen: D:\work\vesuvius-c\PHerc0139-4x21x21-cubes\cubes_RAW/z04224_y02176_x03584.tif: Cannot open.
TIFFOpen: D:\work\vesuvius-c\PHerc0139-4x21x21-cubes\cubes_RAW/z04224_y02304_x03712.tif: Cannot open.
TIFFOpen: D:\work\vesuvius-c\PHerc0139-4x21x21-cubes\cubes_RAW/z04224_y02176_x03840.tif: Cannot open.
TIFFOpen: D:\work\vesuvius-c\PHerc0139-4x21x21-cubes\cubes_RAW/z04224_y02176_x03968.tif: Cannot open.
TIFFOpen: D:\work\vesuvius-c\PHerc0139-4x21x21-cubes\cubes_RAW/z04224_y02176_x04096.tif: Cannot open.
TIFFOpen: D:\work\vesuvius-c\PHerc0139-4x21x21-cubes\cubes_RAW/z04224_y02304_x01664.tif: Cannot open.
TIFFOpen: D:\work\vesuvius-c\PHerc0139-4x21x21-cubes\cubes_RAW/z04224_y02304_x01792.tif: Cannot open.
TIFFOpen: D:\work\vesuvius-c\PHerc0139-4x21x21-cubes\cubes_RAW/z04224_y02304_x01920.tif: Cannot open.
TIFFOpen: D:\work\vesuvius-c\PHerc0139-4x21x21-cubes\cubes_RAW/z04224_y02304_x02048.tif: Cannot open.
TIFFOpen: D:\work\vesuvius-c\PHerc0139-4x21x21-cubes\cubes_RAW/z04224_y02304_x02176.tif: Cannot open.
TIFFOpen: D:\work\vesuvius-c\PHerc0139-4x21x21-cubes\cubes_RAW/z04224_y02304_x02304.tif: Cannot open.
TIFFOpen: D:\work\vesuvius-c\PHerc0139-4x21x21-cubes\cubes_RAW/z04224_y02304_x02432.tif: Cannot open.
TIFFOpen: D:\work\vesuvius-c\PHerc0139-4x21x21-cubes\cubes_RAW/z04224_y02304_x02560.tif: Cannot open.
TIFFOpen: D:\work\vesuvius-c\PHerc0139-4x21x21-cubes\cubes_RAW/z04224_y02304_x02688.tif: Cannot open.
TIFFOpen: D:\work\vesuvius-c\PHerc0139-4x21x21-cubes\cubes_RAW/z04224_y02304_x02816.tif: Cannot open.
TIFFOpen: D:\work\vesuvius-c\PHerc0139-4x21x21-cubes\cubes_RAW/z04224_y02304_x02944.tif: Cannot open.
TIFFOpen: D:\work\vesuvius-c\PHerc0139-4x21x21-cubes\cubes_RAW/z04224_y02304_x03200.tif: Cannot open.
TIFFOpen: D:\work\vesuvius-c\PHerc0139-4x21x21-cubes\cubes_RAW/z04224_y02304_x03328.tif: Cannot open.
TIFFOpen: D:\work\vesuvius-c\PHerc0139-4x21x21-cubes\cubes_RAW/z04224_y02304_x03456.tif: Cannot open.
TIFFOpen: D:\work\vesuvius-c\PHerc0139-4x21x21-cubes\cubes_RAW/z04224_y02304_x03584.tif: Cannot open.
TIFFOpen: D:\work\vesuvius-c\PHerc0139-4x21x21-cubes\cubes_RAW/z04224_y02432_x03584.tif: Cannot open.
TIFFOpen: D:\work\vesuvius-c\PHerc0139-4x21x21-cubes\cubes_RAW/z04224_y02432_x03712.tif: Cannot open.
TIFFOpen: D:\work\vesuvius-c\PHerc0139-4x21x21-cubes\cubes_RAW/z04224_y02304_x03840.tif: Cannot open.
TIFFOpen: D:\work\vesuvius-c\PHerc0139-4x21x21-cubes\cubes_RAW/z04224_y02304_x03968.tif: Cannot open.
TIFFOpen: D:\work\vesuvius-c\PHerc0139-4x21x21-cubes\cubes_RAW/z04224_y02304_x04096.tif: Cannot open.
TIFFOpen: D:\work\vesuvius-c\PHerc0139-4x21x21-cubes\cubes_RAW/z04352_y02304_x04224.tif: Cannot open.
TIFFOpen: D:\work\vesuvius-c\PHerc0139-4x21x21-cubes\cubes_RAW/z04224_y02432_x01536.tif: Cannot open.
TIFFOpen: D:\work\vesuvius-c\PHerc0139-4x21x21-cubes\cubes_RAW/z04224_y02432_x01664.tif: Cannot open.
TIFFOpen: D:\work\vesuvius-c\PHerc0139-4x21x21-cubes\cubes_RAW/z04224_y02432_x01792.tif: Cannot open.
TIFFOpen: D:\work\vesuvius-c\PHerc0139-4x21x21-cubes\cubes_RAW/z04224_y02432_x01920.tif: Cannot open.
TIFFOpen: D:\work\vesuvius-c\PHerc0139-4x21x21-cubes\cubes_RAW/z04224_y02432_x02048.tif: Cannot open.
TIFFOpen: D:\work\vesuvius-c\PHerc0139-4x21x21-cubes\cubes_RAW/z04224_y02432_x02176.tif: Cannot open.
TIFFOpen: D:\work\vesuvius-c\PHerc0139-4x21x21-cubes\cubes_RAW/z04224_y02432_x02304.tif: Cannot open.
TIFFOpen: D:\work\vesuvius-c\PHerc0139-4x21x21-cubes\cubes_RAW/z04224_y02560_x02304.tif: Cannot open.
TIFFOpen: D:\work\vesuvius-c\PHerc0139-4x21x21-cubes\cubes_RAW/z04224_y02432_x02432.tif: Cannot open.
TIFFOpen: D:\work\vesuvius-c\PHerc0139-4x21x21-cubes\cubes_RAW/z04224_y02432_x02560.tif: Cannot open.
TIFFOpen: D:\work\vesuvius-c\PHerc0139-4x21x21-cubes\cubes_RAW/z04224_y02432_x02688.tif: Cannot open.
TIFFOpen: D:\work\vesuvius-c\PHerc0139-4x21x21-cubes\cubes_RAW/z04224_y02432_x02816.tif: Cannot open.
TIFFOpen: D:\work\vesuvius-c\PHerc0139-4x21x21-cubes\cubes_RAW/z04224_y02432_x02944.tif: Cannot open.
TIFFOpen: D:\work\vesuvius-c\PHerc0139-4x21x21-cubes\cubes_RAW/z04224_y02432_x03072.tif: Cannot open.
TIFFOpen: D:\work\vesuvius-c\PHerc0139-4x21x21-cubes\cubes_RAW/z04224_y02560_x03072.tif: Cannot open.
TIFFOpen: D:\work\vesuvius-c\PHerc0139-4x21x21-cubes\cubes_RAW/z04224_y02432_x03200.tif: Cannot open.
TIFFOpen: D:\work\vesuvius-c\PHerc0139-4x21x21-cubes\cubes_RAW/z04224_y02560_x03200.tif: Cannot open.
TIFFOpen: D:\work\vesuvius-c\PHerc0139-4x21x21-cubes\cubes_RAW/z04224_y02432_x03328.tif: Cannot open.
TIFFOpen: D:\work\vesuvius-c\PHerc0139-4x21x21-cubes\cubes_RAW/z04224_y02432_x03456.tif: Cannot open.
TIFFOpen: D:\work\vesuvius-c\PHerc0139-4x21x21-cubes\cubes_RAW/z04224_y02560_x03456.tif: Cannot open.
TIFFOpen: D:\work\vesuvius-c\PHerc0139-4x21x21-cubes\cubes_RAW/z04224_y02560_x03712.tif: Cannot open.
TIFFOpen: D:\work\vesuvius-c\PHerc0139-4x21x21-cubes\cubes_RAW/z04224_y02432_x03840.tif: Cannot open.
TIFFOpen: D:\work\vesuvius-c\PHerc0139-4x21x21-cubes\cubes_RAW/z04224_y02432_x03968.tif: Cannot open.
TIFFOpen: D:\work\vesuvius-c\PHerc0139-4x21x21-cubes\cubes_RAW/z04352_y02432_x04224.tif: Cannot open.
TIFFOpen: D:\work\vesuvius-c\PHerc0139-4x21x21-cubes\cubes_RAW/z04224_y02432_x04096.tif: Cannot open.
TIFFOpen: D:\work\vesuvius-c\PHerc0139-4x21x21-cubes\cubes_RAW/z04352_y02560_x04224.tif: Cannot open.
TIFFOpen: D:\work\vesuvius-c\PHerc0139-4x21x21-cubes\cubes_RAW/z04224_y02560_x01536.tif: Cannot open.
TIFFOpen: D:\work\vesuvius-c\PHerc0139-4x21x21-cubes\cubes_RAW/z04352_y02560_x01408.tif: Cannot open.
TIFFOpen: D:\work\vesuvius-c\PHerc0139-4x21x21-cubes\cubes_RAW/z04224_y02560_x01664.tif: Cannot open.
TIFFOpen: D:\work\vesuvius-c\PHerc0139-4x21x21-cubes\cubes_RAW/z04224_y02560_x01792.tif: Cannot open.
TIFFOpen: D:\work\vesuvius-c\PHerc0139-4x21x21-cubes\cubes_RAW/z04224_y02560_x01920.tif: Cannot open.
TIFFOpen: D:\work\vesuvius-c\PHerc0139-4x21x21-cubes\cubes_RAW/z04224_y02560_x02048.tif: Cannot open.
TIFFOpen: D:\work\vesuvius-c\PHerc0139-4x21x21-cubes\cubes_RAW/z04224_y02560_x02176.tif: Cannot open.
TIFFOpen: D:\work\vesuvius-c\PHerc0139-4x21x21-cubes\cubes_RAW/z04224_y02560_x02432.tif: Cannot open.
TIFFOpen: D:\work\vesuvius-c\PHerc0139-4x21x21-cubes\cubes_RAW/z04224_y02560_x02560.tif: Cannot open.
TIFFOpen: D:\work\vesuvius-c\PHerc0139-4x21x21-cubes\cubes_RAW/z04224_y02560_x02816.tif: Cannot open.
TIFFOpen: D:\work\vesuvius-c\PHerc0139-4x21x21-cubes\cubes_RAW/z04224_y02560_x02944.tif: Cannot open.
TIFFOpen: D:\work\vesuvius-c\PHerc0139-4x21x21-cubes\cubes_RAW/z04224_y02560_x03328.tif: Cannot open.
TIFFOpen: D:\work\vesuvius-c\PHerc0139-4x21x21-cubes\cubes_RAW/z04224_y02560_x03584.tif: Cannot open.
TIFFOpen: D:\work\vesuvius-c\PHerc0139-4x21x21-cubes\cubes_RAW/z04224_y02560_x03840.tif: Cannot open.
TIFFOpen: D:\work\vesuvius-c\PHerc0139-4x21x21-cubes\cubes_RAW/z04224_y02560_x03968.tif: Cannot open.
TIFFOpen: D:\work\vesuvius-c\PHerc0139-4x21x21-cubes\cubes_RAW/z04224_y02560_x04096.tif: Cannot open.
TIFFOpen: D:\work\vesuvius-c\PHerc0139-4x21x21-cubes\cubes_RAW/z04480_y02560_x04224.tif: Cannot open.
TIFFOpen: D:\work\vesuvius-c\PHerc0139-4x21x21-cubes\cubes_RAW/z04352_y02688_x01408.tif: Cannot open.
TIFFOpen: D:\work\vesuvius-c\PHerc0139-4x21x21-cubes\cubes_RAW/z04224_y02688_x01536.tif: Cannot open.
TIFFOpen: D:\work\vesuvius-c\PHerc0139-4x21x21-cubes\cubes_RAW/z04224_y02688_x01920.tif: Cannot open.
TIFFOpen: D:\work\vesuvius-c\PHerc0139-4x21x21-cubes\cubes_RAW/z04224_y02688_x02048.tif: Cannot open.
TIFFOpen: D:\work\vesuvius-c\PHerc0139-4x21x21-cubes\cubes_RAW/z04224_y02688_x02176.tif: Cannot open.
TIFFOpen: D:\work\vesuvius-c\PHerc0139-4x21x21-cubes\cubes_RAW/z04224_y02688_x02304.tif: Cannot open.
TIFFOpen: D:\work\vesuvius-c\PHerc0139-4x21x21-cubes\cubes_RAW/z04224_y02688_x02432.tif: Cannot open.
TIFFOpen: D:\work\vesuvius-c\PHerc0139-4x21x21-cubes\cubes_RAW/z04224_y02816_x02432.tif: Cannot open.
TIFFOpen: D:\work\vesuvius-c\PHerc0139-4x21x21-cubes\cubes_RAW/z04224_y02688_x02560.tif: Cannot open.
TIFFOpen: D:\work\vesuvius-c\PHerc0139-4x21x21-cubes\cubes_RAW/z04224_y02688_x02816.tif: Cannot open.
TIFFOpen: D:\work\vesuvius-c\PHerc0139-4x21x21-cubes\cubes_RAW/z04224_y02688_x02944.tif: Cannot open.
TIFFOpen: D:\work\vesuvius-c\PHerc0139-4x21x21-cubes\cubes_RAW/z04224_y02688_x03072.tif: Cannot open.
TIFFOpen: D:\work\vesuvius-c\PHerc0139-4x21x21-cubes\cubes_RAW/z04224_y02688_x03200.tif: Cannot open.
TIFFOpen: D:\work\vesuvius-c\PHerc0139-4x21x21-cubes\cubes_RAW/z04224_y02688_x03328.tif: Cannot open.
TIFFOpen: D:\work\vesuvius-c\PHerc0139-4x21x21-cubes\cubes_RAW/z04224_y02688_x03456.tif: Cannot open.
TIFFOpen: D:\work\vesuvius-c\PHerc0139-4x21x21-cubes\cubes_RAW/z04224_y02688_x03712.tif: Cannot open.
TIFFOpen: D:\work\vesuvius-c\PHerc0139-4x21x21-cubes\cubes_RAW/z04224_y02688_x03840.tif: Cannot open.
TIFFOpen: D:\work\vesuvius-c\PHerc0139-4x21x21-cubes\cubes_RAW/z04352_y02688_x04224.tif: Cannot open.
TIFFOpen: D:\work\vesuvius-c\PHerc0139-4x21x21-cubes\cubes_RAW/z04352_y02816_x04224.tif: Cannot open.
TIFFOpen: D:\work\vesuvius-c\PHerc0139-4x21x21-cubes\cubes_RAW/z04480_y02688_x04224.tif: Cannot open.
TIFFOpen: D:\work\vesuvius-c\PHerc0139-4x21x21-cubes\cubes_RAW/z04352_y02816_x01408.tif: Cannot open.
TIFFOpen: D:\work\vesuvius-c\PHerc0139-4x21x21-cubes\cubes_RAW/z04224_y02816_x01536.tif: Cannot open.
TIFFOpen: D:\work\vesuvius-c\PHerc0139-4x21x21-cubes\cubes_RAW/z04224_y02816_x01664.tif: Cannot open.
TIFFOpen: D:\work\vesuvius-c\PHerc0139-4x21x21-cubes\cubes_RAW/z04224_y02816_x01920.tif: Cannot open.
TIFFOpen: D:\work\vesuvius-c\PHerc0139-4x21x21-cubes\cubes_RAW/z04224_y02816_x02048.tif: Cannot open.
TIFFOpen: D:\work\vesuvius-c\PHerc0139-4x21x21-cubes\cubes_RAW/z04224_y02816_x02176.tif: Cannot open.
TIFFOpen: D:\work\vesuvius-c\PHerc0139-4x21x21-cubes\cubes_RAW/z04224_y02816_x02560.tif: Cannot open.
TIFFOpen: D:\work\vesuvius-c\PHerc0139-4x21x21-cubes\cubes_RAW/z04224_y02816_x02816.tif: Cannot open.
TIFFOpen: D:\work\vesuvius-c\PHerc0139-4x21x21-cubes\cubes_RAW/z04224_y02816_x02944.tif: Cannot open.
TIFFOpen: D:\work\vesuvius-c\PHerc0139-4x21x21-cubes\cubes_RAW/z04224_y02944_x02944.tif: Cannot open.
TIFFOpen: D:\work\vesuvius-c\PHerc0139-4x21x21-cubes\cubes_RAW/z04224_y02816_x03072.tif: Cannot open.
TIFFOpen: D:\work\vesuvius-c\PHerc0139-4x21x21-cubes\cubes_RAW/z04224_y02816_x03200.tif: Cannot open.
TIFFOpen: D:\work\vesuvius-c\PHerc0139-4x21x21-cubes\cubes_RAW/z04224_y02816_x03328.tif: Cannot open.
TIFFOpen: D:\work\vesuvius-c\PHerc0139-4x21x21-cubes\cubes_RAW/z04224_y02816_x03456.tif: Cannot open.
TIFFOpen: D:\work\vesuvius-c\PHerc0139-4x21x21-cubes\cubes_RAW/z04224_y02944_x03456.tif: Cannot open.
TIFFOpen: D:\work\vesuvius-c\PHerc0139-4x21x21-cubes\cubes_RAW/z04224_y02816_x03584.tif: Cannot open.
TIFFOpen: D:\work\vesuvius-c\PHerc0139-4x21x21-cubes\cubes_RAW/z04224_y02944_x03584.tif: Cannot open.
TIFFOpen: D:\work\vesuvius-c\PHerc0139-4x21x21-cubes\cubes_RAW/z04224_y02816_x03712.tif: Cannot open.
TIFFOpen: D:\work\vesuvius-c\PHerc0139-4x21x21-cubes\cubes_RAW/z04224_y02816_x03840.tif: Cannot open.
TIFFOpen: D:\work\vesuvius-c\PHerc0139-4x21x21-cubes\cubes_RAW/z04224_y02816_x04096.tif: Cannot open.
TIFFOpen: D:\work\vesuvius-c\PHerc0139-4x21x21-cubes\cubes_RAW/z04480_y02816_x04224.tif: Cannot open.
TIFFOpen: D:\work\vesuvius-c\PHerc0139-4x21x21-cubes\cubes_RAW/z04224_y02944_x01536.tif: Cannot open.
TIFFOpen: D:\work\vesuvius-c\PHerc0139-4x21x21-cubes\cubes_RAW/z04352_y02944_x01408.tif: Cannot open.
TIFFOpen: D:\work\vesuvius-c\PHerc0139-4x21x21-cubes\cubes_RAW/z04224_y02944_x01664.tif: Cannot open.
TIFFOpen: D:\work\vesuvius-c\PHerc0139-4x21x21-cubes\cubes_RAW/z04224_y02944_x01792.tif: Cannot open.
TIFFOpen: D:\work\vesuvius-c\PHerc0139-4x21x21-cubes\cubes_RAW/z04224_y02944_x01920.tif: Cannot open.
TIFFOpen: D:\work\vesuvius-c\PHerc0139-4x21x21-cubes\cubes_RAW/z04224_y02944_x02432.tif: Cannot open.
TIFFOpen: D:\work\vesuvius-c\PHerc0139-4x21x21-cubes\cubes_RAW/z04224_y02944_x02560.tif: Cannot open.
TIFFOpen: D:\work\vesuvius-c\PHerc0139-4x21x21-cubes\cubes_RAW/z04224_y02944_x02688.tif: Cannot open.
TIFFOpen: D:\work\vesuvius-c\PHerc0139-4x21x21-cubes\cubes_RAW/z04224_y02944_x02816.tif: Cannot open.
TIFFOpen: D:\work\vesuvius-c\PHerc0139-4x21x21-cubes\cubes_RAW/z04224_y02944_x03072.tif: Cannot open.
TIFFOpen: D:\work\vesuvius-c\PHerc0139-4x21x21-cubes\cubes_RAW/z04224_y02944_x03200.tif: Cannot open.
TIFFOpen: D:\work\vesuvius-c\PHerc0139-4x21x21-cubes\cubes_RAW/z04224_y02944_x03328.tif: Cannot open.
TIFFOpen: D:\work\vesuvius-c\PHerc0139-4x21x21-cubes\cubes_RAW/z04224_y03072_x03456.tif: Cannot open.
TIFFOpen: D:\work\vesuvius-c\PHerc0139-4x21x21-cubes\cubes_RAW/z04224_y02944_x03712.tif: Cannot open.
TIFFOpen: D:\work\vesuvius-c\PHerc0139-4x21x21-cubes\cubes_RAW/z04224_y02944_x03840.tif: Cannot open.
TIFFOpen: D:\work\vesuvius-c\PHerc0139-4x21x21-cubes\cubes_RAW/z04224_y02944_x03968.tif: Cannot open.
TIFFOpen: D:\work\vesuvius-c\PHerc0139-4x21x21-cubes\cubes_RAW/z04224_y02944_x04096.tif: Cannot open.
TIFFOpen: D:\work\vesuvius-c\PHerc0139-4x21x21-cubes\cubes_RAW/z04352_y02944_x04224.tif: Cannot open.
TIFFOpen: D:\work\vesuvius-c\PHerc0139-4x21x21-cubes\cubes_RAW/z04352_y03072_x04224.tif: Cannot open.
TIFFOpen: D:\work\vesuvius-c\PHerc0139-4x21x21-cubes\cubes_RAW/z04480_y02944_x04224.tif: Cannot open.
TIFFOpen: D:\work\vesuvius-c\PHerc0139-4x21x21-cubes\cubes_RAW/z04224_y03072_x01536.tif: Cannot open.
TIFFOpen: D:\work\vesuvius-c\PHerc0139-4x21x21-cubes\cubes_RAW/z04352_y03072_x01408.tif: Cannot open.
TIFFOpen: D:\work\vesuvius-c\PHerc0139-4x21x21-cubes\cubes_RAW/z04224_y03072_x01664.tif: Cannot open.
TIFFOpen: D:\work\vesuvius-c\PHerc0139-4x21x21-cubes\cubes_RAW/z04224_y03072_x01792.tif: Cannot open.
TIFFOpen: D:\work\vesuvius-c\PHerc0139-4x21x21-cubes\cubes_RAW/z04224_y03072_x02048.tif: Cannot open.
TIFFOpen: D:\work\vesuvius-c\PHerc0139-4x21x21-cubes\cubes_RAW/z04224_y03072_x02176.tif: Cannot open.
TIFFOpen: D:\work\vesuvius-c\PHerc0139-4x21x21-cubes\cubes_RAW/z04224_y03072_x02304.tif: Cannot open.
TIFFOpen: D:\work\vesuvius-c\PHerc0139-4x21x21-cubes\cubes_RAW/z04224_y03072_x02432.tif: Cannot open.
TIFFOpen: D:\work\vesuvius-c\PHerc0139-4x21x21-cubes\cubes_RAW/z04224_y03072_x02560.tif: Cannot open.
TIFFOpen: D:\work\vesuvius-c\PHerc0139-4x21x21-cubes\cubes_RAW/z04224_y03072_x02688.tif: Cannot open.
TIFFOpen: D:\work\vesuvius-c\PHerc0139-4x21x21-cubes\cubes_RAW/z04224_y03072_x02816.tif: Cannot open.
TIFFOpen: D:\work\vesuvius-c\PHerc0139-4x21x21-cubes\cubes_RAW/z04224_y03200_x02816.tif: Cannot open.
TIFFOpen: D:\work\vesuvius-c\PHerc0139-4x21x21-cubes\cubes_RAW/z04224_y03072_x02944.tif: Cannot open.
TIFFOpen: D:\work\vesuvius-c\PHerc0139-4x21x21-cubes\cubes_RAW/z04224_y03072_x03072.tif: Cannot open.
TIFFOpen: D:\work\vesuvius-c\PHerc0139-4x21x21-cubes\cubes_RAW/z04224_y03072_x03200.tif: Cannot open.
TIFFOpen: D:\work\vesuvius-c\PHerc0139-4x21x21-cubes\cubes_RAW/z04224_y03072_x03328.tif: Cannot open.
TIFFOpen: D:\work\vesuvius-c\PHerc0139-4x21x21-cubes\cubes_RAW/z04224_y03072_x03584.tif: Cannot open.
TIFFOpen: D:\work\vesuvius-c\PHerc0139-4x21x21-cubes\cubes_RAW/z04224_y03072_x03712.tif: Cannot open.
TIFFOpen: D:\work\vesuvius-c\PHerc0139-4x21x21-cubes\cubes_RAW/z04224_y03072_x03968.tif: Cannot open.
TIFFOpen: D:\work\vesuvius-c\PHerc0139-4x21x21-cubes\cubes_RAW/z04224_y03072_x04096.tif: Cannot open.
TIFFOpen: D:\work\vesuvius-c\PHerc0139-4x21x21-cubes\cubes_RAW/z04480_y03072_x04224.tif: Cannot open.
TIFFOpen: D:\work\vesuvius-c\PHerc0139-4x21x21-cubes\cubes_RAW/z04352_y03200_x01408.tif: Cannot open.
TIFFOpen: D:\work\vesuvius-c\PHerc0139-4x21x21-cubes\cubes_RAW/z04224_y03200_x01536.tif: Cannot open.
TIFFOpen: D:\work\vesuvius-c\PHerc0139-4x21x21-cubes\cubes_RAW/z04224_y03200_x01664.tif: Cannot open.
TIFFOpen: D:\work\vesuvius-c\PHerc0139-4x21x21-cubes\cubes_RAW/z04224_y03200_x01792.tif: Cannot open.
TIFFOpen: D:\work\vesuvius-c\PHerc0139-4x21x21-cubes\cubes_RAW/z04224_y03200_x02048.tif: Cannot open.
TIFFOpen: D:\work\vesuvius-c\PHerc0139-4x21x21-cubes\cubes_RAW/z04224_y03200_x02176.tif: Cannot open.
TIFFOpen: D:\work\vesuvius-c\PHerc0139-4x21x21-cubes\cubes_RAW/z04224_y03200_x02688.tif: Cannot open.
TIFFOpen: D:\work\vesuvius-c\PHerc0139-4x21x21-cubes\cubes_RAW/z04224_y03200_x02944.tif: Cannot open.
TIFFOpen: D:\work\vesuvius-c\PHerc0139-4x21x21-cubes\cubes_RAW/z04224_y03200_x03072.tif: Cannot open.
TIFFOpen: D:\work\vesuvius-c\PHerc0139-4x21x21-cubes\cubes_RAW/z04224_y03200_x03200.tif: Cannot open.
TIFFOpen: D:\work\vesuvius-c\PHerc0139-4x21x21-cubes\cubes_RAW/z04224_y03200_x03328.tif: Cannot open.
TIFFOpen: D:\work\vesuvius-c\PHerc0139-4x21x21-cubes\cubes_RAW/z04224_y03200_x03456.tif: Cannot open.
TIFFOpen: D:\work\vesuvius-c\PHerc0139-4x21x21-cubes\cubes_RAW/z04224_y03200_x03584.tif: Cannot open.
TIFFOpen: D:\work\vesuvius-c\PHerc0139-4x21x21-cubes\cubes_RAW/z04224_y03200_x03712.tif: Cannot open.
TIFFOpen: D:\work\vesuvius-c\PHerc0139-4x21x21-cubes\cubes_RAW/z04224_y03200_x03840.tif: Cannot open.
TIFFOpen: D:\work\vesuvius-c\PHerc0139-4x21x21-cubes\cubes_RAW/z04224_y03200_x03968.tif: Cannot open.
TIFFOpen: D:\work\vesuvius-c\PHerc0139-4x21x21-cubes\cubes_RAW/z04224_y03200_x04096.tif: Cannot open.
TIFFOpen: D:\work\vesuvius-c\PHerc0139-4x21x21-cubes\cubes_RAW/z04352_y03200_x04224.tif: Cannot open.
TIFFOpen: D:\work\vesuvius-c\PHerc0139-4x21x21-cubes\cubes_RAW/z04480_y03200_x04224.tif: Cannot open.
TIFFOpen: D:\work\vesuvius-c\PHerc0139-4x21x21-cubes\cubes_RAW/z04352_y03328_x04224.tif: Cannot open.
TIFFOpen: D:\work\vesuvius-c\PHerc0139-4x21x21-cubes\cubes_RAW/z04224_y03328_x01536.tif: Cannot open.
TIFFOpen: D:\work\vesuvius-c\PHerc0139-4x21x21-cubes\cubes_RAW/z04224_y03328_x01664.tif: Cannot open.
TIFFOpen: D:\work\vesuvius-c\PHerc0139-4x21x21-cubes\cubes_RAW/z04352_y03328_x01408.tif: Cannot open.
TIFFOpen: D:\work\vesuvius-c\PHerc0139-4x21x21-cubes\cubes_RAW/z04224_y03328_x01792.tif: Cannot open.
TIFFOpen: D:\work\vesuvius-c\PHerc0139-4x21x21-cubes\cubes_RAW/z04224_y03456_x01664.tif: Cannot open.
TIFFOpen: D:\work\vesuvius-c\PHerc0139-4x21x21-cubes\cubes_RAW/z04224_y03328_x01920.tif: Cannot open.
TIFFOpen: D:\work\vesuvius-c\PHerc0139-4x21x21-cubes\cubes_RAW/z04224_y03328_x02048.tif: Cannot open.
TIFFOpen: D:\work\vesuvius-c\PHerc0139-4x21x21-cubes\cubes_RAW/z04224_y03328_x02304.tif: Cannot open.
TIFFOpen: D:\work\vesuvius-c\PHerc0139-4x21x21-cubes\cubes_RAW/z04224_y03328_x02560.tif: Cannot open.
TIFFOpen: D:\work\vesuvius-c\PHerc0139-4x21x21-cubes\cubes_RAW/z04224_y03328_x02688.tif: Cannot open.
TIFFOpen: D:\work\vesuvius-c\PHerc0139-4x21x21-cubes\cubes_RAW/z04224_y03328_x02816.tif: Cannot open.
TIFFOpen: D:\work\vesuvius-c\PHerc0139-4x21x21-cubes\cubes_RAW/z04224_y03456_x02816.tif: Cannot open.
TIFFOpen: D:\work\vesuvius-c\PHerc0139-4x21x21-cubes\cubes_RAW/z04224_y03328_x02944.tif: Cannot open.
TIFFOpen: D:\work\vesuvius-c\PHerc0139-4x21x21-cubes\cubes_RAW/z04224_y03456_x02944.tif: Cannot open.
TIFFOpen: D:\work\vesuvius-c\PHerc0139-4x21x21-cubes\cubes_RAW/z04224_y03328_x03072.tif: Cannot open.
TIFFOpen: D:\work\vesuvius-c\PHerc0139-4x21x21-cubes\cubes_RAW/z04224_y03328_x03200.tif: Cannot open.
TIFFOpen: D:\work\vesuvius-c\PHerc0139-4x21x21-cubes\cubes_RAW/z04224_y03328_x03456.tif: Cannot open.
TIFFOpen: D:\work\vesuvius-c\PHerc0139-4x21x21-cubes\cubes_RAW/z04224_y03328_x03584.tif: Cannot open.
TIFFOpen: D:\work\vesuvius-c\PHerc0139-4x21x21-cubes\cubes_RAW/z04224_y03328_x03712.tif: Cannot open.
TIFFOpen: D:\work\vesuvius-c\PHerc0139-4x21x21-cubes\cubes_RAW/z04224_y03328_x03840.tif: Cannot open.
TIFFOpen: D:\work\vesuvius-c\PHerc0139-4x21x21-cubes\cubes_RAW/z04224_y03328_x03968.tif: Cannot open.
TIFFOpen: D:\work\vesuvius-c\PHerc0139-4x21x21-cubes\cubes_RAW/z04224_y03328_x04096.tif: Cannot open.
TIFFOpen: D:\work\vesuvius-c\PHerc0139-4x21x21-cubes\cubes_RAW/z04480_y03328_x04224.tif: Cannot open.
TIFFOpen: D:\work\vesuvius-c\PHerc0139-4x21x21-cubes\cubes_RAW/z04352_y03456_x04224.tif: Cannot open.
TIFFOpen: D:\work\vesuvius-c\PHerc0139-4x21x21-cubes\cubes_RAW/z04352_y03456_x01408.tif: Cannot open.
TIFFOpen: D:\work\vesuvius-c\PHerc0139-4x21x21-cubes\cubes_RAW/z04224_y03456_x01536.tif: Cannot open.
TIFFOpen: D:\work\vesuvius-c\PHerc0139-4x21x21-cubes\cubes_RAW/z04480_y03456_x01408.tif: Cannot open.
TIFFOpen: D:\work\vesuvius-c\PHerc0139-4x21x21-cubes\cubes_RAW/z04224_y03456_x01792.tif: Cannot open.
TIFFOpen: D:\work\vesuvius-c\PHerc0139-4x21x21-cubes\cubes_RAW/z04224_y03456_x02048.tif: Cannot open.
TIFFOpen: D:\work\vesuvius-c\PHerc0139-4x21x21-cubes\cubes_RAW/z04224_y03456_x02304.tif: Cannot open.
TIFFOpen: D:\work\vesuvius-c\PHerc0139-4x21x21-cubes\cubes_RAW/z04224_y03456_x02432.tif: Cannot open.
TIFFOpen: D:\work\vesuvius-c\PHerc0139-4x21x21-cubes\cubes_RAW/z04224_y03456_x02560.tif: Cannot open.
TIFFOpen: D:\work\vesuvius-c\PHerc0139-4x21x21-cubes\cubes_RAW/z04224_y03456_x02688.tif: Cannot open.
TIFFOpen: D:\work\vesuvius-c\PHerc0139-4x21x21-cubes\cubes_RAW/z04224_y03584_x02944.tif: Cannot open.
TIFFOpen: D:\work\vesuvius-c\PHerc0139-4x21x21-cubes\cubes_RAW/z04224_y03456_x03072.tif: Cannot open.
TIFFOpen: D:\work\vesuvius-c\PHerc0139-4x21x21-cubes\cubes_RAW/z04224_y03584_x03072.tif: Cannot open.
TIFFOpen: D:\work\vesuvius-c\PHerc0139-4x21x21-cubes\cubes_RAW/z04224_y03456_x03200.tif: Cannot open.
TIFFOpen: D:\work\vesuvius-c\PHerc0139-4x21x21-cubes\cubes_RAW/z04224_y03456_x03328.tif: Cannot open.
TIFFOpen: D:\work\vesuvius-c\PHerc0139-4x21x21-cubes\cubes_RAW/z04224_y03456_x03456.tif: Cannot open.
TIFFOpen: D:\work\vesuvius-c\PHerc0139-4x21x21-cubes\cubes_RAW/z04224_y03584_x03328.tif: Cannot open.
TIFFOpen: D:\work\vesuvius-c\PHerc0139-4x21x21-cubes\cubes_RAW/z04224_y03456_x03584.tif: Cannot open.
TIFFOpen: D:\work\vesuvius-c\PHerc0139-4x21x21-cubes\cubes_RAW/z04224_y03456_x03712.tif: Cannot open.
TIFFOpen: D:\work\vesuvius-c\PHerc0139-4x21x21-cubes\cubes_RAW/z04224_y03456_x03840.tif: Cannot open.
TIFFOpen: D:\work\vesuvius-c\PHerc0139-4x21x21-cubes\cubes_RAW/z04224_y03584_x03840.tif: Cannot open.
TIFFOpen: D:\work\vesuvius-c\PHerc0139-4x21x21-cubes\cubes_RAW/z04224_y03456_x03968.tif: Cannot open.
TIFFOpen: D:\work\vesuvius-c\PHerc0139-4x21x21-cubes\cubes_RAW/z04224_y03456_x04096.tif: Cannot open.
TIFFOpen: D:\work\vesuvius-c\PHerc0139-4x21x21-cubes\cubes_RAW/z04224_y03584_x03968.tif: Cannot open.
TIFFOpen: D:\work\vesuvius-c\PHerc0139-4x21x21-cubes\cubes_RAW/z04480_y03456_x04224.tif: Cannot open.
TIFFOpen: D:\work\vesuvius-c\PHerc0139-4x21x21-cubes\cubes_RAW/z04224_y03584_x01536.tif: Cannot open.
TIFFOpen: D:\work\vesuvius-c\PHerc0139-4x21x21-cubes\cubes_RAW/z04352_y03584_x01408.tif: Cannot open.
TIFFOpen: D:\work\vesuvius-c\PHerc0139-4x21x21-cubes\cubes_RAW/z04352_y03712_x01408.tif: Cannot open.
TIFFOpen: D:\work\vesuvius-c\PHerc0139-4x21x21-cubes\cubes_RAW/z04224_y03584_x01664.tif: Cannot open.
TIFFOpen: D:\work\vesuvius-c\PHerc0139-4x21x21-cubes\cubes_RAW/z04224_y03584_x01792.tif: Cannot open.
TIFFOpen: D:\work\vesuvius-c\PHerc0139-4x21x21-cubes\cubes_RAW/z04224_y03584_x01920.tif: Cannot open.
TIFFOpen: D:\work\vesuvius-c\PHerc0139-4x21x21-cubes\cubes_RAW/z04224_y03584_x02176.tif: Cannot open.
TIFFOpen: D:\work\vesuvius-c\PHerc0139-4x21x21-cubes\cubes_RAW/z04224_y03584_x02304.tif: Cannot open.
TIFFOpen: D:\work\vesuvius-c\PHerc0139-4x21x21-cubes\cubes_RAW/z04224_y03584_x02560.tif: Cannot open.
TIFFOpen: D:\work\vesuvius-c\PHerc0139-4x21x21-cubes\cubes_RAW/z04224_y03584_x02688.tif: Cannot open.
TIFFOpen: D:\work\vesuvius-c\PHerc0139-4x21x21-cubes\cubes_RAW/z04224_y03584_x02816.tif: Cannot open.
TIFFOpen: D:\work\vesuvius-c\PHerc0139-4x21x21-cubes\cubes_RAW/z04224_y03584_x03200.tif: Cannot open.
TIFFOpen: D:\work\vesuvius-c\PHerc0139-4x21x21-cubes\cubes_RAW/z04224_y03712_x03328.tif: Cannot open.
TIFFOpen: D:\work\vesuvius-c\PHerc0139-4x21x21-cubes\cubes_RAW/z04224_y03584_x03456.tif: Cannot open.
TIFFOpen: D:\work\vesuvius-c\PHerc0139-4x21x21-cubes\cubes_RAW/z04224_y03584_x03584.tif: Cannot open.
TIFFOpen: D:\work\vesuvius-c\PHerc0139-4x21x21-cubes\cubes_RAW/z04224_y03584_x03712.tif: Cannot open.
TIFFOpen: D:\work\vesuvius-c\PHerc0139-4x21x21-cubes\cubes_RAW/z04224_y03712_x03840.tif: Cannot open.
TIFFOpen: D:\work\vesuvius-c\PHerc0139-4x21x21-cubes\cubes_RAW/z04224_y03584_x04096.tif: Cannot open.
TIFFOpen: D:\work\vesuvius-c\PHerc0139-4x21x21-cubes\cubes_RAW/z04224_y03712_x01536.tif: Cannot open.
TIFFOpen: D:\work\vesuvius-c\PHerc0139-4x21x21-cubes\cubes_RAW/z04352_y03840_x01408.tif: Cannot open.
TIFFOpen: D:\work\vesuvius-c\PHerc0139-4x21x21-cubes\cubes_RAW/z04480_y03712_x01408.tif: Cannot open.
TIFFOpen: D:\work\vesuvius-c\PHerc0139-4x21x21-cubes\cubes_RAW/z04224_y03712_x01664.tif: Cannot open.
TIFFOpen: D:\work\vesuvius-c\PHerc0139-4x21x21-cubes\cubes_RAW/z04224_y03712_x01792.tif: Cannot open.
TIFFOpen: D:\work\vesuvius-c\PHerc0139-4x21x21-cubes\cubes_RAW/z04224_y03712_x01920.tif: Cannot open.
TIFFOpen: D:\work\vesuvius-c\PHerc0139-4x21x21-cubes\cubes_RAW/z04224_y03712_x02048.tif: Cannot open.
TIFFOpen: D:\work\vesuvius-c\PHerc0139-4x21x21-cubes\cubes_RAW/z04224_y03712_x02176.tif: Cannot open.
TIFFOpen: D:\work\vesuvius-c\PHerc0139-4x21x21-cubes\cubes_RAW/z04224_y03712_x02304.tif: Cannot open.
TIFFOpen: D:\work\vesuvius-c\PHerc0139-4x21x21-cubes\cubes_RAW/z04224_y03840_x02304.tif: Cannot open.
TIFFOpen: D:\work\vesuvius-c\PHerc0139-4x21x21-cubes\cubes_RAW/z04224_y03712_x02432.tif: Cannot open.
TIFFOpen: D:\work\vesuvius-c\PHerc0139-4x21x21-cubes\cubes_RAW/z04224_y03840_x02432.tif: Cannot open.
TIFFOpen: D:\work\vesuvius-c\PHerc0139-4x21x21-cubes\cubes_RAW/z04224_y03712_x02560.tif: Cannot open.
TIFFOpen: D:\work\vesuvius-c\PHerc0139-4x21x21-cubes\cubes_RAW/z04224_y03712_x02688.tif: Cannot open.
TIFFOpen: D:\work\vesuvius-c\PHerc0139-4x21x21-cubes\cubes_RAW/z04224_y03840_x02688.tif: Cannot open.
TIFFOpen: D:\work\vesuvius-c\PHerc0139-4x21x21-cubes\cubes_RAW/z04224_y03712_x02816.tif: Cannot open.
TIFFOpen: D:\work\vesuvius-c\PHerc0139-4x21x21-cubes\cubes_RAW/z04224_y03840_x02816.tif: Cannot open.
TIFFOpen: D:\work\vesuvius-c\PHerc0139-4x21x21-cubes\cubes_RAW/z04224_y03712_x02944.tif: Cannot open.
TIFFOpen: D:\work\vesuvius-c\PHerc0139-4x21x21-cubes\cubes_RAW/z04224_y03712_x03072.tif: Cannot open.
TIFFOpen: D:\work\vesuvius-c\PHerc0139-4x21x21-cubes\cubes_RAW/z04224_y03712_x03200.tif: Cannot open.
TIFFOpen: D:\work\vesuvius-c\PHerc0139-4x21x21-cubes\cubes_RAW/z04224_y03712_x03456.tif: Cannot open.
TIFFOpen: D:\work\vesuvius-c\PHerc0139-4x21x21-cubes\cubes_RAW/z04224_y03840_x03456.tif: Cannot open.
TIFFOpen: D:\work\vesuvius-c\PHerc0139-4x21x21-cubes\cubes_RAW/z04224_y03712_x03584.tif: Cannot open.
TIFFOpen: D:\work\vesuvius-c\PHerc0139-4x21x21-cubes\cubes_RAW/z04224_y03840_x03584.tif: Cannot open.
TIFFOpen: D:\work\vesuvius-c\PHerc0139-4x21x21-cubes\cubes_RAW/z04224_y03712_x03712.tif: Cannot open.
TIFFOpen: D:\work\vesuvius-c\PHerc0139-4x21x21-cubes\cubes_RAW/z04224_y03712_x03968.tif: Cannot open.
TIFFOpen: D:\work\vesuvius-c\PHerc0139-4x21x21-cubes\cubes_RAW/z04224_y03712_x04096.tif: Cannot open.
TIFFOpen: D:\work\vesuvius-c\PHerc0139-4x21x21-cubes\cubes_RAW/z04352_y03712_x04224.tif: Cannot open.
TIFFOpen: D:\work\vesuvius-c\PHerc0139-4x21x21-cubes\cubes_RAW/z04352_y03840_x04224.tif: Cannot open.
TIFFOpen: D:\work\vesuvius-c\PHerc0139-4x21x21-cubes\cubes_RAW/z04224_y03840_x01536.tif: Cannot open.
TIFFOpen: D:\work\vesuvius-c\PHerc0139-4x21x21-cubes\cubes_RAW/z04480_y03840_x01408.tif: Cannot open.
TIFFOpen: D:\work\vesuvius-c\PHerc0139-4x21x21-cubes\cubes_RAW/z04352_y03968_x01408.tif: Cannot open.
TIFFOpen: D:\work\vesuvius-c\PHerc0139-4x21x21-cubes\cubes_RAW/z04224_y03840_x01664.tif: Cannot open.
TIFFOpen: D:\work\vesuvius-c\PHerc0139-4x21x21-cubes\cubes_RAW/z04224_y03840_x01792.tif: Cannot open.
TIFFOpen: D:\work\vesuvius-c\PHerc0139-4x21x21-cubes\cubes_RAW/z04224_y03840_x01920.tif: Cannot open.
TIFFOpen: D:\work\vesuvius-c\PHerc0139-4x21x21-cubes\cubes_RAW/z04224_y03840_x02048.tif: Cannot open.
TIFFOpen: D:\work\vesuvius-c\PHerc0139-4x21x21-cubes\cubes_RAW/z04224_y03840_x02176.tif: Cannot open.
TIFFOpen: D:\work\vesuvius-c\PHerc0139-4x21x21-cubes\cubes_RAW/z04224_y03840_x02560.tif: Cannot open.
TIFFOpen: D:\work\vesuvius-c\PHerc0139-4x21x21-cubes\cubes_RAW/z04224_y03840_x02944.tif: Cannot open.
TIFFOpen: D:\work\vesuvius-c\PHerc0139-4x21x21-cubes\cubes_RAW/z04224_y03968_x02944.tif: Cannot open.
TIFFOpen: D:\work\vesuvius-c\PHerc0139-4x21x21-cubes\cubes_RAW/z04224_y03840_x03072.tif: Cannot open.
TIFFOpen: D:\work\vesuvius-c\PHerc0139-4x21x21-cubes\cubes_RAW/z04224_y03968_x03072.tif: Cannot open.
TIFFOpen: D:\work\vesuvius-c\PHerc0139-4x21x21-cubes\cubes_RAW/z04224_y03840_x03200.tif: Cannot open.
TIFFOpen: D:\work\vesuvius-c\PHerc0139-4x21x21-cubes\cubes_RAW/z04224_y03840_x03328.tif: Cannot open.
TIFFOpen: D:\work\vesuvius-c\PHerc0139-4x21x21-cubes\cubes_RAW/z04224_y03840_x03712.tif: Cannot open.
TIFFOpen: D:\work\vesuvius-c\PHerc0139-4x21x21-cubes\cubes_RAW/z04224_y03840_x03840.tif: Cannot open.
TIFFOpen: D:\work\vesuvius-c\PHerc0139-4x21x21-cubes\cubes_RAW/z04224_y03840_x03968.tif: Cannot open.
TIFFOpen: D:\work\vesuvius-c\PHerc0139-4x21x21-cubes\cubes_RAW/z04224_y03968_x03840.tif: Cannot open.
TIFFOpen: D:\work\vesuvius-c\PHerc0139-4x21x21-cubes\cubes_RAW/z04224_y03840_x04096.tif: Cannot open.
TIFFOpen: D:\work\vesuvius-c\PHerc0139-4x21x21-cubes\cubes_RAW/z04480_y03840_x04224.tif: Cannot open.
TIFFOpen: D:\work\vesuvius-c\PHerc0139-4x21x21-cubes\cubes_RAW/z04224_y03968_x01536.tif: Cannot open.
TIFFOpen: D:\work\vesuvius-c\PHerc0139-4x21x21-cubes\cubes_RAW/z04352_y04096_x01408.tif: Cannot open.
TIFFOpen: D:\work\vesuvius-c\PHerc0139-4x21x21-cubes\cubes_RAW/z04224_y03968_x01664.tif: Cannot open.
TIFFOpen: D:\work\vesuvius-c\PHerc0139-4x21x21-cubes\cubes_RAW/z04224_y03968_x01792.tif: Cannot open.
TIFFOpen: D:\work\vesuvius-c\PHerc0139-4x21x21-cubes\cubes_RAW/z04224_y03968_x01920.tif: Cannot open.
TIFFOpen: D:\work\vesuvius-c\PHerc0139-4x21x21-cubes\cubes_RAW/z04224_y04096_x01920.tif: Cannot open.
TIFFOpen: D:\work\vesuvius-c\PHerc0139-4x21x21-cubes\cubes_RAW/z04224_y03968_x02048.tif: Cannot open.
TIFFOpen: D:\work\vesuvius-c\PHerc0139-4x21x21-cubes\cubes_RAW/z04224_y03968_x02176.tif: Cannot open.
TIFFOpen: D:\work\vesuvius-c\PHerc0139-4x21x21-cubes\cubes_RAW/z04224_y04096_x02176.tif: Cannot open.
TIFFOpen: D:\work\vesuvius-c\PHerc0139-4x21x21-cubes\cubes_RAW/z04224_y03968_x02304.tif: Cannot open.
TIFFOpen: D:\work\vesuvius-c\PHerc0139-4x21x21-cubes\cubes_RAW/z04224_y03968_x02432.tif: Cannot open.
TIFFOpen: D:\work\vesuvius-c\PHerc0139-4x21x21-cubes\cubes_RAW/z04224_y03968_x02560.tif: Cannot open.
TIFFOpen: D:\work\vesuvius-c\PHerc0139-4x21x21-cubes\cubes_RAW/z04224_y03968_x02688.tif: Cannot open.
TIFFOpen: D:\work\vesuvius-c\PHerc0139-4x21x21-cubes\cubes_RAW/z04224_y04096_x02688.tif: Cannot open.
TIFFOpen: D:\work\vesuvius-c\PHerc0139-4x21x21-cubes\cubes_RAW/z04224_y03968_x02816.tif: Cannot open.
TIFFOpen: D:\work\vesuvius-c\PHerc0139-4x21x21-cubes\cubes_RAW/z04224_y04096_x02944.tif: Cannot open.
TIFFOpen: D:\work\vesuvius-c\PHerc0139-4x21x21-cubes\cubes_RAW/z04224_y04096_x03072.tif: Cannot open.
TIFFOpen: D:\work\vesuvius-c\PHerc0139-4x21x21-cubes\cubes_RAW/z04224_y03968_x03200.tif: Cannot open.
TIFFOpen: D:\work\vesuvius-c\PHerc0139-4x21x21-cubes\cubes_RAW/z04224_y03968_x03328.tif: Cannot open.
TIFFOpen: D:\work\vesuvius-c\PHerc0139-4x21x21-cubes\cubes_RAW/z04224_y03968_x03456.tif: Cannot open.
TIFFOpen: D:\work\vesuvius-c\PHerc0139-4x21x21-cubes\cubes_RAW/z04224_y03968_x03584.tif: Cannot open.
TIFFOpen: D:\work\vesuvius-c\PHerc0139-4x21x21-cubes\cubes_RAW/z04224_y03968_x03712.tif: Cannot open.
TIFFOpen: D:\work\vesuvius-c\PHerc0139-4x21x21-cubes\cubes_RAW/z04224_y03968_x03968.tif: Cannot open.
TIFFOpen: D:\work\vesuvius-c\PHerc0139-4x21x21-cubes\cubes_RAW/z04224_y04096_x03968.tif: Cannot open.
TIFFOpen: D:\work\vesuvius-c\PHerc0139-4x21x21-cubes\cubes_RAW/z04224_y03968_x04096.tif: Cannot open.
TIFFOpen: D:\work\vesuvius-c\PHerc0139-4x21x21-cubes\cubes_RAW/z04352_y03968_x04224.tif: Cannot open.
TIFFOpen: D:\work\vesuvius-c\PHerc0139-4x21x21-cubes\cubes_RAW/z04480_y03968_x04224.tif: Cannot open.
TIFFOpen: D:\work\vesuvius-c\PHerc0139-4x21x21-cubes\cubes_RAW/z04224_y04096_x01536.tif: Cannot open.
TIFFOpen: D:\work\vesuvius-c\PHerc0139-4x21x21-cubes\cubes_RAW/z04352_y04224_x01408.tif: Cannot open.
TIFFOpen: D:\work\vesuvius-c\PHerc0139-4x21x21-cubes\cubes_RAW/z04480_y04096_x01408.tif: Cannot open.
TIFFOpen: D:\work\vesuvius-c\PHerc0139-4x21x21-cubes\cubes_RAW/z04224_y04096_x01664.tif: Cannot open.
TIFFOpen: D:\work\vesuvius-c\PHerc0139-4x21x21-cubes\cubes_RAW/z04224_y04096_x01792.tif: Cannot open.
TIFFOpen: D:\work\vesuvius-c\PHerc0139-4x21x21-cubes\cubes_RAW/z04224_y04224_x01792.tif: Cannot open.
TIFFOpen: D:\work\vesuvius-c\PHerc0139-4x21x21-cubes\cubes_RAW/z04224_y04096_x02048.tif: Cannot open.
TIFFOpen: D:\work\vesuvius-c\PHerc0139-4x21x21-cubes\cubes_RAW/z04224_y04096_x02304.tif: Cannot open.
TIFFOpen: D:\work\vesuvius-c\PHerc0139-4x21x21-cubes\cubes_RAW/z04224_y04096_x02432.tif: Cannot open.
TIFFOpen: D:\work\vesuvius-c\PHerc0139-4x21x21-cubes\cubes_RAW/z04224_y04224_x02432.tif: Cannot open.
TIFFOpen: D:\work\vesuvius-c\PHerc0139-4x21x21-cubes\cubes_RAW/z04224_y04096_x02560.tif: Cannot open.
TIFFOpen: D:\work\vesuvius-c\PHerc0139-4x21x21-cubes\cubes_RAW/z04224_y04096_x02816.tif: Cannot open.
TIFFOpen: D:\work\vesuvius-c\PHerc0139-4x21x21-cubes\cubes_RAW/z04224_y04096_x03200.tif: Cannot open.
TIFFOpen: D:\work\vesuvius-c\PHerc0139-4x21x21-cubes\cubes_RAW/z04224_y04096_x03328.tif: Cannot open.
TIFFOpen: D:\work\vesuvius-c\PHerc0139-4x21x21-cubes\cubes_RAW/z04224_y04096_x03456.tif: Cannot open.
TIFFOpen: D:\work\vesuvius-c\PHerc0139-4x21x21-cubes\cubes_RAW/z04224_y04096_x03584.tif: Cannot open.
TIFFOpen: D:\work\vesuvius-c\PHerc0139-4x21x21-cubes\cubes_RAW/z04224_y04096_x03840.tif: Cannot open.
TIFFOpen: D:\work\vesuvius-c\PHerc0139-4x21x21-cubes\cubes_RAW/z04224_y04096_x04096.tif: Cannot open.
TIFFOpen: D:\work\vesuvius-c\PHerc0139-4x21x21-cubes\cubes_RAW/z04352_y04096_x04224.tif: Cannot open.
TIFFOpen: D:\work\vesuvius-c\PHerc0139-4x21x21-cubes\cubes_RAW/z04352_y04224_x04224.tif: Cannot open.
TIFFOpen: D:\work\vesuvius-c\PHerc0139-4x21x21-cubes\cubes_RAW/z04224_y04224_x01536.tif: Cannot open.
TIFFOpen: D:\work\vesuvius-c\PHerc0139-4x21x21-cubes\cubes_RAW/z04352_y04352_x01408.tif: Cannot open.
TIFFOpen: D:\work\vesuvius-c\PHerc0139-4x21x21-cubes\cubes_RAW/z04224_y04224_x01664.tif: Cannot open.
TIFFOpen: D:\work\vesuvius-c\PHerc0139-4x21x21-cubes\cubes_RAW/z04224_y04224_x01920.tif: Cannot open.
TIFFOpen: D:\work\vesuvius-c\PHerc0139-4x21x21-cubes\cubes_RAW/z04224_y04352_x01920.tif: Cannot open.
TIFFOpen: D:\work\vesuvius-c\PHerc0139-4x21x21-cubes\cubes_RAW/z04224_y04224_x02048.tif: Cannot open.
TIFFOpen: D:\work\vesuvius-c\PHerc0139-4x21x21-cubes\cubes_RAW/z04224_y04224_x02176.tif: Cannot open.
TIFFOpen: D:\work\vesuvius-c\PHerc0139-4x21x21-cubes\cubes_RAW/z04224_y04352_x02176.tif: Cannot open.
TIFFOpen: D:\work\vesuvius-c\PHerc0139-4x21x21-cubes\cubes_RAW/z04224_y04224_x02304.tif: Cannot open.
TIFFOpen: D:\work\vesuvius-c\PHerc0139-4x21x21-cubes\cubes_RAW/z04224_y04352_x02304.tif: Cannot open.
TIFFOpen: D:\work\vesuvius-c\PHerc0139-4x21x21-cubes\cubes_RAW/z04224_y04224_x02560.tif: Cannot open.
TIFFOpen: D:\work\vesuvius-c\PHerc0139-4x21x21-cubes\cubes_RAW/z04224_y04224_x02688.tif: Cannot open.
TIFFOpen: D:\work\vesuvius-c\PHerc0139-4x21x21-cubes\cubes_RAW/z04224_y04224_x02816.tif: Cannot open.
TIFFOpen: D:\work\vesuvius-c\PHerc0139-4x21x21-cubes\cubes_RAW/z04224_y04352_x02816.tif: Cannot open.
TIFFOpen: D:\work\vesuvius-c\PHerc0139-4x21x21-cubes\cubes_RAW/z04224_y04224_x02944.tif: Cannot open.
TIFFOpen: D:\work\vesuvius-c\PHerc0139-4x21x21-cubes\cubes_RAW/z04224_y04352_x02944.tif: Cannot open.
TIFFOpen: D:\work\vesuvius-c\PHerc0139-4x21x21-cubes\cubes_RAW/z04224_y04224_x03072.tif: Cannot open.
TIFFOpen: D:\work\vesuvius-c\PHerc0139-4x21x21-cubes\cubes_RAW/z04224_y04352_x03072.tif: Cannot open.
TIFFOpen: D:\work\vesuvius-c\PHerc0139-4x21x21-cubes\cubes_RAW/z04224_y04224_x03200.tif: Cannot open.
TIFFOpen: D:\work\vesuvius-c\PHerc0139-4x21x21-cubes\cubes_RAW/z04224_y04352_x03200.tif: Cannot open.
TIFFOpen: D:\work\vesuvius-c\PHerc0139-4x21x21-cubes\cubes_RAW/z04224_y04224_x03328.tif: Cannot open.
TIFFOpen: D:\work\vesuvius-c\PHerc0139-4x21x21-cubes\cubes_RAW/z04224_y04352_x03328.tif: Cannot open.
TIFFOpen: D:\work\vesuvius-c\PHerc0139-4x21x21-cubes\cubes_RAW/z04224_y04224_x03456.tif: Cannot open.
TIFFOpen: D:\work\vesuvius-c\PHerc0139-4x21x21-cubes\cubes_RAW/z04224_y04224_x03584.tif: Cannot open.
TIFFOpen: D:\work\vesuvius-c\PHerc0139-4x21x21-cubes\cubes_RAW/z04224_y04224_x03712.tif: Cannot open.
TIFFOpen: D:\work\vesuvius-c\PHerc0139-4x21x21-cubes\cubes_RAW/z04224_y04224_x03840.tif: Cannot open.
TIFFOpen: D:\work\vesuvius-c\PHerc0139-4x21x21-cubes\cubes_RAW/z04224_y04224_x03968.tif: Cannot open.
TIFFOpen: D:\work\vesuvius-c\PHerc0139-4x21x21-cubes\cubes_RAW/z04480_y04224_x04224.tif: Cannot open.
TIFFOpen: D:\work\vesuvius-c\PHerc0139-4x21x21-cubes\cubes_RAW/z04224_y04224_x04096.tif: Cannot open.
TIFFOpen: D:\work\vesuvius-c\PHerc0139-4x21x21-cubes\cubes_RAW/z04224_y04224_x04224.tif: Cannot open.
TIFFOpen: D:\work\vesuvius-c\PHerc0139-4x21x21-cubes\cubes_RAW/z04224_y04352_x04096.tif: Cannot open.
TIFFOpen: D:\work\vesuvius-c\PHerc0139-4x21x21-cubes\cubes_RAW/z04224_y04352_x04224.tif: Cannot open.
TIFFOpen: D:\work\vesuvius-c\PHerc0139-4x21x21-cubes\cubes_RAW/z04352_y04352_x04224.tif: Cannot open.
TIFFOpen: D:\work\vesuvius-c\PHerc0139-4x21x21-cubes\cubes_RAW/z04224_y04352_x01536.tif: Cannot open.
TIFFOpen: D:\work\vesuvius-c\PHerc0139-4x21x21-cubes\cubes_RAW/z04224_y04480_x01536.tif: Cannot open.
TIFFOpen: D:\work\vesuvius-c\PHerc0139-4x21x21-cubes\cubes_RAW/z04352_y04480_x01408.tif: Cannot open.
TIFFOpen: D:\work\vesuvius-c\PHerc0139-4x21x21-cubes\cubes_RAW/z04224_y04352_x01664.tif: Cannot open.
TIFFOpen: D:\work\vesuvius-c\PHerc0139-4x21x21-cubes\cubes_RAW/z04224_y04480_x01664.tif: Cannot open.
TIFFOpen: D:\work\vesuvius-c\PHerc0139-4x21x21-cubes\cubes_RAW/z04224_y04352_x01792.tif: Cannot open.
TIFFOpen: D:\work\vesuvius-c\PHerc0139-4x21x21-cubes\cubes_RAW/z04224_y04352_x02048.tif: Cannot open.
TIFFOpen: D:\work\vesuvius-c\PHerc0139-4x21x21-cubes\cubes_RAW/z04224_y04352_x02432.tif: Cannot open.
TIFFOpen: D:\work\vesuvius-c\PHerc0139-4x21x21-cubes\cubes_RAW/z04224_y04352_x02560.tif: Cannot open.
TIFFOpen: D:\work\vesuvius-c\PHerc0139-4x21x21-cubes\cubes_RAW/z04224_y04352_x02688.tif: Cannot open.
TIFFOpen: D:\work\vesuvius-c\PHerc0139-4x21x21-cubes\cubes_RAW/z04224_y04480_x02944.tif: Cannot open.
TIFFOpen: D:\work\vesuvius-c\PHerc0139-4x21x21-cubes\cubes_RAW/z04224_y04352_x03456.tif: Cannot open.
TIFFOpen: D:\work\vesuvius-c\PHerc0139-4x21x21-cubes\cubes_RAW/z04224_y04352_x03584.tif: Cannot open.
TIFFOpen: D:\work\vesuvius-c\PHerc0139-4x21x21-cubes\cubes_RAW/z04224_y04352_x03712.tif: Cannot open.
TIFFOpen: D:\work\vesuvius-c\PHerc0139-4x21x21-cubes\cubes_RAW/z04224_y04352_x03840.tif: Cannot open.
TIFFOpen: D:\work\vesuvius-c\PHerc0139-4x21x21-cubes\cubes_RAW/z04224_y04352_x03968.tif: Cannot open.
TIFFOpen: D:\work\vesuvius-c\PHerc0139-4x21x21-cubes\cubes_RAW/z04224_y04608_x01536.tif: Cannot open.
TIFFOpen: D:\work\vesuvius-c\PHerc0139-4x21x21-cubes\cubes_RAW/z04224_y04480_x01792.tif: Cannot open.
TIFFOpen: D:\work\vesuvius-c\PHerc0139-4x21x21-cubes\cubes_RAW/z04224_y04480_x01920.tif: Cannot open.
TIFFOpen: D:\work\vesuvius-c\PHerc0139-4x21x21-cubes\cubes_RAW/z04224_y04480_x02048.tif: Cannot open.
TIFFOpen: D:\work\vesuvius-c\PHerc0139-4x21x21-cubes\cubes_RAW/z04224_y04480_x03072.tif: Cannot open.
TIFFOpen: D:\work\vesuvius-c\PHerc0139-4x21x21-cubes\cubes_RAW/z04224_y04480_x03200.tif: Cannot open.
TIFFOpen: D:\work\vesuvius-c\PHerc0139-4x21x21-cubes\cubes_RAW/z04224_y04480_x03328.tif: Cannot open.
TIFFOpen: D:\work\vesuvius-c\PHerc0139-4x21x21-cubes\cubes_RAW/z04224_y04480_x03456.tif: Cannot open.
TIFFOpen: D:\work\vesuvius-c\PHerc0139-4x21x21-cubes\cubes_RAW/z04224_y04480_x03584.tif: Cannot open.
TIFFOpen: D:\work\vesuvius-c\PHerc0139-4x21x21-cubes\cubes_RAW/z04352_y04608_x01408.tif: Cannot open.
TIFFOpen: D:\work\vesuvius-c\PHerc0139-4x21x21-cubes\cubes_RAW/z04224_y04608_x01664.tif: Cannot open.
TIFFOpen: D:\work\vesuvius-c\PHerc0139-4x21x21-cubes\cubes_RAW/z04480_y01920_x01920.tif: Cannot open.
TIFFOpen: D:\work\vesuvius-c\PHerc0139-4x21x21-cubes\cubes_RAW/z04480_y01920_x02048.tif: Cannot open.
TIFFOpen: D:\work\vesuvius-c\PHerc0139-4x21x21-cubes\cubes_RAW/z04480_y01920_x02176.tif: Cannot open.
TIFFOpen: D:\work\vesuvius-c\PHerc0139-4x21x21-cubes\cubes_RAW/z04480_y01920_x02304.tif: Cannot open.
TIFFOpen: D:\work\vesuvius-c\PHerc0139-4x21x21-cubes\cubes_RAW/z04608_y01920_x02304.tif: Cannot open.
TIFFOpen: D:\work\vesuvius-c\PHerc0139-4x21x21-cubes\cubes_RAW/z04480_y01920_x02432.tif: Cannot open.
TIFFOpen: D:\work\vesuvius-c\PHerc0139-4x21x21-cubes\cubes_RAW/z04480_y01920_x02560.tif: Cannot open.
TIFFOpen: D:\work\vesuvius-c\PHerc0139-4x21x21-cubes\cubes_RAW/z04480_y01920_x02688.tif: Cannot open.
TIFFOpen: D:\work\vesuvius-c\PHerc0139-4x21x21-cubes\cubes_RAW/z04480_y01920_x02816.tif: Cannot open.
TIFFOpen: D:\work\vesuvius-c\PHerc0139-4x21x21-cubes\cubes_RAW/z04608_y01920_x02816.tif: Cannot open.
TIFFOpen: D:\work\vesuvius-c\PHerc0139-4x21x21-cubes\cubes_RAW/z04480_y01920_x02944.tif: Cannot open.
TIFFOpen: D:\work\vesuvius-c\PHerc0139-4x21x21-cubes\cubes_RAW/z04608_y01920_x02944.tif: Cannot open.
TIFFOpen: D:\work\vesuvius-c\PHerc0139-4x21x21-cubes\cubes_RAW/z04480_y01920_x03200.tif: Cannot open.
TIFFOpen: D:\work\vesuvius-c\PHerc0139-4x21x21-cubes\cubes_RAW/z04480_y01920_x03456.tif: Cannot open.
TIFFOpen: D:\work\vesuvius-c\PHerc0139-4x21x21-cubes\cubes_RAW/z04480_y01920_x03968.tif: Cannot open.
TIFFOpen: D:\work\vesuvius-c\PHerc0139-4x21x21-cubes\cubes_RAW/z04480_y01920_x04096.tif: Cannot open.
TIFFOpen: D:\work\vesuvius-c\PHerc0139-4x21x21-cubes\cubes_RAW/z04480_y02048_x04224.tif: Cannot open.
TIFFOpen: D:\work\vesuvius-c\PHerc0139-4x21x21-cubes\cubes_RAW/z04480_y02176_x04224.tif: Cannot open.
TIFFOpen: D:\work\vesuvius-c\PHerc0139-4x21x21-cubes\cubes_RAW/z04480_y02304_x04224.tif: Cannot open.
TIFFOpen: D:\work\vesuvius-c\PHerc0139-4x21x21-cubes\cubes_RAW/z04608_y02304_x04224.tif: Cannot open.
TIFFOpen: D:\work\vesuvius-c\PHerc0139-4x21x21-cubes\cubes_RAW/z04480_y02432_x04224.tif: Cannot open.
TIFFOpen: D:\work\vesuvius-c\PHerc0139-4x21x21-cubes\cubes_RAW/z04480_y02560_x01408.tif: Cannot open.
TIFFOpen: D:\work\vesuvius-c\PHerc0139-4x21x21-cubes\cubes_RAW/z04480_y02688_x01408.tif: Cannot open.
TIFFOpen: D:\work\vesuvius-c\PHerc0139-4x21x21-cubes\cubes_RAW/z04608_y02688_x01408.tif: Cannot open.
TIFFOpen: D:\work\vesuvius-c\PHerc0139-4x21x21-cubes\cubes_RAW/z04480_y02816_x01408.tif: Cannot open.
TIFFOpen: D:\work\vesuvius-c\PHerc0139-4x21x21-cubes\cubes_RAW/z04480_y02944_x01408.tif: Cannot open.
TIFFOpen: D:\work\vesuvius-c\PHerc0139-4x21x21-cubes\cubes_RAW/z04608_y02944_x01408.tif: Cannot open.
TIFFOpen: D:\work\vesuvius-c\PHerc0139-4x21x21-cubes\cubes_RAW/z04608_y02944_x04224.tif: Cannot open.
TIFFOpen: D:\work\vesuvius-c\PHerc0139-4x21x21-cubes\cubes_RAW/z04608_y02816_x04224.tif: Cannot open.
TIFFOpen: D:\work\vesuvius-c\PHerc0139-4x21x21-cubes\cubes_RAW/z04480_y03072_x01408.tif: Cannot open.
TIFFOpen: D:\work\vesuvius-c\PHerc0139-4x21x21-cubes\cubes_RAW/z04608_y03072_x04224.tif: Cannot open.
TIFFOpen: D:\work\vesuvius-c\PHerc0139-4x21x21-cubes\cubes_RAW/z04480_y03200_x01408.tif: Cannot open.
TIFFOpen: D:\work\vesuvius-c\PHerc0139-4x21x21-cubes\cubes_RAW/z04480_y03328_x01408.tif: Cannot open.
TIFFOpen: D:\work\vesuvius-c\PHerc0139-4x21x21-cubes\cubes_RAW/z04608_y03200_x01408.tif: Cannot open.
TIFFOpen: D:\work\vesuvius-c\PHerc0139-4x21x21-cubes\cubes_RAW/z04608_y03200_x04224.tif: Cannot open.
TIFFOpen: D:\work\vesuvius-c\PHerc0139-4x21x21-cubes\cubes_RAW/z04608_y03328_x04224.tif: Cannot open.
TIFFOpen: D:\work\vesuvius-c\PHerc0139-4x21x21-cubes\cubes_RAW/z04480_y03584_x04224.tif: Cannot open.
TIFFOpen: D:\work\vesuvius-c\PHerc0139-4x21x21-cubes\cubes_RAW/z04480_y03584_x01408.tif: Cannot open.
TIFFOpen: D:\work\vesuvius-c\PHerc0139-4x21x21-cubes\cubes_RAW/z04608_y03584_x04224.tif: Cannot open.
TIFFOpen: D:\work\vesuvius-c\PHerc0139-4x21x21-cubes\cubes_RAW/z04608_y03712_x01408.tif: Cannot open.
TIFFOpen: D:\work\vesuvius-c\PHerc0139-4x21x21-cubes\cubes_RAW/z04480_y03712_x04224.tif: Cannot open.
TIFFOpen: D:\work\vesuvius-c\PHerc0139-4x21x21-cubes\cubes_RAW/z04608_y03712_x04224.tif: Cannot open.
TIFFOpen: D:\work\vesuvius-c\PHerc0139-4x21x21-cubes\cubes_RAW/z04480_y03968_x01408.tif: Cannot open.
TIFFOpen: D:\work\vesuvius-c\PHerc0139-4x21x21-cubes\cubes_RAW/z04608_y03840_x01408.tif: Cannot open.
TIFFOpen: D:\work\vesuvius-c\PHerc0139-4x21x21-cubes\cubes_RAW/z04608_y03840_x04224.tif: Cannot open.
TIFFOpen: D:\work\vesuvius-c\PHerc0139-4x21x21-cubes\cubes_RAW/z04480_y04096_x04224.tif: Cannot open.
TIFFOpen: D:\work\vesuvius-c\PHerc0139-4x21x21-cubes\cubes_RAW/z04480_y04224_x01408.tif: Cannot open.
TIFFOpen: D:\work\vesuvius-c\PHerc0139-4x21x21-cubes\cubes_RAW/z04480_y04352_x01408.tif: Cannot open.
TIFFOpen: D:\work\vesuvius-c\PHerc0139-4x21x21-cubes\cubes_RAW/z04608_y04352_x01408.tif: Cannot open.
TIFFOpen: D:\work\vesuvius-c\PHerc0139-4x21x21-cubes\cubes_RAW/z04480_y04480_x01408.tif: Cannot open.
TIFFOpen: D:\work\vesuvius-c\PHerc0139-4x21x21-cubes\cubes_RAW/z04480_y04352_x04224.tif: Cannot open.
TIFFOpen: D:\work\vesuvius-c\PHerc0139-4x21x21-cubes\cubes_RAW/z04608_y04352_x04224.tif: Cannot open.
TIFFOpen: D:\work\vesuvius-c\PHerc0139-4x21x21-cubes\cubes_RAW/z04608_y01920_x01792.tif: Cannot open.
TIFFOpen: D:\work\vesuvius-c\PHerc0139-4x21x21-cubes\cubes_RAW/z04608_y01920_x01920.tif: Cannot open.
TIFFOpen: D:\work\vesuvius-c\PHerc0139-4x21x21-cubes\cubes_RAW/z04608_y01920_x02048.tif: Cannot open.
TIFFOpen: D:\work\vesuvius-c\PHerc0139-4x21x21-cubes\cubes_RAW/z04736_y01920_x02048.tif: Cannot open.
TIFFOpen: D:\work\vesuvius-c\PHerc0139-4x21x21-cubes\cubes_RAW/z04608_y01920_x02176.tif: Cannot open.
TIFFOpen: D:\work\vesuvius-c\PHerc0139-4x21x21-cubes\cubes_RAW/z04608_y01920_x02432.tif: Cannot open.
TIFFOpen: D:\work\vesuvius-c\PHerc0139-4x21x21-cubes\cubes_RAW/z04608_y01920_x02560.tif: Cannot open.
TIFFOpen: D:\work\vesuvius-c\PHerc0139-4x21x21-cubes\cubes_RAW/z04608_y01920_x02688.tif: Cannot open.
TIFFOpen: D:\work\vesuvius-c\PHerc0139-4x21x21-cubes\cubes_RAW/z04736_y01920_x02688.tif: Cannot open.
TIFFOpen: D:\work\vesuvius-c\PHerc0139-4x21x21-cubes\cubes_RAW/z04736_y01920_x02944.tif: Cannot open.
TIFFOpen: D:\work\vesuvius-c\PHerc0139-4x21x21-cubes\cubes_RAW/z04608_y01920_x03072.tif: Cannot open.
TIFFOpen: D:\work\vesuvius-c\PHerc0139-4x21x21-cubes\cubes_RAW/z04608_y01920_x03200.tif: Cannot open.
TIFFOpen: D:\work\vesuvius-c\PHerc0139-4x21x21-cubes\cubes_RAW/z04608_y01920_x03328.tif: Cannot open.
TIFFOpen: D:\work\vesuvius-c\PHerc0139-4x21x21-cubes\cubes_RAW/z04608_y01920_x03456.tif: Cannot open.
TIFFOpen: D:\work\vesuvius-c\PHerc0139-4x21x21-cubes\cubes_RAW/z04608_y01920_x03584.tif: Cannot open.
TIFFOpen: D:\work\vesuvius-c\PHerc0139-4x21x21-cubes\cubes_RAW/z04736_y01920_x03456.tif: Cannot open.
TIFFOpen: D:\work\vesuvius-c\PHerc0139-4x21x21-cubes\cubes_RAW/z04736_y01920_x03584.tif: Cannot open.
TIFFOpen: D:\work\vesuvius-c\PHerc0139-4x21x21-cubes\cubes_RAW/z04608_y01920_x03712.tif: Cannot open.
TIFFOpen: D:\work\vesuvius-c\PHerc0139-4x21x21-cubes\cubes_RAW/z04736_y01920_x03712.tif: Cannot open.
TIFFOpen: D:\work\vesuvius-c\PHerc0139-4x21x21-cubes\cubes_RAW/z04608_y01920_x03840.tif: Cannot open.
TIFFOpen: D:\work\vesuvius-c\PHerc0139-4x21x21-cubes\cubes_RAW/z04608_y01920_x03968.tif: Cannot open.
TIFFOpen: D:\work\vesuvius-c\PHerc0139-4x21x21-cubes\cubes_RAW/z04736_y01920_x03968.tif: Cannot open.
TIFFOpen: D:\work\vesuvius-c\PHerc0139-4x21x21-cubes\cubes_RAW/z04608_y02048_x04224.tif: Cannot open.
TIFFOpen: D:\work\vesuvius-c\PHerc0139-4x21x21-cubes\cubes_RAW/z04608_y01920_x04096.tif: Cannot open.
TIFFOpen: D:\work\vesuvius-c\PHerc0139-4x21x21-cubes\cubes_RAW/z04608_y02176_x04224.tif: Cannot open.
TIFFOpen: D:\work\vesuvius-c\PHerc0139-4x21x21-cubes\cubes_RAW/z04608_y02432_x04224.tif: Cannot open.
TIFFOpen: D:\work\vesuvius-c\PHerc0139-4x21x21-cubes\cubes_RAW/z04608_y02560_x01408.tif: Cannot open.
TIFFOpen: D:\work\vesuvius-c\PHerc0139-4x21x21-cubes\cubes_RAW/z04608_y02560_x04224.tif: Cannot open.
TIFFOpen: D:\work\vesuvius-c\PHerc0139-4x21x21-cubes\cubes_RAW/z04608_y02688_x04224.tif: Cannot open.
TIFFOpen: D:\work\vesuvius-c\PHerc0139-4x21x21-cubes\cubes_RAW/z04608_y02816_x01408.tif: Cannot open.
TIFFOpen: D:\work\vesuvius-c\PHerc0139-4x21x21-cubes\cubes_RAW/z04608_y03072_x01408.tif: Cannot open.
TIFFOpen: D:\work\vesuvius-c\PHerc0139-4x21x21-cubes\cubes_RAW/z04736_y02944_x04224.tif: Cannot open.
TIFFOpen: D:\work\vesuvius-c\PHerc0139-4x21x21-cubes\cubes_RAW/z04736_y03072_x04224.tif: Cannot open.
TIFFOpen: D:\work\vesuvius-c\PHerc0139-4x21x21-cubes\cubes_RAW/z04608_y03328_x01408.tif: Cannot open.
TIFFOpen: D:\work\vesuvius-c\PHerc0139-4x21x21-cubes\cubes_RAW/z04736_y03200_x01408.tif: Cannot open.
TIFFOpen: D:\work\vesuvius-c\PHerc0139-4x21x21-cubes\cubes_RAW/z04608_y03456_x01408.tif: Cannot open.
TIFFOpen: D:\work\vesuvius-c\PHerc0139-4x21x21-cubes\cubes_RAW/z04736_y03456_x01408.tif: Cannot open.
TIFFOpen: D:\work\vesuvius-c\PHerc0139-4x21x21-cubes\cubes_RAW/z04608_y03584_x01408.tif: Cannot open.
TIFFOpen: D:\work\vesuvius-c\PHerc0139-4x21x21-cubes\cubes_RAW/z04736_y03584_x01408.tif: Cannot open.
TIFFOpen: D:\work\vesuvius-c\PHerc0139-4x21x21-cubes\cubes_RAW/z04736_y03712_x01408.tif: Cannot open.
TIFFOpen: D:\work\vesuvius-c\PHerc0139-4x21x21-cubes\cubes_RAW/z04736_y03840_x01408.tif: Cannot open.
TIFFOpen: D:\work\vesuvius-c\PHerc0139-4x21x21-cubes\cubes_RAW/z04608_y03968_x01408.tif: Cannot open.
TIFFOpen: D:\work\vesuvius-c\PHerc0139-4x21x21-cubes\cubes_RAW/z04736_y03968_x01408.tif: Cannot open.
TIFFOpen: D:\work\vesuvius-c\PHerc0139-4x21x21-cubes\cubes_RAW/z04608_y04096_x01408.tif: Cannot open.
TIFFOpen: D:\work\vesuvius-c\PHerc0139-4x21x21-cubes\cubes_RAW/z04608_y03968_x04224.tif: Cannot open.
TIFFOpen: D:\work\vesuvius-c\PHerc0139-4x21x21-cubes\cubes_RAW/z04608_y04096_x04224.tif: Cannot open.
TIFFOpen: D:\work\vesuvius-c\PHerc0139-4x21x21-cubes\cubes_RAW/z04608_y04224_x04224.tif: Cannot open.
TIFFOpen: D:\work\vesuvius-c\PHerc0139-4x21x21-cubes\cubes_RAW/z04608_y04224_x01408.tif: Cannot open.
TIFFOpen: D:\work\vesuvius-c\PHerc0139-4x21x21-cubes\cubes_RAW/z04608_y04480_x01408.tif: Cannot open.
TIFFOpen: D:\work\vesuvius-c\PHerc0139-4x21x21-cubes\cubes_RAW/z04736_y04352_x01408.tif: Cannot open.
TIFFOpen: D:\work\vesuvius-c\PHerc0139-4x21x21-cubes\cubes_RAW/z04864_y02048_x01792.tif: Cannot open.
TIFFOpen: D:\work\vesuvius-c\PHerc0139-4x21x21-cubes\cubes_RAW/z04864_y02048_x01664.tif: Cannot open.
TIFFOpen: D:\work\vesuvius-c\PHerc0139-4x21x21-cubes\cubes_RAW/z04864_y02176_x01664.tif: Cannot open.
TIFFOpen: D:\work\vesuvius-c\PHerc0139-4x21x21-cubes\cubes_RAW/z04736_y01920_x01792.tif: Cannot open.
TIFFOpen: D:\work\vesuvius-c\PHerc0139-4x21x21-cubes\cubes_RAW/z04864_y02048_x01920.tif: Cannot open.
TIFFOpen: D:\work\vesuvius-c\PHerc0139-4x21x21-cubes\cubes_RAW/z04864_y02176_x01792.tif: Cannot open.
TIFFOpen: D:\work\vesuvius-c\PHerc0139-4x21x21-cubes\cubes_RAW/z04736_y01920_x01920.tif: Cannot open.
TIFFOpen: D:\work\vesuvius-c\PHerc0139-4x21x21-cubes\cubes_RAW/z04864_y02176_x01920.tif: Cannot open.
TIFFOpen: D:\work\vesuvius-c\PHerc0139-4x21x21-cubes\cubes_RAW/z04864_y02048_x02048.tif: Cannot open.
TIFFOpen: D:\work\vesuvius-c\PHerc0139-4x21x21-cubes\cubes_RAW/z04864_y02048_x02176.tif: Cannot open.
TIFFOpen: D:\work\vesuvius-c\PHerc0139-4x21x21-cubes\cubes_RAW/z04864_y02176_x02048.tif: Cannot open.
TIFFOpen: D:\work\vesuvius-c\PHerc0139-4x21x21-cubes\cubes_RAW/z04736_y01920_x02176.tif: Cannot open.
TIFFOpen: D:\work\vesuvius-c\PHerc0139-4x21x21-cubes\cubes_RAW/z04864_y02048_x02304.tif: Cannot open.
TIFFOpen: D:\work\vesuvius-c\PHerc0139-4x21x21-cubes\cubes_RAW/z04736_y01920_x02304.tif: Cannot open.
TIFFOpen: D:\work\vesuvius-c\PHerc0139-4x21x21-cubes\cubes_RAW/z04736_y01920_x02432.tif: Cannot open.
TIFFOpen: D:\work\vesuvius-c\PHerc0139-4x21x21-cubes\cubes_RAW/z04864_y02048_x02432.tif: Cannot open.
TIFFOpen: D:\work\vesuvius-c\PHerc0139-4x21x21-cubes\cubes_RAW/z04736_y01920_x02560.tif: Cannot open.
TIFFOpen: D:\work\vesuvius-c\PHerc0139-4x21x21-cubes\cubes_RAW/z04864_y01920_x02432.tif: Cannot open.
TIFFOpen: D:\work\vesuvius-c\PHerc0139-4x21x21-cubes\cubes_RAW/z04864_y02048_x02560.tif: Cannot open.
TIFFOpen: D:\work\vesuvius-c\PHerc0139-4x21x21-cubes\cubes_RAW/z04864_y02048_x02688.tif: Cannot open.
TIFFOpen: D:\work\vesuvius-c\PHerc0139-4x21x21-cubes\cubes_RAW/z04864_y01920_x02688.tif: Cannot open.
TIFFOpen: D:\work\vesuvius-c\PHerc0139-4x21x21-cubes\cubes_RAW/z04864_y02176_x02688.tif: Cannot open.
TIFFOpen: D:\work\vesuvius-c\PHerc0139-4x21x21-cubes\cubes_RAW/z04864_y02048_x02816.tif: Cannot open.
TIFFOpen: D:\work\vesuvius-c\PHerc0139-4x21x21-cubes\cubes_RAW/z04736_y01920_x02816.tif: Cannot open.
TIFFOpen: D:\work\vesuvius-c\PHerc0139-4x21x21-cubes\cubes_RAW/z04864_y01920_x02816.tif: Cannot open.
TIFFOpen: D:\work\vesuvius-c\PHerc0139-4x21x21-cubes\cubes_RAW/z04736_y01920_x03072.tif: Cannot open.
TIFFOpen: D:\work\vesuvius-c\PHerc0139-4x21x21-cubes\cubes_RAW/z04864_y02048_x02944.tif: Cannot open.
TIFFOpen: D:\work\vesuvius-c\PHerc0139-4x21x21-cubes\cubes_RAW/z04864_y02048_x03072.tif: Cannot open.
TIFFOpen: D:\work\vesuvius-c\PHerc0139-4x21x21-cubes\cubes_RAW/z04736_y01920_x03200.tif: Cannot open.
TIFFOpen: D:\work\vesuvius-c\PHerc0139-4x21x21-cubes\cubes_RAW/z04864_y02048_x03200.tif: Cannot open.
TIFFOpen: D:\work\vesuvius-c\PHerc0139-4x21x21-cubes\cubes_RAW/z04736_y01920_x03328.tif: Cannot open.
TIFFOpen: D:\work\vesuvius-c\PHerc0139-4x21x21-cubes\cubes_RAW/z04864_y02048_x03328.tif: Cannot open.
TIFFOpen: D:\work\vesuvius-c\PHerc0139-4x21x21-cubes\cubes_RAW/z04864_y02048_x03456.tif: Cannot open.
TIFFOpen: D:\work\vesuvius-c\PHerc0139-4x21x21-cubes\cubes_RAW/z04864_y01920_x03456.tif: Cannot open.
TIFFOpen: D:\work\vesuvius-c\PHerc0139-4x21x21-cubes\cubes_RAW/z04864_y02048_x03584.tif: Cannot open.
TIFFOpen: D:\work\vesuvius-c\PHerc0139-4x21x21-cubes\cubes_RAW/z04864_y02048_x03712.tif: Cannot open.
TIFFOpen: D:\work\vesuvius-c\PHerc0139-4x21x21-cubes\cubes_RAW/z04736_y01920_x03840.tif: Cannot open.
TIFFOpen: D:\work\vesuvius-c\PHerc0139-4x21x21-cubes\cubes_RAW/z04864_y01920_x03712.tif: Cannot open.
TIFFOpen: D:\work\vesuvius-c\PHerc0139-4x21x21-cubes\cubes_RAW/z04864_y02048_x03840.tif: Cannot open.
TIFFOpen: D:\work\vesuvius-c\PHerc0139-4x21x21-cubes\cubes_RAW/z04864_y02176_x03840.tif: Cannot open.
TIFFOpen: D:\work\vesuvius-c\PHerc0139-4x21x21-cubes\cubes_RAW/z04864_y01920_x03840.tif: Cannot open.
TIFFOpen: D:\work\vesuvius-c\PHerc0139-4x21x21-cubes\cubes_RAW/z04864_y02048_x03968.tif: Cannot open.
TIFFOpen: D:\work\vesuvius-c\PHerc0139-4x21x21-cubes\cubes_RAW/z04864_y02176_x03968.tif: Cannot open.
TIFFOpen: D:\work\vesuvius-c\PHerc0139-4x21x21-cubes\cubes_RAW/z04736_y01920_x04096.tif: Cannot open.
TIFFOpen: D:\work\vesuvius-c\PHerc0139-4x21x21-cubes\cubes_RAW/z04864_y01920_x03968.tif: Cannot open.
TIFFOpen: D:\work\vesuvius-c\PHerc0139-4x21x21-cubes\cubes_RAW/z04736_y02048_x04224.tif: Cannot open.
TIFFOpen: D:\work\vesuvius-c\PHerc0139-4x21x21-cubes\cubes_RAW/z04864_y02048_x04096.tif: Cannot open.
TIFFOpen: D:\work\vesuvius-c\PHerc0139-4x21x21-cubes\cubes_RAW/z04736_y02176_x04224.tif: Cannot open.
TIFFOpen: D:\work\vesuvius-c\PHerc0139-4x21x21-cubes\cubes_RAW/z04864_y02176_x04096.tif: Cannot open.
TIFFOpen: D:\work\vesuvius-c\PHerc0139-4x21x21-cubes\cubes_RAW/z04864_y02048_x04224.tif: Cannot open.
TIFFOpen: D:\work\vesuvius-c\PHerc0139-4x21x21-cubes\cubes_RAW/z04864_y02304_x01664.tif: Cannot open.
TIFFOpen: D:\work\vesuvius-c\PHerc0139-4x21x21-cubes\cubes_RAW/z04864_y02304_x01792.tif: Cannot open.
TIFFOpen: D:\work\vesuvius-c\PHerc0139-4x21x21-cubes\cubes_RAW/z04864_y02304_x01920.tif: Cannot open.
TIFFOpen: D:\work\vesuvius-c\PHerc0139-4x21x21-cubes\cubes_RAW/z04864_y02176_x02176.tif: Cannot open.
TIFFOpen: D:\work\vesuvius-c\PHerc0139-4x21x21-cubes\cubes_RAW/z04864_y02176_x02304.tif: Cannot open.
TIFFOpen: D:\work\vesuvius-c\PHerc0139-4x21x21-cubes\cubes_RAW/z04864_y02176_x02432.tif: Cannot open.
TIFFOpen: D:\work\vesuvius-c\PHerc0139-4x21x21-cubes\cubes_RAW/z04864_y02304_x02432.tif: Cannot open.
TIFFOpen: D:\work\vesuvius-c\PHerc0139-4x21x21-cubes\cubes_RAW/z04864_y02176_x02560.tif: Cannot open.
TIFFOpen: D:\work\vesuvius-c\PHerc0139-4x21x21-cubes\cubes_RAW/z04864_y02304_x02688.tif: Cannot open.
TIFFOpen: D:\work\vesuvius-c\PHerc0139-4x21x21-cubes\cubes_RAW/z04864_y02176_x02816.tif: Cannot open.
TIFFOpen: D:\work\vesuvius-c\PHerc0139-4x21x21-cubes\cubes_RAW/z04864_y02304_x02816.tif: Cannot open.
TIFFOpen: D:\work\vesuvius-c\PHerc0139-4x21x21-cubes\cubes_RAW/z04864_y02176_x02944.tif: Cannot open.
TIFFOpen: D:\work\vesuvius-c\PHerc0139-4x21x21-cubes\cubes_RAW/z04864_y02176_x03072.tif: Cannot open.
TIFFOpen: D:\work\vesuvius-c\PHerc0139-4x21x21-cubes\cubes_RAW/z04864_y02176_x03200.tif: Cannot open.
TIFFOpen: D:\work\vesuvius-c\PHerc0139-4x21x21-cubes\cubes_RAW/z04864_y02176_x03328.tif: Cannot open.
TIFFOpen: D:\work\vesuvius-c\PHerc0139-4x21x21-cubes\cubes_RAW/z04864_y02176_x03456.tif: Cannot open.
TIFFOpen: D:\work\vesuvius-c\PHerc0139-4x21x21-cubes\cubes_RAW/z04864_y02176_x03584.tif: Cannot open.
TIFFOpen: D:\work\vesuvius-c\PHerc0139-4x21x21-cubes\cubes_RAW/z04864_y02304_x03584.tif: Cannot open.
TIFFOpen: D:\work\vesuvius-c\PHerc0139-4x21x21-cubes\cubes_RAW/z04864_y02176_x03712.tif: Cannot open.
TIFFOpen: D:\work\vesuvius-c\PHerc0139-4x21x21-cubes\cubes_RAW/z04864_y02304_x03712.tif: Cannot open.
TIFFOpen: D:\work\vesuvius-c\PHerc0139-4x21x21-cubes\cubes_RAW/z04864_y02304_x03840.tif: Cannot open.
TIFFOpen: D:\work\vesuvius-c\PHerc0139-4x21x21-cubes\cubes_RAW/z04864_y02304_x03968.tif: Cannot open.
TIFFOpen: D:\work\vesuvius-c\PHerc0139-4x21x21-cubes\cubes_RAW/z04864_y02304_x04096.tif: Cannot open.
TIFFOpen: D:\work\vesuvius-c\PHerc0139-4x21x21-cubes\cubes_RAW/z04864_y02304_x01536.tif: Cannot open.
TIFFOpen: D:\work\vesuvius-c\PHerc0139-4x21x21-cubes\cubes_RAW/z04864_y02432_x01536.tif: Cannot open.
TIFFOpen: D:\work\vesuvius-c\PHerc0139-4x21x21-cubes\cubes_RAW/z04864_y02432_x01664.tif: Cannot open.
TIFFOpen: D:\work\vesuvius-c\PHerc0139-4x21x21-cubes\cubes_RAW/z04864_y02304_x02048.tif: Cannot open.
TIFFOpen: D:\work\vesuvius-c\PHerc0139-4x21x21-cubes\cubes_RAW/z04864_y02432_x02048.tif: Cannot open.
TIFFOpen: D:\work\vesuvius-c\PHerc0139-4x21x21-cubes\cubes_RAW/z04864_y02304_x02176.tif: Cannot open.
TIFFOpen: D:\work\vesuvius-c\PHerc0139-4x21x21-cubes\cubes_RAW/z04864_y02304_x02304.tif: Cannot open.
TIFFOpen: D:\work\vesuvius-c\PHerc0139-4x21x21-cubes\cubes_RAW/z04864_y02432_x02432.tif: Cannot open.
TIFFOpen: D:\work\vesuvius-c\PHerc0139-4x21x21-cubes\cubes_RAW/z04864_y02304_x02560.tif: Cannot open.
TIFFOpen: D:\work\vesuvius-c\PHerc0139-4x21x21-cubes\cubes_RAW/z04864_y02432_x02560.tif: Cannot open.
TIFFOpen: D:\work\vesuvius-c\PHerc0139-4x21x21-cubes\cubes_RAW/z04864_y02432_x02688.tif: Cannot open.
TIFFOpen: D:\work\vesuvius-c\PHerc0139-4x21x21-cubes\cubes_RAW/z04864_y02304_x02944.tif: Cannot open.
TIFFOpen: D:\work\vesuvius-c\PHerc0139-4x21x21-cubes\cubes_RAW/z04864_y02432_x02944.tif: Cannot open.
TIFFOpen: D:\work\vesuvius-c\PHerc0139-4x21x21-cubes\cubes_RAW/z04864_y02304_x03072.tif: Cannot open.
TIFFOpen: D:\work\vesuvius-c\PHerc0139-4x21x21-cubes\cubes_RAW/z04864_y02304_x03200.tif: Cannot open.
TIFFOpen: D:\work\vesuvius-c\PHerc0139-4x21x21-cubes\cubes_RAW/z04864_y02304_x03328.tif: Cannot open.
TIFFOpen: D:\work\vesuvius-c\PHerc0139-4x21x21-cubes\cubes_RAW/z04864_y02304_x03456.tif: Cannot open.
TIFFOpen: D:\work\vesuvius-c\PHerc0139-4x21x21-cubes\cubes_RAW/z04864_y02432_x03584.tif: Cannot open.
TIFFOpen: D:\work\vesuvius-c\PHerc0139-4x21x21-cubes\cubes_RAW/z04864_y02432_x03840.tif: Cannot open.
TIFFOpen: D:\work\vesuvius-c\PHerc0139-4x21x21-cubes\cubes_RAW/z04864_y02432_x03968.tif: Cannot open.
TIFFOpen: D:\work\vesuvius-c\PHerc0139-4x21x21-cubes\cubes_RAW/z04736_y02304_x04224.tif: Cannot open.
TIFFOpen: D:\work\vesuvius-c\PHerc0139-4x21x21-cubes\cubes_RAW/z04736_y02432_x04224.tif: Cannot open.
TIFFOpen: D:\work\vesuvius-c\PHerc0139-4x21x21-cubes\cubes_RAW/z04736_y02432_x01408.tif: Cannot open.
TIFFOpen: D:\work\vesuvius-c\PHerc0139-4x21x21-cubes\cubes_RAW/z04864_y02560_x01536.tif: Cannot open.
TIFFOpen: D:\work\vesuvius-c\PHerc0139-4x21x21-cubes\cubes_RAW/z04864_y02432_x01792.tif: Cannot open.
TIFFOpen: D:\work\vesuvius-c\PHerc0139-4x21x21-cubes\cubes_RAW/z04864_y02432_x01920.tif: Cannot open.
TIFFOpen: D:\work\vesuvius-c\PHerc0139-4x21x21-cubes\cubes_RAW/z04864_y02560_x01920.tif: Cannot open.
TIFFOpen: D:\work\vesuvius-c\PHerc0139-4x21x21-cubes\cubes_RAW/z04864_y02432_x02176.tif: Cannot open.
TIFFOpen: D:\work\vesuvius-c\PHerc0139-4x21x21-cubes\cubes_RAW/z04864_y02432_x02304.tif: Cannot open.
TIFFOpen: D:\work\vesuvius-c\PHerc0139-4x21x21-cubes\cubes_RAW/z04864_y02560_x02560.tif: Cannot open.
TIFFOpen: D:\work\vesuvius-c\PHerc0139-4x21x21-cubes\cubes_RAW/z04864_y02432_x02816.tif: Cannot open.
TIFFOpen: D:\work\vesuvius-c\PHerc0139-4x21x21-cubes\cubes_RAW/z04864_y02560_x02816.tif: Cannot open.
TIFFOpen: D:\work\vesuvius-c\PHerc0139-4x21x21-cubes\cubes_RAW/z04864_y02560_x02944.tif: Cannot open.
TIFFOpen: D:\work\vesuvius-c\PHerc0139-4x21x21-cubes\cubes_RAW/z04864_y02432_x03072.tif: Cannot open.
TIFFOpen: D:\work\vesuvius-c\PHerc0139-4x21x21-cubes\cubes_RAW/z04864_y02560_x03072.tif: Cannot open.
TIFFOpen: D:\work\vesuvius-c\PHerc0139-4x21x21-cubes\cubes_RAW/z04864_y02432_x03200.tif: Cannot open.
TIFFOpen: D:\work\vesuvius-c\PHerc0139-4x21x21-cubes\cubes_RAW/z04864_y02560_x03200.tif: Cannot open.
TIFFOpen: D:\work\vesuvius-c\PHerc0139-4x21x21-cubes\cubes_RAW/z04864_y02432_x03328.tif: Cannot open.
TIFFOpen: D:\work\vesuvius-c\PHerc0139-4x21x21-cubes\cubes_RAW/z04864_y02432_x03456.tif: Cannot open.
TIFFOpen: D:\work\vesuvius-c\PHerc0139-4x21x21-cubes\cubes_RAW/z04864_y02432_x03712.tif: Cannot open.
TIFFOpen: D:\work\vesuvius-c\PHerc0139-4x21x21-cubes\cubes_RAW/z04864_y02560_x03712.tif: Cannot open.
TIFFOpen: D:\work\vesuvius-c\PHerc0139-4x21x21-cubes\cubes_RAW/z04864_y02560_x03840.tif: Cannot open.
TIFFOpen: D:\work\vesuvius-c\PHerc0139-4x21x21-cubes\cubes_RAW/z04864_y02432_x04096.tif: Cannot open.
TIFFOpen: D:\work\vesuvius-c\PHerc0139-4x21x21-cubes\cubes_RAW/z04736_y02560_x01408.tif: Cannot open.
TIFFOpen: D:\work\vesuvius-c\PHerc0139-4x21x21-cubes\cubes_RAW/z04864_y02560_x01664.tif: Cannot open.
TIFFOpen: D:\work\vesuvius-c\PHerc0139-4x21x21-cubes\cubes_RAW/z04864_y02560_x01792.tif: Cannot open.
TIFFOpen: D:\work\vesuvius-c\PHerc0139-4x21x21-cubes\cubes_RAW/z04864_y02688_x01792.tif: Cannot open.
TIFFOpen: D:\work\vesuvius-c\PHerc0139-4x21x21-cubes\cubes_RAW/z04864_y02560_x02048.tif: Cannot open.
TIFFOpen: D:\work\vesuvius-c\PHerc0139-4x21x21-cubes\cubes_RAW/z04864_y02688_x02048.tif: Cannot open.
TIFFOpen: D:\work\vesuvius-c\PHerc0139-4x21x21-cubes\cubes_RAW/z04864_y02560_x02176.tif: Cannot open.
TIFFOpen: D:\work\vesuvius-c\PHerc0139-4x21x21-cubes\cubes_RAW/z04864_y02560_x02304.tif: Cannot open.
TIFFOpen: D:\work\vesuvius-c\PHerc0139-4x21x21-cubes\cubes_RAW/z04864_y02688_x02304.tif: Cannot open.
TIFFOpen: D:\work\vesuvius-c\PHerc0139-4x21x21-cubes\cubes_RAW/z04864_y02560_x02432.tif: Cannot open.
TIFFOpen: D:\work\vesuvius-c\PHerc0139-4x21x21-cubes\cubes_RAW/z04864_y02688_x02432.tif: Cannot open.
TIFFOpen: D:\work\vesuvius-c\PHerc0139-4x21x21-cubes\cubes_RAW/z04864_y02688_x02560.tif: Cannot open.
TIFFOpen: D:\work\vesuvius-c\PHerc0139-4x21x21-cubes\cubes_RAW/z04864_y02560_x02688.tif: Cannot open.
TIFFOpen: D:\work\vesuvius-c\PHerc0139-4x21x21-cubes\cubes_RAW/z04864_y02688_x02816.tif: Cannot open.
TIFFOpen: D:\work\vesuvius-c\PHerc0139-4x21x21-cubes\cubes_RAW/z04864_y02688_x03200.tif: Cannot open.
TIFFOpen: D:\work\vesuvius-c\PHerc0139-4x21x21-cubes\cubes_RAW/z04864_y02560_x03328.tif: Cannot open.
TIFFOpen: D:\work\vesuvius-c\PHerc0139-4x21x21-cubes\cubes_RAW/z04864_y02560_x03456.tif: Cannot open.
TIFFOpen: D:\work\vesuvius-c\PHerc0139-4x21x21-cubes\cubes_RAW/z04864_y02560_x03584.tif: Cannot open.
TIFFOpen: D:\work\vesuvius-c\PHerc0139-4x21x21-cubes\cubes_RAW/z04864_y02688_x03584.tif: Cannot open.
TIFFOpen: D:\work\vesuvius-c\PHerc0139-4x21x21-cubes\cubes_RAW/z04864_y02688_x03712.tif: Cannot open.
TIFFOpen: D:\work\vesuvius-c\PHerc0139-4x21x21-cubes\cubes_RAW/z04864_y02688_x03840.tif: Cannot open.
TIFFOpen: D:\work\vesuvius-c\PHerc0139-4x21x21-cubes\cubes_RAW/z04864_y02560_x03968.tif: Cannot open.
TIFFOpen: D:\work\vesuvius-c\PHerc0139-4x21x21-cubes\cubes_RAW/z04864_y02688_x03968.tif: Cannot open.
TIFFOpen: D:\work\vesuvius-c\PHerc0139-4x21x21-cubes\cubes_RAW/z04736_y02560_x04224.tif: Cannot open.
TIFFOpen: D:\work\vesuvius-c\PHerc0139-4x21x21-cubes\cubes_RAW/z04864_y02560_x04096.tif: Cannot open.
TIFFOpen: D:\work\vesuvius-c\PHerc0139-4x21x21-cubes\cubes_RAW/z04864_y02560_x04224.tif: Cannot open.
TIFFOpen: D:\work\vesuvius-c\PHerc0139-4x21x21-cubes\cubes_RAW/z04736_y02688_x01408.tif: Cannot open.
TIFFOpen: D:\work\vesuvius-c\PHerc0139-4x21x21-cubes\cubes_RAW/z04864_y02688_x01536.tif: Cannot open.
TIFFOpen: D:\work\vesuvius-c\PHerc0139-4x21x21-cubes\cubes_RAW/z04864_y02688_x01664.tif: Cannot open.
TIFFOpen: D:\work\vesuvius-c\PHerc0139-4x21x21-cubes\cubes_RAW/z04864_y02688_x01920.tif: Cannot open.
TIFFOpen: D:\work\vesuvius-c\PHerc0139-4x21x21-cubes\cubes_RAW/z04864_y02816_x01792.tif: Cannot open.
TIFFOpen: D:\work\vesuvius-c\PHerc0139-4x21x21-cubes\cubes_RAW/z04864_y02816_x02048.tif: Cannot open.
TIFFOpen: D:\work\vesuvius-c\PHerc0139-4x21x21-cubes\cubes_RAW/z04864_y02688_x02176.tif: Cannot open.
TIFFOpen: D:\work\vesuvius-c\PHerc0139-4x21x21-cubes\cubes_RAW/z04864_y02816_x02432.tif: Cannot open.
TIFFOpen: D:\work\vesuvius-c\PHerc0139-4x21x21-cubes\cubes_RAW/z04864_y02816_x02560.tif: Cannot open.
TIFFOpen: D:\work\vesuvius-c\PHerc0139-4x21x21-cubes\cubes_RAW/z04864_y02688_x02688.tif: Cannot open.
TIFFOpen: D:\work\vesuvius-c\PHerc0139-4x21x21-cubes\cubes_RAW/z04864_y02688_x02944.tif: Cannot open.
TIFFOpen: D:\work\vesuvius-c\PHerc0139-4x21x21-cubes\cubes_RAW/z04864_y02816_x02944.tif: Cannot open.
TIFFOpen: D:\work\vesuvius-c\PHerc0139-4x21x21-cubes\cubes_RAW/z04864_y02688_x03072.tif: Cannot open.
TIFFOpen: D:\work\vesuvius-c\PHerc0139-4x21x21-cubes\cubes_RAW/z04864_y02816_x03072.tif: Cannot open.
TIFFOpen: D:\work\vesuvius-c\PHerc0139-4x21x21-cubes\cubes_RAW/z04864_y02688_x03328.tif: Cannot open.
TIFFOpen: D:\work\vesuvius-c\PHerc0139-4x21x21-cubes\cubes_RAW/z04864_y02688_x03456.tif: Cannot open.
TIFFOpen: D:\work\vesuvius-c\PHerc0139-4x21x21-cubes\cubes_RAW/z04864_y02816_x03456.tif: Cannot open.
TIFFOpen: D:\work\vesuvius-c\PHerc0139-4x21x21-cubes\cubes_RAW/z04864_y02816_x03712.tif: Cannot open.
TIFFOpen: D:\work\vesuvius-c\PHerc0139-4x21x21-cubes\cubes_RAW/z04864_y02816_x03840.tif: Cannot open.
TIFFOpen: D:\work\vesuvius-c\PHerc0139-4x21x21-cubes\cubes_RAW/z04864_y02816_x03968.tif: Cannot open.
TIFFOpen: D:\work\vesuvius-c\PHerc0139-4x21x21-cubes\cubes_RAW/z04864_y02688_x04096.tif: Cannot open.
TIFFOpen: D:\work\vesuvius-c\PHerc0139-4x21x21-cubes\cubes_RAW/z04736_y02688_x04224.tif: Cannot open.
TIFFOpen: D:\work\vesuvius-c\PHerc0139-4x21x21-cubes\cubes_RAW/z04736_y02816_x04224.tif: Cannot open.
TIFFOpen: D:\work\vesuvius-c\PHerc0139-4x21x21-cubes\cubes_RAW/z04864_y02816_x01536.tif: Cannot open.
TIFFOpen: D:\work\vesuvius-c\PHerc0139-4x21x21-cubes\cubes_RAW/z04736_y02816_x01408.tif: Cannot open.
TIFFOpen: D:\work\vesuvius-c\PHerc0139-4x21x21-cubes\cubes_RAW/z04864_y02816_x01664.tif: Cannot open.
TIFFOpen: D:\work\vesuvius-c\PHerc0139-4x21x21-cubes\cubes_RAW/z04864_y02816_x01920.tif: Cannot open.
TIFFOpen: D:\work\vesuvius-c\PHerc0139-4x21x21-cubes\cubes_RAW/z04864_y02944_x01792.tif: Cannot open.
TIFFOpen: D:\work\vesuvius-c\PHerc0139-4x21x21-cubes\cubes_RAW/z04864_y02816_x02176.tif: Cannot open.
TIFFOpen: D:\work\vesuvius-c\PHerc0139-4x21x21-cubes\cubes_RAW/z04864_y02944_x02048.tif: Cannot open.
TIFFOpen: D:\work\vesuvius-c\PHerc0139-4x21x21-cubes\cubes_RAW/z04864_y02944_x02176.tif: Cannot open.
TIFFOpen: D:\work\vesuvius-c\PHerc0139-4x21x21-cubes\cubes_RAW/z04864_y02816_x02304.tif: Cannot open.
TIFFOpen: D:\work\vesuvius-c\PHerc0139-4x21x21-cubes\cubes_RAW/z04864_y02944_x02304.tif: Cannot open.
TIFFOpen: D:\work\vesuvius-c\PHerc0139-4x21x21-cubes\cubes_RAW/z04864_y02944_x02432.tif: Cannot open.
TIFFOpen: D:\work\vesuvius-c\PHerc0139-4x21x21-cubes\cubes_RAW/z04864_y02944_x02560.tif: Cannot open.
TIFFOpen: D:\work\vesuvius-c\PHerc0139-4x21x21-cubes\cubes_RAW/z04864_y02816_x02688.tif: Cannot open.
TIFFOpen: D:\work\vesuvius-c\PHerc0139-4x21x21-cubes\cubes_RAW/z04864_y02944_x02688.tif: Cannot open.
TIFFOpen: D:\work\vesuvius-c\PHerc0139-4x21x21-cubes\cubes_RAW/z04864_y02816_x02816.tif: Cannot open.
TIFFOpen: D:\work\vesuvius-c\PHerc0139-4x21x21-cubes\cubes_RAW/z04864_y02944_x02816.tif: Cannot open.
TIFFOpen: D:\work\vesuvius-c\PHerc0139-4x21x21-cubes\cubes_RAW/z04864_y02944_x02944.tif: Cannot open.
TIFFOpen: D:\work\vesuvius-c\PHerc0139-4x21x21-cubes\cubes_RAW/z04864_y02944_x03072.tif: Cannot open.
TIFFOpen: D:\work\vesuvius-c\PHerc0139-4x21x21-cubes\cubes_RAW/z04864_y02816_x03200.tif: Cannot open.
TIFFOpen: D:\work\vesuvius-c\PHerc0139-4x21x21-cubes\cubes_RAW/z04864_y02816_x03328.tif: Cannot open.
TIFFOpen: D:\work\vesuvius-c\PHerc0139-4x21x21-cubes\cubes_RAW/z04864_y02816_x03584.tif: Cannot open.
TIFFOpen: D:\work\vesuvius-c\PHerc0139-4x21x21-cubes\cubes_RAW/z04864_y02944_x03584.tif: Cannot open.
TIFFOpen: D:\work\vesuvius-c\PHerc0139-4x21x21-cubes\cubes_RAW/z04864_y02944_x03712.tif: Cannot open.
TIFFOpen: D:\work\vesuvius-c\PHerc0139-4x21x21-cubes\cubes_RAW/z04864_y02944_x03840.tif: Cannot open.
TIFFOpen: D:\work\vesuvius-c\PHerc0139-4x21x21-cubes\cubes_RAW/z04864_y02816_x04096.tif: Cannot open.
TIFFOpen: D:\work\vesuvius-c\PHerc0139-4x21x21-cubes\cubes_RAW/z04864_y02816_x04224.tif: Cannot open.
TIFFOpen: D:\work\vesuvius-c\PHerc0139-4x21x21-cubes\cubes_RAW/z04864_y02944_x01536.tif: Cannot open.
TIFFOpen: D:\work\vesuvius-c\PHerc0139-4x21x21-cubes\cubes_RAW/z04864_y02944_x01664.tif: Cannot open.
TIFFOpen: D:\work\vesuvius-c\PHerc0139-4x21x21-cubes\cubes_RAW/z04736_y02944_x01408.tif: Cannot open.
TIFFOpen: D:\work\vesuvius-c\PHerc0139-4x21x21-cubes\cubes_RAW/z04864_y02944_x01920.tif: Cannot open.
TIFFOpen: D:\work\vesuvius-c\PHerc0139-4x21x21-cubes\cubes_RAW/z04864_y03072_x01920.tif: Cannot open.
TIFFOpen: D:\work\vesuvius-c\PHerc0139-4x21x21-cubes\cubes_RAW/z04864_y03072_x02560.tif: Cannot open.
TIFFOpen: D:\work\vesuvius-c\PHerc0139-4x21x21-cubes\cubes_RAW/z04864_y03072_x02688.tif: Cannot open.
TIFFOpen: D:\work\vesuvius-c\PHerc0139-4x21x21-cubes\cubes_RAW/z04864_y03072_x02816.tif: Cannot open.
TIFFOpen: D:\work\vesuvius-c\PHerc0139-4x21x21-cubes\cubes_RAW/z04864_y03072_x02944.tif: Cannot open.
TIFFOpen: D:\work\vesuvius-c\PHerc0139-4x21x21-cubes\cubes_RAW/z04864_y02944_x03200.tif: Cannot open.
TIFFOpen: D:\work\vesuvius-c\PHerc0139-4x21x21-cubes\cubes_RAW/z04864_y03072_x03200.tif: Cannot open.
TIFFOpen: D:\work\vesuvius-c\PHerc0139-4x21x21-cubes\cubes_RAW/z04864_y02944_x03328.tif: Cannot open.
TIFFOpen: D:\work\vesuvius-c\PHerc0139-4x21x21-cubes\cubes_RAW/z04864_y02944_x03456.tif: Cannot open.
TIFFOpen: D:\work\vesuvius-c\PHerc0139-4x21x21-cubes\cubes_RAW/z04864_y03072_x03584.tif: Cannot open.
TIFFOpen: D:\work\vesuvius-c\PHerc0139-4x21x21-cubes\cubes_RAW/z04864_y02944_x03968.tif: Cannot open.
TIFFOpen: D:\work\vesuvius-c\PHerc0139-4x21x21-cubes\cubes_RAW/z04864_y02944_x04096.tif: Cannot open.
TIFFOpen: D:\work\vesuvius-c\PHerc0139-4x21x21-cubes\cubes_RAW/z04864_y02944_x04224.tif: Cannot open.
TIFFOpen: D:\work\vesuvius-c\PHerc0139-4x21x21-cubes\cubes_RAW/z04864_y03072_x04096.tif: Cannot open.
TIFFOpen: D:\work\vesuvius-c\PHerc0139-4x21x21-cubes\cubes_RAW/z04864_y03072_x04224.tif: Cannot open.
TIFFOpen: D:\work\vesuvius-c\PHerc0139-4x21x21-cubes\cubes_RAW/z04864_y03072_x01536.tif: Cannot open.
TIFFOpen: D:\work\vesuvius-c\PHerc0139-4x21x21-cubes\cubes_RAW/z04864_y03072_x01664.tif: Cannot open.
TIFFOpen: D:\work\vesuvius-c\PHerc0139-4x21x21-cubes\cubes_RAW/z04736_y03072_x01408.tif: Cannot open.
TIFFOpen: D:\work\vesuvius-c\PHerc0139-4x21x21-cubes\cubes_RAW/z04864_y03072_x01408.tif: Cannot open.
TIFFOpen: D:\work\vesuvius-c\PHerc0139-4x21x21-cubes\cubes_RAW/z04864_y03072_x01792.tif: Cannot open.
TIFFOpen: D:\work\vesuvius-c\PHerc0139-4x21x21-cubes\cubes_RAW/z04864_y03072_x02048.tif: Cannot open.
TIFFOpen: D:\work\vesuvius-c\PHerc0139-4x21x21-cubes\cubes_RAW/z04864_y03200_x01920.tif: Cannot open.
TIFFOpen: D:\work\vesuvius-c\PHerc0139-4x21x21-cubes\cubes_RAW/z04864_y03072_x02176.tif: Cannot open.
TIFFOpen: D:\work\vesuvius-c\PHerc0139-4x21x21-cubes\cubes_RAW/z04864_y03200_x02048.tif: Cannot open.
TIFFOpen: D:\work\vesuvius-c\PHerc0139-4x21x21-cubes\cubes_RAW/z04864_y03200_x02176.tif: Cannot open.
TIFFOpen: D:\work\vesuvius-c\PHerc0139-4x21x21-cubes\cubes_RAW/z04864_y03072_x02304.tif: Cannot open.
TIFFOpen: D:\work\vesuvius-c\PHerc0139-4x21x21-cubes\cubes_RAW/z04864_y03072_x02432.tif: Cannot open.
TIFFOpen: D:\work\vesuvius-c\PHerc0139-4x21x21-cubes\cubes_RAW/z04864_y03200_x02432.tif: Cannot open.
TIFFOpen: D:\work\vesuvius-c\PHerc0139-4x21x21-cubes\cubes_RAW/z04864_y03200_x02560.tif: Cannot open.
TIFFOpen: D:\work\vesuvius-c\PHerc0139-4x21x21-cubes\cubes_RAW/z04864_y03200_x02816.tif: Cannot open.
TIFFOpen: D:\work\vesuvius-c\PHerc0139-4x21x21-cubes\cubes_RAW/z04864_y03200_x02944.tif: Cannot open.
TIFFOpen: D:\work\vesuvius-c\PHerc0139-4x21x21-cubes\cubes_RAW/z04864_y03072_x03072.tif: Cannot open.
TIFFOpen: D:\work\vesuvius-c\PHerc0139-4x21x21-cubes\cubes_RAW/z04864_y03200_x03072.tif: Cannot open.
TIFFOpen: D:\work\vesuvius-c\PHerc0139-4x21x21-cubes\cubes_RAW/z04864_y03072_x03328.tif: Cannot open.
TIFFOpen: D:\work\vesuvius-c\PHerc0139-4x21x21-cubes\cubes_RAW/z04864_y03072_x03456.tif: Cannot open.
TIFFOpen: D:\work\vesuvius-c\PHerc0139-4x21x21-cubes\cubes_RAW/z04864_y03072_x03712.tif: Cannot open.
TIFFOpen: D:\work\vesuvius-c\PHerc0139-4x21x21-cubes\cubes_RAW/z04864_y03072_x03840.tif: Cannot open.
TIFFOpen: D:\work\vesuvius-c\PHerc0139-4x21x21-cubes\cubes_RAW/z04864_y03072_x03968.tif: Cannot open.
TIFFOpen: D:\work\vesuvius-c\PHerc0139-4x21x21-cubes\cubes_RAW/z04736_y03200_x04224.tif: Cannot open.
TIFFOpen: D:\work\vesuvius-c\PHerc0139-4x21x21-cubes\cubes_RAW/z04864_y03200_x01536.tif: Cannot open.
TIFFOpen: D:\work\vesuvius-c\PHerc0139-4x21x21-cubes\cubes_RAW/z04736_y03328_x01408.tif: Cannot open.
TIFFOpen: D:\work\vesuvius-c\PHerc0139-4x21x21-cubes\cubes_RAW/z04864_y03200_x01408.tif: Cannot open.
TIFFOpen: D:\work\vesuvius-c\PHerc0139-4x21x21-cubes\cubes_RAW/z04864_y03200_x01664.tif: Cannot open.
TIFFOpen: D:\work\vesuvius-c\PHerc0139-4x21x21-cubes\cubes_RAW/z04864_y03200_x01792.tif: Cannot open.
TIFFOpen: D:\work\vesuvius-c\PHerc0139-4x21x21-cubes\cubes_RAW/z04864_y03200_x02304.tif: Cannot open.
TIFFOpen: D:\work\vesuvius-c\PHerc0139-4x21x21-cubes\cubes_RAW/z04864_y03200_x02688.tif: Cannot open.
TIFFOpen: D:\work\vesuvius-c\PHerc0139-4x21x21-cubes\cubes_RAW/z04864_y03200_x03200.tif: Cannot open.
TIFFOpen: D:\work\vesuvius-c\PHerc0139-4x21x21-cubes\cubes_RAW/z04864_y03200_x03328.tif: Cannot open.
TIFFOpen: D:\work\vesuvius-c\PHerc0139-4x21x21-cubes\cubes_RAW/z04864_y03200_x03456.tif: Cannot open.
TIFFOpen: D:\work\vesuvius-c\PHerc0139-4x21x21-cubes\cubes_RAW/z04864_y03200_x03584.tif: Cannot open.
TIFFOpen: D:\work\vesuvius-c\PHerc0139-4x21x21-cubes\cubes_RAW/z04864_y03200_x03712.tif: Cannot open.
TIFFOpen: D:\work\vesuvius-c\PHerc0139-4x21x21-cubes\cubes_RAW/z04864_y03200_x03840.tif: Cannot open.
TIFFOpen: D:\work\vesuvius-c\PHerc0139-4x21x21-cubes\cubes_RAW/z04864_y03200_x03968.tif: Cannot open.
TIFFOpen: D:\work\vesuvius-c\PHerc0139-4x21x21-cubes\cubes_RAW/z04864_y03200_x04096.tif: Cannot open.
TIFFOpen: D:\work\vesuvius-c\PHerc0139-4x21x21-cubes\cubes_RAW/z04864_y03200_x04224.tif: Cannot open.
TIFFOpen: D:\work\vesuvius-c\PHerc0139-4x21x21-cubes\cubes_RAW/z04864_y03328_x01536.tif: Cannot open.
TIFFOpen: D:\work\vesuvius-c\PHerc0139-4x21x21-cubes\cubes_RAW/z04864_y03328_x01664.tif: Cannot open.
TIFFOpen: D:\work\vesuvius-c\PHerc0139-4x21x21-cubes\cubes_RAW/z04864_y03328_x01792.tif: Cannot open.
TIFFOpen: D:\work\vesuvius-c\PHerc0139-4x21x21-cubes\cubes_RAW/z04864_y03328_x01920.tif: Cannot open.
TIFFOpen: D:\work\vesuvius-c\PHerc0139-4x21x21-cubes\cubes_RAW/z04864_y03328_x02048.tif: Cannot open.
TIFFOpen: D:\work\vesuvius-c\PHerc0139-4x21x21-cubes\cubes_RAW/z04864_y03328_x02176.tif: Cannot open.
TIFFOpen: D:\work\vesuvius-c\PHerc0139-4x21x21-cubes\cubes_RAW/z04864_y03328_x02304.tif: Cannot open.
TIFFOpen: D:\work\vesuvius-c\PHerc0139-4x21x21-cubes\cubes_RAW/z04864_y03328_x02432.tif: Cannot open.
TIFFOpen: D:\work\vesuvius-c\PHerc0139-4x21x21-cubes\cubes_RAW/z04864_y03328_x02560.tif: Cannot open.
TIFFOpen: D:\work\vesuvius-c\PHerc0139-4x21x21-cubes\cubes_RAW/z04864_y03328_x02688.tif: Cannot open.
TIFFOpen: D:\work\vesuvius-c\PHerc0139-4x21x21-cubes\cubes_RAW/z04864_y03328_x02816.tif: Cannot open.
TIFFOpen: D:\work\vesuvius-c\PHerc0139-4x21x21-cubes\cubes_RAW/z04864_y03328_x02944.tif: Cannot open.
TIFFOpen: D:\work\vesuvius-c\PHerc0139-4x21x21-cubes\cubes_RAW/z04864_y03328_x03072.tif: Cannot open.
TIFFOpen: D:\work\vesuvius-c\PHerc0139-4x21x21-cubes\cubes_RAW/z04864_y03328_x03200.tif: Cannot open.
TIFFOpen: D:\work\vesuvius-c\PHerc0139-4x21x21-cubes\cubes_RAW/z04864_y03328_x03328.tif: Cannot open.
TIFFOpen: D:\work\vesuvius-c\PHerc0139-4x21x21-cubes\cubes_RAW/z04864_y03328_x03456.tif: Cannot open.
TIFFOpen: D:\work\vesuvius-c\PHerc0139-4x21x21-cubes\cubes_RAW/z04864_y03328_x03584.tif: Cannot open.
TIFFOpen: D:\work\vesuvius-c\PHerc0139-4x21x21-cubes\cubes_RAW/z04864_y03328_x03712.tif: Cannot open.
TIFFOpen: D:\work\vesuvius-c\PHerc0139-4x21x21-cubes\cubes_RAW/z04864_y03328_x03840.tif: Cannot open.
TIFFOpen: D:\work\vesuvius-c\PHerc0139-4x21x21-cubes\cubes_RAW/z04864_y03328_x03968.tif: Cannot open.
TIFFOpen: D:\work\vesuvius-c\PHerc0139-4x21x21-cubes\cubes_RAW/z04864_y03328_x04096.tif: Cannot open.
TIFFOpen: D:\work\vesuvius-c\PHerc0139-4x21x21-cubes\cubes_RAW/z04864_y03456_x01536.tif: Cannot open.
TIFFOpen: D:\work\vesuvius-c\PHerc0139-4x21x21-cubes\cubes_RAW/z04864_y03456_x01408.tif: Cannot open.
TIFFOpen: D:\work\vesuvius-c\PHerc0139-4x21x21-cubes\cubes_RAW/z04864_y03456_x01664.tif: Cannot open.
TIFFOpen: D:\work\vesuvius-c\PHerc0139-4x21x21-cubes\cubes_RAW/z04864_y03456_x01792.tif: Cannot open.
TIFFOpen: D:\work\vesuvius-c\PHerc0139-4x21x21-cubes\cubes_RAW/z04864_y03456_x01920.tif: Cannot open.
TIFFOpen: D:\work\vesuvius-c\PHerc0139-4x21x21-cubes\cubes_RAW/z04864_y03456_x02048.tif: Cannot open.
TIFFOpen: D:\work\vesuvius-c\PHerc0139-4x21x21-cubes\cubes_RAW/z04864_y03456_x02176.tif: Cannot open.
TIFFOpen: D:\work\vesuvius-c\PHerc0139-4x21x21-cubes\cubes_RAW/z04864_y03456_x02304.tif: Cannot open.
TIFFOpen: D:\work\vesuvius-c\PHerc0139-4x21x21-cubes\cubes_RAW/z04864_y03456_x02432.tif: Cannot open.
TIFFOpen: D:\work\vesuvius-c\PHerc0139-4x21x21-cubes\cubes_RAW/z04864_y03456_x02560.tif: Cannot open.
TIFFOpen: D:\work\vesuvius-c\PHerc0139-4x21x21-cubes\cubes_RAW/z04864_y03456_x02688.tif: Cannot open.
TIFFOpen: D:\work\vesuvius-c\PHerc0139-4x21x21-cubes\cubes_RAW/z04864_y03584_x02560.tif: Cannot open.
TIFFOpen: D:\work\vesuvius-c\PHerc0139-4x21x21-cubes\cubes_RAW/z04864_y03456_x02816.tif: Cannot open.
TIFFOpen: D:\work\vesuvius-c\PHerc0139-4x21x21-cubes\cubes_RAW/z04864_y03456_x02944.tif: Cannot open.
TIFFOpen: D:\work\vesuvius-c\PHerc0139-4x21x21-cubes\cubes_RAW/z04864_y03456_x03072.tif: Cannot open.
TIFFOpen: D:\work\vesuvius-c\PHerc0139-4x21x21-cubes\cubes_RAW/z04864_y03456_x03200.tif: Cannot open.
TIFFOpen: D:\work\vesuvius-c\PHerc0139-4x21x21-cubes\cubes_RAW/z04864_y03456_x03328.tif: Cannot open.
TIFFOpen: D:\work\vesuvius-c\PHerc0139-4x21x21-cubes\cubes_RAW/z04864_y03456_x03456.tif: Cannot open.
TIFFOpen: D:\work\vesuvius-c\PHerc0139-4x21x21-cubes\cubes_RAW/z04864_y03456_x03584.tif: Cannot open.
TIFFOpen: D:\work\vesuvius-c\PHerc0139-4x21x21-cubes\cubes_RAW/z04864_y03456_x03712.tif: Cannot open.
TIFFOpen: D:\work\vesuvius-c\PHerc0139-4x21x21-cubes\cubes_RAW/z04864_y03456_x03840.tif: Cannot open.
TIFFOpen: D:\work\vesuvius-c\PHerc0139-4x21x21-cubes\cubes_RAW/z04864_y03456_x03968.tif: Cannot open.
TIFFOpen: D:\work\vesuvius-c\PHerc0139-4x21x21-cubes\cubes_RAW/z04864_y03456_x04096.tif: Cannot open.
TIFFOpen: D:\work\vesuvius-c\PHerc0139-4x21x21-cubes\cubes_RAW/z04864_y03584_x01536.tif: Cannot open.
TIFFOpen: D:\work\vesuvius-c\PHerc0139-4x21x21-cubes\cubes_RAW/z04864_y03712_x01536.tif: Cannot open.
TIFFOpen: D:\work\vesuvius-c\PHerc0139-4x21x21-cubes\cubes_RAW/z04864_y03584_x01664.tif: Cannot open.
TIFFOpen: D:\work\vesuvius-c\PHerc0139-4x21x21-cubes\cubes_RAW/z04864_y03584_x01792.tif: Cannot open.
TIFFOpen: D:\work\vesuvius-c\PHerc0139-4x21x21-cubes\cubes_RAW/z04864_y03584_x01920.tif: Cannot open.
TIFFOpen: D:\work\vesuvius-c\PHerc0139-4x21x21-cubes\cubes_RAW/z04864_y03584_x02048.tif: Cannot open.
TIFFOpen: D:\work\vesuvius-c\PHerc0139-4x21x21-cubes\cubes_RAW/z04864_y03584_x02176.tif: Cannot open.
TIFFOpen: D:\work\vesuvius-c\PHerc0139-4x21x21-cubes\cubes_RAW/z04864_y03584_x02304.tif: Cannot open.
TIFFOpen: D:\work\vesuvius-c\PHerc0139-4x21x21-cubes\cubes_RAW/z04864_y03584_x02432.tif: Cannot open.
TIFFOpen: D:\work\vesuvius-c\PHerc0139-4x21x21-cubes\cubes_RAW/z04864_y03584_x02688.tif: Cannot open.
TIFFOpen: D:\work\vesuvius-c\PHerc0139-4x21x21-cubes\cubes_RAW/z04864_y03584_x02816.tif: Cannot open.
TIFFOpen: D:\work\vesuvius-c\PHerc0139-4x21x21-cubes\cubes_RAW/z04864_y03712_x02816.tif: Cannot open.
TIFFOpen: D:\work\vesuvius-c\PHerc0139-4x21x21-cubes\cubes_RAW/z04864_y03584_x02944.tif: Cannot open.
TIFFOpen: D:\work\vesuvius-c\PHerc0139-4x21x21-cubes\cubes_RAW/z04864_y03584_x03072.tif: Cannot open.
TIFFOpen: D:\work\vesuvius-c\PHerc0139-4x21x21-cubes\cubes_RAW/z04864_y03712_x03072.tif: Cannot open.
TIFFOpen: D:\work\vesuvius-c\PHerc0139-4x21x21-cubes\cubes_RAW/z04864_y03584_x03200.tif: Cannot open.
TIFFOpen: D:\work\vesuvius-c\PHerc0139-4x21x21-cubes\cubes_RAW/z04864_y03712_x03200.tif: Cannot open.
TIFFOpen: D:\work\vesuvius-c\PHerc0139-4x21x21-cubes\cubes_RAW/z04864_y03584_x03328.tif: Cannot open.
TIFFOpen: D:\work\vesuvius-c\PHerc0139-4x21x21-cubes\cubes_RAW/z04864_y03712_x03328.tif: Cannot open.
TIFFOpen: D:\work\vesuvius-c\PHerc0139-4x21x21-cubes\cubes_RAW/z04864_y03584_x03456.tif: Cannot open.
TIFFOpen: D:\work\vesuvius-c\PHerc0139-4x21x21-cubes\cubes_RAW/z04864_y03584_x03584.tif: Cannot open.
TIFFOpen: D:\work\vesuvius-c\PHerc0139-4x21x21-cubes\cubes_RAW/z04864_y03584_x03712.tif: Cannot open.
TIFFOpen: D:\work\vesuvius-c\PHerc0139-4x21x21-cubes\cubes_RAW/z04864_y03584_x03840.tif: Cannot open.
TIFFOpen: D:\work\vesuvius-c\PHerc0139-4x21x21-cubes\cubes_RAW/z04864_y03584_x03968.tif: Cannot open.
TIFFOpen: D:\work\vesuvius-c\PHerc0139-4x21x21-cubes\cubes_RAW/z04864_y03584_x04096.tif: Cannot open.
TIFFOpen: D:\work\vesuvius-c\PHerc0139-4x21x21-cubes\cubes_RAW/z04736_y03584_x04224.tif: Cannot open.
TIFFOpen: D:\work\vesuvius-c\PHerc0139-4x21x21-cubes\cubes_RAW/z04736_y03712_x04224.tif: Cannot open.
TIFFOpen: D:\work\vesuvius-c\PHerc0139-4x21x21-cubes\cubes_RAW/z04864_y03712_x01664.tif: Cannot open.
TIFFOpen: D:\work\vesuvius-c\PHerc0139-4x21x21-cubes\cubes_RAW/z04864_y03712_x01408.tif: Cannot open.
TIFFOpen: D:\work\vesuvius-c\PHerc0139-4x21x21-cubes\cubes_RAW/z04864_y03712_x01792.tif: Cannot open.
TIFFOpen: D:\work\vesuvius-c\PHerc0139-4x21x21-cubes\cubes_RAW/z04864_y03712_x01920.tif: Cannot open.
TIFFOpen: D:\work\vesuvius-c\PHerc0139-4x21x21-cubes\cubes_RAW/z04864_y03712_x02048.tif: Cannot open.
TIFFOpen: D:\work\vesuvius-c\PHerc0139-4x21x21-cubes\cubes_RAW/z04864_y03712_x02176.tif: Cannot open.
TIFFOpen: D:\work\vesuvius-c\PHerc0139-4x21x21-cubes\cubes_RAW/z04864_y03840_x02176.tif: Cannot open.
TIFFOpen: D:\work\vesuvius-c\PHerc0139-4x21x21-cubes\cubes_RAW/z04864_y03712_x02304.tif: Cannot open.
TIFFOpen: D:\work\vesuvius-c\PHerc0139-4x21x21-cubes\cubes_RAW/z04864_y03840_x02304.tif: Cannot open.
TIFFOpen: D:\work\vesuvius-c\PHerc0139-4x21x21-cubes\cubes_RAW/z04864_y03712_x02432.tif: Cannot open.
TIFFOpen: D:\work\vesuvius-c\PHerc0139-4x21x21-cubes\cubes_RAW/z04864_y03712_x02560.tif: Cannot open.
TIFFOpen: D:\work\vesuvius-c\PHerc0139-4x21x21-cubes\cubes_RAW/z04864_y03712_x02688.tif: Cannot open.
TIFFOpen: D:\work\vesuvius-c\PHerc0139-4x21x21-cubes\cubes_RAW/z04864_y03712_x02944.tif: Cannot open.
TIFFOpen: D:\work\vesuvius-c\PHerc0139-4x21x21-cubes\cubes_RAW/z04864_y03840_x02944.tif: Cannot open.
TIFFOpen: D:\work\vesuvius-c\PHerc0139-4x21x21-cubes\cubes_RAW/z04864_y03840_x03072.tif: Cannot open.
TIFFOpen: D:\work\vesuvius-c\PHerc0139-4x21x21-cubes\cubes_RAW/z04864_y03840_x03328.tif: Cannot open.
TIFFOpen: D:\work\vesuvius-c\PHerc0139-4x21x21-cubes\cubes_RAW/z04864_y03712_x03456.tif: Cannot open.
TIFFOpen: D:\work\vesuvius-c\PHerc0139-4x21x21-cubes\cubes_RAW/z04864_y03840_x03456.tif: Cannot open.
TIFFOpen: D:\work\vesuvius-c\PHerc0139-4x21x21-cubes\cubes_RAW/z04864_y03712_x03584.tif: Cannot open.
TIFFOpen: D:\work\vesuvius-c\PHerc0139-4x21x21-cubes\cubes_RAW/z04864_y03712_x03712.tif: Cannot open.
TIFFOpen: D:\work\vesuvius-c\PHerc0139-4x21x21-cubes\cubes_RAW/z04864_y03712_x03840.tif: Cannot open.
TIFFOpen: D:\work\vesuvius-c\PHerc0139-4x21x21-cubes\cubes_RAW/z04864_y03712_x03968.tif: Cannot open.
TIFFOpen: D:\work\vesuvius-c\PHerc0139-4x21x21-cubes\cubes_RAW/z04864_y03712_x04096.tif: Cannot open.
TIFFOpen: D:\work\vesuvius-c\PHerc0139-4x21x21-cubes\cubes_RAW/z04736_y03840_x04224.tif: Cannot open.
TIFFOpen: D:\work\vesuvius-c\PHerc0139-4x21x21-cubes\cubes_RAW/z04864_y03840_x01536.tif: Cannot open.
TIFFOpen: D:\work\vesuvius-c\PHerc0139-4x21x21-cubes\cubes_RAW/z04864_y03840_x01408.tif: Cannot open.
TIFFOpen: D:\work\vesuvius-c\PHerc0139-4x21x21-cubes\cubes_RAW/z04864_y03840_x01664.tif: Cannot open.
TIFFOpen: D:\work\vesuvius-c\PHerc0139-4x21x21-cubes\cubes_RAW/z04864_y03840_x01792.tif: Cannot open.
TIFFOpen: D:\work\vesuvius-c\PHerc0139-4x21x21-cubes\cubes_RAW/z04864_y03840_x01920.tif: Cannot open.
TIFFOpen: D:\work\vesuvius-c\PHerc0139-4x21x21-cubes\cubes_RAW/z04864_y03840_x02048.tif: Cannot open.
TIFFOpen: D:\work\vesuvius-c\PHerc0139-4x21x21-cubes\cubes_RAW/z04864_y03968_x02176.tif: Cannot open.
TIFFOpen: D:\work\vesuvius-c\PHerc0139-4x21x21-cubes\cubes_RAW/z04864_y03968_x02304.tif: Cannot open.
TIFFOpen: D:\work\vesuvius-c\PHerc0139-4x21x21-cubes\cubes_RAW/z04864_y03840_x02432.tif: Cannot open.
TIFFOpen: D:\work\vesuvius-c\PHerc0139-4x21x21-cubes\cubes_RAW/z04864_y03968_x02432.tif: Cannot open.
TIFFOpen: D:\work\vesuvius-c\PHerc0139-4x21x21-cubes\cubes_RAW/z04864_y03840_x02560.tif: Cannot open.
TIFFOpen: D:\work\vesuvius-c\PHerc0139-4x21x21-cubes\cubes_RAW/z04864_y03968_x02560.tif: Cannot open.
TIFFOpen: D:\work\vesuvius-c\PHerc0139-4x21x21-cubes\cubes_RAW/z04864_y03840_x02688.tif: Cannot open.
TIFFOpen: D:\work\vesuvius-c\PHerc0139-4x21x21-cubes\cubes_RAW/z04864_y03968_x02688.tif: Cannot open.
TIFFOpen: D:\work\vesuvius-c\PHerc0139-4x21x21-cubes\cubes_RAW/z04864_y03840_x02816.tif: Cannot open.
TIFFOpen: D:\work\vesuvius-c\PHerc0139-4x21x21-cubes\cubes_RAW/z04864_y03968_x02816.tif: Cannot open.
TIFFOpen: D:\work\vesuvius-c\PHerc0139-4x21x21-cubes\cubes_RAW/z04864_y03968_x02944.tif: Cannot open.
TIFFOpen: D:\work\vesuvius-c\PHerc0139-4x21x21-cubes\cubes_RAW/z04864_y03968_x03072.tif: Cannot open.
TIFFOpen: D:\work\vesuvius-c\PHerc0139-4x21x21-cubes\cubes_RAW/z04864_y03840_x03200.tif: Cannot open.
TIFFOpen: D:\work\vesuvius-c\PHerc0139-4x21x21-cubes\cubes_RAW/z04864_y03968_x03456.tif: Cannot open.
TIFFOpen: D:\work\vesuvius-c\PHerc0139-4x21x21-cubes\cubes_RAW/z04864_y03840_x03584.tif: Cannot open.
TIFFOpen: D:\work\vesuvius-c\PHerc0139-4x21x21-cubes\cubes_RAW/z04864_y03968_x03584.tif: Cannot open.
TIFFOpen: D:\work\vesuvius-c\PHerc0139-4x21x21-cubes\cubes_RAW/z04864_y03840_x03712.tif: Cannot open.
TIFFOpen: D:\work\vesuvius-c\PHerc0139-4x21x21-cubes\cubes_RAW/z04864_y03840_x03840.tif: Cannot open.
TIFFOpen: D:\work\vesuvius-c\PHerc0139-4x21x21-cubes\cubes_RAW/z04864_y03840_x03968.tif: Cannot open.
TIFFOpen: D:\work\vesuvius-c\PHerc0139-4x21x21-cubes\cubes_RAW/z04864_y03840_x04096.tif: Cannot open.
TIFFOpen: D:\work\vesuvius-c\PHerc0139-4x21x21-cubes\cubes_RAW/z04864_y03968_x01536.tif: Cannot open.
TIFFOpen: D:\work\vesuvius-c\PHerc0139-4x21x21-cubes\cubes_RAW/z04864_y04096_x01536.tif: Cannot open.
TIFFOpen: D:\work\vesuvius-c\PHerc0139-4x21x21-cubes\cubes_RAW/z04864_y03968_x01664.tif: Cannot open.
TIFFOpen: D:\work\vesuvius-c\PHerc0139-4x21x21-cubes\cubes_RAW/z04864_y03968_x01792.tif: Cannot open.
TIFFOpen: D:\work\vesuvius-c\PHerc0139-4x21x21-cubes\cubes_RAW/z04864_y03968_x01920.tif: Cannot open.
TIFFOpen: D:\work\vesuvius-c\PHerc0139-4x21x21-cubes\cubes_RAW/z04864_y04096_x01920.tif: Cannot open.
TIFFOpen: D:\work\vesuvius-c\PHerc0139-4x21x21-cubes\cubes_RAW/z04864_y03968_x02048.tif: Cannot open.
TIFFOpen: D:\work\vesuvius-c\PHerc0139-4x21x21-cubes\cubes_RAW/z04864_y04096_x02176.tif: Cannot open.
TIFFOpen: D:\work\vesuvius-c\PHerc0139-4x21x21-cubes\cubes_RAW/z04864_y04096_x02304.tif: Cannot open.
TIFFOpen: D:\work\vesuvius-c\PHerc0139-4x21x21-cubes\cubes_RAW/z04864_y04096_x02560.tif: Cannot open.
TIFFOpen: D:\work\vesuvius-c\PHerc0139-4x21x21-cubes\cubes_RAW/z04864_y04096_x02688.tif: Cannot open.
TIFFOpen: D:\work\vesuvius-c\PHerc0139-4x21x21-cubes\cubes_RAW/z04864_y04096_x02816.tif: Cannot open.
TIFFOpen: D:\work\vesuvius-c\PHerc0139-4x21x21-cubes\cubes_RAW/z04864_y04096_x02944.tif: Cannot open.
TIFFOpen: D:\work\vesuvius-c\PHerc0139-4x21x21-cubes\cubes_RAW/z04864_y04096_x03072.tif: Cannot open.
TIFFOpen: D:\work\vesuvius-c\PHerc0139-4x21x21-cubes\cubes_RAW/z04864_y03968_x03200.tif: Cannot open.
TIFFOpen: D:\work\vesuvius-c\PHerc0139-4x21x21-cubes\cubes_RAW/z04864_y04096_x03200.tif: Cannot open.
TIFFOpen: D:\work\vesuvius-c\PHerc0139-4x21x21-cubes\cubes_RAW/z04864_y03968_x03328.tif: Cannot open.
TIFFOpen: D:\work\vesuvius-c\PHerc0139-4x21x21-cubes\cubes_RAW/z04864_y04096_x03584.tif: Cannot open.
TIFFOpen: D:\work\vesuvius-c\PHerc0139-4x21x21-cubes\cubes_RAW/z04864_y03968_x03712.tif: Cannot open.
TIFFOpen: D:\work\vesuvius-c\PHerc0139-4x21x21-cubes\cubes_RAW/z04864_y03968_x03840.tif: Cannot open.
TIFFOpen: D:\work\vesuvius-c\PHerc0139-4x21x21-cubes\cubes_RAW/z04864_y04096_x03840.tif: Cannot open.
TIFFOpen: D:\work\vesuvius-c\PHerc0139-4x21x21-cubes\cubes_RAW/z04864_y03968_x03968.tif: Cannot open.
TIFFOpen: D:\work\vesuvius-c\PHerc0139-4x21x21-cubes\cubes_RAW/z04864_y04096_x03968.tif: Cannot open.
TIFFOpen: D:\work\vesuvius-c\PHerc0139-4x21x21-cubes\cubes_RAW/z04736_y03968_x04224.tif: Cannot open.
TIFFOpen: D:\work\vesuvius-c\PHerc0139-4x21x21-cubes\cubes_RAW/z04864_y03968_x04096.tif: Cannot open.
TIFFOpen: D:\work\vesuvius-c\PHerc0139-4x21x21-cubes\cubes_RAW/z04736_y04096_x04224.tif: Cannot open.
TIFFOpen: D:\work\vesuvius-c\PHerc0139-4x21x21-cubes\cubes_RAW/z04736_y04096_x01408.tif: Cannot open.
TIFFOpen: D:\work\vesuvius-c\PHerc0139-4x21x21-cubes\cubes_RAW/z04736_y04224_x01408.tif: Cannot open.
TIFFOpen: D:\work\vesuvius-c\PHerc0139-4x21x21-cubes\cubes_RAW/z04864_y04224_x01536.tif: Cannot open.
TIFFOpen: D:\work\vesuvius-c\PHerc0139-4x21x21-cubes\cubes_RAW/z04864_y04096_x01408.tif: Cannot open.
TIFFOpen: D:\work\vesuvius-c\PHerc0139-4x21x21-cubes\cubes_RAW/z04864_y04096_x01664.tif: Cannot open.
TIFFOpen: D:\work\vesuvius-c\PHerc0139-4x21x21-cubes\cubes_RAW/z04864_y04224_x01664.tif: Cannot open.
TIFFOpen: D:\work\vesuvius-c\PHerc0139-4x21x21-cubes\cubes_RAW/z04864_y04096_x01792.tif: Cannot open.
TIFFOpen: D:\work\vesuvius-c\PHerc0139-4x21x21-cubes\cubes_RAW/z04864_y04224_x01792.tif: Cannot open.
TIFFOpen: D:\work\vesuvius-c\PHerc0139-4x21x21-cubes\cubes_RAW/z04864_y04224_x01920.tif: Cannot open.
TIFFOpen: D:\work\vesuvius-c\PHerc0139-4x21x21-cubes\cubes_RAW/z04864_y04096_x02048.tif: Cannot open.
TIFFOpen: D:\work\vesuvius-c\PHerc0139-4x21x21-cubes\cubes_RAW/z04864_y04224_x02048.tif: Cannot open.
TIFFOpen: D:\work\vesuvius-c\PHerc0139-4x21x21-cubes\cubes_RAW/z04864_y04224_x02176.tif: Cannot open.
TIFFOpen: D:\work\vesuvius-c\PHerc0139-4x21x21-cubes\cubes_RAW/z04864_y04224_x02304.tif: Cannot open.
TIFFOpen: D:\work\vesuvius-c\PHerc0139-4x21x21-cubes\cubes_RAW/z04864_y04096_x02432.tif: Cannot open.
TIFFOpen: D:\work\vesuvius-c\PHerc0139-4x21x21-cubes\cubes_RAW/z04864_y04224_x02560.tif: Cannot open.
TIFFOpen: D:\work\vesuvius-c\PHerc0139-4x21x21-cubes\cubes_RAW/z04864_y04224_x02816.tif: Cannot open.
TIFFOpen: D:\work\vesuvius-c\PHerc0139-4x21x21-cubes\cubes_RAW/z04864_y04224_x02944.tif: Cannot open.
TIFFOpen: D:\work\vesuvius-c\PHerc0139-4x21x21-cubes\cubes_RAW/z04864_y04224_x03072.tif: Cannot open.
TIFFOpen: D:\work\vesuvius-c\PHerc0139-4x21x21-cubes\cubes_RAW/z04864_y04224_x03200.tif: Cannot open.
TIFFOpen: D:\work\vesuvius-c\PHerc0139-4x21x21-cubes\cubes_RAW/z04864_y04096_x03328.tif: Cannot open.
TIFFOpen: D:\work\vesuvius-c\PHerc0139-4x21x21-cubes\cubes_RAW/z04864_y04224_x03328.tif: Cannot open.
TIFFOpen: D:\work\vesuvius-c\PHerc0139-4x21x21-cubes\cubes_RAW/z04864_y04096_x03456.tif: Cannot open.
TIFFOpen: D:\work\vesuvius-c\PHerc0139-4x21x21-cubes\cubes_RAW/z04864_y04224_x03584.tif: Cannot open.
TIFFOpen: D:\work\vesuvius-c\PHerc0139-4x21x21-cubes\cubes_RAW/z04864_y04096_x03712.tif: Cannot open.
TIFFOpen: D:\work\vesuvius-c\PHerc0139-4x21x21-cubes\cubes_RAW/z04864_y04224_x03968.tif: Cannot open.
TIFFOpen: D:\work\vesuvius-c\PHerc0139-4x21x21-cubes\cubes_RAW/z04864_y04096_x04096.tif: Cannot open.
TIFFOpen: D:\work\vesuvius-c\PHerc0139-4x21x21-cubes\cubes_RAW/z04864_y04352_x01920.tif: Cannot open.
TIFFOpen: D:\work\vesuvius-c\PHerc0139-4x21x21-cubes\cubes_RAW/z04864_y04352_x02048.tif: Cannot open.
TIFFOpen: D:\work\vesuvius-c\PHerc0139-4x21x21-cubes\cubes_RAW/z04864_y04352_x02176.tif: Cannot open.
TIFFOpen: D:\work\vesuvius-c\PHerc0139-4x21x21-cubes\cubes_RAW/z04864_y04352_x02304.tif: Cannot open.
TIFFOpen: D:\work\vesuvius-c\PHerc0139-4x21x21-cubes\cubes_RAW/z04864_y04224_x02432.tif: Cannot open.
TIFFOpen: D:\work\vesuvius-c\PHerc0139-4x21x21-cubes\cubes_RAW/z04864_y04352_x02432.tif: Cannot open.
TIFFOpen: D:\work\vesuvius-c\PHerc0139-4x21x21-cubes\cubes_RAW/z04864_y04352_x02560.tif: Cannot open.
TIFFOpen: D:\work\vesuvius-c\PHerc0139-4x21x21-cubes\cubes_RAW/z04864_y04224_x02688.tif: Cannot open.
TIFFOpen: D:\work\vesuvius-c\PHerc0139-4x21x21-cubes\cubes_RAW/z04864_y04352_x02816.tif: Cannot open.
TIFFOpen: D:\work\vesuvius-c\PHerc0139-4x21x21-cubes\cubes_RAW/z04864_y04352_x02944.tif: Cannot open.
TIFFOpen: D:\work\vesuvius-c\PHerc0139-4x21x21-cubes\cubes_RAW/z04864_y04352_x03072.tif: Cannot open.
TIFFOpen: D:\work\vesuvius-c\PHerc0139-4x21x21-cubes\cubes_RAW/z04864_y04352_x03200.tif: Cannot open.
TIFFOpen: D:\work\vesuvius-c\PHerc0139-4x21x21-cubes\cubes_RAW/z04864_y04352_x03328.tif: Cannot open.
TIFFOpen: D:\work\vesuvius-c\PHerc0139-4x21x21-cubes\cubes_RAW/z04864_y04224_x03456.tif: Cannot open.
TIFFOpen: D:\work\vesuvius-c\PHerc0139-4x21x21-cubes\cubes_RAW/z04864_y04352_x03456.tif: Cannot open.
TIFFOpen: D:\work\vesuvius-c\PHerc0139-4x21x21-cubes\cubes_RAW/z04864_y04224_x03712.tif: Cannot open.
TIFFOpen: D:\work\vesuvius-c\PHerc0139-4x21x21-cubes\cubes_RAW/z04864_y04352_x03712.tif: Cannot open.
TIFFOpen: D:\work\vesuvius-c\PHerc0139-4x21x21-cubes\cubes_RAW/z04864_y04224_x03840.tif: Cannot open.
TIFFOpen: D:\work\vesuvius-c\PHerc0139-4x21x21-cubes\cubes_RAW/z04864_y04352_x03840.tif: Cannot open.
TIFFOpen: D:\work\vesuvius-c\PHerc0139-4x21x21-cubes\cubes_RAW/z04864_y04352_x03968.tif: Cannot open.
TIFFOpen: D:\work\vesuvius-c\PHerc0139-4x21x21-cubes\cubes_RAW/z04864_y04224_x04096.tif: Cannot open.
TIFFOpen: D:\work\vesuvius-c\PHerc0139-4x21x21-cubes\cubes_RAW/z04736_y04224_x04224.tif: Cannot open.
TIFFOpen: D:\work\vesuvius-c\PHerc0139-4x21x21-cubes\cubes_RAW/z04864_y04352_x04096.tif: Cannot open.
TIFFOpen: D:\work\vesuvius-c\PHerc0139-4x21x21-cubes\cubes_RAW/z04736_y04352_x04224.tif: Cannot open.
TIFFOpen: D:\work\vesuvius-c\PHerc0139-4x21x21-cubes\cubes_RAW/z04864_y04352_x01536.tif: Cannot open.
TIFFOpen: D:\work\vesuvius-c\PHerc0139-4x21x21-cubes\cubes_RAW/z04736_y04480_x01408.tif: Cannot open.
TIFFOpen: D:\work\vesuvius-c\PHerc0139-4x21x21-cubes\cubes_RAW/z04864_y04480_x01536.tif: Cannot open.
TIFFOpen: D:\work\vesuvius-c\PHerc0139-4x21x21-cubes\cubes_RAW/z04864_y04352_x01408.tif: Cannot open.
TIFFOpen: D:\work\vesuvius-c\PHerc0139-4x21x21-cubes\cubes_RAW/z04864_y04352_x01664.tif: Cannot open.
TIFFOpen: D:\work\vesuvius-c\PHerc0139-4x21x21-cubes\cubes_RAW/z04864_y04480_x01664.tif: Cannot open.
TIFFOpen: D:\work\vesuvius-c\PHerc0139-4x21x21-cubes\cubes_RAW/z04864_y04352_x01792.tif: Cannot open.
TIFFOpen: D:\work\vesuvius-c\PHerc0139-4x21x21-cubes\cubes_RAW/z04864_y04480_x01792.tif: Cannot open.
TIFFOpen: D:\work\vesuvius-c\PHerc0139-4x21x21-cubes\cubes_RAW/z04864_y04480_x01920.tif: Cannot open.
TIFFOpen: D:\work\vesuvius-c\PHerc0139-4x21x21-cubes\cubes_RAW/z04864_y04480_x02048.tif: Cannot open.
TIFFOpen: D:\work\vesuvius-c\PHerc0139-4x21x21-cubes\cubes_RAW/z04864_y04480_x02432.tif: Cannot open.
TIFFOpen: D:\work\vesuvius-c\PHerc0139-4x21x21-cubes\cubes_RAW/z04864_y04480_x02560.tif: Cannot open.
TIFFOpen: D:\work\vesuvius-c\PHerc0139-4x21x21-cubes\cubes_RAW/z04864_y04352_x02688.tif: Cannot open.
TIFFOpen: D:\work\vesuvius-c\PHerc0139-4x21x21-cubes\cubes_RAW/z04864_y04480_x02816.tif: Cannot open.
TIFFOpen: D:\work\vesuvius-c\PHerc0139-4x21x21-cubes\cubes_RAW/z04864_y04480_x02944.tif: Cannot open.
TIFFOpen: D:\work\vesuvius-c\PHerc0139-4x21x21-cubes\cubes_RAW/z04864_y04480_x03072.tif: Cannot open.
TIFFOpen: D:\work\vesuvius-c\PHerc0139-4x21x21-cubes\cubes_RAW/z04864_y04480_x03200.tif: Cannot open.
TIFFOpen: D:\work\vesuvius-c\PHerc0139-4x21x21-cubes\cubes_RAW/z04864_y04480_x03328.tif: Cannot open.
TIFFOpen: D:\work\vesuvius-c\PHerc0139-4x21x21-cubes\cubes_RAW/z04864_y04480_x03456.tif: Cannot open.
TIFFOpen: D:\work\vesuvius-c\PHerc0139-4x21x21-cubes\cubes_RAW/z04864_y04352_x03584.tif: Cannot open.
TIFFOpen: D:\work\vesuvius-c\PHerc0139-4x21x21-cubes\cubes_RAW/z04864_y04480_x03968.tif: Cannot open.
TIFFOpen: D:\work\vesuvius-c\PHerc0139-4x21x21-cubes\cubes_RAW/z04864_y04608_x01792.tif: Cannot open.
TIFFOpen: D:\work\vesuvius-c\PHerc0139-4x21x21-cubes\cubes_RAW/z04864_y04608_x01920.tif: Cannot open.
TIFFOpen: D:\work\vesuvius-c\PHerc0139-4x21x21-cubes\cubes_RAW/z04864_y04608_x02048.tif: Cannot open.
TIFFOpen: D:\work\vesuvius-c\PHerc0139-4x21x21-cubes\cubes_RAW/z04864_y04480_x02176.tif: Cannot open.
TIFFOpen: D:\work\vesuvius-c\PHerc0139-4x21x21-cubes\cubes_RAW/z04864_y04608_x02176.tif: Cannot open.
TIFFOpen: D:\work\vesuvius-c\PHerc0139-4x21x21-cubes\cubes_RAW/z04864_y04480_x02304.tif: Cannot open.
TIFFOpen: D:\work\vesuvius-c\PHerc0139-4x21x21-cubes\cubes_RAW/z04864_y04608_x02304.tif: Cannot open.
TIFFOpen: D:\work\vesuvius-c\PHerc0139-4x21x21-cubes\cubes_RAW/z04864_y04608_x02432.tif: Cannot open.
TIFFOpen: D:\work\vesuvius-c\PHerc0139-4x21x21-cubes\cubes_RAW/z04864_y04480_x02688.tif: Cannot open.
TIFFOpen: D:\work\vesuvius-c\PHerc0139-4x21x21-cubes\cubes_RAW/z04864_y04608_x02688.tif: Cannot open.
TIFFOpen: D:\work\vesuvius-c\PHerc0139-4x21x21-cubes\cubes_RAW/z04864_y04480_x03584.tif: Cannot open.
TIFFOpen: D:\work\vesuvius-c\PHerc0139-4x21x21-cubes\cubes_RAW/z04864_y04480_x03712.tif: Cannot open.
TIFFOpen: D:\work\vesuvius-c\PHerc0139-4x21x21-cubes\cubes_RAW/z04864_y04480_x03840.tif: Cannot open.
TIFFOpen: D:\work\vesuvius-c\PHerc0139-4x21x21-cubes\cubes_RAW/z04864_y04480_x04096.tif: Cannot open.
TIFFOpen: D:\work\vesuvius-c\PHerc0139-4x21x21-cubes\cubes_RAW/z04864_y04608_x02560.tif: Cannot open.
  sampled: 2476183/2476186 verts (100.00%), 1707 cubes loaded, 1039 missing (9.7s)
  contrast window: [40, 196] (stretch on)
  intensity percentiles p1/p25/p50/p75/p99: 40 / 108 / 131 / 148 / 196
  [diag] class px: ok=4388182 (98.82%) skip-uv=330 (0.01%) skip-3d=0 (0.00%) dark=51925 (1.17%) multi=2311655 bg=54039760  (% of non-bg non-multi)
  [diag] hot tile  0: px(90880..91136, 64..128) u=[363520,364544] v=[192,384]  bad=41.8% (338/809)
  [diag] hot tile  1: px(111104..111360, 64..128) u=[444416,445440] v=[192,384]  bad=37.5% (191/509)
  [diag] hot tile  2: px(108544..108800, 128..192) u=[434176,435200] v=[384,576]  bad=33.1% (186/562)
  [diag] hot tile  3: px(88320..88576, 0..64) u=[353280,354304] v=[0,192]  bad=21.1% (167/792)
  [diag] hot tile  4: px(85760..86016, 0..64) u=[343040,344064] v=[0,192]  bad=19.2% (89/463)
  [diag] hot tile  5: px(174080..174336, 64..128) u=[696320,697344] v=[192,384]  bad=12.5% (53/423)
  [diag] hot tile  6: px(334848..335104, 128..192) u=[1339392,1340416] v=[384,576]  bad=11.8% (302/2561)
  [diag] hot tile  7: px(319488..319744, 0..64) u=[1277952,1278976] v=[0,192]  bad=11.4% (64/560)
  [diag] hot tile  8: px(90880..91136, 128..192) u=[363520,364544] v=[384,576]  bad=11.2% (46/409)
  [diag] hot tile  9: px(248832..249088, 128..192) u=[995328,996352] v=[384,576]  bad=10.9% (147/1354)
  [diag] hot tile 10: px(93440..93696, 0..64) u=[373760,374784] v=[0,192]  bad=10.2% (243/2385)
  [diag] hot tile 11: px(66560..66816, 0..64) u=[266240,267264] v=[0,192]  bad=9.2% (30/325)
  [diag] wrote output\pherc0139_4x21x21_run\tiled_atlas_signed_v2\texture_du4/tiled4x21_diag{class,stretch,squash,verr}.tif (zmin est 4352.00)
  wrote output\pherc0139_4x21x21_run\tiled_atlas_signed_v2\texture_du4/tiled4x21_rawtex.tif (353441x172 px, 11.1% filled, 2311686 multi-cover px, skipped 24 uv-stretched + 0 big-3d faces, 15.9s)
[obj_bake_raw] SUMMARY id=tiled4x21 verts=2476186 sampled=100.00% cubes=1707/2746 window=[40,196] parse=1.6s sample=9.7s write=15.9s
